pid,property,invest_target,kind,inferred_status,book_value_mn,lon,lat,geo_method
#REF! | 서울시 종로구 종로 33외,#REF!,오피스,일반,최근 투자보고서 있음(계속 운용 추정),612262.1536989999,126.981437983842,37.5709617749066,addr
2001아울렛 분당점 | 경기도 성남시 분당구 미금일로 154번길,2001아울렛 분당점,리테일,일반,청산 공시이력+최근보고서(재확인),,127.107650070055,37.3494905963036,addr
2001아울렛 분당점 | 경기도 성남시 분당구 미금일로154번길 20 (구미동),2001아울렛 분당점,리테일,일반,청산 공시이력+최근보고서(재확인),,127.107466650924,37.3490834079801,addr
2001아울렛 중계점 | 서울시 노원구 동일로 204가길 46,2001아울렛 중계점,리테일,일반,청산 공시이력+최근보고서(재확인),,127.067907398806,37.6412864943823,addr
2001아울렛 중계점 | 서울특별시 노원구 동일로204가길 46 (중계동),2001아울렛 중계점,리테일,일반,청산 공시이력+최근보고서(재확인),,127.067907398806,37.6412864943823,addr
3-1M5 해들마을5단지 | 세종시 대평로 56,3-1M5 해들마을5단지,주택(공동주택),일반,특이공시 있음(계속 공시 가능),,127.278876253283,36.4732842832306,addr
"3-1M5 해들마을5단지 | 세종특별자치시 대평로 56 (대평동, 해들마을 5단지)",3-1M5 해들마을5단지,주택(공동주택),일반,특이공시 있음(계속 공시 가능),,127.278876253283,36.4732842832306,addr
A+ 에셋타워 | 서울시 서초구 서초동 1328-3,A+ 에셋타워,오피스,일반,특이공시 있음(계속 공시 가능),450986.0,127.028184595685,37.4956496107749,addr
"AJ빌딩 | 서울특별시 송파구
정의로8길 9",AJ빌딩,오피스,일반,청산 공시이력+최근보고서(재확인),,127.11677647675,37.486227126821,addr
CIC 창조혁신캠퍼스 성사 | 경기도 고양시 덕양구 성사동 877,CIC 창조혁신캠퍼스 성사,복합시설,일반,특이공시 있음(계속 공시 가능),,126.841456821015,37.6538042589537,addr
CJ제일제당센터 | 서울시 중구 동호로 330,CJ제일제당센터,오피스,일반,청산·종료 관련 신호,307428.374195,127.003253199367,37.5639736242816,addr
DF 타워 | 서울시 서초구 서초동 1328-3,DF 타워,오피스,일반,특이공시 있음(계속 공시 가능),,127.028184595685,37.4956496107749,addr
DF타워 | 서울시 서초구 서초동 1328-3,DF타워,오피스,일반,특이공시 있음(계속 공시 가능),,127.028184595685,37.4956496107749,addr
GS서초타워 | 서울특별시 서초구 남부순환로 2477,GS서초타워,오피스,일반,특이공시 있음(계속 공시 가능),,127.021236064971,37.483164628756,addr
GS서초타워 | 서울특별시 서초구 남부순환로 2477 (서초동),GS서초타워,오피스,일반,특이공시 있음(계속 공시 가능),,127.021236064971,37.483164628756,addr
H HOUSE 장위 청년임대주택 | 서울시 성북구 장위동 50-46번지 일원,H HOUSE 장위 청년임대주택,주택(공동주택),일반,조직개편 신호,46122810478.0,127.058406241068,37.6119166231453,addr
"HJ중공업
서울사옥 | 서울특별시 용산구 갈월동 103-17","HJ중공업
서울사옥",오피스,일반,특이공시 있음(계속 공시 가능),251717.0,126.972638117132,37.5404782340961,addr
"HJ중공업 서울사옥 | 서울특별시 용산구 _x000D_
한강대로 71길 4",HJ중공업 서울사옥,오피스,일반,특이공시 있음(계속 공시 가능),,126.972619664801,37.5405021964164,addr
HJ중공업 서울사옥 | 서울특별시 용산구 갈월동 103-17,HJ중공업 서울사옥,오피스,일반,특이공시 있음(계속 공시 가능),,126.972638117132,37.5404782340961,addr
HSBC빌딩 | 서울특별시 중구 봉래동1가 25,HSBC빌딩,오피스,일반,특이공시 있음(계속 공시 가능),,126.97311084087,37.5600646065487,addr
"KG타워 | 서울특별시 강남구 역삼동
819-5번지",KG타워,오피스,일반,조직개편 신호,105438.0,127.02924593277,37.4992641908134,addr
KG타워 | 서울특별시 강남구 테헤란로5길 7,KG타워,복합형,일반,조직개편 신호,,127.029280313995,37.4992701289378,addr
KT노량진오피스 | 서울특별시 동작구 노량진동 56-1 산본빌딩,KT노량진오피스,오피스,개발사업,특이공시 있음(계속 공시 가능),116229.0,126.941234552407,37.513144800386,addr
"L7호텔스강남타워 | 서울시 강남구 삼성동 142-32, 142-33, 142-41, 142-42",L7호텔스강남타워,호텔,일반,특이공시 있음(계속 공시 가능),,127.051477606635,37.5059364706608,addr
L7호텔스강남타워 | 서울시 강남구 테헤란로 415,L7호텔스강남타워,호텔,일반,특이공시 있음(계속 공시 가능),,127.051541631852,37.5057885877997,addr
L7호텔스홍대 | 서울시 마포구 양화로 141,L7호텔스홍대,호텔,일반,특이공시 있음(계속 공시 가능),,126.921669461673,37.5557534793508,addr
"LG팰리스빌딩_x000D_
(3층 일부) | 서울특별시 마포구 동교동_x000D_
165-8","LG팰리스빌딩_x000D_
(3층 일부)",리테일,일반,청산 공시이력+최근보고서(재확인),,126.923502051319,37.5561185036267,addr
"LG팰리스빌딩_x000D_
(3층 일부) | 서울특별시 마포구 양화로 156 (동교동)","LG팰리스빌딩_x000D_
(3층 일부)",리테일,일반,청산 공시이력+최근보고서(재확인),,126.923446601456,37.5561130617043,addr
MG신용정보빌딩 | 서울특별시 영등포구 영등포로 162(당산동),MG신용정보빌딩,오피스,일반,청산·종료 관련 신호,36598.0,126.899311298344,37.5204977015554,addr
SH매입임대주택(은평구 신사동) | 서울시 은평구 신사동 16-25,SH매입임대주택(은평구 신사동),주택,개발사업,특이공시 있음(계속 공시 가능),,126.909654493423,37.6000601929863,addr
SH매입임대주택(은평구 신사동)(*2) | 서울시 은평구 신사동 16-25,SH매입임대주택(은평구 신사동)(*2),주택,개발사업,특이공시 있음(계속 공시 가능),192.15615799999975,126.909654493423,37.6000601929863,addr
"SK U-타워 | 경기도 성남시 분당구 
정자동 25-1",SK U-타워,오피스,일반,특이공시 있음(계속 공시 가능),518389.0,127.106631903308,37.3661479116254,addr
"SK U-타워 | 경기도 성남시 분당구 _x000D_
정자동 25-1",SK U-타워,오피스,일반,특이공시 있음(계속 공시 가능),,127.106631903308,37.3661479116254,addr
SK U-타워 | 경기도 성남시 분당구 정자동 25-1,SK U-타워,오피스,일반,특이공시 있음(계속 공시 가능),534219.438626,127.106631903308,37.3661479116254,addr
SK-C 타워 | 서울시 중구 충무로 15,SK-C 타워,오피스,일반,특이공시 있음(계속 공시 가능),,126.992609527219,37.5625869844595,addr
"SK-C 타워 | 서울시 중구 충무로 15_x000D_
(충무로3가 43)",SK-C 타워,오피스,일반,특이공시 있음(계속 공시 가능),,126.992609527219,37.5625869844595,addr
SK-C 타워 | 서울특별시 중구 충무로 15 (충무로3가),SK-C 타워,오피스,일반,특이공시 있음(계속 공시 가능),,126.992609527219,37.5625869844595,addr
"SK-P 타워 | 경기도 성남시 분당구 삼평동 623, 623-1",SK-P 타워,오피스,일반,특이공시 있음(계속 공시 가능),,127.102936591422,37.4027226439054,addr
SK뷰파크 3차 | 경기도 화성시 기산동 478,SK뷰파크 3차,주택(공동주택),일반,최근 투자보고서 있음(계속 운용 추정),,127.047816114231,37.2203325587987,addr
"SPC1945 | 서울특별시 서초구 남부순환로 2620_x000D_
(양재동, 강남피타워)",SPC1945,오피스,일반,조직개편 신호,,127.037325442562,37.484522966337,addr
SPC1945(구.강남 P타워) | 서울특별시 서초구 양재동 11-149 강남 P타워,SPC1945(구.강남 P타워),오피스,일반,조직개편 신호,417752.80933,127.037321007386,37.484471520156,addr
TP타워 | 서울시 영등포구 여의도동 27-2,TP타워,오피스,일반,최근 투자보고서 있음(계속 운용 추정),,126.922836712516,37.5215184101846,addr
TP타워 | 서울시 영등포구 여의도동 27-2번지,TP타워,오피스,일반,최근 투자보고서 있음(계속 운용 추정),,126.922836712516,37.5215184101846,addr
"TP타워 | 서울특별시 영등포구 _x000D_
의사당대로 96",TP타워,오피스,일반,최근 투자보고서 있음(계속 운용 추정),,126.92294256449,37.521547851978,addr
TP타워 | 서울특별시 영등포구 의사당대로 96,TP타워,오피스,일반,최근 투자보고서 있음(계속 운용 추정),,126.92294256449,37.521547851978,addr
The Asset(더 에셋) | 서울특별시 서초구 서초동 1321-20,The Asset(더 에셋),오피스,일반,청산 공시이력+최근보고서(재확인),768967.0,127.026079685197,37.4960252734062,addr
YK빌딩 | 서울특별시 강남구 도곡로 205,YK빌딩,오피스,일반,청산 공시이력+최근보고서(재확인),,127.041364616509,37.4929198247521,addr
"e편한세상 
창원파크센트럴 | 경상남도 창원시 마산회원구 회원남로 65 (회원동)
경상남도 창원시 마산회원구 회원북13길 20 (회원동)","e편한세상 
창원파크센트럴",주택,일반,최근 투자보고서 있음(계속 운용 추정),218667.0,128.569503435739,35.2194026917238,addr
"e편한세상 _x000D_
테라스위례 | 경기도 성남시 수정구 위례동이로 24","e편한세상 _x000D_
테라스위례",주택(공동주택),개발사업,상호·명칭 변경 신호,,127.15182118623,37.4669762504178,addr
e편한세상 시티 원당 | 경기도 고양시 덕양구 성사동 876,e편한세상 시티 원당,주택(공동주택),일반,특이공시 있음(계속 공시 가능),,126.841238705862,37.6544287062935,addr
"e편한세상 창원센트럴 | 경상남도 창원시 마산회원구 회원남로 65 (회원동)
경상남도 창원시 마산회원구 회원북13길 20 (회원동)",e편한세상 창원센트럴,주택,일반,최근 투자보고서 있음(계속 운용 추정),211622.0,128.569503435739,35.2194026917238,addr
"e편한세상 창원센트럴 | 경상남도 창원시 마산회원구 회원남로 65 (회원동)_x000D_
경상남도 창원시 마산회원구 회원북13길 20 (회원동)",e편한세상 창원센트럴,주택(공동주택),일반,최근 투자보고서 있음(계속 운용 추정),,128.569503435739,35.2194026917238,addr
"e편한세상 테라스위례 | 경기도 성남시 수정구
위례동이로 24",e편한세상 테라스위례,주택,일반,상호·명칭 변경 신호,242477.0,127.15182118623,37.4669762504178,addr
e편한세상 테라스위례 | 경기도 성남시 수정구 위례동이로 24,e편한세상 테라스위례,주택,일반,상호·명칭 변경 신호,,127.15182118623,37.4669762504178,addr
e편한세상 테라스위례 | 경기도 성남시 수정구 위례동이로24,e편한세상 테라스위례,주택,일반,상호·명칭 변경 신호,231577.0,127.15182118623,37.4669762504178,addr
wework tower | 서울시 강남구 테헤란로 302,wework tower,오피스,일반,상호·명칭 변경 신호,130351.0,127.043474980423,37.5024293698973,addr
가로수길 자라홈 빌딩 | 서울특별시 강남구 가로수길 77길,가로수길 자라홈 빌딩,복합형,일반,청산·종료 관련 신호,39509.658189999995,127.022304843969,37.5230240201008,addr
가로수길 자라홈 빌딩 | 서울특별시 강남구 신사동 532-11,가로수길 자라홈 빌딩,복합형,일반,청산·종료 관련 신호,39545.206290999995,127.02231062246,37.5230547431975,addr
가양 주유소 외 전국 109개 주유소 | 서울특별시 강서구 강서로 498 (가양동),가양 주유소 외 전국 109개 주유소,리테일,일반,특이공시 있음(계속 공시 가능),,126.841978506958,37.5697365483757,addr
"가재울5구역 | 서울 서대문구 남가좌동 390, 391(거북골로 100)",가재울5구역,주택(공동주택),일반,최근 투자보고서 있음(계속 운용 추정),,126.917460818879,37.5762124068956,addr
가재울6구역 | 서울 서대문구 남가좌동 389(거북골로 84),가재울6구역,주택(공동주택),일반,최근 투자보고서 있음(계속 운용 추정),,126.919159886739,37.5771753939051,addr
강남 P타워 | 서울특별시 서초구 양재동 11-149 강남 P타워,강남 P타워,오피스,일반,조직개편 신호,416551.270021,127.037321007386,37.484471520156,addr
강남N타워 | 서울특별시 강남구 테헤란로 129,강남N타워,오피스,일반,상호·명칭 변경 신호,,127.032366449372,37.4999397623793,addr
강남P타워 | 서울시 서초구 남부순환로 2620,강남P타워,오피스,일반,청산·종료 관련 신호,250821.316763,127.037325442562,37.484522966337,addr
"강남P타워 | 서울특별시 서초구 남부순환로 2620
(양재동, 강남피타워)",강남P타워,오피스,일반,조직개편 신호,417151.808,127.037325442562,37.484522966337,addr
강남P타워 | 서울특별시 서초구 양재동 11-149 강남 P타워,강남P타워,오피스,일반,조직개편 신호,418882.808,127.037321007386,37.484471520156,addr
강남데시앙파크 | 서울시 강남구 세곡동 525,강남데시앙파크,주택,일반,최근 투자보고서 있음(계속 운용 추정),,127.101185384316,37.4602885503743,addr
강동 | 서울특별시 강동구 길동 415-9,강동,오피스,일반,청산·종료 관련 신호,52481.0,127.13675112052,37.5368289484656,addr
"강동 스페이스 | 서울특별시 강동구 올림픽로78길 60 (천호동, 강동 밀레니얼 중흥S-클래스)",강동 스페이스,주택(준주택),일반,특이공시 있음(계속 공시 가능),,127.128499316444,37.5409734434557,addr
"강동 스페이스 | 서울특별시 강동구 올림픽로78길 60(천호동, 강동 밀레니얼 중흥S-클래스)",강동 스페이스,주택(준주택),일반,특이공시 있음(계속 공시 가능),,127.128499316444,37.5409734434557,addr
강동* | 서울특별시 강동구 길동 415-9,강동*,오피스,일반,청산·종료 관련 신호,52481.0,127.13675112052,37.5368289484656,addr
"강동구 길동 역세권 청년주택 | 서울특별시 강동구 길동 367-1(A동),368-7(B동)번지",강동구 길동 역세권 청년주택,주택,개발사업,상호·명칭 변경 신호,,127.140234398465,37.5396039065599,addr
강동구 길동 역세권 청년주택(A동) | 서울특별시 강동구 양재대로 1499 (길동),강동구 길동 역세권 청년주택(A동),주택(공동주택),개발사업,상호·명칭 변경 신호,,127.140318738444,37.5395668653995,addr
강동구 길동 역세권 청년주택(B동) | 서울특별시 강동구 양재대로 1501 (길동),강동구 길동 역세권 청년주택(B동),주택(공동주택),개발사업,상호·명칭 변경 신호,,127.140345588521,37.5399470552146,addr
강동그린타워 | 서울특별시 강동구 천호대로 1139,강동그린타워,오피스,일반,청산·종료 관련 신호,74709.0,127.138116623963,37.5345959427598,addr
"강동와이시티 (도시형생활주택 134세대 오피스텔 57세대) | 서울특별시 강동구 길동
414-4",강동와이시티 (도시형생활주택 134세대 오피스텔 57세대),주택,일반,최근 투자보고서 있음(계속 운용 추정),17697.0,127.137446454768,37.5364903563795,addr
"강동와이시티 (도시형생활주택 134세대 오피스텔 57세대) | 서울특별시 강동구 길동 
414-4",강동와이시티 (도시형생활주택 134세대 오피스텔 57세대),주택,일반,최근 투자보고서 있음(계속 운용 추정),18173.0,127.137446454768,37.5364903563795,addr
강동와이시티 (도시형생활주택 134세대 오피스텔 57세대) | 서울특별시 강동구 길동 414-4,강동와이시티 (도시형생활주택 134세대 오피스텔 57세대),주택,일반,최근 투자보고서 있음(계속 운용 추정),18708.0,127.137446454768,37.5364903563795,addr
"강동와이시티 (도시형생활주택 134세대 오피스텔 57세대) | 서울특별시 강동구 길동_x000D_
414-4",강동와이시티 (도시형생활주택 134세대 오피스텔 57세대),주택,일반,최근 투자보고서 있음(계속 운용 추정),,127.137446454768,37.5364903563795,addr
"강동와이시티 | 서울특별시 강동구 길동_x000D_
414-4",강동와이시티,주택(준주택),일반,최근 투자보고서 있음(계속 운용 추정),,127.137446454768,37.5364903563795,addr
강동이스트센트럴타워 | 서울특별시 강동구 천호동 571,강동이스트센트럴타워,오피스,일반,조직개편 신호,,127.131974711687,37.5372215425849,addr
강북구 미아동 321-4 | 서울특별시 강북구 미아동 321-4,강북구 미아동 321-4,기타,일반,특이공시 있음(계속 공시 가능),,127.026946779847,37.6213369300846,addr
"강북구 미아동 374-11외2필지 | 서울특별시 강북구 미아동 374-11,42,44",강북구 미아동 374-11외2필지,기타,일반,특이공시 있음(계속 공시 가능),,127.028644754736,37.6181158592022,addr
"강서구 내발산동 701-7외 1필지 | 서울특별시 강서구 내발산동 701-7,8",강서구 내발산동 701-7외 1필지,기타,일반,특이공시 있음(계속 공시 가능),,126.836000987551,37.5518362397929,addr
강서한강자이 | 서울시 강서구 가양동 1500,강서한강자이,주택,일반,최근 투자보고서 있음(계속 운용 추정),,126.849144523266,37.5664868440078,addr
강서한강자이 | 서울시 성북구 종암로 167,강서한강자이,주택,일반,최근 투자보고서 있음(계속 운용 추정),4314.0,127.030928150119,37.6050371568783,addr
"강서한강자이 | 서울특별시 강서구 양천로55길 55(가양동, 강서한강자이)",강서한강자이,주택(공동주택),일반,최근 투자보고서 있음(계속 운용 추정),,126.8481831828,37.5663284781553,addr
"강원 | 경기도 안양시 만안구 창박로 30, 101-405(안양동,수리산현대아파트) 외 151세대",강원,주택,일반,청산·종료 관련 신호,40846.0,126.903568223698,37.3852969565754,addr
강원회관 | 강원특별자치도 춘천시 경춘로 2370 (온의동),강원회관,오피스,일반,특이공시 있음(계속 공시 가능),,127.721042675305,37.8647561810117,addr
강원회관 | 강원특별자치도 춘천시 온의동 513 등,강원회관,오피스,일반,특이공시 있음(계속 공시 가능),,127.720973807104,37.8648727329418,addr
강일지구 10단지 | 서울시 강동구 강일동 695,강일지구 10단지,주택,일반,최근 투자보고서 있음(계속 운용 추정),,127.180715216341,37.5600708225056,addr
"강일지구 10단지 | 서울특별시 강동구 고덕로97길 20(강일동, 강일리버파크 10단지)",강일지구 10단지,주택(공동주택),일반,최근 투자보고서 있음(계속 운용 추정),,127.179997616634,37.5592084943697,addr
강일지구2단지 | 서울시 강동구 강일동 668,강일지구2단지,주택,일반,최근 투자보고서 있음(계속 운용 추정),,127.17613480554,37.5692016717333,addr
"강일지구2단지 | 서울특별시 강동구 아리수로97길 68(강일동, 강일리버파크2단지아파트)",강일지구2단지,주택(공동주택),일반,최근 투자보고서 있음(계속 운용 추정),,127.176654612273,37.5687307561536,addr
강일지구9단지 | 서울시 강동구 강일동 699,강일지구9단지,주택,일반,최근 투자보고서 있음(계속 운용 추정),,127.178795220726,37.5600680693929,addr
"강일지구9단지 | 서울특별시 강동구 고덕로97길 29(강일동, 강일리버파크9단지)",강일지구9단지,주택(공동주택),일반,최근 투자보고서 있음(계속 운용 추정),,127.177832623849,37.5583540269033,addr
개봉뉴스테이 | 서울특별시 구로구 개봉동 497 일대,개봉뉴스테이,주택,일반,최근 투자보고서 있음(계속 운용 추정),473743.0,126.853921214833,37.4963723024832,addr
개봉역 센트레빌레우스 | 서울특별시 구로구 개봉동 497 일대,개봉역 센트레빌레우스,주택,일반,최근 투자보고서 있음(계속 운용 추정),478314.0,126.853921214833,37.4963723024832,addr
갤러리아 센터시티 | 충남 천안시 서북구 불당동 1299,갤러리아 센터시티,리테일,일반,청산·종료 관련 신호,,127.104689019518,36.800458713014,addr
"갤러리아 센터시티 | 충청남도 천안시 서북구 
불당동 1299",갤러리아 센터시티,리테일,일반,청산·종료 관련 신호,298761.937221,127.104689019518,36.800458713014,addr
갤러리아 센터시티 | 충청남도 천안시 서북구 공원로 227(불당동),갤러리아 센터시티,리테일,일반,청산·종료 관련 신호,,127.104726252319,36.800564020263,addr
갤러리아 센터시티 | 충청남도 천안시 서북구 불당동 1299,갤러리아 센터시티,리테일,일반,청산·종료 관련 신호,303640.68377299997,127.104689019518,36.800458713014,addr
거여2-1구역 | 서울 송파구 거여동 697(거마로 56),거여2-1구역,주택(공동주택),일반,최근 투자보고서 있음(계속 운용 추정),,127.14746026978,37.4959950468936,addr
거여2-2구역 | 서울 송파구 거여동 696(오금로 551),거여2-2구역,주택(공동주택),일반,최근 투자보고서 있음(계속 운용 추정),,127.150146674183,37.4939016894152,addr
검단 한신더휴 어반파크 | 인천광역시 서구 당하동 205-0,검단 한신더휴 어반파크,주택,개발사업,최근 투자보고서 있음(계속 운용 추정),,126.662249377809,37.5827355410261,addr
검단 한신더휴 어반파크 | 인천광역시 서구 매밭로 130,검단 한신더휴 어반파크,주택(공동주택),개발사업,최근 투자보고서 있음(계속 운용 추정),,126.70775803709,37.5880210059055,addr
"검단 한신더휴 어반파크 | 인천광역시 서구 매밭로 130 (당하동, 한신더휴 어반파크)",검단 한신더휴 어반파크,주택(공동주택),개발사업,최근 투자보고서 있음(계속 운용 추정),,126.70775803709,37.5880210059055,addr
견본주택(가설건축물) | 서울시 중구 명동1가 1-6,견본주택(가설건축물),주택,일반,최근 투자보고서 있음(계속 운용 추정),1690.0,126.986152669602,37.5646429279794,addr
"경기 외 18세대 | 경기도 고양시 일산동구 공릉천로 66, 302-303 (사리현동, 동문아파트) 외",경기 외 18세대,주택,일반,청산·종료 관련 신호,4351.0,126.847285962516,37.6985702107517,addr
"경기 외 35세대 | 경기도 용인시 기흥구 중부대로 788번길 15, 201-702 외",경기 외 35세대,주택,일반,청산·종료 관련 신호,8776.0,127.141252685109,37.2561440980568,addr
"경기 외 99세대 | 경기도 안양시 만안구 창박로 30, 101-405(안양동,수리산현대아파트)외 99세대",경기 외 99세대,주택,일반,청산·종료 관련 신호,39251.0,126.903568223698,37.3852969565754,addr
"경기도 파주시 
운정3지구 A-15BL | 경기도 파주시 운정3지구A-15B","경기도 파주시 
운정3지구 A-15BL",주택,일반,최근 투자보고서 있음(계속 운용 추정),83240.0,126.752014040044,37.7047853366895,addr
"경기외 총 173세대 | 경기도 안양시 만안구 창박로 30, 101-405(안양동,수리산현대아파트) 외 173세대",경기외 총 173세대,주택,일반,청산·종료 관련 신호,47000.0,126.903568223698,37.3852969565754,addr
경남하동 | 경상남도 하동군 악양면 정서리 642-3일원,경남하동,주택,개발사업,최근 투자보고서 있음(계속 운용 추정),,127.691807424989,35.171788241615,addr
경남회관 | 경상남도 창원시 성산구 중앙대로 107 (중앙동),경남회관,복합시설,일반,특이공시 있음(계속 공시 가능),,128.679733926139,35.224474865904,addr
경남회관 | 경상남도 창원시 성산구 중앙동 93-2,경남회관,복합시설,일반,특이공시 있음(계속 공시 가능),,128.679635177819,35.224522198619,addr
경산 GS물류센터 | 경상북도 경산시 진량읍 선화리 256-3,경산 GS물류센터,물류,일반,최근 투자보고서 있음(계속 운용 추정),,128.804124648526,35.8688659762558,addr
"경산CJ대한통운
통합물류센터 | 경상북도 경산시 하양읍 
지식산업2로1길 63","경산CJ대한통운
통합물류센터",물류,일반,최근 투자보고서 있음(계속 운용 추정),50908786423.0,128.822083033869,35.9429037201015,addr
"경산CJ대한통운_x000D_
통합물류센터 | 경상북도 경산시 하양읍 _x000D_
지식산업2로1길 63","경산CJ대한통운_x000D_
통합물류센터",물류,일반,최근 투자보고서 있음(계속 운용 추정),,128.822083033869,35.9429037201015,addr
"경산하양지구
우미린 에코포레 | 경상북도 경산시 하양읍 서사도리로 71","경산하양지구
우미린 에코포레",주택,일반,최근 투자보고서 있음(계속 운용 추정),187309.0,128.806915089547,35.918741650729,addr
"경산하양지구_x000D_
우미린 에코포레 | 경상북도 경산시 하양읍 서사도리로 71","경산하양지구_x000D_
우미린 에코포레",주택(공동주택),일반,최근 투자보고서 있음(계속 운용 추정),,128.806915089547,35.918741650729,addr
계룡대한제3호 | 충청북도 음성군 대소면 대동로 809-5 (기흥2차아파트),계룡대한제3호,주택(공동주택),개발사업,특이공시 있음(계속 공시 가능),,127.495618624141,36.9613765786857,addr
고덕리엔파크1단지 | 서울시 강동구 강일동 707,고덕리엔파크1단지,주택,일반,최근 투자보고서 있음(계속 운용 추정),,127.171664703784,37.5611806601526,addr
"고덕리엔파크1단지 | 서울특별시 강동구 상일로 152(강일동, 고덕리엔파크1단지아파트)",고덕리엔파크1단지,주택(공동주택),일반,최근 투자보고서 있음(계속 운용 추정),,127.171480371181,37.5616428685115,addr
고덕리엔파크2단지 | 서울시 강동구 강일동 717,고덕리엔파크2단지,주택,일반,최근 투자보고서 있음(계속 운용 추정),,127.173086679368,37.5595969760082,addr
"고덕리엔파크2단지 | 서울특별시 강동구 고덕로 427(강일동, 고덕리엔파크2단지아파트)",고덕리엔파크2단지,주택(공동주택),일반,최근 투자보고서 있음(계속 운용 추정),,127.173182162867,37.5587972921376,addr
고덕리엔파크3단지 | 서울시 강동구 상일동 490,고덕리엔파크3단지,주택,일반,최근 투자보고서 있음(계속 운용 추정),,127.175022524959,37.5528325043365,addr
"고덕리엔파크3단지 | 서울특별시 강동구 상일로 74(상일동, 고덕리엔파크3단지아파트)",고덕리엔파크3단지,주택(공동주택),일반,최근 투자보고서 있음(계속 운용 추정),,127.174785524346,37.5513683747695,addr
고려교육타워-어바니엘한강 | 서울특별시 동작구 노량진동 333,고려교육타워-어바니엘한강,주택(공동주택),일반,최근 투자보고서 있음(계속 운용 추정),,126.946704323258,37.5129510662442,addr
고안리 물류창고1 | 경기도 용인시 처인구 백암면 원설로 677,고안리 물류창고1,물류,일반,특이공시 있음(계속 공시 가능),95108.0,127.407160712299,37.1420672328474,addr
고양물류센터 | 경기도 고양시 덕양구 권율대로 570(원흥동),고양물류센터,물류,일반,특이공시 있음(계속 공시 가능),,126.87379545786,37.6403771056018,addr
고양삼송 B-2BL | 경기도 고양시 오금동 595,고양삼송 B-2BL,주택,개발사업,최근 투자보고서 있음(계속 운용 추정),231969.638024,126.898329748788,37.6618319324655,addr
"고양삼송 | 경기도 고양시 덕양구 삼송동 315-4, 315-5",고양삼송,주택,권리(사용권 등)에 관련된 부동산,특이공시 있음(계속 공시 가능),,126.889683258751,37.6512381680767,addr
고양삼송 | 경기도 고양시 덕양구 세솔로1길 13-2 (삼송동),고양삼송,기타,권리(사용권 등)에 관련된 부동산,특이공시 있음(계속 공시 가능),,126.889714162088,37.6511835974281,addr
"고양삼송 | 경기도 고양시 덕양구 신원동 14-1, 14-2, 15",고양삼송,주택(단독주택),개발사업,특이공시 있음(계속 공시 가능),,126.871937093935,37.6785691354603,poi
고양시 오금동 | 경기도 고양시 덕양구 오금3로 22 (오금동),고양시 오금동,기타,권리(사용권 등)에 관련된 부동산,특이공시 있음(계속 공시 가능),,126.900525235723,37.6593073629589,addr
"고양지축 | 경기도 고양시 덕양구 지정로 110 (지축동, 고양 지축 위스테이)",고양지축,기타,권리(사용권 등)에 관련된 부동산,최근 투자보고서 있음(계속 운용 추정),,126.921882010423,37.6542939782542,addr
고양향동S-1 | 경기도 고양시 덕양구 향기로 185,고양향동S-1,주택,일반,특이공시 있음(계속 공시 가능),,126.894583001155,37.6065087826321,addr
"고양향동S-1 | 경기도 고양시 덕양구 향기로 185 (향동동, 디엠씨해링턴플레이스엔에이치에프)",고양향동S-1,주택(공동주택),일반,특이공시 있음(계속 공시 가능),,126.894583001155,37.6065087826321,addr
고양향동S-2 | 경기도 고양시 덕양구 향기로 112,고양향동S-2,주택,일반,특이공시 있음(계속 공시 가능),,126.894880419751,37.6000543560304,addr
"고양향동S-2 | 경기도 고양시 덕양구 향기로 112 (향동동, 디엠씨하우스디엔에이치에프)",고양향동S-2,주택(공동주택),일반,특이공시 있음(계속 공시 가능),,126.894880419751,37.6000543560304,addr
고척아이파크대한 | 서울특별시 구로구 고척동 100-7,고척아이파크대한,복합형,일반,최근 투자보고서 있음(계속 운용 추정),,126.857739315995,37.4992104448107,poi
고척아이파크대한(MD) | 서울특별시 구로구 경인로43길 49,고척아이파크대한(MD),주택(공동주택),일반,최근 투자보고서 있음(계속 운용 추정),,126.857590075507,37.4991318775075,addr
"고척아이파크대한(MD) | 서울특별시 구로구 경인로43길 49 (고척동, 고척아이파크)",고척아이파크대한(MD),주택(공동주택),일반,최근 투자보고서 있음(계속 운용 추정),,126.857590075507,37.4991318775075,addr
"고척아이파크대한(MD) | 서울특별시 구로구 경인로43길 49(고척동, 고척아이파크)",고척아이파크대한(MD),주택(공동주택),일반,최근 투자보고서 있음(계속 운용 추정),,126.857590075507,37.4991318775075,addr
고척아이파크대한(RD) | 서울특별시 구로구 중앙로5길 59,고척아이파크대한(RD),복합시설,일반,최근 투자보고서 있음(계속 운용 추정),,126.859404270704,37.5014057554418,addr
"고척아이파크대한(RD) | 서울특별시 구로구 중앙로5길 59 (고척동, 고척아이파크)",고척아이파크대한(RD),복합시설,일반,최근 투자보고서 있음(계속 운용 추정),,126.859404270704,37.5014057554418,addr
"고척아이파크대한(RD) | 서울특별시 구로구 중앙로5길 59(고척동, 고척아이파크)",고척아이파크대한(RD),복합시설,일반,최근 투자보고서 있음(계속 운용 추정),,126.859404270704,37.5014057554418,addr
"골든타워 | 서울시 강남구 삼성동 144-17,18 골든타워",골든타워,오피스,일반,청산 공시이력+최근보고서(재확인),232545.77773,127.055534094789,37.5077443017368,addr
"골든타워 | 서울시 강남구 삼성로
511(삼성동)",골든타워,오피스,일반,청산 공시이력+최근보고서(재확인),237370.0,127.055577805588,37.5076641818487,addr
골든타워 | 서울시 강남구 삼성로 511 (삼성동 144-17) 골든타워,골든타워,오피스,일반,청산 공시이력+최근보고서(재확인),228684.77773,127.055577805588,37.5076641818487,addr
공릉동 375-4 | 서울특별시 노원구 공릉동 375-4,공릉동 375-4,주택,개발사업,특이공시 있음(계속 공시 가능),,127.073090860435,37.6270014267212,addr
공주월송 | 충남 공주시 월송동,공주월송,주택,일반,특이공시 있음(계속 공시 가능),111056.0,127.154851331501,36.4714366269973,addr
공주월송A-2 | 충남 공주시 월송동,공주월송A-2,주택,일반,특이공시 있음(계속 공시 가능),,127.154851331501,36.4714366269973,addr
"공주월송A-2 | 충청남도 공주시 무령로 600-85 (월송동, 엔에이치에프공주월송2단지)",공주월송A-2,주택(공동주택),일반,특이공시 있음(계속 공시 가능),,127.155401582175,36.4783990034096,addr
공주월송[A2] | 충남 공주시 무령로 600-85,공주월송[A2],주택(공동주택),일반,특이공시 있음(계속 공시 가능),,127.155401582175,36.4783990034096,addr
"공주월송[A2] | 충청남도 공주시 무령로 600-85 (월송동, 엔에이치에프공주월송2단지)",공주월송[A2],주택(공동주택),일반,특이공시 있음(계속 공시 가능),,127.155401582175,36.4783990034096,addr
공통(단일)_고척아이파크대한뉴스테이 | 서울시 구로구 고척동 100번지 일원,공통(단일)_고척아이파크대한뉴스테이,복합형,개발사업,최근 투자보고서 있음(계속 운용 추정),698321.0,126.858571081056,37.4981309575889,addr
공통(단일)_이베데스다제3호 | 대전광역시 서구 둔산동 928번지,공통(단일)_이베데스다제3호,복합형,개발사업,특이공시 있음(계속 공시 가능),37705.0,127.389675150653,36.3583021476738,addr
공통(단일)_힐스테이트봉담대한제6호 | 경기도 화성시 봉담읍 수영리 689,공통(단일)_힐스테이트봉담대한제6호,주택,일반,최근 투자보고서 있음(계속 운용 추정),268263.58694,126.947927242376,37.2274604879049,addr
공통_제일하나제2호 | 경기도 양주시 옥정동 1096,공통_제일하나제2호,주택,개발사업,특이공시 있음(계속 공시 가능),322264.0,127.092631396366,37.8122800269172,addr
공항 | 서울특별시 강서구 공항동 11-10,공항,오피스,일반,청산·종료 관련 신호,16723.0,126.814922463493,37.5612210333775,poi
"관악구 신림동 1560-17외 1필지 | 서울특별시 관악구 신림동 1560-17,18",관악구 신림동 1560-17외 1필지,기타,일반,특이공시 있음(계속 공시 가능),,126.934027670433,37.4667322606872,addr
"관악구 신림동 234-29외1필지 | 서울특별시 관악구 신림동 234-29,3",관악구 신림동 234-29외1필지,기타,일반,특이공시 있음(계속 공시 가능),,126.941589037628,37.469436389596,addr
광교센트럴푸르지오시티 상업시설 | 경기도 수원시 영통구 도청로10(이의동 1338번지),광교센트럴푸르지오시티 상업시설,리테일,일반,특이공시 있음(계속 공시 가능),,127.055448351197,37.2866696524735,addr
광교희망 주유소 | 경기도 수원시 영통구 하동 1030번지,광교희망 주유소,리테일,일반,조직개편 신호,10641.0,127.068205674934,37.2793427671695,addr
"광명 푸르지오 포레나
101. 102. 105동 | 경기도 광명시 광명동 42-42","광명 푸르지오 포레나
101. 102. 105동",주택,일반,특이공시 있음(계속 공시 가능),12076.0,126.856272100713,37.4749575151641,addr
"광명 푸르지오 포레나
101. 102. 105동 중 62세대 | 경기도 광명시 광명동 42-42","광명 푸르지오 포레나
101. 102. 105동 중 62세대",주택,일반,특이공시 있음(계속 공시 가능),11398.0,126.856272100713,37.4749575151641,addr
"광명 푸르지오 포레나_x000D_
101/102/105동 | 경기도 광명시 광명동 42-42","광명 푸르지오 포레나_x000D_
101/102/105동",주택,일반,특이공시 있음(계속 공시 가능),,126.856272100713,37.4749575151641,addr
"광명 푸르지오 포레나_x000D_ | 경기도 광명시 새터로 90 (광명동, 광명 푸르지오 포레나)",광명 푸르지오 포레나_x000D_,주택(공동주택),일반,특이공시 있음(계속 공시 가능),,126.855486715882,37.474260257271,addr
광명 푸르지오센트베르 112동 | 경기도 광명시 광명동 322,광명 푸르지오센트베르 112동,주택,일반,특이공시 있음(계속 공시 가능),,126.853107655378,37.4718447807279,poi
"광명 푸르지오센트베르 | 경기도 광명시 새터로 27 (광명동, 광명 푸르지오 센트베르)",광명 푸르지오센트베르,주택(공동주택),일반,특이공시 있음(계속 공시 가능),,126.85310731712,37.4718443297949,addr
광명 한라비발디 큐브 | 경기도 광명시 소하동 1343-1,광명 한라비발디 큐브,주택(준주택),일반,청산·종료 관련 신호,,126.881560275722,37.4466777667597,addr
광명푸르지오 센트베르 112동 | 경기도 광명시 광명동 322,광명푸르지오 센트베르 112동,주택,일반,특이공시 있음(계속 공시 가능),16104.0,126.853107655378,37.4718447807279,poi
광주선운 3BL | 광주광역시 광산구 선암동 553,광주선운 3BL,주택,일반,상호·명칭 변경 신호,155425.72906100005,126.777986529605,35.1506693491123,addr
광주선운(3BL) | 광주광역시 광산구 선암동 553,광주선운(3BL),주택(공동주택),일반,상호·명칭 변경 신호,,126.777986529605,35.1506693491123,addr
광주역 엠디엠타워 | 광주광역시 북구 중흥동 701-1,광주역 엠디엠타워,오피스,일반,조직개편 신호,18700.0,126.908779924372,35.1634695208986,addr
광주회관 | 광주광역시 서구 농성동 417-37 등,광주회관,복합시설,일반,특이공시 있음(계속 공시 가능),,126.883701749625,35.1586861636936,addr
광주회관 | 광주광역시 서구 죽봉대로 52 (농성동),광주회관,복합시설,일반,특이공시 있음(계속 공시 가능),,126.883467581275,35.1582664461004,addr
광주효천1지구 A-2블럭 | 남구효천중앙로21(임암동730)-효천1지구중흥S클래스리버티 아파트,광주효천1지구 A-2블럭,주택(공동주택),일반,최근 투자보고서 있음(계속 운용 추정),,126.871424181804,35.1036803277831,addr
"광진구 중곡동
역세권 청년주택 | 서울시 광진구 중곡동
637-5","광진구 중곡동
역세권 청년주택",주택,일반,청산·종료 관련 신호,53727.0,127.076309472173,37.5589636140877,addr
광화문G타워 | 서울시 종로구 삼봉로 71,광화문G타워,오피스,일반,특이공시 있음(계속 공시 가능),,126.981114262989,37.5726674875411,addr
광화문G타워 | 서울특별시 종로구 삼봉로 71 (수송동),광화문G타워,오피스,일반,특이공시 있음(계속 공시 가능),,126.981114262989,37.5726674875411,addr
"구로 NC백화점 | 서울특별시 구로구 
구로중앙로 152
(573번지 외 6필지)",구로 NC백화점,리테일,일반,특이공시 있음(계속 공시 가능),124859.0,126.882773011925,37.5011601442131,addr
"구로 NC백화점 | 서울특별시 구로구 _x000D_
구로중앙로 152_x000D_
(573번지 외 6필지)",구로 NC백화점,리테일,일반,특이공시 있음(계속 공시 가능),,126.882773011925,37.5011601442131,addr
"구로AK플라자 | 서울특별시 구로구 
구로중앙로 152
(573번지 외 6필지)",구로AK플라자,리테일,일반,특이공시 있음(계속 공시 가능),134261.0,126.882773011925,37.5011601442131,addr
구리 사옥 | 경기도 구리시 경춘로 158 (교문동),구리 사옥,오피스,일반,특이공시 있음(계속 공시 가능),,127.132700467094,37.6003452483745,addr
"구의역 역세권
청년주택 개발사업 | 서울특별시 광진구 구의동 246-10","구의역 역세권
청년주택 개발사업",주택,개발사업,특이공시 있음(계속 공시 가능),81368.444055,127.08495308372,37.537365912791,addr
"구의역 역세권 
청년주택 개발사업 | 서울특별시 광진구 구의동 246-10","구의역 역세권 
청년주택 개발사업",주택,개발사업,특이공시 있음(계속 공시 가능),71973.0,127.08495308372,37.537365912791,addr
"구의역 역세권_x000D_
청년주택 개발사업 | 서울특별시 광진구 구의동 246-10","구의역 역세권_x000D_
청년주택 개발사업",주택,개발사업,특이공시 있음(계속 공시 가능),,127.08495308372,37.537365912791,addr
구의웰츠타워 | 서울시 광진구 구의동 252-16,구의웰츠타워,주택(공동주택),일반,상호·명칭 변경 신호,,127.083868864546,37.5382266923696,addr
"국민희망 | 강원도 원주시 단구로 413, 501동 203호(단구동,현진에버빌5차아파트)",국민희망,주택,일반,청산 공시이력+최근보고서(재확인),,127.955621600819,37.3200243152722,addr
"국민희망(1) | 강원특별자치도 원주시 단구로 413, 501동 203호 (단구동, 현진에버빌5차)",국민희망(1),주택(공동주택),일반,청산 공시이력+최근보고서(재확인),,127.955621600819,37.3200243152722,addr
"국민희망(1) | 부산광역시 강서구 명지오션시티1로 155, 119동 801호 (명지동, 명지오션시티 한신휴플러스)",국민희망(1),주택(공동주택),일반,청산 공시이력+최근보고서(재확인),,128.901127762161,35.0808140745239,addr
"국민희망임대리츠 | 강원도 원주시 단구로 413, 501동 203호 외 24세대",국민희망임대리츠,주택,일반,청산 공시이력+최근보고서(재확인),6648.0,127.955621600819,37.3200243152722,addr
"국민희망임대리츠 | 강원도 원주시 단구로 413, 501동 203호 외 25세대",국민희망임대리츠,주택,일반,청산 공시이력+최근보고서(재확인),6981.0,127.955621600819,37.3200243152722,addr
"국민희망임대리츠 | 강원도 원주시 단구로 413, 501동203호 외 25세대",국민희망임대리츠,주택,일반,청산 공시이력+최근보고서(재확인),7505.0,127.955621600819,37.3200243152722,addr
"국민희망임대주택 | 강원도 원주시 단구로 413, 501동 203호 외 12세대",국민희망임대주택,주택,일반,청산 공시이력+최근보고서(재확인),3392.0,127.955621600819,37.3200243152722,addr
"국민희망임대주택 | 강원도 원주시 단구로 413, 501동 203호 외 23세대",국민희망임대주택,주택,일반,청산 공시이력+최근보고서(재확인),7076.0,127.955621600819,37.3200243152722,addr
"국제4구역 | 서울 용산구 한강로3가 98, 한강로2가 427(서빙고로 17)",국제4구역,주택(공동주택),일반,최근 투자보고서 있음(계속 운용 추정),,126.967620397573,37.5259402145642,addr
국제빌딩 | 서울특별시 중구 남대문로 109,국제빌딩,오피스,일반,조직개편 신호,,126.982247152887,37.5669858059331,addr
국제빌딩 | 서울특별시 중구 남대문로 109 (다동),국제빌딩,오피스,일반,조직개편 신호,,126.982247152887,37.5669858059331,addr
"국제전자센터 | 서울특별시 서초구 서초동 
1445-3,22",국제전자센터,오피스,일반,청산·종료 관련 신호,92736.0,127.017767401579,37.484742416783,addr
"군산신역세권B3 | 전라북도 군산시 내정로27 (내흥동, 오션클래스)",군산신역세권B3,주택(공동주택),개발사업,특이공시 있음(계속 공시 가능),,126.753072170459,35.9927603096575,addr
그랑서울타워 1 | 서울시 종로구 종로 33외,그랑서울타워 1,오피스,일반,최근 투자보고서 있음(계속 운용 추정),604904.4923219999,126.981437983842,37.5709617749066,addr
그랑서울타워 1 | 서울특별시 종로구 종로 33 (청진동),그랑서울타워 1,오피스,일반,최근 투자보고서 있음(계속 운용 추정),,126.981437983842,37.5709617749066,addr
그랑서울타워1 | 서울 종로구 청진동 119-1번지,그랑서울타워1,오피스,일반,최근 투자보고서 있음(계속 운용 추정),634274.986291,126.981437983842,37.5709617749066,addr
그랑서울타워1 | 서울시 종로구 종로 33외,그랑서울타워1,오피스,일반,최근 투자보고서 있음(계속 운용 추정),603078.886506,126.981437983842,37.5709617749066,addr
그랑서울타워2 | 서울시 종로구 종로 33 (청진동) 외,그랑서울타워2,오피스,일반,최근 투자보고서 있음(계속 운용 추정),494278.274687,126.981437983842,37.5709617749066,addr
그랑서울타워2 | 서울특별시 종로구 종로 33 (청진동),그랑서울타워2,오피스,일반,최근 투자보고서 있음(계속 운용 추정),,126.981437983842,37.5709617749066,addr
"그랜드조선제주 | 제주도특별자치도 서귀포시 색달동 2785, 2848번지 일원",그랜드조선제주,호텔,일반,상호·명칭 변경 신호,254745.0,126.407950554807,33.2523277823072,addr
"그랜드조선제주호텔 | 제주도특별자치도 서귀포시 색달동 2785, 2848번지 일원",그랜드조선제주호텔,호텔,일반,상호·명칭 변경 신호,,126.407950554807,33.2523277823072,addr
"그레이츠 청계
(舊 대일빌딩) | 서울특별시 중구 남대문로1가 18","그레이츠 청계
(舊 대일빌딩)",오피스,일반,특이공시 있음(계속 공시 가능),69989.0,126.983042781673,37.5679378249514,addr
"그레이츠 청계_x000D_
(舊 대일빌딩) | 서울특별시 중구 남대문로1가 18","그레이츠 청계_x000D_
(舊 대일빌딩)",오피스,일반,특이공시 있음(계속 공시 가능),,126.983042781673,37.5679378249514,addr
그레이츠 판교 | 경기도 성남시 분당구 백현동 535,그레이츠 판교,복합시설,일반,특이공시 있음(계속 공시 가능),,127.112131255488,37.3942796422602,addr
그레이츠숭례 | 서울특별시 중구 세종대로 17 (남대문로5가 6-1),그레이츠숭례,오피스,일반,특이공시 있음(계속 공시 가능),,126.973263470061,37.5586238568696,addr
금남로 엠디엠타워 | 광주광역시 동구 금남로5가 55-1,금남로 엠디엠타워,오피스,일반,조직개편 신호,29775.0,126.909998242576,35.1532411734528,addr
금호15구역 | 서울 성동구 금호동1가 1824(금호로 110),금호15구역,주택(공동주택),일반,최근 투자보고서 있음(계속 운용 추정),,127.024559603059,37.5529291241002,addr
금호20구역 | 서울 성동구 금호동4가 1553(금호로 40),금호20구역,주택(공동주택),일반,최근 투자보고서 있음(계속 운용 추정),,127.026444071142,37.5467547151231,addr
금호20구역 | 서울 성동구 금호동4가 56-1번지,금호20구역,주택,일반,최근 투자보고서 있음(계속 운용 추정),6636.670000000001,127.025519918659,37.5468338459818,poi
길음2구역 | 서울 성북구 길음동 1288(숭인로 50),길음2구역,주택(공동주택),일반,최근 투자보고서 있음(계속 운용 추정),,127.027018309971,37.6108450847147,addr
"김포빌딩 | 경기도 김포시
걸포로 6",김포빌딩,리테일,일반,청산 공시이력+최근보고서(재확인),,126.707257052533,37.6322526029999,addr
"김포빌딩 | 경기도 김포시_x000D_
걸포로 6",김포빌딩,리테일,일반,청산 공시이력+최근보고서(재확인),,126.707257052533,37.6322526029999,addr
김포케이로지스필드 | 경기도 김포시 고촌읍 전호리 653,김포케이로지스필드,물류,일반,특이공시 있음(계속 공시 가능),163179843751.0,126.78440979783,37.5992108624948,addr
"김포한강 AC-1A BL | 경기도 김포시 김포한강9로115번길 37 (구래동, 김포한강 데세리브)",김포한강 AC-1A BL,주택(공동주택),일반,특이공시 있음(계속 공시 가능),,126.622389536196,37.6467031618126,addr
김포한강 롯데캐슬 | 경기도 김포시 김포한강11로 107,김포한강 롯데캐슬,주택(공동주택),일반,최근 투자보고서 있음(계속 운용 추정),,126.686704592292,37.6441699903423,addr
"김포한강 롯데캐슬 | 경기도 김포시 김포한강11로 107 (운양동, 한강 롯데캐슬 22단지)",김포한강 롯데캐슬,주택(공동주택),일반,최근 투자보고서 있음(계속 운용 추정),,126.686704592292,37.6441699903423,addr
김포한강 롯데캐슬 | 경기도 김포시 운양동,김포한강 롯데캐슬,주택(공동주택),일반,최근 투자보고서 있음(계속 운용 추정),,126.683097821946,37.6513367527862,addr
"김포한강(AC-05) | 경기도 김포시 김포한강8로 15 (마산동, 한강센트럴블루힐)",김포한강(AC-05),주택(공동주택),일반,상호·명칭 변경 신호,,126.629252397873,37.6354503394099,addr
김포한강(AC-05) | 경기도 김포시 김포한강8로 15(마산동 637-3),김포한강(AC-05),주택,일반,상호·명칭 변경 신호,,126.629252397873,37.6354503394099,addr
김포한강AC05 | 경기도 김포시 김포한강8로 15(마산동 637-3),김포한강AC05,주택,일반,상호·명칭 변경 신호,404175.168868,126.629252397873,37.6354503394099,addr
"김포한강예미지 | 경기도 김포시 김포한강9로 11
(구래동)",김포한강예미지,주택,일반,상호·명칭 변경 신호,476603.0,126.626131285888,37.6381136990179,addr
김포한강예미지 | 경기도 김포시 김포한강9로 11 (구래동),김포한강예미지,주택(공동주택),일반,상호·명칭 변경 신호,,126.626131285888,37.6381136990179,addr
"김해 물류센터 2 | 경상남도 김해시 상동면 대감리 
5-8",김해 물류센터 2,물류,일반,특이공시 있음(계속 공시 가능),75029.0,128.942549326832,35.3121597232387,addr
"김해2(김해상동) | 경상남도 김해시 상동면 대감리 
5-8",김해2(김해상동),물류,일반,특이공시 있음(계속 공시 가능),74743.0,128.942549326832,35.3121597232387,addr
김해2(김해상동) | 경상남도 김해시 상동면 대감리 5-8,김해2(김해상동),물류,일반,특이공시 있음(계속 공시 가능),,128.942549326832,35.3121597232387,addr
김해물류센터 | 경상남도 김해시 상동면 상동로 680-77,김해물류센터,물류,일반,특이공시 있음(계속 공시 가능),,128.944127083691,35.3102807554819,addr
"김해율하 리슈빌 더스테이
(김해율하2지구A-2BL
기업형임대주택개발사업) | 경상남도 김해시 장유동 869번지","김해율하 리슈빌 더스테이
(김해율하2지구A-2BL
기업형임대주택개발사업)",주택,일반,조직개편 신호,177020.0,128.826794862288,35.1632049390786,addr
"김해율하 리슈빌 더스테이 | 경상남도 김해시 율하5로 46 (장유동, 김해율하리슈빌더스테이아파트)",김해율하 리슈빌 더스테이,주택(공동주택),일반,조직개편 신호,,128.828186495063,35.1631405918423,addr
"김해율하2지구
A-2BL기업형임대주택
개발사업 | 경상남도 김해시 장유동 869번지","김해율하2지구
A-2BL기업형임대주택
개발사업",주택,일반,조직개편 신호,186509.0,128.826794862288,35.1632049390786,addr
"김해율하리슈빌더스테이
(김해율하2지구A-2BL
기업형임대주택개발사업) | 경상남도 김해시 장유동 869번지","김해율하리슈빌더스테이
(김해율하2지구A-2BL
기업형임대주택개발사업)",주택,일반,조직개편 신호,175560.0,128.826794862288,35.1632049390786,addr
"김해율하리슈빌더스테이_x000D_
(김해율하2지구A-2BL_x000D_
기업형임대주택개발사업) | 경상남도 김해시 장유동 869번지","김해율하리슈빌더스테이_x000D_
(김해율하2지구A-2BL_x000D_
기업형임대주택개발사업)",주택,일반,조직개편 신호,,128.826794862288,35.1632049390786,addr
나인트리 바이 파르나스 서울 동대문 | 서울 중구 을지로5가 92-2 외,나인트리 바이 파르나스 서울 동대문,호텔,일반,특이공시 있음(계속 공시 가능),,127.002907857545,37.5666140024765,addr
나인트리호텔 | 서울 중구 을지로5가 92-2 외,나인트리호텔,호텔,일반,특이공시 있음(계속 공시 가능),56970.328285,127.002907857545,37.5666140024765,addr
나인트리호텔 동대문 | 서울 중구 을지로5가 92-2 외,나인트리호텔 동대문,호텔,일반,특이공시 있음(계속 공시 가능),,127.002907857545,37.5666140024765,addr
남산스퀘어 | 서울 중구 퇴계로 173,남산스퀘어,오피스,일반,상호·명칭 변경 신호,295685.486637,126.991058542501,37.5618257152508,addr
남양뉴타운 | 경기도 화성시 남양동 외,남양뉴타운,주택(공동주택),개발사업,특이공시 있음(계속 공시 가능),,126.826189571488,37.1889331956897,poi
남양뉴타운B-6BL | 경기도 화성시 남양읍 역골동로 152 (화성남양뉴타운루나포레),남양뉴타운B-6BL,주택(공동주택),개발사업,특이공시 있음(계속 공시 가능),,126.830985360039,37.2130661273812,addr
"남양주 월산(월산2지구) 공공지원민간임대주택 | 경기도 남양주시 화도읍 경춘로2248번길 38, 남양주시 월산리 50번지 일원",남양주 월산(월산2지구) 공공지원민간임대주택,주택(공동주택),개발사업,특이공시 있음(계속 공시 가능),,127.337346046832,37.6524664712415,addr
남양주 월산(월산2지구) 공공지원민간임대주택 | 경기도 남양주시 화도읍 월산리 50번지 일원,남양주 월산(월산2지구) 공공지원민간임대주택,주택(공동주택),개발사업,특이공시 있음(계속 공시 가능),,127.335973167428,37.6534203812269,addr
"남양주별내
A1-2 | 경기도 남양주시 별내동
(덕송3로 30)","남양주별내
A1-2",주택,일반,최근 투자보고서 있음(계속 운용 추정),67598.0,127.121972451813,37.6462466000952,addr
"남양주별내A1-2BL | 경기도 남양주시 덕송3로 30 (별내동, 별가람마을1-2단지)",남양주별내A1-2BL,주택(공동주택),일반,최근 투자보고서 있음(계속 운용 추정),,127.113637513379,37.6692136444311,addr
남양주별내A1-2BL | 경기도 남양주시 별내동 806,남양주별내A1-2BL,주택,일반,최근 투자보고서 있음(계속 운용 추정),,127.113683119772,37.6699095172228,addr
남청라 물류센터 | 인천광역시 서구 북항단지로101번길 10 (원창동),남청라 물류센터,물류,일반,조직개편 신호,,126.61807397889,37.5036488161519,addr
"남청라 물류센터 | 인천광역시 서구 북항로
178번길 46
(원창동 391-11)",남청라 물류센터,물류,일반,조직개편 신호,111910.0,126.630094556928,37.5106415287909,addr
남청라 물류센터 | 인천광역시 서구 북항로 178번길 46(원창동),남청라 물류센터,물류,일반,조직개편 신호,,126.630094556928,37.5106415287909,addr
"남청라 물류센터 | 인천광역시 서구 북항로_x000D_
178번길 46_x000D_
(원창동 391-11)",남청라 물류센터,물류,일반,조직개편 신호,,126.630094556928,37.5106415287909,addr
남청라 물류센터 | 인천광역시 서구 원창동 394-20 일원,남청라 물류센터,물류,일반,조직개편 신호,,126.616847403467,37.5037945001933,addr
노량진 | 서울특별시 동작구 노량진동 56-1,노량진,오피스,일반,청산·종료 관련 신호,55621.0,126.941234552407,37.513144800386,addr
노량진 어바니엘 한강 | 서울특별시 동작구 노량진동 333,노량진 어바니엘 한강,주택,일반,최근 투자보고서 있음(계속 운용 추정),73409.507224,126.946704323258,37.5129510662442,addr
"노량진 역세권 청년주택 | 서울시 동작구 노량진동 
19-6 일원",노량진 역세권 청년주택,주택,개발사업,조직개편 신호,172525.0,126.934783790083,37.5145955450194,addr
"노량진 역세권 청년주택 | 서울시 동작구 노량진동 _x000D_
19-6 일원",노량진 역세권 청년주택,주택,개발사업,조직개편 신호,,126.934783790083,37.5145955450194,addr
노원 사옥 | 서울특별시 노원구 노해로 464 (상계동),노원 사옥,오피스,일반,특이공시 있음(계속 공시 가능),,127.059670129149,37.6537546122067,addr
"노원구 상계동 1002-1외1 | 서울특별시 노원구 상계동 1002-1,1125",노원구 상계동 1002-1외1,기타,일반,특이공시 있음(계속 공시 가능),,127.060983966732,37.674923386317,addr
"노원구 상계동 1002-1외1 | 서울특별시 도봉구 창동 691-3,9",노원구 상계동 1002-1외1,주택,일반,특이공시 있음(계속 공시 가능),4843.0,127.03949454579,37.6518162487509,addr
녹번1-1구역 | 서울 은평구 녹번동 282(통일로 610),녹번1-1구역,주택(공동주택),일반,최근 투자보고서 있음(계속 운용 추정),,126.936661658569,37.6017858743741,addr
"녹번1-2구역 | 서울 은평구 녹번동 283, 283-1(통일로 630)",녹번1-2구역,주택(공동주택),일반,최근 투자보고서 있음(계속 운용 추정),,126.936396889141,37.6040543353051,addr
"뉴코아야탑점 | 경기도 성남시 분당구
야탑동 356 외",뉴코아야탑점,리테일,일반,최근 투자보고서 있음(계속 운용 추정),175184.0,127.127459155159,37.410921278491,addr
"뉴코아야탑점 | 경기도 성남시 분당구_x000D_
야탑동 356 외",뉴코아야탑점,리테일,일반,최근 투자보고서 있음(계속 운용 추정),,127.127459155159,37.410921278491,addr
"뉴코아일산점 | 경기도 고양시 일산구
마두동 797 외",뉴코아일산점,리테일,일반,최근 투자보고서 있음(계속 운용 추정),123123.0,126.777078200946,37.6548251338417,addr
"뉴코아일산점 | 경기도 고양시 일산구_x000D_
마두동 797 외",뉴코아일산점,리테일,일반,최근 투자보고서 있음(계속 운용 추정),,126.777078200946,37.6548251338417,addr
"뉴코아평촌점 | 경기도 안양시 동안구
호계동 1039-3",뉴코아평촌점,리테일,일반,최근 투자보고서 있음(계속 운용 추정),151867.0,126.951191879296,37.3891820400727,addr
"뉴코아평촌점 | 경기도 안양시 동안구_x000D_
호계동 1039-3",뉴코아평촌점,리테일,일반,최근 투자보고서 있음(계속 운용 추정),,126.951191879296,37.3891820400727,addr
다산지금A-2 | 경기도 남양주시 다산중앙로82번길 105,다산지금A-2,주택(공동주택),개발사업,특이공시 있음(계속 공시 가능),,127.166662577503,37.6214280969791,addr
다산지금A-2 | 경기도 남양주시 다산중앙로82번길 105(다산동),다산지금A-2,주택,개발사업,특이공시 있음(계속 공시 가능),,127.166662577503,37.6214280969791,addr
다산지금A-2 | 남양주 다산동 6109,다산지금A-2,주택,개발사업,특이공시 있음(계속 공시 가능),55814.0,127.166282263343,37.6207926270598,addr
다산진건B-1 | 경기도 남양주시 다산중앙로171번길 21-10,다산진건B-1,주택(공동주택),개발사업,특이공시 있음(계속 공시 가능),,127.149019476705,37.6279496998206,addr
다산진건B-1 | 경기도 남양주시 다산중앙로171번길 21-10(다산동),다산진건B-1,주택,개발사업,특이공시 있음(계속 공시 가능),,127.149019476705,37.6279496998206,addr
다산진건B-1 | 남양주 다산동 6026,다산진건B-1,주택,개발사업,특이공시 있음(계속 공시 가능),49453.0,127.148689481621,37.6273803326947,addr
"다산타워 | 경기도 성남시
대왕판교로 644번길 49",다산타워,오피스,일반,특이공시 있음(계속 공시 가능),168734.0,127.112312371111,37.4001662034279,addr
"다산타워 | 경기도 성남시 
대왕판교로 644번길 49",다산타워,오피스,일반,특이공시 있음(계속 공시 가능),163859.0,127.112312371111,37.4001662034279,addr
"다산타워 | 경기도 성남시 _x000D_
대왕판교로 644번길 49",다산타워,오피스,일반,특이공시 있음(계속 공시 가능),,127.112312371111,37.4001662034279,addr
답십리14구역 | 서울 동대문구 답십리동 1014(답십리로56길 105),답십리14구역,주택(공동주택),일반,최근 투자보고서 있음(계속 운용 추정),,127.059520848719,37.5677324870223,addr
"당진 대덕수청 중흥S-클래스 포레힐 406세대 | 충청남도 당진시 대덕1로 102-57 (대덕동, 중흥s-클래스포레힐)",당진 대덕수청 중흥S-클래스 포레힐 406세대,주택(공동주택),개발사업,최근 투자보고서 있음(계속 운용 추정),,126.645207331382,36.8820966056862,addr
당진 대덕수청 중흥S-클래스 포레힐 406세대 | 충청남도 당진시 대덕동 1877,당진 대덕수청 중흥S-클래스 포레힐 406세대,복합형,개발사업,최근 투자보고서 있음(계속 운용 추정),,126.644977426719,36.8814565918238,addr
당진 대덕수청지구 A-5BL 공공지원 민간임대주택사업 | 충청남도 당진시 대덕동 1877,당진 대덕수청지구 A-5BL 공공지원 민간임대주택사업,주택,개발사업,최근 투자보고서 있음(계속 운용 추정),29238.0,126.644977426719,36.8814565918238,addr
"대구 금호지구
S-1BL 공동주택 | 대구광역시 북구 사수동 812","대구 금호지구
S-1BL 공동주택",주택,개발사업,최근 투자보고서 있음(계속 운용 추정),155179.0,128.514254259326,35.9002812129577,addr
"대구광역시 중구 동문동 20-4번지 외 7필지 | 대구광역시 중구 동문동 20-4, 20-7, 20-10, 20-11, 20-12, 20-13, 20-14, 18-4 번지",대구광역시 중구 동문동 20-4번지 외 7필지,주택(공동주택),개발사업,특이공시 있음(계속 공시 가능),,128.59696501374,35.8728989879059,addr
대구국가산업단지 A2-2블록 기업형 임대리츠 사업 | 대구광역시 달성군 현풍면 대리1176(대구국가산업단지 내 공동주택지 A2-2B),대구국가산업단지 A2-2블록 기업형 임대리츠 사업,주택,일반,최근 투자보고서 있음(계속 운용 추정),197010.308388,128.422139198221,35.6622121600789,addr
대구금호 B-1 | 대구 북구 내곡로 70,대구금호 B-1,주택(공동주택),일반,상호·명칭 변경 신호,,128.512407722145,35.9012193341606,addr
대구금호서희스타힐스테이 | 대구광역시 북구 사수동 812,대구금호서희스타힐스테이,주택(공동주택),개발사업,최근 투자보고서 있음(계속 운용 추정),,128.514254259326,35.9002812129577,addr
대구금호서희스타힐스테이트 | 대구광역시 북구 사수동 812,대구금호서희스타힐스테이트,주택,일반,최근 투자보고서 있음(계속 운용 추정),153403.0,128.514254259326,35.9002812129577,addr
대구대곡 2B | 대구광역시 달서구 갈밭남로 64,대구대곡 2B,주택,일반,특이공시 있음(계속 공시 가능),,128.535132554476,35.8015485439852,addr
"대구대곡 2B | 대구광역시 달서구 갈밭남로 64 (대곡동, 대구대곡수목원풍경그린)",대구대곡 2B,주택(공동주택),일반,특이공시 있음(계속 공시 가능),,128.535132554476,35.8015485439852,addr
대구대곡 | 대구 달서구 대곡동,대구대곡,주택,일반,특이공시 있음(계속 공시 가능),191723.0,128.526810802352,35.7993344944604,addr
"대구대곡2 S블록 | 대구광역시 달서구 갈밭남로 17 (대곡동, 대구대곡수목원호정포레스트)",대구대곡2 S블록,주택(공동주택),일반,특이공시 있음(계속 공시 가능),,128.530548821266,35.7992558668639,addr
대구대곡2 S블록 | 대구시 달서구 갈밭남로 17,대구대곡2 S블록,주택(공동주택),일반,특이공시 있음(계속 공시 가능),,128.530548821266,35.7992558668639,addr
대구대곡2 | 대구 달서구 대곡동,대구대곡2,주택,일반,특이공시 있음(계속 공시 가능),188793.0,128.526810802352,35.7993344944604,addr
대구대곡2S | 대구 달서구 대곡동,대구대곡2S,주택,일반,특이공시 있음(계속 공시 가능),187282.608976,128.526810802352,35.7993344944604,addr
"대구대곡2S | 대구광역시 달서구 갈밭남로 17 (대곡동, 대구대곡수목원호정포레스트)",대구대곡2S,주택(공동주택),일반,특이공시 있음(계속 공시 가능),,128.530548821266,35.7992558668639,addr
대구대곡2S | 대구시 달서구 대곡동,대구대곡2S,주택,일반,특이공시 있음(계속 공시 가능),,128.526810802352,35.7993344944604,addr
"대구대명 | 대구광역시 남구 대명동
2275-2",대구대명,주택(공동주택),일반,최근 투자보고서 있음(계속 운용 추정),15058470980.0,128.576239468888,35.8588458226442,addr
"대구대명 | 대구광역시 남구 대명동_x000D_
2275-2",대구대명,주택(준주택),일반,최근 투자보고서 있음(계속 운용 추정),,128.576239468888,35.8588458226442,addr
대구시 중구 동인동2가 12번지 일원 (*) | 대구시 중구 동인동2가 12-4번지,대구시 중구 동인동2가 12번지 일원 (*),복합형,개발사업,특이공시 있음(계속 공시 가능),6000.0,128.600738427769,35.8705117325239,addr
대구시 중구 동인동2가 12번지 일원 (*) | 대구시 중구 동인동2가 12번지,대구시 중구 동인동2가 12번지 일원 (*),복합형,개발사업,특이공시 있음(계속 공시 가능),49310.587497,128.601074601265,35.8703873095445,addr
대구시 중구 동인동2가 12번지 일원 | 대구시 중구 동인동2가 12번지,대구시 중구 동인동2가 12번지 일원,복합형,개발사업,특이공시 있음(계속 공시 가능),54259.16096899999,128.601074601265,35.8703873095445,addr
대구시 중구 동인동2가 12번지 일원(*) | 대구시 중구 동인동2가 12번지,대구시 중구 동인동2가 12번지 일원(*),복합시설,개발사업,특이공시 있음(계속 공시 가능),58506490736.0,128.601074601265,35.8703873095445,addr
대구시 중구 동인동2가 12번지 일원(*1) | 대구시 중구 동인동2가 12번지,대구시 중구 동인동2가 12번지 일원(*1),복합형,개발사업,특이공시 있음(계속 공시 가능),56217.96655899999,128.601074601265,35.8703873095445,addr
대구신서지구(A-4BL) | 대구광역시 동구 사복동 852(대구신서지구 A-4BL),대구신서지구(A-4BL),주택,일반,최근 투자보고서 있음(계속 운용 추정),72264.20999999999,128.752539286587,35.8739453695319,addr
대구신서지구(A-4BL) | 대구광역시 동구 사복동 852번지(대구신서지구 A-4BL),대구신서지구(A-4BL),주택,일반,최근 투자보고서 있음(계속 운용 추정),,128.752539286587,35.8739453695319,addr
대구신서혁신 A-7 | 대구 동구 혁신대로 450,대구신서혁신 A-7,주택(공동주택),일반,상호·명칭 변경 신호,,128.745518970322,35.8733566337351,addr
"대구신암 
공공지원민간임대주택 | 대구광역시 동구 신암동 225-4번지 일원","대구신암 
공공지원민간임대주택",주택,개발사업,특이공시 있음(계속 공시 가능),207453.0,128.622940365703,35.8815053964947,addr
"대구신암 _x000D_
공공지원민간임대주택 | 대구광역시 동구 신암동 225-4번지 일원","대구신암 _x000D_
공공지원민간임대주택",주택,개발사업,특이공시 있음(계속 공시 가능),,128.622940365703,35.8815053964947,addr
"대구신암공공지원_x000D_
민간임대주택 | 대구광역시 동구 신암남로15길 62, 건설중 공공지원민간임대아파트임 (신암동)","대구신암공공지원_x000D_
민간임대주택",주택(공동주택),개발사업,특이공시 있음(계속 공시 가능),,128.621428700042,35.881207624796,addr
"대구신암공공지원_x000D_
민간임대주택 | 대구광역시 동구 신암동 225-4번지 일원","대구신암공공지원_x000D_
민간임대주택",주택(공동주택),개발사업,특이공시 있음(계속 공시 가능),,128.622940365703,35.8815053964947,addr
"대구연경 A-1 BL | 대구광역시 북구 연경중앙로 55 (연경동, 대구연경 연경숲)",대구연경 A-1 BL,주택(공동주택),일반,특이공시 있음(계속 공시 가능),,128.615390869749,35.9489037739441,addr
대구옥포S-1 | 대구광역시 달성군 옥포면 교항리 3008,대구옥포S-1,주택,일반,특이공시 있음(계속 공시 가능),95889.0,128.447610699994,35.7852871320445,addr
대구옥포S-1 | 대구광역시 달성군 옥포읍 금계길 12,대구옥포S-1,주택,일반,특이공시 있음(계속 공시 가능),92754.0,128.447508872868,35.7859965008244,addr
대구옥포S-1 | 대구광역시 달성군 옥포읍 금계길 12 (대구옥포르상트레빌),대구옥포S-1,주택(공동주택),일반,특이공시 있음(계속 공시 가능),,128.447508872868,35.7859965008244,addr
대구옥포S-1BL | 대구광역시 달성군 옥포면 교항리 3008,대구옥포S-1BL,주택,일반,특이공시 있음(계속 공시 가능),96915.0,128.447610699994,35.7852871320445,addr
대구율하 | 대구 동구 율하동,대구율하,주택,일반,특이공시 있음(계속 공시 가능),53481.0,128.692190221825,35.8643519307831,addr
대구율하(1)3 | 대구 동구 율하동,대구율하(1)3,주택,일반,특이공시 있음(계속 공시 가능),51010.995787,128.692190221825,35.8643519307831,addr
"대구율하(1)3 | 대구광역시 동구 금호강변로3길 35 (율하동, 대구율하 율하숲)",대구율하(1)3,주택(공동주택),일반,특이공시 있음(계속 공시 가능),,128.68885396506,35.8674635419205,addr
대구율하(1)3 | 대구시 동구 율하동,대구율하(1)3,주택,일반,특이공시 있음(계속 공시 가능),,128.692190221825,35.8643519307831,addr
"대구율하(1-3) 율하숲 | 대구광역시 동구 금호강변로3길 35 (율하동, 대구율하 율하숲)",대구율하(1-3) 율하숲,주택(공동주택),일반,특이공시 있음(계속 공시 가능),,128.68885396506,35.8674635419205,addr
대구율하(1-3) 율하숲 | 대구시 동구 금호강변로3길 35,대구율하(1-3) 율하숲,주택(공동주택),일반,특이공시 있음(계속 공시 가능),,128.68885396506,35.8674635419205,addr
대구율하3 | 대구 동구 율하동,대구율하3,주택,일반,특이공시 있음(계속 공시 가능),51773.0,128.692190221825,35.8643519307831,addr
대구테크노 | 대구광역시 달성군 유가면 테크노 상업로 111,대구테크노,주택,일반,특이공시 있음(계속 공시 가능),100487.0,128.461293041814,35.6948479907093,addr
대구테크노 | 대구광역시 달성군 유가면 테크노상업로 111,대구테크노,주택,일반,특이공시 있음(계속 공시 가능),,128.461293041814,35.6948479907093,addr
대구테크노 | 대구광역시 달성군 유가읍 테크노상업로 111 (대구테크노폴리스4단지),대구테크노,주택(공동주택),일반,특이공시 있음(계속 공시 가능),,128.461293041814,35.6948479907093,addr
대구테크노A10 | 대구광역시 달성군 유가면 테크노상업로 111,대구테크노A10,주택,일반,특이공시 있음(계속 공시 가능),101975.0,128.461293041814,35.6948479907093,addr
대구회관 | 대구광역시 수성구 동대구로 334 (범어동),대구회관,복합시설,일반,특이공시 있음(계속 공시 가능),,128.627178155447,35.8600369120632,addr
대구회관 | 대구광역시 수성구 범어동 177-4,대구회관,복합시설,일반,특이공시 있음(계속 공시 가능),,128.627397472085,35.8600487195652,addr
대성디큐브시티 | 서울시 구로구 신도림동 692,대성디큐브시티,호텔,일반,청산·종료 관련 신호,126114.0,126.888897552736,37.5085848476582,addr
"대연파크푸르지오 114동 | 부산광역시 남구 홍곡로 360, 114동 (대연동, 대연파크푸르지오)",대연파크푸르지오 114동,주택(공동주택),일반,최근 투자보고서 있음(계속 운용 추정),,129.090820034146,35.1253456097927,addr
대일빌딩 | 서울특별시 중구 남대문로1가 18,대일빌딩,오피스,일반,특이공시 있음(계속 공시 가능),70301.0,126.983042781673,37.5679378249514,addr
대전 대동 리테일 | 대전광역시 동구 동대전로 67 (대동),대전 대동 리테일,리테일,일반,최근 투자보고서 있음(계속 운용 추정),,127.441806693434,36.3294023319073,addr
대전PEER둔산 | 대전광역시 서구 둔산동 928번지,대전PEER둔산,주택(준주택),일반,특이공시 있음(계속 공시 가능),,127.389675150653,36.3583021476738,addr
대전관평 1345 공공지원 민간임대주택사업 | 대전광역시 유성구 관평동 1345,대전관평 1345 공공지원 민간임대주택사업,주택(준주택),개발사업,특이공시 있음(계속 공시 가능),,127.38807155657,36.4281983727986,addr
대전관평 | 대전광역시 유성구 관평동 1356,대전관평,주택(준주택),일반,특이공시 있음(계속 공시 가능),,127.388557966737,36.4288440060717,addr
대전회관 | 대전광역시 서구 둔산중로 8 (탄방동),대전회관,복합시설,일반,특이공시 있음(계속 공시 가능),,127.387352516134,36.347289238323,addr
대전회관 | 대전광역시 서구 탄방동 700 등,대전회관,복합시설,일반,특이공시 있음(계속 공시 가능),,127.387287251312,36.34731477288,addr
대치동 | 서울시 강남구 삼성로414 (대치동 959-5),대치동,복합형,일반,최근 투자보고서 있음(계속 운용 추정),1676.0,127.058373979093,37.5041438676255,addr
대치동 사회주택 | 서울시 강남구 삼성로414 (대치동 959-5),대치동 사회주택,주택(공동주택),일반,최근 투자보고서 있음(계속 운용 추정),,127.058373979093,37.5041438676255,addr
대치타워 | 서울특별시 강남구 대치동891,대치타워,오피스,일반,특이공시 있음(계속 공시 가능),,127.053580207777,37.5054417848432,addr
대치타워 | 서울특별시 강남구 테헤란로 424,대치타워,오피스,일반,특이공시 있음(계속 공시 가능),,127.053467711791,37.5054927426087,addr
"대흥2구역 | 서울 마포구 대흥동 806, 807, 노고산동 126, 127(대흥로 175)",대흥2구역,주택(공동주택),일반,최근 투자보고서 있음(계속 운용 추정),,126.944416178426,37.555259297312,addr
더프라임타워 | 서울시 용산구 원효로 1가 41-1번지,더프라임타워,오피스,일반,청산·종료 관련 신호,168404.0,126.970150783239,37.5408991193098,addr
"도봉구 창동 691-3외 1필지 | 서울특별시 창동 691-3,9",도봉구 창동 691-3외 1필지,주택,일반,특이공시 있음(계속 공시 가능),4021.0,127.03949454579,37.6518162487509,addr
"도봉구 창동 691-3외1필지 | 서울특별시 도봉구 창동 691-3,9",도봉구 창동 691-3외1필지,기타,일반,특이공시 있음(계속 공시 가능),,127.03949454579,37.6518162487509,addr
도봉구 창동 691-3외1필지 | 서울특별시 마포구 연남동 240-9,도봉구 창동 691-3외1필지,주택,일반,특이공시 있음(계속 공시 가능),4040.0,126.923811815958,37.5647819671281,addr
"도봉구 창동 691-3외1필지 | 서울특별시 마포구 창전동 5-57,142",도봉구 창동 691-3외1필지,주택,일반,특이공시 있음(계속 공시 가능),4040.0,126.930021897017,37.5535933575299,addr
"도선동 _x000D_
역세권청년주택 | 서울특별시 성동구 도선동 286번지 일원","도선동 _x000D_
역세권청년주택",주택(공동주택),개발사업,특이공시 있음(계속 공시 가능),,127.032327736683,37.5635530729529,addr
"도선동 _x000D_
역세권청소년주택 | 서울특별시 성동구 도선동 286번지 일원","도선동 _x000D_
역세권청소년주택",주택(공동주택),개발사업,특이공시 있음(계속 공시 가능),,127.032327736683,37.5635530729529,addr
도선동 역세권청소년주택 | 서울특별시 성동구 도선동 286번지 일원,도선동 역세권청소년주택,복합형,개발사업,특이공시 있음(계속 공시 가능),,127.032327736683,37.5635530729529,addr
도지물류센터 | 경기도 이천시 백사면 조읍리 25,도지물류센터,물류,일반,조직개편 신호,,127.485775612085,37.3151976642152,addr
도지물류센터 | 경기도 이천시 백사면 지읍로 54,도지물류센터,물류,일반,조직개편 신호,,127.484208242883,37.3146920350994,addr
"도화이편한
세상(5단지 및 6-1단지) | 인천시 남구 숙골로
88번길 46, 숙골로112번길 11","도화이편한
세상(5단지 및 6-1단지)",주택,일반,최근 투자보고서 있음(계속 운용 추정),446876.0,126.665622211404,37.474729390613,addr
"도화이편한
세상(5단지 및 6-1단지) | 인천시 남구 숙골로 88번길 46, 숙골로112번길 11","도화이편한
세상(5단지 및 6-1단지)",주택,일반,최근 투자보고서 있음(계속 운용 추정),434933.0,126.665622211404,37.474729390613,addr
"도화이편한(6-2단지)
세상 | 인천광역시 미추홀구 숙골로
88번길 56","도화이편한(6-2단지)
세상",주택,일반,특이공시 있음(계속 공시 가능),97138.0,126.664941618497,37.4750137122294,addr
"도화이편한(6-2단지)
세상 | 인천시 남구 숙골로
88번길 56","도화이편한(6-2단지)
세상",주택,일반,특이공시 있음(계속 공시 가능),100288.0,126.664941618497,37.4750137122294,addr
"도화이편한(6-2단지)_x000D_
세상 | 인천광역시 미추홀구 숙골로_x000D_
88번길 56","도화이편한(6-2단지)_x000D_
세상",주택,일반,특이공시 있음(계속 공시 가능),,126.664941618497,37.4750137122294,addr
"도화이편한_x000D_
세상(5단지 및 6-1단지) | 인천시 남구 숙골로 88번길 46, 숙골로112번길 11","도화이편한_x000D_
세상(5단지 및 6-1단지)",주택,일반,최근 투자보고서 있음(계속 운용 추정),,126.665622211404,37.474729390613,addr
"도화이편한세상(5단지 ) | 인천광역시 미추홀구 숙골로112번길 11 (도화동, e편한세상도화 5단지)",도화이편한세상(5단지 ),주택(공동주택),일반,최근 투자보고서 있음(계속 운용 추정),,126.662497909736,37.4740306977122,addr
"도화이편한세상(6-2단지) | 인천광역시 미추홀구 숙골로88번길 56 (도화동, e편한세상도화 6-2단지)",도화이편한세상(6-2단지),주택(공동주택),일반,특이공시 있음(계속 공시 가능),,126.664941618497,37.4750137122294,addr
"도화이편한세상(6-2단지) | 인천광역시 미추홀구 숙골로88번길 56(도화동, e편한세상도화 6-2단지)",도화이편한세상(6-2단지),주택(공동주택),일반,특이공시 있음(계속 공시 가능),,126.664941618497,37.4750137122294,addr
"도화이편한세상_x000D_
(5단지) | 인천광역시 미추홀구 숙골로112번길 11 (도화동, e편한세상도화 5단지)","도화이편한세상_x000D_
(5단지)",주택(공동주택),일반,최근 투자보고서 있음(계속 운용 추정),,126.662497909736,37.4740306977122,addr
독산동기업형임대주택 | 서울시 금천구 독산동 1160,독산동기업형임대주택,주택(공동주택),일반,조직개편 신호,,126.8917161157,37.4637416929626,addr
독산동기업형임대주택(주택 및 상가) | 서울시 금천구 독산동 1160,독산동기업형임대주택(주택 및 상가),주택(공동주택),일반,조직개편 신호,,126.8917161157,37.4637416929626,addr
돈의문1구역 | 서울 은평구 녹번동 19번지,돈의문1구역,주택,일반,최근 투자보고서 있음(계속 운용 추정),52752.136638,126.935309278166,37.6035166639674,poi
돈의문1구역 | 서울 종로구 행촌동 211(송월길 130),돈의문1구역,주택,일반,최근 투자보고서 있음(계속 운용 추정),49679.551781,126.963512514803,37.5720381590497,addr
"돈의문1구역 | 서울 종로구 행촌동 211, 홍파동 200(송월길 130)",돈의문1구역,주택(공동주택),일반,최근 투자보고서 있음(계속 운용 추정),,126.963512514803,37.5720381590497,addr
"동대문구 장안동 456-4외 1필지 | 서울특별시 마포구 창전동 5-57,142",동대문구 장안동 456-4외 1필지,주택,일반,특이공시 있음(계속 공시 가능),9273.0,126.930021897017,37.5535933575299,addr
"동탄 디에트르_x000D_
퍼스티지 오피스 | 경기도 화성시 동탄오산로 29 (오산동)","동탄 디에트르_x000D_
퍼스티지 오피스",오피스,일반,특이공시 있음(계속 공시 가능),,127.090189650458,37.1993103412943,addr
"동탄 레이크 자이 더 테라스 | 경기도 화성시 동탄순환대로1길 64 (송동, 동탄레이크자이 더 테라스)",동탄 레이크 자이 더 테라스,주택(공동주택),일반,최근 투자보고서 있음(계속 운용 추정),,127.095762624099,37.1700716333435,addr
"동탄 레이크 자이 더 테라스 | 경기도 화성시 동탄순환대로1길 64, 99 (송동 695, 696번지)",동탄 레이크 자이 더 테라스,주택(공동주택),일반,최근 투자보고서 있음(계속 운용 추정),,127.095762624099,37.1700716333435,addr
"동탄 호수공원 리슈빌
(화성동탄2 A-87BL 
공공지원 민간임대주택사업) | 경기도 화성시 장지동 924","동탄 호수공원 리슈빌
(화성동탄2 A-87BL 
공공지원 민간임대주택사업)",주택,개발사업,조직개편 신호,244519.0,127.105021845065,37.1642930627242,addr
동탄92블럭(건물) | 경기도 화성시 동탄순환대로8길 14 (장지동),동탄92블럭(건물),주택(공동주택),일반,최근 투자보고서 있음(계속 운용 추정),,127.109679827545,37.1643027195681,addr
동탄92블럭(토지) | 경기도 화성시 동탄순환대로8길 14 (장지동),동탄92블럭(토지),주택,개발사업,최근 투자보고서 있음(계속 운용 추정),96424.0,127.109679827545,37.1643027195681,addr
"동탄호수공원리슈빌
(화성동탄2 A-87BL공공지원 
민간임대주택사업) | 경기도 화성시 장지동 924","동탄호수공원리슈빌
(화성동탄2 A-87BL공공지원 
민간임대주택사업)",주택,일반,조직개편 신호,237184.0,127.105021845065,37.1642930627242,addr
"동탄호수공원리슈빌_x000D_
(화성동탄2 A-87BL공공지원 _x000D_
민간임대주택사업) | 경기도 화성시 장지동 924","동탄호수공원리슈빌_x000D_
(화성동탄2 A-87BL공공지원 _x000D_
민간임대주택사업)",주택,일반,조직개편 신호,,127.105021845065,37.1642930627242,addr
동화빌딩 | 서울 중구 서소문로 106,동화빌딩,오피스,일반,청산·종료 관련 신호,121768.0,126.973025519842,37.5625290834272,addr
드림스페이스II | 서울시 송파구 풍납동 397-1,드림스페이스II,주택(공동주택),일반,상호·명칭 변경 신호,,127.115467531246,37.5282625276193,addr
드림스페이스II | 서울특별시 송파구 풍납동 397-1,드림스페이스II,복합형,일반,상호·명칭 변경 신호,,127.115467531246,37.5282625276193,addr
"디지비생명보험 
부산사옥 | 부산광역시 동구 중앙대로 
361번길 14","디지비생명보험 
부산사옥",오피스,일반,특이공시 있음(계속 공시 가능),32620.0,129.047557286795,35.1287006830908,addr
디지비생명보험 부산사옥 | 부산광역시 동구 중앙대로 361번길 14,디지비생명보험 부산사옥,오피스,일반,특이공시 있음(계속 공시 가능),33691156807.34377,129.047557286795,35.1287006830908,addr
"디큐브시티 | 서울특별시 구로구 신도림동 692
(지상 9층~25층 소유)",디큐브시티,오피스,일반,청산·종료 관련 신호,140342.238765,126.888897552736,37.5085848476582,addr
디큐브시티 오피스 | 서울특별시 구로구 신도림동 692,디큐브시티 오피스,오피스,일반,청산·종료 관련 신호,138498.25828,126.888897552736,37.5085848476582,addr
디큐브시티 제타워동 | 서울특별시 구로구 경인로 662,디큐브시티 제타워동,리테일,일반,상호·명칭 변경 신호,248601.266269,126.888212953215,37.5081230677129,addr
라포르테블랑서현 제2주차장 | 경기도 성남시 분당구 서현동 275번지,라포르테블랑서현 제2주차장,리테일,일반,조직개편 신호,,127.120604188234,37.3860200114257,addr
"라포르테블랑서현 제2주차장 | 경기도 성남시 분당구 황새울로311번길 28, 제2주차장 (서현동)",라포르테블랑서현 제2주차장,리테일,일반,조직개편 신호,,127.120622274882,37.3860323369942,addr
로렌하우스(세종) | 세종시 고운동 1112,로렌하우스(세종),주택,일반,청산·종료 관련 신호,32519.0,127.22845382365,36.5156341847298,addr
로렌하우스(세종) | 행정중심복합도시1-1,로렌하우스(세종),주택,일반,청산·종료 관련 신호,26730.857927,127.234427281814,36.5126447319471,poi
로렌하우스(오산) | 경기도 오산시 금암동 542-2 외,로렌하우스(오산),주택,일반,청산·종료 관련 신호,37897.49149,127.050127887058,37.1702378563058,addr
로렌하우스(오산세교) | 경기도 오산시 금암동 542-2 외,로렌하우스(오산세교),주택,개발사업,청산·종료 관련 신호,41108.504569,127.050127887058,37.1702378563058,addr
"로지스밸리
안성센터 | 경기도 안성시 일죽면 일죽당촌1길 24-9","로지스밸리
안성센터",물류,일반,특이공시 있음(계속 공시 가능),49411.0,127.500807919779,37.1054687010948,addr
"로지스밸리
하나로센터 | 경기도 안성시 원곡면 천덕산로 531-8","로지스밸리
하나로센터",물류,일반,특이공시 있음(계속 공시 가능),27918.0,127.152100992269,37.0881102437244,addr
로지스밸리 안성센터 | 경기도 안성시 일죽면 일죽당촌1길 24-9,로지스밸리 안성센터,물류,일반,특이공시 있음(계속 공시 가능),,127.500807919779,37.1054687010948,addr
로지스밸리 하나로센터 | 경기도 안성시 원곡면 천덕산로 531-8,로지스밸리 하나로센터,물류,일반,특이공시 있음(계속 공시 가능),,127.152100992269,37.0881102437244,addr
로지포트오산 | 경기도 오산시 원동 83-9,로지포트오산,물류,일반,특이공시 있음(계속 공시 가능),,127.081892916603,37.1455320708799,addr
로컬스티치 크리에이터타운 서교 | 서울시 마포구 월드컵북로5길 41(서교동460-25),로컬스티치 크리에이터타운 서교,호텔,일반,특이공시 있음(계속 공시 가능),,126.916835052019,37.5562309453386,addr
"롯데마트
경기양평점 | 경기도 양평군 양평읍 공흥리 
468-33, 468-34, 468-41","롯데마트
경기양평점",리테일,일반,특이공시 있음(계속 공시 가능),36074.0,127.502578406579,37.4894158987768,addr
"롯데마트
계양점 | 인천광역시 계양구 계산동 1059-1","롯데마트
계양점",리테일,일반,특이공시 있음(계속 공시 가능),78125.0,126.736014382952,37.5408641558474,addr
"롯데마트
의왕점 | 경기도 의왕시 내손동 743,743-1,743-2
 경기도 안양시 동안구 평촌동 992","롯데마트
의왕점",리테일,일반,특이공시 있음(계속 공시 가능),142289.0,126.973671413585,37.3802430071933,addr
"롯데마트
장유점 | 경상남도 김해시 대청동 300","롯데마트
장유점",리테일,일반,특이공시 있음(계속 공시 가능),57656.0,128.801280750303,35.1930350897071,addr
"롯데마트
춘천점 | 강원도 춘천시 온의동 6-25","롯데마트
춘천점",리테일,일반,특이공시 있음(계속 공시 가능),62104.0,127.718014287668,37.8686283361048,addr
"롯데마트 경기양평점 | 경기도 양평군 양평읍 공흥리 
468-33, 468-34, 468-41",롯데마트 경기양평점,리테일,일반,특이공시 있음(계속 공시 가능),35068.0,127.502578406579,37.4894158987768,addr
"롯데마트 경기양평점 | 경기도 양평군 양평읍 공흥리 _x000D_
468-33, 468-34, 468-41",롯데마트 경기양평점,리테일,일반,특이공시 있음(계속 공시 가능),,127.502578406579,37.4894158987768,addr
롯데마트 계양점 | 인천광역시 계양구 계산동 1059-1,롯데마트 계양점,리테일,일반,특이공시 있음(계속 공시 가능),,126.736014382952,37.5408641558474,addr
롯데마트 마석점 | 경기도 남양주시 화도읍 경춘로 1992,롯데마트 마석점,리테일,권리(사용권 등)에 관련된 부동산,청산 공시이력+최근보고서(재확인),,127.309296047054,37.6501390859317,addr
롯데마트 용인신갈 | 경기도 용인시 기흥구 신갈동 63,롯데마트 용인신갈,리테일,일반,최근 투자보고서 있음(계속 운용 추정),,127.108597935135,37.2722657499658,addr
롯데마트 의왕점 | 경기도 의왕시 내손동 743,롯데마트 의왕점,리테일,일반,특이공시 있음(계속 공시 가능),142937.0,126.973671413585,37.3802430071933,addr
"롯데마트 의왕점 | 경기도 의왕시 내손동 743,743-1,743-2
 경기도 안양시 동안구 평촌동 992",롯데마트 의왕점,리테일,일반,특이공시 있음(계속 공시 가능),140777.0,126.973671413585,37.3802430071933,addr
"롯데마트 의왕점 | 경기도 의왕시 내손동 743,743-1,743-2
경기도 안양시 동안구 평촌동 992",롯데마트 의왕점,리테일,일반,특이공시 있음(계속 공시 가능),143153.0,126.973671413585,37.3802430071933,addr
"롯데마트 의왕점 | 경기도 의왕시 내손동 743,743-1,743-2_x000D_
 경기도 안양시 동안구 평촌동 992",롯데마트 의왕점,리테일,일반,특이공시 있음(계속 공시 가능),,126.973671413585,37.3802430071933,addr
롯데마트 장유점 | 경상남도 김해시 대청동 300,롯데마트 장유점,리테일,일반,특이공시 있음(계속 공시 가능),,128.801280750303,35.1930350897071,addr
롯데마트 천안아산 | 충남 아산시 배방읍 장재리 1767,롯데마트 천안아산,리테일,일반,최근 투자보고서 있음(계속 운용 추정),,127.108444479998,36.7958603946637,addr
롯데마트 천안아산 | 충청남도 아산시 배방읍 장재리1767,롯데마트 천안아산,리테일,일반,최근 투자보고서 있음(계속 운용 추정),74367448789.0,127.108444479998,36.7958603946637,addr
롯데마트 춘천점 | 강원도 춘천시 온의동 6-25,롯데마트 춘천점,리테일,일반,특이공시 있음(계속 공시 가능),,127.718014287668,37.8686283361048,addr
"롯데마트몰
김포물류센터 | 경기도 김포시 고촌읍 전호리 664","롯데마트몰
김포물류센터",리테일,일반,특이공시 있음(계속 공시 가능),96544.0,126.780863486545,37.5968145469704,addr
"롯데마트몰 
김포물류센터 | 경기도 김포시 고촌읍 전호리 664","롯데마트몰 
김포물류센터",리테일,일반,특이공시 있음(계속 공시 가능),92878.0,126.780863486545,37.5968145469704,addr
"롯데마트몰 _x000D_
김포물류센터 | 경기도 김포시 고촌읍 전호리 664","롯데마트몰 _x000D_
김포물류센터",리테일,일반,특이공시 있음(계속 공시 가능),,126.780863486545,37.5968145469704,addr
롯데마트몰 김포물류센터 | 경기도 김포시 고촌읍 전호리 664,롯데마트몰 김포물류센터,리테일,일반,특이공시 있음(계속 공시 가능),97068.0,126.780863486545,37.5968145469704,addr
롯데몰 광명점 | 경기도 광명시 일직로 17,롯데몰 광명점,리테일,일반,특이공시 있음(계속 공시 가능),,126.882779952497,37.4243110028905,addr
"롯데몰 광명점 | 경기도 광명시 일직로 17
(일직동 500)",롯데몰 광명점,리테일,일반,특이공시 있음(계속 공시 가능),343751.0,126.882779952497,37.4243110028905,addr
"롯데백화점
강남점 | 서울시 강남구 대치동 937
(본관, 별관), 936-21(구 문화센터), 938-1(신 문화센터)","롯데백화점
강남점",리테일,일반,특이공시 있음(계속 공시 가능),433379.0,127.053593781196,37.4970581897238,addr
"롯데백화점
광주점 | 광주광역시 동구 대인동 7-1(본관),  31(주차동), 31-13(별관, 사무동)","롯데백화점
광주점",리테일,일반,특이공시 있음(계속 공시 가능),125610.0,126.912054645724,35.1548250212892,addr
"롯데백화점
구리점 | 경기도 구리시 인창동  677, 675-2","롯데백화점
구리점",리테일,일반,특이공시 있음(계속 공시 가능),177397.0,127.14400755664,37.6027872810422,addr
"롯데백화점
안산점 | 경기도 안산시 단원구 고잔동
536-2(본관), 537,537-9,537-10 (신관)","롯데백화점
안산점",리테일,일반,특이공시 있음(계속 공시 가능),100631.0,126.834533980435,37.3179987949659,addr
"롯데백화점
중동점 | 경기도 부천시 중동 1140, 1140-1","롯데백화점
중동점",리테일,일반,특이공시 있음(계속 공시 가능),173623.0,126.775185136795,37.5026307894993,addr
"롯데백화점
창원점 | 경상남도 창원시 성산구 상남동 79(본관), 80 (신관)","롯데백화점
창원점",리테일,일반,특이공시 있음(계속 공시 가능),244036.0,128.68191408345,35.2245420988147,addr
"롯데백화점 강남점 | 서울시 강남구 대치동 937
(본관, 별관), 936-21(구 문화센터), 938-1(신 문화센터)",롯데백화점 강남점,리테일,일반,특이공시 있음(계속 공시 가능),428349.0,127.053593781196,37.4970581897238,addr
"롯데백화점 강남점 | 서울시 강남구 대치동 937_x000D_
(본관, 별관), 936-21(구 문화센터), 938-1(신 문화센터)_x000D_
(완공일자 추가 1986.04.29, 2000.06.14, 1991.12.21, 2016.12.27)",롯데백화점 강남점,리테일,일반,특이공시 있음(계속 공시 가능),,127.053593781196,37.4970581897238,addr
롯데백화점 강남점 | 서울시 강남구 도곡로 401 롯데백화점,롯데백화점 강남점,리테일,일반,특이공시 있음(계속 공시 가능),447765.0,127.053254695846,37.496979324799,addr
"롯데백화점 광주점 | 광주광역시 동구 대인동 7-1(본관),  31(주차동), 31-13(별관, 사무동)",롯데백화점 광주점,리테일,일반,특이공시 있음(계속 공시 가능),,126.912054645724,35.1548250212892,addr
"롯데백화점 광주점 | 광주광역시 동구 대인동 7-1(본관),  31(주차동), 31-13(별관, 사무동)_x000D_
(완공일자 추가 1998.09.14, 1998.09.15)",롯데백화점 광주점,리테일,일반,특이공시 있음(계속 공시 가능),,126.912054645724,35.1548250212892,addr
"롯데백화점 광주점 | 광주광역시 동구 대인동 7-1,7-10,7-11(본관),  31(주차동), 31-13(별관, 사무동)",롯데백화점 광주점,리테일,일반,특이공시 있음(계속 공시 가능),130955.0,126.912054645724,35.1548250212892,addr
"롯데백화점 구리점 | 경기도 구리시 인창동  677, 675-2",롯데백화점 구리점,리테일,일반,특이공시 있음(계속 공시 가능),,127.14400755664,37.6027872810422,addr
롯데백화점 구리점 | 경기도 구리시 인창동 677,롯데백화점 구리점,리테일,일반,특이공시 있음(계속 공시 가능),179725.0,127.14400755664,37.6027872810422,addr
"롯데백화점 구리점 | 경기도 구리시 인창동 677,675-2",롯데백화점 구리점,리테일,일반,특이공시 있음(계속 공시 가능),180501.0,127.14400755664,37.6027872810422,addr
"롯데백화점 안산점 | 경기도 안산시 단원구 고잔동
536-2(본관), 537,537-9,537-10 (신관)",롯데백화점 안산점,리테일,일반,특이공시 있음(계속 공시 가능),97077.0,126.834533980435,37.3179987949659,addr
"롯데백화점 안산점 | 경기도 안산시 단원구 고잔동
536-2(본관), 537,537-9,573-10
(신관)",롯데백화점 안산점,리테일,일반,특이공시 있음(계속 공시 가능),102661.0,126.834533980435,37.3179987949659,addr
"롯데백화점 안산점 | 경기도 안산시 단원구 고잔동 536-2(본관), 537,537-9,537-10 (신관)",롯데백화점 안산점,리테일,일반,특이공시 있음(계속 공시 가능),,126.834533980435,37.3179987949659,addr
"롯데백화점 안산점 | 경기도 안산시 단원구 고잔동_x000D_
536-2(본관), 537,537-9,537-10 (신관)_x000D_
(완공일자 추가 1992.10.23, 2018.11.28)",롯데백화점 안산점,리테일,일반,특이공시 있음(계속 공시 가능),,126.834533980435,37.3179987949659,addr
"롯데백화점 중동점 | 경기도 부천시 중동 1140, 1140-1",롯데백화점 중동점,리테일,일반,특이공시 있음(계속 공시 가능),,126.775185136795,37.5026307894993,addr
"롯데백화점 창원점 | 경상남도 창원시 성산구 상남동 79(본관), 80 (신관)",롯데백화점 창원점,리테일,일반,특이공시 있음(계속 공시 가능),,128.68191408345,35.2245420988147,addr
"롯데백화점 창원점 | 경상남도 창원시 성산구 상남동 79(본관), 80 (신관)_x000D_
(완공일자 추가 2000.06.30, 2002.02.25)",롯데백화점 창원점,리테일,일반,특이공시 있음(계속 공시 가능),,128.68191408345,35.2245420988147,addr
"롯데백화점 창원점 | 경상남도 창원시 성산구 상남동 79,79-1(본관), 80 (신관)",롯데백화점 창원점,리테일,일반,특이공시 있음(계속 공시 가능),249356.0,128.68191408345,35.2245420988147,addr
"롯데쇼핑㈜롯데마트동대전점 | 대전광역시 동구 대동 160-1,160-28",롯데쇼핑㈜롯데마트동대전점,리테일,일반,최근 투자보고서 있음(계속 운용 추정),38677.0,127.441947105232,36.3294758894726,addr
롯데쇼핑㈜롯데마트동대전점 | 대전광역시 동구 동대전로 67 (대동),롯데쇼핑㈜롯데마트동대전점,리테일,일반,최근 투자보고서 있음(계속 운용 추정),,127.441806693434,36.3294023319073,addr
"롯데아울렛 롯데마트
(서)청주점 | 충청북도 청주시 흥덕구 비하동 811","롯데아울렛 롯데마트
(서)청주점",리테일,일반,특이공시 있음(계속 공시 가능),137829.0,127.42158192534,36.6451298996529,addr
"롯데아울렛 롯데마트
대구율하점 | 대구광역시 동구 율하동 1117","롯데아울렛 롯데마트
대구율하점",리테일,일반,특이공시 있음(계속 공시 가능),170134.0,128.693132705342,35.8684545574304,addr
"롯데아울렛 롯데마트 
(서)청주점 | 충청북도 청주시 흥덕구 비하동 811","롯데아울렛 롯데마트 
(서)청주점",리테일,일반,특이공시 있음(계속 공시 가능),132714.0,127.42158192534,36.6451298996529,addr
"롯데아울렛 롯데마트 
대구율하점 | 대구광역시 동구 율하동 1117","롯데아울렛 롯데마트 
대구율하점",리테일,일반,특이공시 있음(계속 공시 가능),164795.0,128.693132705342,35.8684545574304,addr
"롯데아울렛 롯데마트 _x000D_
(서)청주점 | 충청북도 청주시 흥덕구 비하동 811","롯데아울렛 롯데마트 _x000D_
(서)청주점",리테일,일반,특이공시 있음(계속 공시 가능),,127.42158192534,36.6451298996529,addr
"롯데아울렛 롯데마트 _x000D_
대구율하점 | 대구광역시 동구 율하동 1117","롯데아울렛 롯데마트 _x000D_
대구율하점",리테일,일반,특이공시 있음(계속 공시 가능),,128.693132705342,35.8684545574304,addr
"롯데캐슬더퍼스트 111동 | 경상남도 창원시 마산회원구 합성북16길 197 (합성동, 롯데캐슬더퍼스트)",롯데캐슬더퍼스트 111동,주택(공동주택),일반,최근 투자보고서 있음(계속 운용 추정),,128.586531628809,35.2450833629099,addr
"롯데캐슬더퍼스트 111동 | 경상남도 창원시 마산회원구 합성북16길 197, 111동 (합성동, 롯데캐슬더퍼스트)",롯데캐슬더퍼스트 111동,주택(공동주택),일반,최근 투자보고서 있음(계속 운용 추정),,128.586531628809,35.2450833629099,addr
"롯데프리미엄
아울렛 이천점 | 경기도 이천시 호법면 단천리 864, 865
경기도 이천시 마장면 표교리 723(백자동)
경기도 이천시 호법면 단천리 868(청자동)
경기도 이천시 마장면 표교리 715(에이동)
경기도 이천시 호법면 단천리 881(에이동)
경기도 이천시 마장면 표교리 696,697(잡종지)","롯데프리미엄
아울렛 이천점",리테일,일반,특이공시 있음(계속 공시 가능),282054.0,127.40045232776,37.242013243165,addr
"롯데프리미엄아울렛 
이천점 | 경기도 이천시 호법면 단천리 864, 865
경기도 이천시 마장면 표교리 723(백자동)
경기도 이천시 호법면 단천리 868(청자동)
경기도 이천시 마장면 표교리 715(에이동)
경기도 이천시 호법면 단천리 881(에이동)
경기도 이천시 마장면 표교리 696,697(잡종지)","롯데프리미엄아울렛 
이천점",리테일,일반,특이공시 있음(계속 공시 가능),273362.0,127.40045232776,37.242013243165,addr
"롯데프리미엄아울렛 _x000D_
이천점 | 경기도 이천시 호법면 단천리 864, 865_x000D_
경기도 이천시 마장면 표교리 723(백자동)_x000D_
경기도 이천시 호법면 단천리 868(청자동)_x000D_
경기도 이천시 마장면 표교리 715(에이동)_x000D_
경기도 이천시 호법면 단천리 881(에이동)_x000D_
경기도 이천시 마장면 표교리 696,697(잡종지)_x000D_
(완공일자 추가 2015.10.19, 2015.10.19, 2014.01.14, 2014.01.14)","롯데프리미엄아울렛 _x000D_
이천점",리테일,일반,특이공시 있음(계속 공시 가능),,127.40045232776,37.242013243165,addr
"롯데프리미엄아울렛 이천점 | 경기도 이천시 호법면 단천리 864, 865
경기도 이천시 마장면 표교리 723(백자동)
경기도 이천시 호법면 단천리 868(청자동)
경기도 이천시 마장면 표교리 715(에이동)
경기도 이천시 호법면 단천리
881(에이동)
경기도 이천시 마장면 표교리 696,697(잡종지)",롯데프리미엄아울렛 이천점,리테일,일반,특이공시 있음(계속 공시 가능),287021.0,127.40045232776,37.242013243165,addr
"리마크빌 군자
(광진구 중곡동
역세권 청년주택) | 서울시 광진구 중곡동
637-5","리마크빌 군자
(광진구 중곡동
역세권 청년주택)",주택,일반,청산·종료 관련 신호,52953.0,127.076309472173,37.5589636140877,addr
"리마크빌 군자_x000D_
(광진구 중곡동_x000D_
역세권 청년주택) | 서울시 광진구 중곡동_x000D_
637-5","리마크빌 군자_x000D_
(광진구 중곡동_x000D_
역세권 청년주택)",주택,일반,청산·종료 관련 신호,,127.076309472173,37.5589636140877,addr
"리마크빌 군자_x000D_
(광진구 중곡동_x000D_
역세권 청년주택) | 서울특별시 광진구 천호대로 517 (중곡동, 리마크빌 군자)","리마크빌 군자_x000D_
(광진구 중곡동_x000D_
역세권 청년주택)",주택(공동주택),일반,청산·종료 관련 신호,,127.076249404252,37.5588819324758,addr
리스트안암 | 서울 동대문구 제기동 136-3,리스트안암,주택(공동주택),개발사업,특이공시 있음(계속 공시 가능),,127.036877927354,37.5899831289682,addr
마곡지구 14단지 | 서울시 강서구 마곡동 750,마곡지구 14단지,주택,일반,최근 투자보고서 있음(계속 운용 추정),,126.824616701317,37.5568364485914,addr
"마곡지구 14단지 | 서울특별시 강서구 마곡중앙로 33(마곡동, 마곡엠밸리14단지)",마곡지구 14단지,주택(공동주택),일반,최근 투자보고서 있음(계속 운용 추정),,126.824080226482,37.5580501033167,addr
마곡지구 2단지 | 서울시 강서구 마곡동 735,마곡지구 2단지,주택,일반,최근 투자보고서 있음(계속 운용 추정),,126.820606823603,37.5693769643388,addr
"마곡지구 2단지 | 서울특별시 강서구 마곡서1로 146(마곡동, 마곡엠밸리2단지)",마곡지구 2단지,주택(공동주택),일반,최근 투자보고서 있음(계속 운용 추정),,126.821135353805,37.5688453686807,addr
마제스타시티타워원 | 서울특별시 서초구 서초동 1498-5,마제스타시티타워원,오피스,일반,청산 공시이력+최근보고서(재확인),,127.005812507168,37.4903010272878,addr
마제스타시티타워투 | 서울시 서초구 서초동 1498-5,마제스타시티타워투,오피스,일반,최근 투자보고서 있음(계속 운용 추정),,127.005812507168,37.4903010272878,addr
마포구 서교동 460-6 | 서울특별시 마포구 서교동 460-6,마포구 서교동 460-6,기타,일반,특이공시 있음(계속 공시 가능),,126.91612282302,37.5557455247715,addr
마포구 서교동 470-32 | 서울특별시 마포구 서교동 470-32,마포구 서교동 470-32,기타,일반,특이공시 있음(계속 공시 가능),,126.912915654941,37.557927670497,addr
마포구 성산동 611-11 | 서울특별시 마포구 성산동 611-11,마포구 성산동 611-11,기타,일반,특이공시 있음(계속 공시 가능),,126.916333872961,37.5646697762064,addr
"마포구 연남동 240-9 | 서울특별시 도봉구 창동 691-3,9",마포구 연남동 240-9,주택,일반,특이공시 있음(계속 공시 가능),7098.0,127.03949454579,37.6518162487509,addr
마포구 연남동 240-9 | 서울특별시 마포구 연남동 240-9,마포구 연남동 240-9,기타,일반,특이공시 있음(계속 공시 가능),,126.923811815958,37.5647819671281,addr
마포구 연남동 504-40 | 서울특별시 마포구 연남동 504-40,마포구 연남동 504-40,기타,일반,특이공시 있음(계속 공시 가능),,126.919776307927,37.5618598860329,addr
"마포구 창전동 5-57외 1필지 | 서울특별시 노원구 상계동 1002-1,1125",마포구 창전동 5-57외 1필지,주택,일반,특이공시 있음(계속 공시 가능),4428.0,127.060983966732,37.674923386317,addr
"마포구 창전동 5-57외 1필지 | 서울특별시 마포구 창전동 5-57,142",마포구 창전동 5-57외 1필지,기타,일반,특이공시 있음(계속 공시 가능),,126.930021897017,37.5535933575299,addr
"마포로6구역 | 서울 마포구 공덕동 479, 480(백범로31길 8)",마포로6구역,주택(공동주택),일반,최근 투자보고서 있음(계속 운용 추정),,126.948853628999,37.5455836799342,addr
만도 글로벌 알앤디센터 | 경기도 성남시 분당구 삼평동 619,만도 글로벌 알앤디센터,오피스,일반,조직개편 신호,421501.497434,127.100586871385,37.4044601217396,addr
"메이플타워 | 서울시 강남구 테헤란로 420
(대치동, 메이플타워)",메이플타워,오피스,일반,특이공시 있음(계속 공시 가능),92776.0,127.052558161135,37.5051452726841,addr
명동엔빌딩 | 서울특별시 중구 남대문로 90 (남대문로2가),명동엔빌딩,오피스,일반,특이공시 있음(계속 공시 가능),,126.982923560746,37.5650919219854,addr
명일동333-8 | 서울 강동구 명일동 333-8,명일동333-8,주택(공동주택),일반,최근 투자보고서 있음(계속 운용 추정),,127.144763197507,37.5489658538525,addr
"목동 스페이스 | 서울특별시 양천구 목동 641-5, 8",목동 스페이스,복합형,일반,특이공시 있음(계속 공시 가능),,126.864956474218,37.5445409443185,addr
목동 스페이스 | 서울특별시 양천구 목동중앙남로16나길 48,목동 스페이스,복합시설,일반,특이공시 있음(계속 공시 가능),,126.86486912614,37.5445359790003,addr
"묵동 역세권 
청년주택사업 | 서울특별시 중랑구 묵동
 8번지","묵동 역세권 
청년주택사업",주택,개발사업,청산·종료 관련 신호,80264.0,127.087068608541,37.6188673798391,addr
"묵동 역세권 
청년주택사업 | 서울특별시 중랑구 묵동 8","묵동 역세권 
청년주택사업",주택,개발사업,청산·종료 관련 신호,80264.0,127.087068608541,37.6188673798391,addr
"묵동 역세권 _x000D_
청년주택사업 | 서울특별시 중랑구 묵동_x000D_
 8번지","묵동 역세권 _x000D_
청년주택사업",주택,개발사업,청산·종료 관련 신호,,127.087068608541,37.6188673798391,addr
문래 롯데캐슬 | 서울시 영등포구 선유로9길 30,문래 롯데캐슬,주택(공동주택),일반,조직개편 신호,,126.884865636756,37.518402286084,addr
문정프라자 | 서울시 송파구 문정동 150-2,문정프라자,리테일,일반,청산·종료 관련 신호,226423.116477,127.117751528005,37.4917394228057,addr
미아3구역 | 서울 강북구 미아동 791-364 일대,미아3구역,주택(공동주택),일반,최근 투자보고서 있음(계속 운용 추정),,127.018605961149,37.6274487641026,addr
미아4구역 | 서울 강북구 미아동 4(오현로 56),미아4구역,주택(공동주택),일반,최근 투자보고서 있음(계속 운용 추정),,127.036391166899,37.6174080707171,addr
"미원빌딩(14층/19층) | 서울 영등포구
국제금융로70",미원빌딩(14층/19층),오피스,일반,청산 공시이력+최근보고서(재확인),11790.0,126.930677790628,37.5214946207638,addr
"미원빌딩(14층/19층) | 서울특별시 영등포구
국제금융로 70",미원빌딩(14층/19층),오피스,일반,청산 공시이력+최근보고서(재확인),,126.930677790628,37.5214946207638,addr
"미원빌딩(14층/19층) | 서울특별시 영등포구_x000D_
국제금융로 70",미원빌딩(14층/19층),오피스,일반,청산 공시이력+최근보고서(재확인),,126.930677790628,37.5214946207638,addr
"미원빌딩_x000D_
(14층/19층) | 서울특별시 영등포구_x000D_
국제금융로 70","미원빌딩_x000D_
(14층/19층)",오피스,일반,청산 공시이력+최근보고서(재확인),,126.930677790628,37.5214946207638,addr
"바디프랜드
도곡타워 | 서울시 강남구 도곡동 448-2 소재","바디프랜드
도곡타워",오피스,일반,최근 투자보고서 있음(계속 운용 추정),55029.0,127.044004905765,37.4813694796754,addr
"바디프랜드
도곡타워 | 서울특별시 강남구 양재천로 163(도곡동 448-2) 소재","바디프랜드
도곡타워",오피스,일반,최근 투자보고서 있음(계속 운용 추정),55433.0,127.044034046764,37.4813202737321,addr
바디프랜드 도곡타워 | 서울특별시 강남구 도곡동 448-2 소재,바디프랜드 도곡타워,오피스,일반,최근 투자보고서 있음(계속 운용 추정),,127.044004905765,37.4813694796754,addr
"바디프랜드_x000D_
도곡타워 | 서울시 강남구 도곡동 448-2 소재","바디프랜드_x000D_
도곡타워",오피스,일반,최근 투자보고서 있음(계속 운용 추정),,127.044004905765,37.4813694796754,addr
보령빌딩 | 서울특별시 종로구 창경궁로 136,보령빌딩,오피스,일반,조직개편 신호,,126.997984208392,37.5745106144721,addr
보령빌딩 | 서울특별시 종로구 창경궁로 136(원남동),보령빌딩,오피스,일반,조직개편 신호,,126.997984208392,37.5745106144721,addr
"보문2구역 | 서울 성북구 보문동1가 228,228-1(보문로26길 17)",보문2구역,주택(공동주택),일반,최근 투자보고서 있음(계속 운용 추정),,127.019555501687,37.5872459099988,addr
보문3구역 | 서울 성북구 보문동6가 458(보문사길 111),보문3구역,주택(공동주택),일반,최근 투자보고서 있음(계속 운용 추정),,127.018477572425,37.5801292275843,addr
봉천12-1구역 | 서울 관악구 봉천동 1733(참숯1길 19),봉천12-1구역,주택(공동주택),일반,최근 투자보고서 있음(계속 운용 추정),,126.941752107316,37.4783897162813,addr
봉천12-2구역 | 서울 관악구 봉천동 1730-2(참숯5길 7),봉천12-2구역,주택(공동주택),일반,최근 투자보고서 있음(계속 운용 추정),,126.940554448088,37.4775915463091,addr
부산 국제빌딩 | 부산시 연제구 중앙대로 1217,부산 국제빌딩,오피스,일반,청산·종료 관련 신호,63774.0,129.079314109005,35.1959158710317,addr
"부산광안 | 부산시 수영구 광안동
664-6",부산광안,복합시설,일반,최근 투자보고서 있음(계속 운용 추정),22763985986.0,129.11395138352,35.163420841298,addr
"부산광안 | 부산시 수영구 광안동_x000D_
664-6",부산광안,주택(준주택),일반,최근 투자보고서 있음(계속 운용 추정),,129.11395138352,35.163420841298,addr
부산광역시 서구 암남동 공공지원민간임대주택 | 부산광역시 서구 암남동 2-93번지 일원,부산광역시 서구 암남동 공공지원민간임대주택,주택(공동주택),개발사업,특이공시 있음(계속 공시 가능),,129.013495043311,35.0850040268073,addr
부산명지 | 부산 강서구 명지동 3325,부산명지,주택,일반,특이공시 있음(계속 공시 가능),197429.285489,128.920580618792,35.1091436848217,addr
"부산명지 | 부산‧진해경제자유구역 명지지구
(H2)",부산명지,주택,개발사업,특이공시 있음(계속 공시 가능),18344.0,128.912499271297,35.10265283507244,poi
부산명지(로렌하우스) | 부산광역시 강서구 명지국제6로 266,부산명지(로렌하우스),주택(단독주택),일반,특이공시 있음(계속 공시 가능),,128.923600369514,35.0990155677284,addr
부산명지B-8BL | 부산 강서구 명지동 3325,부산명지B-8BL,주택(공동주택),개발사업,특이공시 있음(계속 공시 가능),,128.920580618792,35.1091436848217,addr
"부산시 연제구 거제동 공공지원민간임대 주택 | 부산광역시 연제구 거제동 714-16, 676-256번지",부산시 연제구 거제동 공공지원민간임대 주택,주택(공동주택),개발사업,특이공시 있음(계속 공시 가능),,129.065640537409,35.1787034856314,addr
"부산양정 | 부산시 부산진구 양정동
351-5, 6",부산양정,복합시설,일반,최근 투자보고서 있음(계속 운용 추정),37608282981.0,129.071352331052,35.1724528874494,addr
"부산양정 | 부산시 부산진구 양정동_x000D_
351-5, 6",부산양정,주택(준주택),일반,최근 투자보고서 있음(계속 운용 추정),,129.071352331052,35.1724528874494,addr
부산회관 | 부산광역시 동구 중앙대로 192 (초량동),부산회관,복합시설,일반,특이공시 있음(계속 공시 가능),,129.039757675018,35.1143323269715,addr
부산회관 | 부산광역시 동구 초량동 1205-1,부산회관,복합시설,일반,특이공시 있음(계속 공시 가능),,129.039742889782,35.1143419480451,addr
부천물류센터 | 경기도 부천시 신흥로511번길 112(오정동),부천물류센터,물류,일반,특이공시 있음(계속 공시 가능),,126.77162162917,37.5311530007101,addr
북가좌동 임대주택 | 서울특별시 서대문구 북가좌동 333-1,북가좌동 임대주택,주택,개발사업,특이공시 있음(계속 공시 가능),,126.913541790731,37.5836471239568,addr
"북아현1-1구역 | 서울 서대문구 북아현동 107,1018, 대현동 151(이화여대8길 123)",북아현1-1구역,주택(공동주택),일반,최근 투자보고서 있음(계속 운용 추정),,126.95739562912,37.5580922942251,addr
분당 후너스빌딩 | 경기도 성남시 분당구 수내동 22-2,분당 후너스빌딩,오피스,일반,특이공시 있음(계속 공시 가능),33762.0,127.111078707276,37.3771096573852,addr
분당두산타워 | 경기도 성남시 분당구 정자일로 155 (정자동 161),분당두산타워,오피스,일반,조직개편 신호,,127.105435554297,37.3640802276484,addr
분당두산타워 | 경기도 성남시 분당구 정자일로 155 (정자동),분당두산타워,오피스,일반,조직개편 신호,,127.105435554297,37.3640802276484,addr
"분당두산타워 | 경기도 성남시 분당구_x000D_
정자동 161",분당두산타워,오피스,일반,조직개편 신호,,127.105371666604,37.3640840688911,addr
"분당스퀘어
(비전월드 주차장포함) | 경기도 성남시 분당구 서현동 263
(경기도 성남시 분당구 서현동 256)","분당스퀘어
(비전월드 주차장포함)",오피스,일반,상호·명칭 변경 신호,194571.0,127.123346622559,37.3850497543213,addr
"분당스퀘어_x000D_
(비전월드 주차장포함) | 경기도 성남시 분당구 서현동 263_x000D_
(경기도 성남시 분당구 서현동 256)","분당스퀘어_x000D_
(비전월드 주차장포함)",오피스,일반,상호·명칭 변경 신호,,127.123346622559,37.3850497543213,addr
"분당스퀘어_x000D_
(비전월드 주차장포함) | 경기도 성남시 분당구 서현동 263_x000D_
(경기도 성남시 분당구 서현동 256)(완공일 1999.12.27)","분당스퀘어_x000D_
(비전월드 주차장포함)",오피스,일반,상호·명칭 변경 신호,,127.123346622559,37.3850497543213,addr
"분당퍼스트타워 | 경기도 성남시 분당구 서현동 266-1, 266-2",분당퍼스트타워,오피스,일반,특이공시 있음(계속 공시 가능),,127.121656308199,37.3828431872107,addr
빗썸금융타워 | 서울 강남구 테헤란로 129,빗썸금융타워,오피스,일반,상호·명칭 변경 신호,,127.032366449372,37.4999397623793,addr
빗썸금융타워 | 서울시 강남구 테헤란로 129,빗썸금융타워,오피스,일반,상호·명칭 변경 신호,,127.032366449372,37.4999397623793,addr
사당177-1 | 서울 동작구 사당동 177-1,사당177-1,주택(공동주택),일반,최근 투자보고서 있음(계속 운용 추정),,126.970710860325,37.4914641642076,addr
사송 롯데캐슬 | 경상남도 양산시 동면 사송로 155 (사송 롯데캐슬),사송 롯데캐슬,주택(공동주택),일반,특이공시 있음(계속 공시 가능),,129.067241436165,35.3107127613279,addr
"삼덕 TLS 물류센터 | 경기도 화성시 장안면
어은리 198 외",삼덕 TLS 물류센터,물류,일반,청산·종료 관련 신호,35379.0,126.833316421169,37.0973672220944,addr
"삼덕 TLS 물류센터 | 경기도 화성시 장안면 
어은리 198 외",삼덕 TLS 물류센터,물류,일반,청산·종료 관련 신호,36139.0,126.833316421169,37.0973672220944,addr
삼부프라자 | 서울특별시 노원구 중계동 364-19,삼부프라자,리테일,일반,청산·종료 관련 신호,48394.0,127.076957500184,37.6491845473566,addr
삼성동빌딩 | 서울특별시 강남구 삼성로 512,삼성동빌딩,오피스,일반,최근 투자보고서 있음(계속 운용 추정),,127.056598199615,37.50810735211,addr
"삼성동빌딩 | 서울특별시 강남구 삼성로 512
(삼성동 157-1 외 3필지)",삼성동빌딩,오피스,일반,최근 투자보고서 있음(계속 운용 추정),243433.0,127.056598199615,37.50810735211,addr
"삼성동빌딩 | 서울특별시 강남구 삼성로 512_x000D_
(삼성동 157-1 외 3필지)",삼성동빌딩,오피스,일반,최근 투자보고서 있음(계속 운용 추정),,127.056598199615,37.50810735211,addr
"삼성로지스 물류창고 | 경기도 안성시 미양면_x000D_
안성맞춤대로 390",삼성로지스 물류창고,물류,일반,청산 공시이력+최근보고서(재확인),,127.246180939375,36.955880908803,addr
삼성물산 서초사옥 | 서울특별시 서초구 서초동 1321-20,삼성물산 서초사옥,오피스,일반,청산 공시이력+최근보고서(재확인),775282.0,127.026079685197,37.4960252734062,addr
삼성보라매옴니타워 | 서울시 동작구 보라매로5길 23,삼성보라매옴니타워,오피스,일반,특이공시 있음(계속 공시 가능),62083.0,126.923610211198,37.4925785474735,addr
"삼성보라매옴니타워 | 서울시 동작구 보라매로5길 23
6층 ~ 10층",삼성보라매옴니타워,오피스,일반,특이공시 있음(계속 공시 가능),61371.0,126.923610211198,37.4925785474735,addr
"삼성보라매옴니타워 | 서울시 동작구 보라매로5길 23_x000D_
6층 ~ 10층",삼성보라매옴니타워,오피스,일반,특이공시 있음(계속 공시 가능),,126.923610211198,37.4925785474735,addr
"삼성중공업 _x000D_
판교 R&D센터 | 경기도 성남시 분당구 삼평동 615","삼성중공업 _x000D_
판교 R&D센터",오피스,일반,특이공시 있음(계속 공시 가능),,127.09889625876,37.4044301022753,addr
"삼성중공업 _x000D_
판교 R&D센터 | 경기도 성남시 분당구 판교로227번길 23, 삼성중공업판교알앤디센터 (삼평동)","삼성중공업 _x000D_
판교 R&D센터",오피스,일반,특이공시 있음(계속 공시 가능),,127.098937173285,37.4044515123315,addr
삼성중공업 판교 R&D센터 | 경기도 성남시 분당구 삼평동 615,삼성중공업 판교 R&D센터,오피스,일반,특이공시 있음(계속 공시 가능),,127.09889625876,37.4044301022753,addr
삼성화재 역삼빌딩 | 서울특별시 강남구 테헤란로 114,삼성화재 역삼빌딩,오피스,일반,특이공시 있음(계속 공시 가능),,127.030103204318,37.4982884559713,addr
삼송비아티움 | 경기도 고양시 오금동 595,삼송비아티움,주택,개발사업,최근 투자보고서 있음(계속 운용 추정),,126.898329748788,37.6618319324655,addr
삼원타워 | 서울특별시 강남구 테헤란로 124,삼원타워,오피스,일반,특이공시 있음(계속 공시 가능),,127.031703595662,37.4987846719974,addr
상계 장암지구3단지 | 서울시 노원구 상계동 1312,상계 장암지구3단지,주택,일반,최근 투자보고서 있음(계속 운용 추정),9371.0,127.05425340701,37.6875055926607,addr
상계4구역 | 서울 노원구 상계동 1355(수락산로 12),상계4구역,주택(공동주택),일반,최근 투자보고서 있음(계속 운용 추정),,127.074514888683,37.665075832033,addr
상계장암지구3단지 | 서울시 노원구 상계동 1312,상계장암지구3단지,주택,일반,최근 투자보고서 있음(계속 운용 추정),,127.05425340701,37.6875055926607,addr
"상계장암지구3단지 | 서울특별시 노원구 누원로 28(상계동, 수락리버시티 3단지)",상계장암지구3단지,주택(공동주택),일반,최근 투자보고서 있음(계속 운용 추정),,127.053554777755,37.6874771708146,addr
"상도동211-467 | 동작구 상도동 211-467,435",상도동211-467,주택,일반,최근 투자보고서 있음(계속 운용 추정),1989.485597,126.944747623345,37.4996338530663,addr
상도동211-467 | 서울 동작구 상도동 211-467,상도동211-467,주택,일반,최근 투자보고서 있음(계속 운용 추정),2013.6300000000003,126.944747623345,37.4996338530663,addr
"상도동211-467 | 서울 동작구 상도동 211-467,435",상도동211-467,주택(공동주택),일반,최근 투자보고서 있음(계속 운용 추정),,126.944747623345,37.4996338530663,addr
상도동211-467(토지) | 서울 동작구 상도동 211-467,상도동211-467(토지),주택,일반,최근 투자보고서 있음(계속 운용 추정),2011.2300000000005,126.944747623345,37.4996338530663,addr
"상암 한솔교육빌딩 | 서울특별시 마포구 
월드컵북로 361
(상암동 1653)",상암 한솔교육빌딩,오피스,일반,조직개편 신호,87803.0,126.891403860718,37.577109695587,addr
"상암 한솔교육빌딩 | 서울특별시 마포구 _x000D_
월드컵북로 361_x000D_
(상암동 1653)",상암 한솔교육빌딩,오피스,일반,조직개편 신호,,126.891403860718,37.577109695587,addr
상암 한솔교육빌딩 | 서울특별시 마포구 월드컵북로 361 (상암동),상암 한솔교육빌딩,오피스,일반,조직개편 신호,,126.891403860718,37.577109695587,addr
상암월드컵파크 10단지 | 서울시 마포구 상암동 1736,상암월드컵파크 10단지,주택,일반,최근 투자보고서 있음(계속 운용 추정),,126.882105659288,37.5854508203348,addr
"상암월드컵파크 10단지 | 서울특별시 마포구 월드컵북로 502-36(상암동, 상암월드컵파크10단지)",상암월드컵파크 10단지,주택(공동주택),일반,최근 투자보고서 있음(계속 운용 추정),,126.881972706527,37.5863328492209,addr
상암월드컵파크 11단지 | 서울시 마포구 상암동 1741,상암월드컵파크 11단지,주택,일반,최근 투자보고서 있음(계속 운용 추정),,126.881417089513,37.5875039427788,addr
"상암월드컵파크 11단지 | 서울특별시 마포구 월드컵북로 502-37(상암동, 상암월드컵파크11단지)",상암월드컵파크 11단지,주택(공동주택),일반,최근 투자보고서 있음(계속 운용 추정),,126.882286460975,37.5877570006889,addr
상암월드컵파크 12단지 | 서울시 마포구 상암동 1743,상암월드컵파크 12단지,주택,일반,최근 투자보고서 있음(계속 운용 추정),,126.880246741457,37.58635705939,addr
"상암월드컵파크 12단지 | 서울특별시 마포구 월드컵북로 502-7(상암동, 상암월드컵파크12단지)",상암월드컵파크 12단지,주택(공동주택),일반,최근 투자보고서 있음(계속 운용 추정),,126.88071335805,37.5868307330562,addr
상암월드컵파크 9단지 | 서울시 마포구 상암동 1752,상암월드컵파크 9단지,주택,일반,최근 투자보고서 있음(계속 운용 추정),,126.879166069383,37.5835469334073,addr
"상암월드컵파크 9단지 | 서울특별시 마포구 월드컵북로 501(상암동, 상암월드컵파크9단지)",상암월드컵파크 9단지,주택(공동주택),일반,최근 투자보고서 있음(계속 운용 추정),,126.878170672181,37.584799731744,addr
"서대구산단 복합지식산업센터 | 대구광역시 서구 이현동 
748 일원",서대구산단 복합지식산업센터,복합형,일반,특이공시 있음(계속 공시 가능),32899.0,128.54328687917,35.8716443444267,addr
"서대구산단 복합지식산업센터 | 대구광역시 서구 이현동 _x000D_
748 일원",서대구산단 복합지식산업센터,기타,일반,특이공시 있음(계속 공시 가능),,128.54328687917,35.8716443444267,addr
서린빌딩 | 서울시 종로구 종로26,서린빌딩,오피스,일반,특이공시 있음(계속 공시 가능),,126.980303746598,37.5696912777696,addr
"서울 동대문구 제기동 | 서울 동대문구 제기동 136-3, 1144-45, 1149-5, 1149-6",서울 동대문구 제기동,주택,개발사업,특이공시 있음(계속 공시 가능),47843.838062,127.036877927354,37.5899831289682,addr
"서울 동대문구 제기동 | 서울 동대문구 제기동 136-3, 1144-45, 1149-5, 1149-6 등",서울 동대문구 제기동,주택,개발사업,특이공시 있음(계속 공시 가능),,127.036877927354,37.5899831289682,addr
서울 등촌 공공지원민간임대주택(청년안심주택) | 서울특별시 강서구 등촌동 533-2,서울 등촌 공공지원민간임대주택(청년안심주택),주택(공동주택),개발사업,청산 공시이력+최근보고서(재확인),,126.861864165179,37.5518168011627,addr
서울 장위 공공지원민간임대주택 | 서울시 성북구 장위동 63-112번지 일원,서울 장위 공공지원민간임대주택,주택(공동주택),개발사업,특이공시 있음(계속 공시 가능),,127.057116375419,37.6113759403265,addr
서울개봉뉴스테이 | 서울시 구로구 개봉동 497 일대,서울개봉뉴스테이,주택(공동주택),일반,최근 투자보고서 있음(계속 운용 추정),,126.853921214833,37.4963723024832,addr
서울개봉뉴스테이 | 서울시 구로구 개봉동 497일대,서울개봉뉴스테이,주택,일반,최근 투자보고서 있음(계속 운용 추정),,126.853921214833,37.4963723024832,addr
서울개봉뉴스테이 | 서울특별시 구로구 개봉동 497 일대,서울개봉뉴스테이,주택,일반,최근 투자보고서 있음(계속 운용 추정),471588.57993,126.853921214833,37.4963723024832,addr
"서울개봉뉴스테이 | 서울특별시 구로구 경인로 302 (개봉동, 센트레빌 레우스 1단지)",서울개봉뉴스테이,주택(공동주택),일반,최근 투자보고서 있음(계속 운용 추정),,126.855990711712,37.4956939531171,addr
서울시 봉래3지구(DDIVC-1 서울역 오피스 개발사업) | 서울 중구 남대문로 5가 63-1 일대,서울시 봉래3지구(DDIVC-1 서울역 오피스 개발사업),오피스,개발사업,특이공시 있음(계속 공시 가능),,126.972739058842,37.5581584620154,addr
서울시 종로구 숭인동 200-16 임대주택 개발사업 | 서울특별시 종로구 숭인동 200-16,서울시 종로구 숭인동 200-16 임대주택 개발사업,주택,개발사업,상호·명칭 변경 신호,,127.020873722434,37.5742087550088,addr
서울시티타워 | 서울시 중구 남대문로 5 581 서울시티타워,서울시티타워,오피스,일반,청산 공시이력+최근보고서(재확인),296090.248731,126.976439017154,37.5607986389588,addr
"서울양원 | 서울특별시 중랑구 양원역로10길 75 (망우동, 양원 금호어울림 포레스트)",서울양원,기타,권리(사용권 등)에 관련된 부동산,최근 투자보고서 있음(계속 운용 추정),,127.109608366526,37.6074862318171,addr
"서울인터내셔널타워 | 서울특별시 강남구 테헤란로 203, 서울인터내셔널타워 (SI Tower) (역삼동)",서울인터내셔널타워,오피스,일반,특이공시 있음(계속 공시 가능),,127.037722864045,37.5015976461467,addr
서울특별시 종로구 숭인동 200-16 임대주택 개발사업 | 서울특별시 종로구 숭인동 200-16,서울특별시 종로구 숭인동 200-16 임대주택 개발사업,주택(준주택),개발사업,상호·명칭 변경 신호,,127.020873722434,37.5742087550088,addr
서초 강남빌딩 | 서울시 서초구 서초대로 396,서초 강남빌딩,오피스,일반,최근 투자보고서 있음(계속 운용 추정),,127.024761420493,37.4965621966412,addr
서초구 서초동 1339-9 | 서초구 서초동 1339-9,서초구 서초동 1339-9,주택,개발사업,조직개편 신호,104690.0,127.030993731212,37.4897243342818,addr
"서초동 임대형 
주거 복합시설 | 서울시 서초구 반포대로28길 94","서초동 임대형 
주거 복합시설",주택,일반,최근 투자보고서 있음(계속 운용 추정),50238.0,127.01334924762,37.4919412408099,addr
"서초빌딩 | 서울시 서초구
반포대로 4길 58",서초빌딩,오피스,일반,청산 공시이력+최근보고서(재확인),22179.0,127.015974701815,37.4819531499502,addr
"서초빌딩 | 서울특별시 서초구
반포대로 4길 58",서초빌딩,리테일,일반,청산 공시이력+최근보고서(재확인),,127.015974701815,37.4819531499502,addr
"서초빌딩 | 서울특별시 서초구_x000D_
반포대로 4길 58",서초빌딩,리테일,일반,청산 공시이력+최근보고서(재확인),,127.015974701815,37.4819531499502,addr
서현빌딩 | 경기도 성남시 분당구 서현동 270-1,서현빌딩,오피스,일반,특이공시 있음(계속 공시 가능),,127.121896991094,37.3851151399713,addr
서현빌딩 | 경기도 성남시 분당구 황새울로 326 (서현동),서현빌딩,오피스,일반,특이공시 있음(계속 공시 가능),,127.121865851196,37.385130669663,addr
"서희스타힐스 | 인천광역시 미추홀구 _x000D_
숙골로112번길 12 _x000D_
(도화동, 도화서희스타힐스)",서희스타힐스,주택(공동주택),일반,조직개편 신호,,126.663645892835,37.4719708471906,addr
"서희스타힐스 | 인천광역시 미추홀구 숙골로112번길 12 (도화동, 도화서희스타힐스)",서희스타힐스,주택(공동주택),일반,조직개편 신호,,126.663645892835,37.4719708471906,addr
석관2구역 | 서울 성북구 석관동 410(돌곶이로8길 22),석관2구역,주택(공동주택),일반,최근 투자보고서 있음(계속 운용 추정),,127.063614432719,37.6060457872052,addr
선릉 위워크타워 | 서울 강남구 삼성동 143-40,선릉 위워크타워,오피스,일반,청산 공시이력+최근보고서(재확인),125912.0,127.053649291463,37.5063633916252,addr
성광로지스틱스물류센터 | 김포시 고촌읍 전호리 725 (T4-2구역),성광로지스틱스물류센터,물류,일반,청산·종료 관련 신호,56724.0,126.79383060044,37.5906054900821,addr
"성남고등
A-1 | 경기도 성남시 
수정구 고등로 57","성남고등
A-1",주택,일반,최근 투자보고서 있음(계속 운용 추정),91384.0,127.099523387161,37.4305933476396,addr
성남고등A-1BL | 경기도 성남시 수정구 고등로 57,성남고등A-1BL,주택,일반,최근 투자보고서 있음(계속 운용 추정),,127.099523387161,37.4305933476396,addr
"성남고등A-1BL | 경기도 성남시 수정구 고등로 57 (고등동, 고등마을)",성남고등A-1BL,주택(공동주택),일반,최근 투자보고서 있음(계속 운용 추정),,127.099523387161,37.4305933476396,addr
성남산단재생 활성화구역 내 복합지식산업센터 리츠 | 경기도 성남시 중원구 갈마치로 245,성남산단재생 활성화구역 내 복합지식산업센터 리츠,기타,개발사업,조직개편 신호,,127.173019762764,37.4359204787061,addr
"성내 스페이스 | 서울특별시 강동구 성내동
383",성내 스페이스,복합형,일반,특이공시 있음(계속 공시 가능),15443.0,127.133093861617,37.5340527308157,addr
"성내 스페이스 | 서울특별시 강동구 성내동_x000D_
383",성내 스페이스,복합형,일반,특이공시 있음(계속 공시 가능),,127.133093861617,37.5340527308157,addr
성내 스페이스 | 서울특별시 강동구 성안로 119-9(성내동),성내 스페이스,복합시설,일반,특이공시 있음(계속 공시 가능),,127.133095560649,37.534053810101,addr
성북동일하이빌뉴시티 | 서울시 강서구 가양동 1500,성북동일하이빌뉴시티,주택,일반,최근 투자보고서 있음(계속 운용 추정),5221.0,126.849144523266,37.5664868440078,addr
성북동일하이빌뉴시티 | 서울시 성북구 종암로 167,성북동일하이빌뉴시티,주택,일반,최근 투자보고서 있음(계속 운용 추정),,127.030928150119,37.6050371568783,addr
"성북동일하이빌뉴시티 | 서울특별시 성북구 종암로 167(하월곡동, 동일하이빌뉴시티)",성북동일하이빌뉴시티,주택(공동주택),일반,최근 투자보고서 있음(계속 운용 추정),,127.030928150119,37.6050371568783,addr
"성수낙낙 생각공장데시앙플렉스 | 서울특별시 성동구 아차산로 17길 49, 생각공장데시앙플렉스 알101호~알 124호, 알비 104호~알비 103호 (성수동 2가)",성수낙낙 생각공장데시앙플렉스,리테일,일반,조직개편 신호,25941.0,127.065279307819,37.5467683738173,addr
"성수낙낙 생각공장데시앙플렉스 | 서울특별시 성동구 아차산로17길 49, 생각공장데시앙플렉스 알101호~알124호, 알비104호~알비103호(성수동2가)",성수낙낙 생각공장데시앙플렉스,리테일,일반,조직개편 신호,,127.065279307819,37.5467683738173,addr
"성수낙낙 에스케이브이원센터1 | 서울특별시 성동구 아차산로 17길 48, 성수에스케이브이원센터1 알101호~알126호, 알 201호~알 208호, 알비 105호~알비 120호 (성수동2가)",성수낙낙 에스케이브이원센터1,리테일,일반,조직개편 신호,41098.0,127.065889477465,37.5463937599992,addr
"성수낙낙 에스케이브이원센터1 | 서울특별시 성동구 아차산로17길 48, 성수에스케이브이원센터1 알101호~알126호, 알201호~알208호, 알비105호~알비120호(성수동2가)",성수낙낙 에스케이브이원센터1,리테일,일반,조직개편 신호,,127.065889477465,37.5463937599992,addr
"성수낙낙 에스케이브이원센터2 | 서울특별시 성동구 광나루로 8길 31, 성수에스케이브이원센터2 알101호~알107호 (성수동2가)",성수낙낙 에스케이브이원센터2,리테일,일반,조직개편 신호,5426.0,127.066325845916,37.5471881065539,addr
"성수낙낙 에스케이브이원센터2 | 서울특별시 성동구 광나루로8길 31, 성수에스케이브이원센터2 알101호~알107호(성수동2가)",성수낙낙 에스케이브이원센터2,리테일,일반,조직개편 신호,,127.066325845916,37.5471881065539,addr
세곡리엔파크5단지 | 서울시 강남구 세곡동 525,세곡리엔파크5단지,주택,일반,최근 투자보고서 있음(계속 운용 추정),14827.0,127.101185384316,37.4602885503743,addr
세곡리엔파크5단지 | 서울시 송파구 마천동 582,세곡리엔파크5단지,주택,일반,최근 투자보고서 있음(계속 운용 추정),55745.0,127.159109968729,37.4989573942833,addr
세미콜론명동 | 서울특별시 중구 남대문로 90 (남대문로2가),세미콜론명동,오피스,일반,특이공시 있음(계속 공시 가능),,126.982923560746,37.5650919219854,addr
세미콜론문래 | 서울특별시 영등포구 문래로28길 25,세미콜론문래,오피스,일반,특이공시 있음(계속 공시 가능),562761.0,126.899975370783,37.5163887012653,addr
세미콜론문래타워 | 서울특별시 영등포구 문래로28길 25,세미콜론문래타워,복합시설,일반,특이공시 있음(계속 공시 가능),,126.899975370783,37.5163887012653,addr
"세미콜론수송 | 서울시 종로구 율곡로2길 19, 세미콜론수송(수송동)",세미콜론수송,오피스,일반,특이공시 있음(계속 공시 가능),,126.981018927344,37.5745372167739,addr
세이백화점탄방점 | 대전광역시 서구 탄방동 744,세이백화점탄방점,리테일,일반,청산·종료 관련 신호,67373.0,127.388854856078,36.347179552475,addr
세종행복(로렌하우스) | 세종특별자치시 마음안로  170,세종행복(로렌하우스),주택(공동주택),일반,특이공시 있음(계속 공시 가능),,127.234853490322,36.5162226459783,addr
"센터포인트
광화문 | 서울특별시 종로구 새문안로 5길 31","센터포인트
광화문",오피스,일반,조직개편 신호,428870.0,126.974351284671,37.5729765145796,addr
"센터포인트
웨스트 | 서울특별시 구로구 
새말로 97","센터포인트
웨스트",오피스,일반,상호·명칭 변경 신호,385833.0,126.890227293528,37.5070438414784,addr
"센터포인트_x000D_
광화문 | 서울특별시 종로구 새문안로 5길 31","센터포인트_x000D_
광화문",오피스,일반,조직개편 신호,,126.974351284671,37.5729765145796,addr
"센터포인트_x000D_
웨스트 | 서울특별시 구로구 _x000D_
새말로 97","센터포인트_x000D_
웨스트",오피스,일반,상호·명칭 변경 신호,,126.890227293528,37.5070438414784,addr
"센터포인트_x000D_
웨스트 | 서울특별시 구로구 새말로 97","센터포인트_x000D_
웨스트",오피스,일반,상호·명칭 변경 신호,,126.890227293528,37.5070438414784,addr
센터플레이스 | 서울특별시 중구 남대문로 9길 40 (다동),센터플레이스,오피스,일반,특이공시 있음(계속 공시 가능),,126.980368823536,37.5671421016237,addr
센터플레이스 | 서울특별시 중구 다동 155 센터플레이스,센터플레이스,오피스,일반,특이공시 있음(계속 공시 가능),,126.980342789217,37.5671435388849,addr
송파파크데일1단지 | 서울시 송파구 마천동 582,송파파크데일1단지,주택,일반,최근 투자보고서 있음(계속 운용 추정),,127.159109968729,37.4989573942833,addr
송파파크데일1단지 | 서울시 송파구 마천동 607,송파파크데일1단지,주택,일반,최근 투자보고서 있음(계속 운용 추정),23788.0,127.158847774957,37.4957810716091,addr
"송파파크데일1단지 | 서울특별시 송파구 성내천로37길 37(마천동, 송파파크데일1단지)",송파파크데일1단지,주택(공동주택),일반,최근 투자보고서 있음(계속 운용 추정),,127.158101313303,37.4987850346578,addr
송파파크데일2단지 | 서울시 송파구 마천동 607,송파파크데일2단지,주택,일반,최근 투자보고서 있음(계속 운용 추정),,127.158847774957,37.4957810716091,addr
송파파크데일2단지 | 서울시 중랑구 신내동 816,송파파크데일2단지,주택,일반,최근 투자보고서 있음(계속 운용 추정),12420.0,127.10682404743,37.6173725389127,addr
"송파파크데일2단지 | 서울특별시 송파구 성내천로47길 38(마천동, 송파파크데일2단지)",송파파크데일2단지,주택(공동주택),일반,최근 투자보고서 있음(계속 운용 추정),,127.158162993388,37.4963409744022,addr
수색4구역 | 서울 은평구 수색동 417(수색로 300),수색4구역,주택(공동주택),일반,최근 투자보고서 있음(계속 운용 추정),,126.891865430054,37.5848396509236,addr
"수색9구역 | 서울 은평구 수색동 418,418-1(수색로 216)",수색9구역,주택(공동주택),일반,최근 투자보고서 있음(계속 운용 추정),,126.900106082912,37.5811245495641,addr
수성레이크우방아이유쉘 미분양 주택 288세대 | 대구 광역시 수성구 파동 1021번지 일원,수성레이크우방아이유쉘 미분양 주택 288세대,주택(공동주택),일반,특이공시 있음(계속 공시 가능),,128.614598729511,35.8217675423757,addr
수원권선 꿈에그린 | 경기도 수원시 권선구 서수원로 99,수원권선 꿈에그린,주택(공동주택),일반,최근 투자보고서 있음(계속 운용 추정),,126.973896728138,37.2364959280772,addr
수원남문 | 경기도 수원시 팔달구 인계동 754-1번지,수원남문,주택(공동주택),개발사업,특이공시 있음(계속 공시 가능),,127.021140986955,37.2744332802692,addr
수원남문 | 경기도 수원시 팔달구 인계동 754-1번지 일원,수원남문,주택,개발사업,특이공시 있음(계속 공시 가능),,127.021140986955,37.2744332802692,addr
수원역 푸르지오 더 스마트 | 경기 수원시 팔달구 고등동,수원역 푸르지오 더 스마트,주택,일반,최근 투자보고서 있음(계속 운용 추정),112812.0,127.001168088516,37.2734455492434,addr
수원역 푸르지오 더 스마트 | 경기 수원시 팔달구 고등로 13,수원역 푸르지오 더 스마트,주택(공동주택),일반,최근 투자보고서 있음(계속 운용 추정),,126.997277769582,37.2733865956433,addr
"수원청년주택대우
케이원제9호 | 경기 수원시 팔달구 고등동","수원청년주택대우
케이원제9호",주택,일반,최근 투자보고서 있음(계속 운용 추정),113497.0,127.001168088516,37.2734455492434,addr
수원청년주택대우케이원제9호 | 경기 수원시 팔달구 고등동,수원청년주택대우케이원제9호,주택,개발사업,최근 투자보고서 있음(계속 운용 추정),46507.0,127.001168088516,37.2734455492434,addr
수원청년케이원제9호 | 경기 수원시 팔달구 고등동,수원청년케이원제9호,주택,개발사업,최근 투자보고서 있음(계속 운용 추정),114419.0,127.001168088516,37.2734455492434,addr
수원호매실 | 경기도 수원시 권선구 호매실동 1393,수원호매실,주택(공동주택),개발사업,최근 투자보고서 있음(계속 운용 추정),,126.958769748589,37.2599999691398,addr
수원호매실 | 경기도 수원시 호매실동 1380,수원호매실,주택,일반,상호·명칭 변경 신호,,126.960461984748,37.262709710872,addr
수원호매실B3 | 경기도 수원시 호매실동 1380,수원호매실B3,주택,일반,상호·명칭 변경 신호,312301.0,126.960461984748,37.262709710872,addr
스퀘어원 인천 | 인천광역시 연수구 동춘동 926,스퀘어원 인천,리테일,일반,특이공시 있음(계속 공시 가능),,126.683613830349,37.4059408363388,addr
스타즈호텔 독산 | 경기도 화성시 석우동 34-8,스타즈호텔 독산,호텔,일반,청산 공시이력+최근보고서(재확인),28602.0,127.078808058393,37.2182202433667,addr
스타즈호텔 독산 | 서울시 금천구 독산동 1156,스타즈호텔 독산,호텔,일반,청산 공시이력+최근보고서(재확인),38600.0,126.896801292984,37.4610556426968,addr
스타즈호텔 동탄 | 경기도 화성시 석우동 34-8,스타즈호텔 동탄,호텔,일반,청산 공시이력+최근보고서(재확인),18600.0,127.078808058393,37.2182202433667,addr
"스타즈호텔 동탄 | 서울시 중구 충무로3가 58-8, 58-10, 58-11",스타즈호텔 동탄,호텔,일반,청산 공시이력+최근보고서(재확인),16828.0,126.990770739497,37.5625699163032,addr
"스타즈호텔 명동1 | 서울시 중구 을지로3가 95-7, 95-9, 95-10, 95-31, 95-33",스타즈호텔 명동1,호텔,일반,청산 공시이력+최근보고서(재확인),26047.0,126.991421263022,37.5670314283051,addr
"스타즈호텔 명동2 | 서울시 중구 을지로3가 95-7, 95-9, 95-10, 95-31, 95-33",스타즈호텔 명동2,호텔,일반,청산 공시이력+최근보고서(재확인),20637.0,126.991421263022,37.5670314283051,addr
"스타즈호텔 명동2 | 서울시 중구 충무로3가 58-8, 58-10, 58-11",스타즈호텔 명동2,호텔,일반,청산 공시이력+최근보고서(재확인),28100.0,126.990770739497,37.5625699163032,addr
시그마타워 | 서울시 송파구 신천동 7-19 시그마타워,시그마타워,오피스,일반,청산 공시이력+최근보고서(재확인),74587.635735,127.102520455295,37.5146223066094,addr
"시그마타워 | 서울시 송파구 올림픽로
289(신청동)",시그마타워,오피스,일반,청산 공시이력+최근보고서(재확인),75479.0,127.102522142353,37.5146152773177,addr
시흥목감 | 경기 시흥시 산현동,시흥목감,주택,일반,특이공시 있음(계속 공시 가능),105756.0,126.833675061104,37.3701104016764,addr
시흥목감 | 경기도 시흥시 조남동 682,시흥목감,주택,일반,상호·명칭 변경 신호,68208.0,126.855973793745,37.3718958452003,addr
시흥목감(A3BL) | 경기도 시흥시 조남동 678,시흥목감(A3BL),주택(공동주택),일반,상호·명칭 변경 신호,,126.855740228062,37.3740677510815,addr
시흥목감(A3BL) | 광주광역시 광산구 선암동 553,시흥목감(A3BL),주택,일반,상호·명칭 변경 신호,156335.06510900005,126.777986529605,35.1506693491123,addr
시흥목감3단지(A2) | 경기도 시흥시 목감남서로 92-12,시흥목감3단지(A2),주택(공동주택),일반,특이공시 있음(계속 공시 가능),,126.843427836886,37.3736084278664,addr
"시흥목감3단지(A2) | 경기도 시흥시 목감남서로 92-12 (산현동, 호수품애)",시흥목감3단지(A2),주택(공동주택),일반,특이공시 있음(계속 공시 가능),,126.843427836886,37.3736084278664,addr
시흥목감A-2 | 경기 시흥시 산현동,시흥목감A-2,주택,일반,특이공시 있음(계속 공시 가능),103458.432264,126.833675061104,37.3701104016764,addr
"시흥목감A-2 | 경기도 시흥시 목감남서로 92-12 (산현동, 호수품애)",시흥목감A-2,주택(공동주택),일반,특이공시 있음(계속 공시 가능),,126.843427836886,37.3736084278664,addr
시흥목감A-2 | 경기도 시흥시 산현동,시흥목감A-2,주택,일반,특이공시 있음(계속 공시 가능),,126.833675061104,37.3701104016764,addr
시흥목감A4 | 경기도 시흥시 조남동 682,시흥목감A4,주택,일반,상호·명칭 변경 신호,69778.0,126.855973793745,37.3718958452003,addr
"시흥목감B-3 | 경기도 시흥시 
조남동 663",시흥목감B-3,주택,일반,특이공시 있음(계속 공시 가능),147735.0,126.854734675297,37.3764425216931,addr
"시흥목감B-3 | 경기도 시흥시 _x000D_
조남동 663",시흥목감B-3,주택,일반,특이공시 있음(계속 공시 가능),,126.854734675297,37.3764425216931,addr
"시흥목감B-3 | 경기도 시흥시 목감중앙로 19_x000D_
(조남동, 가온수플)",시흥목감B-3,주택(공동주택),일반,특이공시 있음(계속 공시 가능),,126.85440360415,37.3755856909887,addr
시흥배곧(5) | 경기도 시흥시 배곧4로 81-29,시흥배곧(5),주택,일반,특이공시 있음(계속 공시 가능),139764.0,126.734391215007,37.3766413731938,addr
"시흥배곧B1 | 경기도 시흥시 해송십리로 472-54 (배곧동, 배곧센텀베이1차)",시흥배곧B1,주택(공동주택),일반,특이공시 있음(계속 공시 가능),,126.734960022356,37.3843098945468,addr
시흥배곧B5 | 경기도 시흥시 배곧4로 81-29,시흥배곧B5,주택,일반,특이공시 있음(계속 공시 가능),,126.734391215007,37.3766413731938,addr
"시흥배곧B5 | 경기도 시흥시 배곧4로 81-29 (배곧동, 배곧센텀베이2차)",시흥배곧B5,주택(공동주택),일반,특이공시 있음(계속 공시 가능),,126.734391215007,37.3766413731938,addr
"시흥은계S-2 | 경기도 시흥시 
은행동 632",시흥은계S-2,주택,일반,특이공시 있음(계속 공시 가능),266626.0,126.806465428671,37.4386961404548,addr
"시흥은계S-2 | 경기도 시흥시 _x000D_
은행동 632",시흥은계S-2,주택,일반,특이공시 있음(계속 공시 가능),,126.806465428671,37.4386961404548,addr
"시흥은계S-2 | 경기도 시흥시 은계중앙로 140_x000D_
(은행동, 네이처포레)",시흥은계S-2,주택(공동주택),일반,특이공시 있음(계속 공시 가능),,126.805513746131,37.4391407605621,addr
시흥장현 B-2BL 공공지원 민간임대주택 개발사업 | 경기도 시흥시 장곡남로 35,시흥장현 B-2BL 공공지원 민간임대주택 개발사업,주택,개발사업,최근 투자보고서 있음(계속 운용 추정),258293.0,126.791029443794,37.3745683166084,addr
"시흥장현A-10 | 경기도 시흥시 장현장곡로 79(장현동, 시흥장현 루벤시아 2차)",시흥장현A-10,주택(공동주택),개발사업,특이공시 있음(계속 공시 가능),,126.79554842617,37.3830068178843,addr
"시흥장현A-2 | 경기도 시흥시 장곡북로 43(장곡동, 시흥장현 루벤시아 1차)",시흥장현A-2,주택(공동주택),개발사업,특이공시 있음(계속 공시 가능),,126.791393037235,37.3816016245301,addr
시흥장현B-1 | 경기도 시흥시 시청로 100,시흥장현B-1,주택,일반,특이공시 있음(계속 공시 가능),,126.798382425169,37.3827601178921,addr
"시흥장현B-1 | 경기도 시흥시 시청로 100 (장현동, 네이처뷰)",시흥장현B-1,주택(공동주택),일반,특이공시 있음(계속 공시 가능),,126.798382425169,37.3827601178921,addr
"신경주 유보라 아이비파크 4BL&5BL 163세대 미분양 주택 | 경주시 건천읍 화천리 2697, 2696",신경주 유보라 아이비파크 4BL&5BL 163세대 미분양 주택,주택(공동주택),일반,특이공시 있음(계속 공시 가능),,129.141509591932,35.8055328549095,addr
신길12구역 | 서울 영등포구 신길동 4964(신길로29길 17),신길12구역,주택(공동주택),일반,최근 투자보고서 있음(계속 운용 추정),,126.907745237872,37.5031181861687,addr
신길14구역 | 서울 영등포구 신길동 4955(가마산로 426),신길14구역,주택(공동주택),일반,최근 투자보고서 있음(계속 운용 추정),,126.904600687125,37.5041566198912,addr
신길3구역 | 서울 영등포구 신길동 4974(가마산로79길 37),신길3구역,주택(공동주택),일반,최근 투자보고서 있음(계속 운용 추정),,126.916453369827,37.5076988883676,addr
"신길5구역 | 서울 영등포구 신길동 4958, 4958-1(여의대방로35가길 19)",신길5구역,주택(공동주택),일반,최근 투자보고서 있음(계속 운용 추정),,126.917366701934,37.5029425844622,addr
신내3지구 1단지 | 서울시 중랑구 신내동 816,신내3지구 1단지,주택,일반,최근 투자보고서 있음(계속 운용 추정),,127.10682404743,37.6173725389127,addr
신내3지구 1단지 | 서울시 중랑구 신내동 817,신내3지구 1단지,주택,일반,최근 투자보고서 있음(계속 운용 추정),11068.0,127.110126255007,37.6151579384782,addr
"신내3지구 1단지 | 서울특별시 중랑구 신내역로1길 85(신내동, 신내우디안1단지)",신내3지구 1단지,주택(공동주택),일반,최근 투자보고서 있음(계속 운용 추정),,127.106293721634,37.6168090895238,addr
신내3지구 2단지 | 서울시 중랑구 신내동 317,신내3지구 2단지,주택,일반,최근 투자보고서 있음(계속 운용 추정),44717.0,127.099458305129,37.6109225846863,addr
신내3지구 2단지 | 서울시 중랑구 신내동 817,신내3지구 2단지,주택,일반,최근 투자보고서 있음(계속 운용 추정),,127.110126255007,37.6151579384782,addr
"신내3지구 2단지 | 서울특별시 중랑구 신내역로 165(신내동, 신내 데시앙포레)",신내3지구 2단지,주택(공동주택),일반,최근 투자보고서 있음(계속 운용 추정),,127.109631685269,37.6165826807685,addr
신내데시앙 | 서울시 양천구 신정동 1321,신내데시앙,주택,일반,최근 투자보고서 있음(계속 운용 추정),37519.0,126.826985099887,37.5148264227271,addr
신내데시앙 | 서울시 중랑구 신내동 317,신내데시앙,주택,일반,최근 투자보고서 있음(계속 운용 추정),,127.099458305129,37.6109225846863,addr
"신내데시앙 | 서울특별시 중랑구 용마산로 669(신내동, 신내데시앙아파트)",신내데시앙,주택(공동주택),일반,최근 투자보고서 있음(계속 운용 추정),,127.098976905071,37.6097690028367,addr
신당 파인힐 하나유보라 | 서울시 중구 신당동 855,신당 파인힐 하나유보라,주택,일반,최근 투자보고서 있음(계속 운용 추정),,127.024956745645,37.5642191657493,addr
"신당 파인힐 하나유보라 | 서울특별시 중구 왕십리로 407 (신당동, 신당 파인힐 하나유보라)",신당 파인힐 하나유보라,주택(공동주택),일반,최근 투자보고서 있음(계속 운용 추정),,127.024709957671,37.5647799977176,addr
"신동탄롯데캐슬 | 경기도 화성시 효행로 1338-44
(반월동,롯데캐슬)",신동탄롯데캐슬,주택,일반,최근 투자보고서 있음(계속 운용 추정),403543.489451,127.068551530631,37.2289856790799,addr
"신동탄롯데캐슬 | 경기도 화성시 효행로 1338-44(반월동,롯데캐슬)",신동탄롯데캐슬,주택(공동주택),일반,최근 투자보고서 있음(계속 운용 추정),,127.068551530631,37.2289856790799,addr
신라스테이 천안  호텔 | 충청남도 천안시 서북구 성정동 1430,신라스테이 천안  호텔,호텔,일반,최근 투자보고서 있음(계속 운용 추정),79911.60764100002,127.14328304286,36.8257568831394,addr
신라스테이 천안 호텔 | 충청남도 천안시 서북구 성정동 1430,신라스테이 천안 호텔,호텔,일반,최근 투자보고서 있음(계속 운용 추정),,127.14328304286,36.8257568831394,addr
신라스테이마포 | 서울특별시 마포구 마포대로 83 (도화동),신라스테이마포,호텔,일반,특이공시 있음(계속 공시 가능),,126.949718408427,37.54285420374,addr
신라스테이천안 | 충청남도 천안시 서북구 성정동 1430,신라스테이천안,호텔,일반,최근 투자보고서 있음(계속 운용 추정),78917.97400400002,127.14328304286,36.8257568831394,addr
"신설동 임대형 주거 복합시설 | 서울시 동대문구 난계로 242,
28길 7",신설동 임대형 주거 복합시설,주택,일반,상호·명칭 변경 신호,40820.0,127.023771783862,37.5730888110182,addr
"신설동 임대형 주거복합시설 | 서울시 동대문구 난계로_x000D_
242",신설동 임대형 주거복합시설,주택(공동주택),일반,상호·명칭 변경 신호,,127.023771783862,37.5730888110182,addr
"신설동 임대형 주거복합시설 | 서울특별시 동대문구 난계로 242, 신설 (신설동, 신설동 지웰홈스)",신설동 임대형 주거복합시설,주택(공동주택),일반,상호·명칭 변경 신호,,127.023771783862,37.5730888110182,addr
"신설동 임대형 주거복합시설 개발사업 | 서울시 동대문구 난계로
242",신설동 임대형 주거복합시설 개발사업,주택,일반,상호·명칭 변경 신호,38316.0,127.023771783862,37.5730888110182,addr
"신설동 임대형 주거복합시설 개발사업 | 서울시 동대문구 난계로
242, 28길 7",신설동 임대형 주거복합시설 개발사업,주택,일반,상호·명칭 변경 신호,38610.0,127.023771783862,37.5730888110182,addr
"신설동 임대형 주거복합시설 개발사업 | 서울시 동대문구 난계로 242, 
28길 7",신설동 임대형 주거복합시설 개발사업,주택,일반,상호·명칭 변경 신호,41114.0,127.023771783862,37.5730888110182,addr
"신설동 임대형 주거복합시설 개발사업 | 서울시 동대문구 난계로_x000D_
242",신설동 임대형 주거복합시설 개발사업,주택,일반,상호·명칭 변경 신호,,127.023771783862,37.5730888110182,addr
신성상가 1005호 | 서울 중구 인현동2가 192-30,신성상가 1005호,주택(공동주택),일반,최근 투자보고서 있음(계속 운용 추정),,126.99580566902,37.5637577158708,addr
신성상가 725호 | 서울 중구 인현동2가 192-30,신성상가 725호,주택(공동주택),일반,최근 투자보고서 있음(계속 운용 추정),,126.99580566902,37.5637577158708,addr
신성상가 810호 | 서울 중구 인현동2가 192-30,신성상가 810호,주택(공동주택),일반,최근 투자보고서 있음(계속 운용 추정),,126.99580566902,37.5637577158708,addr
신안동 모아엘가 | 광주광역시 북구 신안동 821,신안동 모아엘가,복합형,개발사업,특이공시 있음(계속 공시 가능),92856.0,126.900935533566,35.1660343052362,addr
신안동모아엘가 | 광주광역시 북구 신안동 821,신안동모아엘가,복합시설,개발사업,특이공시 있음(계속 공시 가능),,126.900935533566,35.1660343052362,addr
"신정1-1구역 | 서울 양천구 신월동 1076, 1076-1, 1078(남부순환로83길 18, 47)",신정1-1구역,주택,일반,최근 투자보고서 있음(계속 운용 추정),25368.663180000003,126.842542809508,37.5153280609842,addr
"신정1-1구역 | 서울 양천구 신월동 1076, 1076-1, 1078번지",신정1-1구역,주택,일반,최근 투자보고서 있음(계속 운용 추정),25707.44,126.842542809508,37.5153280609842,addr
신정2-2구역 | 서울 양천구 신정동 1150-41,신정2-2구역,주택,일반,최근 투자보고서 있음(계속 운용 추정),3177.998936,126.85317831815478,37.517186203060504,poi
신정2-2구역 | 서울 양천구 신정동 1327(중앙로29길 11),신정2-2구역,주택(공동주택),일반,최근 투자보고서 있음(계속 운용 추정),,126.853038393761,37.516494329205,addr
신정2-2구역 | 서울시 양천구 신정동 1150-41,신정2-2구역,주택,일반,최근 투자보고서 있음(계속 운용 추정),2502.2431350000006,126.85317831815478,37.517186203060504,poi
신정5구역 | 서울 양천구 신정동 337-2,신정5구역,주택,일반,최근 투자보고서 있음(계속 운용 추정),65650.90000000001,126.865161256265,37.5063432161495,addr
신정5구역 | 서울 양천구 신정동 337-2(목동남로4길 6-46),신정5구역,주택(공동주택),일반,최근 투자보고서 있음(계속 운용 추정),,126.865161256265,37.5063432161495,addr
신정이펜하우스1단지 | 서울시 양천구 신정동 1321,신정이펜하우스1단지,주택,일반,최근 투자보고서 있음(계속 운용 추정),,126.826985099887,37.5148264227271,addr
신정이펜하우스1단지 | 서울시 양천구 신정동 1322,신정이펜하우스1단지,주택,일반,최근 투자보고서 있음(계속 운용 추정),14972.0,126.830117649497,37.5161106638708,addr
"신정이펜하우스1단지 | 서울특별시 양천구 신정이펜1로 99(신정동, 신정이펜하우스1단지)",신정이펜하우스1단지,주택(공동주택),일반,최근 투자보고서 있음(계속 운용 추정),,126.825857074416,37.5146635756281,addr
신정이펜하우스2단지 | 서울시 양천구 신정동 1316,신정이펜하우스2단지,주택,일반,최근 투자보고서 있음(계속 운용 추정),34037.0,126.830802405083,37.5125188976473,addr
신정이펜하우스2단지 | 서울시 양천구 신정동 1322,신정이펜하우스2단지,주택,일반,최근 투자보고서 있음(계속 운용 추정),,126.830117649497,37.5161106638708,addr
"신정이펜하우스2단지 | 서울특별시 양천구 신정이펜2로 55(신정동, 신정 이펜하우스 2단지)",신정이펜하우스2단지,주택(공동주택),일반,최근 투자보고서 있음(계속 운용 추정),,126.830991876791,37.5151706404873,addr
신정이펜하우스3단지 | 서울시 양천구 신정동 1316,신정이펜하우스3단지,주택,일반,최근 투자보고서 있음(계속 운용 추정),,126.830802405083,37.5125188976473,addr
신정이펜하우스3단지 | 서울시 양천구 신정동 1317,신정이펜하우스3단지,주택,일반,최근 투자보고서 있음(계속 운용 추정),9091.0,126.829825083522,37.5107541400778,addr
"신정이펜하우스3단지 | 서울특별시 양천구 신정이펜1로 50(신정동, 신정이펜하우스3단지)",신정이펜하우스3단지,주택(공동주택),일반,최근 투자보고서 있음(계속 운용 추정),,126.829357473807,37.5133510578131,addr
신정이펜하우스4단지 | 서울시 양천구 신정동 1317,신정이펜하우스4단지,주택,일반,최근 투자보고서 있음(계속 운용 추정),,126.829825083522,37.5107541400778,addr
"신정이펜하우스4단지 | 서울특별시 양천구 신정이펜1로 51(신정동, 신정 이펜하우스 4단지)",신정이펜하우스4단지,주택(공동주택),일반,최근 투자보고서 있음(계속 운용 추정),,126.83110409084,37.5108510316658,addr
신촌 | 서울특별시 마포구 동교동 157-1,신촌,오피스,일반,청산·종료 관련 신호,35297.0,126.923701475164,37.5579950494156,addr
신촌 임대주택 개발사업 | 서울특별시 마포구 노고산동 57-50 일원,신촌 임대주택 개발사업,주택,개발사업,조직개편 신호,112180.0,126.934763189273,37.5540981082538,addr
"신촌 청년임대주택사업 | 서울특별시 마포구 서강로 75-16 (창전동, 이랜드 PEER 신촌)",신촌 청년임대주택사업,주택(공동주택),개발사업,최근 투자보고서 있음(계속 운용 추정),,126.931255709052,37.5496213115505,addr
"신한엘타워 | 서울특별시 중구 을지로 2가 205
(도로명주소 : 서울특별시 중구 
삼일대로 358)",신한엘타워,오피스,일반,최근 투자보고서 있음(계속 운용 추정),294327.0,126.988078256882,37.5664882880221,addr
"신한엘타워 | 서울특별시 중구 을지로 2가 205
(도로명주소 : 서울특별시 중구 삼일대로 358)",신한엘타워,오피스,일반,최근 투자보고서 있음(계속 운용 추정),293878.0,126.988078256882,37.5664882880221,addr
신한엘타워 | 서울특별시 중구 을지로 2가 205 (도로명주소 : 서울특별시 중구 삼일대로 358),신한엘타워,오피스,일반,최근 투자보고서 있음(계속 운용 추정),,126.988078256882,37.5664882880221,addr
씨드큐브 창동 | 서울특별시 도봉구 마들로13길 61,씨드큐브 창동,복합시설,개발사업,특이공시 있음(계속 공시 가능),,127.049926290286,37.6545399298261,addr
씨드큐브 창동 | 서울특별시 도봉구 마들로13길 61(창동 1-28번지),씨드큐브 창동,복합형,개발사업,특이공시 있음(계속 공시 가능),,127.049926290286,37.6545399298261,addr
씨티스퀘어 | 서울특별시 중구 서소문로 124(서소문동),씨티스퀘어,오피스,일반,특이공시 있음(계속 공시 가능),,126.975223589679,37.56310620292,addr
씨티스퀘어빌딩 | 서울특별시 중구 서소문로 124(서소문동),씨티스퀘어빌딩,오피스,일반,특이공시 있음(계속 공시 가능),,126.975223589679,37.56310620292,addr
"아늑호텔 | 서울시 마포구 서교동_x000D_
351-29",아늑호텔,호텔,일반,조직개편 신호,,126.920358786678,37.5555495177465,addr
아늑호텔 | 서울특별시 마포구 동교로 162-7 (서교동),아늑호텔,호텔,일반,조직개편 신호,,126.920373149155,37.5555594384047,addr
"아늑호텔(구월) | 인천광역시 남동구 구월동 1131-7,8",아늑호텔(구월),호텔,일반,조직개편 신호,,126.702339684606,37.4524446491909,addr
아늑호텔(신림) | 서울특별시 관악구 신림동 1474-11,아늑호텔(신림),호텔,일반,조직개편 신호,,126.912842318381,37.4811932571071,addr
아늑호텔(홍대) | 서울특별시 마포구 동교로 162-7 (서교동),아늑호텔(홍대),호텔,일반,조직개편 신호,,126.920373149155,37.5555594384047,addr
아모르파티 | 서울시 영등포구 영등포동 1가 95,아모르파티,주택,일반,청산·종료 관련 신호,13134.713338,126.913050707281,37.5180450930773,addr
아벤트리호텔 종로 | 서울시 종로구 우정국로 46,아벤트리호텔 종로,호텔,일반,청산·종료 관련 신호,42451.799826,126.98333864682,37.5731064267821,addr
아스테리움용산 | 서울특별시 용산구 한강로2가 419,아스테리움용산,오피스,일반,특이공시 있음(계속 공시 가능),,126.968859586066,37.5276308275423,addr
"아스테리움용산 | 서울특별시 용산구 한강로2가 419
서울특별시 용산구 용산동5가 28",아스테리움용산,오피스,일반,특이공시 있음(계속 공시 가능),65562.86329600001,126.968859586066,37.5276308275423,addr
"아크로텔 천안두정 | 충청남도 천안시 서북구
두정동 1464",아크로텔 천안두정,주택,일반,특이공시 있음(계속 공시 가능),64901.0,127.142135477628,36.8316991730586,addr
아크플레이스 | 서울특별시 강남구 역삼동 736-1,아크플레이스,오피스,일반,특이공시 있음(계속 공시 가능),,127.034898308484,37.4997200069753,addr
안산드림타운 | 경기도 안산시 단원구 연수원로 10,안산드림타운,주택,일반,청산·종료 관련 신호,1379.0,126.798002021633,37.3147243053817,addr
"안성 당촌리 물류센터 | 경기도 안성시 일죽면 
당촌리 5",안성 당촌리 물류센터,물류,일반,조직개편 신호,27840.307799,127.51354202071,37.1028996547167,addr
안성 당촌리 물류센터 | 경기도 안성시 일죽면 당촌리 5,안성 당촌리 물류센터,물류,일반,조직개편 신호,28277.407926999997,127.51354202071,37.1028996547167,addr
안성 당촌리 물류센터 | 경기도 안성시 일죽면 조목동길 28-12,안성 당촌리 물류센터,물류,일반,조직개편 신호,,127.513701110177,37.1029360891474,addr
안성 홈플러스 신선 물류센터 | 경기도 안성시 원곡면 칠곡리 941,안성 홈플러스 신선 물류센터,물류,일반,청산·종료 관련 신호,143377.0,127.16739776283,37.04871184837,addr
안성물류센터 | 경기도 안성시 삼죽면 내강리 37-3,안성물류센터,물류,일반,조직개편 신호,,127.370623432495,37.0702734260555,addr
"안성물류센터 | 경기도 안성시 삼죽면 내강리 37-3_x000D_
(완공일자 추가 2009.04.30)_x000D_
(증축 2012.01.30)",안성물류센터,물류,일반,조직개편 신호,,127.370623432495,37.0702734260555,addr
안성물류센터 | 경기도 안성시 죽산면 녹배길 35,안성물류센터,물류,일반,특이공시 있음(계속 공시 가능),,127.400464447064,37.0674689991756,addr
안성아양 | 경기도 안성시 아양로 73,안성아양,주택,일반,특이공시 있음(계속 공시 가능),,127.257370774608,37.0043474278409,addr
"안성아양 | 경기도 안성시 아양로 73 (아양동, 서희스타힐스 NHF)",안성아양,주택(공동주택),일반,특이공시 있음(계속 공시 가능),,127.257370774608,37.0043474278409,addr
안성아양B-6 | 경기도 안성시 아양동 1-6,안성아양B-6,주택,일반,특이공시 있음(계속 공시 가능),101130.417353,127.257467283125,37.0053799453235,poi
안성아양B-6 | 경기도 안성시 아양로 61-19,안성아양B-6,주택,일반,특이공시 있음(계속 공시 가능),,127.261048429098,37.003481478855,addr
"안성아양B-6 | 경기도 안성시 아양로 61-19 (아양동, 안성하우스디엔에이치에프)",안성아양B-6,주택(공동주택),일반,특이공시 있음(계속 공시 가능),,127.261048429098,37.003481478855,addr
안성아양B4 | 경기도 안성시 아양로 73,안성아양B4,주택,일반,특이공시 있음(계속 공시 가능),188969.0,127.257370774608,37.0043474278409,addr
"안성에버게인
물류센터 | 경기도 안성시 일죽면
방초리 218-1 등","안성에버게인
물류센터",물류,일반,청산·종료 관련 신호,46925.0,127.433832372687,37.1256317123443,addr
안양동 674-33  674-36 | 경기도 안양시 만안구 안양로314번길 14 (안양동),안양동 674-33  674-36,리테일,일반,청산 공시이력+최근보고서(재확인),,126.921290141788,37.4003863448018,addr
"알파리움 | 경기도 성남시 분당구 
백현동 530~1",알파리움,오피스,일반,청산·종료 관련 신호,493902.0,127.108318689877,37.3930812328389,addr
알파리움 | 경기도 성남시 분당구 백현동 530~1,알파리움,오피스,일반,청산·종료 관련 신호,491749.0,127.108318689877,37.3930812328389,addr
알파빌딩 | 서울특별시 종로구 종로34(서린동),알파빌딩,오피스,일반,청산·종료 관련 신호,88895.394827,126.981110787631,37.5698443085814,addr
"앞산 리슈빌앤리마크 | 대구광역시 남구 대명동 3066(구 930-1), 3062(구 959-2)",앞산 리슈빌앤리마크,주택(공동주택),개발사업,특이공시 있음(계속 공시 가능),,128.571807734941,35.8379069391367,addr
"앞산 리슈빌앤리마크 | 대구광역시 남구 안지랑로 73, 74(대명동, 앞산리슈빌 앤 리마크)",앞산 리슈빌앤리마크,주택(공동주택),개발사업,특이공시 있음(계속 공시 가능),,128.570004699511,35.8374465950019,addr
"양산한신더휴 | 경상남도 양산시 신명4길 24, 양산한신더휴",양산한신더휴,주택(공동주택),일반,특이공시 있음(계속 공시 가능),,129.143278310577,35.3851805263898,addr
"양산형지 
물류센터 | 경남 양산시 동면 
남양산1길 46","양산형지 
물류센터",물류,일반,특이공시 있음(계속 공시 가능),58708.0,129.030034974851,35.3257550158973,addr
"양산형지 _x000D_
물류센터 | 경남 양산시 동면 _x000D_
남양산1길 46","양산형지 _x000D_
물류센터",물류,일반,특이공시 있음(계속 공시 가능),,129.030034974851,35.3257550158973,addr
"양원금호어울림포레스트 | 서울특별시 중랑구
 양원역로10길 75",양원금호어울림포레스트,주택,일반,최근 투자보고서 있음(계속 운용 추정),62413.0,127.109608366526,37.6074862318171,addr
양원금호어울림포레스트 | 서울특별시 중랑구 양원역로10길 75,양원금호어울림포레스트,주택,일반,최근 투자보고서 있음(계속 운용 추정),63070.0,127.109608366526,37.6074862318171,addr
"양원금호어울림포레스트 | 서울특별시 중랑구_x000D_
 양원역로10길 75",양원금호어울림포레스트,주택,일반,최근 투자보고서 있음(계속 운용 추정),,127.109608366526,37.6074862318171,addr
양재 하이브랜드 빌딩 | 서울시 서초구 매헌로 16,양재 하이브랜드 빌딩,오피스,일반,청산·종료 관련 신호,64002.0,127.036947909974,37.462467348157,addr
양주 역세권3BL 공공지원 민간임대주택사업 | 경기도 양주시 남방동 588번지,양주 역세권3BL 공공지원 민간임대주택사업,주택(공동주택),개발사업,특이공시 있음(계속 공시 가능),,127.043971023906,37.7775548450608,addr
양주 옥정지구 A19-2BL | 경기도 양주시 옥정동 1096,양주 옥정지구 A19-2BL,주택,일반,특이공시 있음(계속 공시 가능),186391.0,127.092631396366,37.8122800269172,addr
양주옥정 A20-2BL | 경기도 양주시 옥정동 1098번지,양주옥정 A20-2BL,주택(공동주택),일반,특이공시 있음(계속 공시 가능),,127.099558663989,37.8130992029693,addr
양주옥정 A20-3BL | 경기도 양주시 옥정동 1099번지,양주옥정 A20-3BL,주택(공동주택),일반,특이공시 있음(계속 공시 가능),,127.101203177954,37.8124966825224,addr
양주옥정 | 경기도 양주시 옥정동 885,양주옥정,주택,개발사업,특이공시 있음(계속 공시 가능),69377.979774,127.077533218063,37.8287433045652,addr
"양주옥정 | 경기도 양주시 회천로 234 (옥정동, e편한세상 옥정 리더스가든)",양주옥정,주택(공동주택),개발사업,특이공시 있음(계속 공시 가능),,127.076272931348,37.8281801292136,addr
양주옥정 제일풍경채 | 경기도 양주시 옥정동 1096,양주옥정 제일풍경채,주택(공동주택),일반,특이공시 있음(계속 공시 가능),,127.092631396366,37.8122800269172,addr
양주옥정(1) | 경기도 양주시 옥정동 21-1,양주옥정(1),주택,일반,특이공시 있음(계속 공시 가능),128667.747524,127.105544290581,37.8435151138365,addr
양주옥정(2) | 경기도 양주시 옥정동 21-2,양주옥정(2),주택,일반,특이공시 있음(계속 공시 가능),244753.604102,127.104457834426,37.8426405361883,addr
양주옥정4차(옥정지구 A19(1)블록 | 경기도 양주시 옥정동 1095번지,양주옥정4차(옥정지구 A19(1)블록,주택,일반,청산·종료 관련 신호,5459.0,127.088953275144,37.811709221762,addr
양주옥정A-15BL | 경기도 양주시 옥정동 936번지(A-15블록),양주옥정A-15BL,주택,개발사업,청산·종료 관련 신호,369556.0,127.08491345587,37.8155497429093,addr
양주옥정A-21(1) | 경기도 양주시 옥정동 21-1,양주옥정A-21(1),주택(공동주택),개발사업,특이공시 있음(계속 공시 가능),,127.105544290581,37.8435151138365,addr
양주옥정A-21(2) | 경기도 양주시 옥정동 21-2,양주옥정A-21(2),주택(공동주택),개발사업,특이공시 있음(계속 공시 가능),,127.104457834426,37.8426405361883,addr
양주옥정지구 A19-2BL | 경기도 양주시 옥정동 1096,양주옥정지구 A19-2BL,주택,개발사업,특이공시 있음(계속 공시 가능),347732.035117,127.092631396366,37.8122800269172,addr
에스원빌딩 | 서울특별시 중구 세종대로7길 25,에스원빌딩,오피스,일반,특이공시 있음(계속 공시 가능),,126.972782261502,37.5604220468234,addr
에스원빌딩 | 서울특별시 중구 순화동 175 번지,에스원빌딩,오피스,일반,특이공시 있음(계속 공시 가능),,126.972778304335,37.5604106032512,addr
에이원타워 광주역 | 광주광역시 북구 경열로 276 (중흥동),에이원타워 광주역,오피스,일반,조직개편 신호,,126.908771544931,35.1635031352697,addr
에이원타워 광주역 | 광주광역시 북구 중흥동 701-1,에이원타워 광주역,오피스,일반,조직개편 신호,,126.908779924372,35.1634695208986,addr
에이원타워 금남로 | 광주광역시 동구 금남로 148 (금남로5가),에이원타워 금남로,오피스,일반,조직개편 신호,,126.910020575117,35.1532921168946,addr
에이원타워 금남로 | 광주광역시 동구 금남로5가 55-1,에이원타워 금남로,오피스,일반,조직개편 신호,,126.909998242576,35.1532411734528,addr
에이원타워 당산 | 서울특별시 영등포구 국회대로 559 (당산동4가),에이원타워 당산,오피스,일반,조직개편 신호,,126.896810130971,37.5283534516634,addr
에이원타워 당산 | 서울특별시 영등포구 당산동4가 38-1,에이원타워 당산,오피스,일반,조직개편 신호,,126.896845868347,37.5283624928971,addr
에이원타워 인계 | 경기도 수원시 팔달구 인계동 942-9,에이원타워 인계,오피스,일반,조직개편 신호,46792.0,127.030631538397,37.2756618460673,addr
"에이치스퀘어 N동 및 S동 | 경기도 성남시 분당구 
판교역로 235, 231",에이치스퀘어 N동 및 S동,오피스,일반,조직개편 신호,721245.0,127.108690978068,37.402048486442,addr
"에이치스퀘어 N동 및 S동 | 경기도 성남시 분당구 _x000D_
판교역로 235, 231",에이치스퀘어 N동 및 S동,오피스,일반,조직개편 신호,,127.108690978068,37.402048486442,addr
"에이치스퀘어 N동 및 S동 | 경기도 성남시 분당구 판교역로 235, 231",에이치스퀘어 N동 및 S동,오피스,일반,조직개편 신호,726655.0,127.108690978068,37.402048486442,addr
에이치하우스대림뉴스테이 | 서울시 영등포구 시흥대로 595,에이치하우스대림뉴스테이,주택,일반,최근 투자보고서 있음(계속 운용 추정),,126.903464704536,37.4860957417996,addr
"에이플러스
에셋타워 | 서울특별시 서초구
강남대로 369","에이플러스
에셋타워",오피스,일반,특이공시 있음(계속 공시 가능),217620.0,127.028208465188,37.4956734817567,addr
에티버스 타워 | 서울특별시 중구 소월로 3 (남창동),에티버스 타워,오피스,일반,특이공시 있음(계속 공시 가능),,126.97620246899,37.559371862901,addr
에프엔타워 대치 | 서울특별시 강남구 테헤란로 424 (대치동),에프엔타워 대치,오피스,일반,특이공시 있음(계속 공시 가능),,127.053467711791,37.5054927426087,addr
에프엔타워 순화 | 서울특별시 중구 세종대로7길 25 (순화동),에프엔타워 순화,오피스,일반,특이공시 있음(계속 공시 가능),,126.972782261502,37.5604220468234,addr
에프엔타워 잠실 | 서울특별시 송파구 올림픽로 295 (신천동),에프엔타워 잠실,오피스,일반,특이공시 있음(계속 공시 가능),,127.103224764372,37.5149238897671,addr
에프엔타워 판교 | 경기도 성남시 분당구 판교역로 188 (삼평동),에프엔타워 판교,오피스,일반,특이공시 있음(계속 공시 가능),,127.110054121291,37.3974445399165,addr
에피소드 강남 262 | 서초구 서초동 1339-9번지 일원,에피소드 강남 262,주택(준주택),개발사업,조직개편 신호,,127.030993731212,37.4897243342818,addr
에피소드 신촌 369 | 서울특별시 마포구 노고산동 57-50,에피소드 신촌 369,주택(준주택),일반,조직개편 신호,,126.934763189273,37.5540981082538,addr
엘리프이천 하이시티 | 경기도 이천시 부발읍 경충대로 2040,엘리프이천 하이시티,주택(공동주택),일반,특이공시 있음(계속 공시 가능),,127.492401673634,37.2470877742802,addr
엘리프이천 하이시티 | 경기도 이천시 부발읍 경충대로 2040 (엘리프 이천 하이시티),엘리프이천 하이시티,주택(공동주택),일반,특이공시 있음(계속 공시 가능),,127.492401673634,37.2470877742802,addr
엠디엠타워 당산 | 서울특별시 영등포구 당산동4가 38-1,엠디엠타워 당산,오피스,일반,조직개편 신호,137804.0,126.896845868347,37.5283624928971,addr
엠디엠타워 인계 | 경기도 수원시 팔달구 인계동 942-9,엠디엠타워 인계,오피스,일반,조직개편 신호,48570.0,127.030631538397,37.2756618460673,addr
엠디호텔 독산 | 서울시 금천구 독산동 1156,엠디호텔 독산,호텔,일반,청산 공시이력+최근보고서(재확인),,126.896801292984,37.4610556426968,addr
엠디호텔 동탄 | 경기도 화성시 석우동 34-8,엠디호텔 동탄,호텔,일반,청산 공시이력+최근보고서(재확인),,127.078808058393,37.2182202433667,addr
여의도 사옥 | 서울특별시 영등포구 여의대로 56 (여의도동),여의도 사옥,오피스,일반,특이공시 있음(계속 공시 가능),,126.922872650933,37.5240793528555,addr
역삼718빌딩 | 서울특별시 강남구 역삼동 718-5,역삼718빌딩,오피스,일반,특이공시 있음(계속 공시 가능),,127.039602741448,37.5012863640697,addr
역삼동 삼원타워 | 서울시 강남구 테헤란로124,역삼동 삼원타워,오피스,일반,청산 공시이력+최근보고서(재확인),,127.031703595662,37.4987846719974,addr
역삼동 풍림빌딩 | 서울시 강남구 테헤란로124,역삼동 풍림빌딩,오피스,일반,청산 공시이력+최근보고서(재확인),,127.031703595662,37.4987846719974,addr
역삼동 풍림빌딩 | 서울시 역삼동 823,역삼동 풍림빌딩,오피스,일반,청산 공시이력+최근보고서(재확인),,127.031576788872,37.4987006420743,addr
역삼빌딩 | 서울특별시 강남구 테헤란로 114 역삼빌딩,역삼빌딩,오피스,일반,청산·종료 관련 신호,103024.0,127.030103204318,37.4982884559713,addr
염리2구역 | 서울 마포구 염리동 45번지,염리2구역,주택,일반,최근 투자보고서 있음(계속 운용 추정),4386.849999999999,126.948491864665,37.5501838418884,addr
"염리2구역 | 서울 마포구 염리동 533, 대흥동 815(숭문길 98)",염리2구역,주택(공동주택),일반,최근 투자보고서 있음(계속 운용 추정),,126.948512315027,37.5508892423783,addr
"염리3구역 | 서울 마포구 염리동 532, 532-1, 532-7(숭문16다길 10-5)",염리3구역,주택(공동주택),일반,최근 투자보고서 있음(계속 운용 추정),,126.947755600775,37.5527919981747,addr
"영등포 스페이스 | 서울특별시 영등포구 선유동1로 9-7, 양평동 동문디이스트 (양평동1가)",영등포 스페이스,복합시설,일반,특이공시 있음(계속 공시 가능),,126.891143228051,37.5228964926308,addr
영등포아모르파티 | 서울시 영등포구 영등포동 1가 95,영등포아모르파티,주택,일반,청산·종료 관련 신호,13174.0,126.913050707281,37.5180450930773,addr
영시티타워 | 서울특별시 영등포구 문래로28길 25,영시티타워,오피스,일반,특이공시 있음(계속 공시 가능),564297.0,126.899975370783,37.5163887012653,addr
영종하늘도시 A-12BL | 인천광역시 중구 운남동 1778번지,영종하늘도시 A-12BL,주택,개발사업,조직개편 신호,,126.506490873964,37.479091733387,addr
"영종하늘도시3차 | 인천광역시 중구 운남동 1695-1, 1695-2, 1696-1",영종하늘도시3차,주택,개발사업,청산·종료 관련 신호,,126.517616110154,37.475367348572,addr
예미지기업형임대주택 | 경기도 김포시 김포한강9로 11 (구래동),예미지기업형임대주택,주택,일반,상호·명칭 변경 신호,497306.0,126.626131285888,37.6381136990179,addr
오렌지센터 | 서울 중구 순화동 53,오렌지센터,오피스,일반,청산·종료 관련 신호,129762.693,126.972528391958,37.5607434636967,addr
오산세교 B-6BL | 경기도 오산시 내삼미동 898,오산세교 B-6BL,주택,일반,상호·명칭 변경 신호,151652.67612799996,127.06739233374,37.1724529219024,addr
오산세교(B-6BL) | 경기도 오산시 내삼미동 898,오산세교(B-6BL),주택(공동주택),일반,상호·명칭 변경 신호,,127.06739233374,37.1724529219024,addr
"오산세교2 | 경기도 오산시 오산세교2지구
 A-5BL",오산세교2,주택,개발사업,특이공시 있음(계속 공시 가능),112368.0,127.036672317711,37.1991819424638,addr
"오산세교2 | 경기도 오산시 오산세교2지구_x000D_
 A-5BL",오산세교2,주택(공동주택),개발사업,특이공시 있음(계속 공시 가능),,127.036672317711,37.1991819424638,addr
와이즈타워 | 서울특별시 중구 세종대로 17 (남대문로5가 6-1),와이즈타워,오피스,일반,특이공시 있음(계속 공시 가능),349131.33678,126.973263470061,37.5586238568696,addr
"완정빌딩 | 인천 서구
원당대로 649",완정빌딩,오피스,일반,청산 공시이력+최근보고서(재확인),,126.673441829424,37.5939859678065,addr
"완정빌딩 | 인천 서구_x000D_
원당대로 649",완정빌딩,오피스,일반,청산 공시이력+최근보고서(재확인),,126.673441829424,37.5939859678065,addr
왕십리 주상복합 | 서울시 구로구 천왕동 281,왕십리 주상복합,주택,일반,최근 투자보고서 있음(계속 운용 추정),12839.0,126.844803139606,37.4833077901474,addr
"왕십리 주상복합 | 서울특별시 성동구 청계천로 474(하왕십리동, 왕십리 모노퍼스 주상복합)",왕십리 주상복합,주택(공동주택),일반,최근 투자보고서 있음(계속 운용 추정),,127.029562937984,37.569533166927,addr
용두5구역 | 서울 동대문구 용두동 795(무학로 91),용두5구역,주택(공동주택),일반,최근 투자보고서 있음(계속 운용 추정),,127.029219765505,37.5716477982277,addr
"용두6구역 | 서울 동대문구 용두동 796,796-1 (한빛로 49)",용두6구역,주택(공동주택),일반,최근 투자보고서 있음(계속 운용 추정),,127.028475697863,37.5796270974824,addr
용산 | 서울특별시 용산구 한강로2가 44-3,용산,오피스,일반,청산·종료 관련 신호,96123.0,126.971462937948,37.5321534317366,addr
용산 베르디움프렌즈 | 서울시 용산구 백범로 99길 40,용산 베르디움프렌즈,주택,일반,최근 투자보고서 있음(계속 운용 추정),,126.971639287338,37.5358258637822,addr
"용산 스페이스 | 서울특별시 용산구 서빙고로 17, 타워동 19층(한강로3가)",용산 스페이스,오피스,일반,특이공시 있음(계속 공시 가능),,126.966566172294,37.5269056148241,addr
용인물류센터 | 경기도 용인시 처인구 백암면 덕평로 120,용인물류센터,물류,일반,특이공시 있음(계속 공시 가능),,127.37364039359,37.1802243127119,addr
용인물류센터1 | 경기도 용인시 처인구 백암면 덕평로 120,용인물류센터1,물류,일반,특이공시 있음(계속 공시 가능),132755.0,127.37364039359,37.1802243127119,addr
"용지 
(평택시소사벌
지구 S-2BL) | 경기도 평택시 죽백동 766번지","용지 
(평택시소사벌
지구 S-2BL)",주택,개발사업,청산·종료 관련 신호,45488.0,127.119037354132,37.0068171330988,addr
우미대한제12호 | 경기 파주시 해올로 11,우미대한제12호,주택,일반,최근 투자보고서 있음(계속 운용 추정),229175.243516,126.728548735278,37.7338968781054,addr
우미대한제12호 | 경기도 파주시 운정3지구 A-15 BL,우미대한제12호,주택,일반,최근 투자보고서 있음(계속 운용 추정),231253.67438,126.752014040044,37.7047853366895,addr
우미대한제12호 | 경기도 파주시 해올로 11,우미대한제12호,복합형,일반,최근 투자보고서 있음(계속 운용 추정),228405.0,126.728548735278,37.7338968781054,addr
우미린 리버포레 | 인천광역시 서구 이음3로 221,우미린 리버포레,주택,일반,조직개편 신호,,126.715972111897,37.5902791152631,addr
"우미린 리버포레 | 인천광역시 서구 이음3로 221 (원당동, 우미린 리버포레)",우미린 리버포레,주택(공동주택),일반,조직개편 신호,,126.715972111897,37.5902791152631,addr
"우미린 센터포레 아파트
(파주운정3지구 A31BL 
공공지원 민간임대리츠사업) | 경기도 파주시 초롱꽃로 118
(동패동)","우미린 센터포레 아파트
(파주운정3지구 A31BL 
공공지원 민간임대리츠사업)",주택,일반,조직개편 신호,160998.0,126.717561228374,37.7112817825803,addr
"우미린 센터포레 아파트_x000D_
(파주운정3지구 A31BL _x000D_
공공지원 민간임대리츠사업) | 경기도 파주시 초롱꽃로 118_x000D_
(동패동)","우미린 센터포레 아파트_x000D_
(파주운정3지구 A31BL _x000D_
공공지원 민간임대리츠사업)",주택,일반,조직개편 신호,,126.717561228374,37.7112817825803,addr
"운서역푸르지오더스카이(영종하늘도시 A12BL) | 인천광역시 중구 흰바위로 277
(운남동 1778)",운서역푸르지오더스카이(영종하늘도시 A12BL),주택,개발사업,조직개편 신호,415027.0,126.505956192898,37.4803505391046,addr
울산송정 B-3BL | 울산광역시 북구 송정동 1236-3번지,울산송정 B-3BL,주택(공동주택),일반,특이공시 있음(계속 공시 가능),,129.366488722493,35.6053303941785,addr
원주시티쇼핑몰 | 강원도 원주시 단계동 1123,원주시티쇼핑몰,리테일,일반,최근 투자보고서 있음(계속 운용 추정),159484.331585,127.927568787329,37.3457147772209,addr
"원주흥업 B1 | 강원도 원주시 흥업면 
흥업리 1838-0",원주흥업 B1,주택,개발사업,특이공시 있음(계속 공시 가능),7972.0,127.922047036664,37.3003849291162,addr
"원주흥업B-1BL | 강원도 원주시 흥업면 
흥업리 1838-0",원주흥업B-1BL,주택,일반,특이공시 있음(계속 공시 가능),58942.062073,127.922047036664,37.3003849291162,addr
"원주흥업B-1BL | 강원도 원주시 흥업면 _x000D_
흥업리 1838-0",원주흥업B-1BL,주택(공동주택),일반,특이공시 있음(계속 공시 가능),,127.922047036664,37.3003849291162,addr
원주흥업B-1BL | 강원특별자치도 원주시 흥업면 남원로 52-25 (스타클래스엔에이치에프),원주흥업B-1BL,주택(공동주택),일반,특이공시 있음(계속 공시 가능),,127.921683847893,37.3008548394163,addr
"원창동 CJ물류센터 | 인천광역시 서구 원창동 393-45, 46",원창동 CJ물류센터,물류,일반,특이공시 있음(계속 공시 가능),50886.0,126.621778425379,37.5036863236194,addr
"원창동 CJ물류센터 | 인천광역시 서구 원창동 393-45,46",원창동 CJ물류센터,물류,일반,특이공시 있음(계속 공시 가능),,126.621778425379,37.5036863236194,addr
원효로 임대주택 | 서울시 용산구 원효로1가 134번지(원효로97길 15),원효로 임대주택,복합형,일반,최근 투자보고서 있음(계속 운용 추정),,126.969313286262,37.5413307538516,addr
원효로 임대주택 | 서울특별시 용산구 원효로97길 15 (원효로1가),원효로 임대주택,복합시설,개발사업,최근 투자보고서 있음(계속 운용 추정),,126.969372542271,37.5414178959126,addr
"위믹스타워 | 경기도 성남시 _x000D_
대왕판교로 644번길 49",위믹스타워,오피스,일반,특이공시 있음(계속 공시 가능),,127.112312371111,37.4001662034279,addr
위믹스타워 | 경기도 성남시 분당구 대왕판교로644번길 49 (삼평동),위믹스타워,오피스,일반,특이공시 있음(계속 공시 가능),,127.112312371111,37.4001662034279,addr
"위스테이 별내 | 경기도 남양주시 덕송3로 27
 (별내동)",위스테이 별내,주택,일반,최근 투자보고서 있음(계속 운용 추정),150219.0,127.112460953825,37.669569487834,addr
"위스테이 별내 | 경기도 남양주시 덕송3로 27
(별내동)",위스테이 별내,주택,일반,최근 투자보고서 있음(계속 운용 추정),148001.0,127.112460953825,37.669569487834,addr
"위스테이별내 | 경기도 남양주시 덕송3로 27
 (별내동)",위스테이별내,주택,일반,최근 투자보고서 있음(계속 운용 추정),143565.0,127.112460953825,37.669569487834,addr
"위스테이별내 | 경기도 남양주시 덕송3로 27_x000D_
 (별내동 805)",위스테이별내,주택(공동주택),일반,최근 투자보고서 있음(계속 운용 추정),,127.112460953825,37.669569487834,addr
"위스테이별내 | 경기도 남양주시 덕송3로 27_x000D_
 (별내동)",위스테이별내,주택,일반,최근 투자보고서 있음(계속 운용 추정),,127.112460953825,37.669569487834,addr
위스테이별내 | 경기도 남양주시 덕송3로 27_x000D_ (별내동 805),위스테이별내,주택(공동주택),일반,최근 투자보고서 있음(계속 운용 추정),,127.112460953825,37.669569487834,addr
위스테이지축 | 경기도 고양시 덕양구 지정로 110,위스테이지축,주택(공동주택),일반,최근 투자보고서 있음(계속 운용 추정),,126.921882010423,37.6542939782542,addr
위워크타워 | 서울시 강남구 테헤란로 302,위워크타워,오피스,일반,상호·명칭 변경 신호,131057.0,127.043474980423,37.5024293698973,addr
"유진마포빌딩 | 서울특별시 마포구 마포대로 130, 유진마포빌딩 (공덕동)",유진마포빌딩,오피스,일반,특이공시 있음(계속 공시 가능),,126.952989325371,37.5459729185294,addr
"은뜨락 | 서울특별시 은평구 진관동
235-28",은뜨락,주택,일반,최근 투자보고서 있음(계속 운용 추정),40584.0,126.92004563424,37.6298487772722,addr
은뜨락 | 서울특별시 은평구 진관동 235-28,은뜨락,주택,일반,최근 투자보고서 있음(계속 운용 추정),44682.0,126.92004563424,37.6298487772722,addr
"은뜨락 | 서울특별시 은평구 진관동_x000D_
235-28",은뜨락,주택,일반,최근 투자보고서 있음(계속 운용 추정),,126.92004563424,37.6298487772722,addr
"은평구 대조동 221-43외1필지 | 서울특별시 은평구 대조동 221-43,46",은평구 대조동 221-43외1필지,기타,일반,특이공시 있음(계속 공시 가능),,126.919057034891,37.6147601718722,addr
을지트윈타워 | 서울 중구 을지로 170,을지트윈타워,복합형,일반,조직개편 신호,,126.99732748195,37.5661391831606,addr
을지트윈타워 | 서울특별시 중구 을지로 170 (을지로4가),을지트윈타워,복합시설,일반,조직개편 신호,,126.99732748195,37.5661391831606,addr
응암10구역 | 서울 은평구 응암동 767(응암로30길 16),응암10구역,주택(공동주택),일반,최근 투자보고서 있음(계속 운용 추정),,126.9208808264,37.5950594635753,addr
응암11구역 | 서울 은평구 응암동 768(응암로30길 15),응암11구역,주택(공동주택),일반,최근 투자보고서 있음(계속 운용 추정),,126.922047341972,37.5962667571824,addr
응암1구역 | 서울 은평구 응암동 770(은평로 240),응암1구역,주택(공동주택),일반,최근 투자보고서 있음(계속 운용 추정),,126.934685022167,37.5992916659593,addr
"응암2구역 | 서울 은평구 응암동 36,37,53번지",응암2구역,주택,일반,최근 투자보고서 있음(계속 운용 추정),21569.24,126.932100328675,37.6005343853249,poi
"응암2구역 | 서울 은평구 응암동 769, 769-1(은평로 220)",응암2구역,주택(공동주택),일반,최근 투자보고서 있음(계속 운용 추정),,126.930904468222,37.5992189656793,addr
의왕고천A-1BL | 경기도 의왕시 고천동 일원,의왕고천A-1BL,주택,일반,청산 공시이력+최근보고서(재확인),,126.931582182074,37.3594204695819,poi
의왕고천A-1BL | 경기도 의왕시 행복마을3로 18,의왕고천A-1BL,주택(공동주택),개발사업,청산 공시이력+최근보고서(재확인),,126.974694586976,37.3422928616258,addr
"의정부고산 S-1 BL | 경기도 의정부시 입암로 13 (고산동, 한신더휴고산NHF)",의정부고산 S-1 BL,주택(공동주택),일반,특이공시 있음(계속 공시 가능),,127.11839640741,37.7455337959645,addr
의정부고산 S-4 | 경기도 의정부시 서광로 186,의정부고산 S-4,주택,일반,특이공시 있음(계속 공시 가능),,127.112726000265,37.733247885213,addr
"의정부고산 S-4 | 경기도 의정부시 서광로 186 (산곡동, 쌍용더플래티넘고산엔에이치에프)",의정부고산 S-4,주택(공동주택),일반,특이공시 있음(계속 공시 가능),,127.112726000265,37.733247885213,addr
의정부고산 S-5 | 경기도 의정부시 서광로 166,의정부고산 S-5,주택,일반,특이공시 있음(계속 공시 가능),,127.112493247459,37.7313950823013,addr
"의정부고산 S-5 | 경기도 의정부시 서광로 166 (산곡동, 고산센트레빌엔에이치에프)",의정부고산 S-5,주택(공동주택),일반,특이공시 있음(계속 공시 가능),,127.112493247459,37.7313950823013,addr
의정부고산S2-1BL | 경기도 의정부시 입암로 14,의정부고산S2-1BL,주택(공동주택),개발사업,청산 공시이력+최근보고서(재확인),,127.11727897405,37.743699190384,addr
의정부민락 | 경기도 의정부시 낙양동 758,의정부민락,주택,일반,특이공시 있음(계속 공시 가능),163323.34840599998,127.108963813615,37.7537911606027,addr
"의정부민락(2)B-9 | 경기도 의정부시 
낙양동 746",의정부민락(2)B-9,주택,일반,특이공시 있음(계속 공시 가능),190978.0,127.114979094968,37.7567880972435,addr
"의정부민락(2)B-9 | 경기도 의정부시 _x000D_
낙양동 746",의정부민락(2)B-9,주택,일반,특이공시 있음(계속 공시 가능),,127.114979094968,37.7567880972435,addr
"의정부민락(2)B-9 | 경기도 의정부시 용민로 419_x000D_
(낙양동, 라디언트캐슬)",의정부민락(2)B-9,주택(공동주택),일반,특이공시 있음(계속 공시 가능),,127.114317681533,37.7559404807559,addr
"의정부민락2 B-9BL | 경기도 의정부시 
낙양동 746",의정부민락2 B-9BL,주택,일반,특이공시 있음(계속 공시 가능),198561.0,127.114979094968,37.7567880972435,addr
"의정부민락2B-9BL | 경기도 의정부시 
낙양동 746",의정부민락2B-9BL,주택,일반,특이공시 있음(계속 공시 가능),195804.0,127.114979094968,37.7567880972435,addr
의정부민락B-3BL | 경기도 의정부시 낙양동 758,의정부민락B-3BL,주택(공동주택),개발사업,특이공시 있음(계속 공시 가능),,127.108963813615,37.7537911606027,addr
이든채 | 서울특별시 양천구 신정동 1320-8,이든채,주택,일반,최근 투자보고서 있음(계속 운용 추정),,126.834109896291,37.5128875042998,addr
이랜드PEER둔산 | 대전광역시 서구 둔산동 928번지,이랜드PEER둔산,복합형,개발사업,특이공시 있음(계속 공시 가능),177746.0,127.389675150653,36.3583021476738,addr
"이랜드리테일
통합물류센터 | 충남 천안시 동남구
풍세면 용정리 976","이랜드리테일
통합물류센터",물류,일반,최근 투자보고서 있음(계속 운용 추정),154235.0,127.104587074556,36.7307004058177,addr
"이랜드리테일
통합물류센터 | 충남 천안시 동남구 
풍세면 용정리 976","이랜드리테일
통합물류센터",물류,일반,최근 투자보고서 있음(계속 운용 추정),157287.0,127.104587074556,36.7307004058177,addr
"이랜드리테일
통합물류센터 | 충청남도 천안시 동남구 
풍세면 용정리 976","이랜드리테일
통합물류센터",물류,일반,최근 투자보고서 있음(계속 운용 추정),155252.0,127.104587074556,36.7307004058177,addr
"이랜드리테일 
통합물류센터 | 충청남도 천안시 동남구 
풍세면 용정리 976","이랜드리테일 
통합물류센터",물류,일반,최근 투자보고서 있음(계속 운용 추정),147588.0,127.104587074556,36.7307004058177,addr
"이랜드리테일 _x000D_
통합물류센터 | 충청남도 천안시 동남구 _x000D_
풍세면 용정리 976","이랜드리테일 _x000D_
통합물류센터",물류,일반,최근 투자보고서 있음(계속 운용 추정),,127.104587074556,36.7307004058177,addr
이랜드리테일 통합물류센터 | 충청남도 천안시 동남구 풍세면 용정리 976,이랜드리테일 통합물류센터,물류,일반,최근 투자보고서 있음(계속 운용 추정),,127.104587074556,36.7307004058177,addr
"이랜드패션
통합물류센터 | 충청남도 천안시 
풍세면 용정리 995","이랜드패션
통합물류센터",물류,일반,청산·종료 관련 신호,166809.0,127.0992794565,36.731560657677,addr
"이랜드패션
통합물류센터 | 충청남도 천안시 풍세면 용정리 995","이랜드패션
통합물류센터",물류,일반,청산·종료 관련 신호,160326.0,127.0992794565,36.731560657677,addr
이랜드패션 통합물류센터 | 충청남도 천안시 풍세면 용정리 995,이랜드패션 통합물류센터,물류,일반,청산·종료 관련 신호,177419.0,127.0992794565,36.731560657677,addr
"이랜드패션_x000D_
통합물류센터 | 충청남도 천안시 풍세면 용정리 995","이랜드패션_x000D_
통합물류센터",물류,일반,청산·종료 관련 신호,,127.0992794565,36.731560657677,addr
"이랜드피어 대명 | 대구광역시 남구 명덕로 148 (대명동, 이랜드 PEER 대명 2단지)",이랜드피어 대명,주택(준주택),개발사업,최근 투자보고서 있음(계속 운용 추정),,128.586419118716,35.8562898029312,addr
"이레빌딩 | 서울특별시 영등포구 
선유동 2로 57",이레빌딩,오피스,일반,특이공시 있음(계속 공시 가능),327989.0,126.896882129276,37.5338259242698,addr
"이레빌딩 | 서울특별시 영등포구 _x000D_
선유동 2로 57",이레빌딩,오피스,일반,특이공시 있음(계속 공시 가능),,126.896882129276,37.5338259242698,addr
이베데스다3호 | 대전광역시 서구 둔산동 928번지,이베데스다3호,복합형,개발사업,특이공시 있음(계속 공시 가능),72000.0,127.389675150653,36.3583021476738,addr
이베데스다제3호 | 대전광역시 서구 둔산동 928번지,이베데스다제3호,복합형,개발사업,특이공시 있음(계속 공시 가능),37706.0,127.389675150653,36.3583021476738,addr
이산냉동물류창고 | 경기도 용인시 처인구 백암면 박곡리 720-19,이산냉동물류창고,물류,일반,최근 투자보고서 있음(계속 운용 추정),,127.393075367159,37.1593741016379,addr
이천7(이천대월) | 경기도 이천시 대월면 부필리 309,이천7(이천대월),물류,일반,특이공시 있음(계속 공시 가능),,127.511572773773,37.2269618610955,addr
이천국제물류창고시설 | 경기도 이천시 설성면 진상미로 264번길 21-19,이천국제물류창고시설,물류,일반,청산·종료 관련 신호,20445.0,127.53715671976,37.1076505478712,addr
이천물류센터2 | 경기도 이천시 호법면 덕평로 472-96,이천물류센터2,물류,일반,특이공시 있음(계속 공시 가능),,127.391823479778,37.2056356631042,addr
이천물류센터3 | 경기도 이천시 호법면 덕평로 472-67,이천물류센터3,물류,일반,특이공시 있음(계속 공시 가능),,127.390369880283,37.2079126279408,addr
"이천물류센터6 | 경기도 이천시 백사면 조
읍리 250",이천물류센터6,물류,일반,특이공시 있음(계속 공시 가능),120132.0,127.481904993361,37.3296219569088,addr
"이천물류센터6 | 경기도 이천시 백사면 조_x000D_
읍리 250",이천물류센터6,물류,일반,특이공시 있음(계속 공시 가능),,127.481904993361,37.3296219569088,addr
이천물류센터8 | 경기도 이천시 마장면 서이천로 201,이천물류센터8,물류,일반,특이공시 있음(계속 공시 가능),,127.376948815914,37.2536422574555,addr
이천물류센터8 | 경기도 이천시 마장면 이치리 253-1,이천물류센터8,물류,일반,특이공시 있음(계속 공시 가능),,127.377350457562,37.2537595547889,addr
이편한세상문래 에듀플라츠 | 서울시 영등포구 문래동 6가 58번지,이편한세상문래 에듀플라츠,복합형,일반,특이공시 있음(계속 공시 가능),,126.885451495918,37.5200142089798,addr
"이편한세상문래 에듀플라츠 근린생활시설 | 서울특별시 영등포구 선유서로 50, 근린생활시설 (문래동6가, e편한세상 문래 에듀플라츠)",이편한세상문래 에듀플라츠 근린생활시설,리테일,일반,특이공시 있음(계속 공시 가능),,126.8852629,37.520252341103,addr
"이편한세상문래 에듀플라츠 임대주택 | 서울특별시 영등포구 선유서로 50, 102동 (문래동6가 e편한세상 문래 에듀플라츠)",이편한세상문래 에듀플라츠 임대주택,주택(공동주택),일반,특이공시 있음(계속 공시 가능),,126.8852629,37.520252341103,addr
인천 검단 AB5BL | 인천광역시 서구 당하동 205-0,인천 검단 AB5BL,주택,개발사업,최근 투자보고서 있음(계속 운용 추정),277379.0,126.662249377809,37.5827355410261,addr
인천 스퀘어원 | 인천광역시 연수구 동춘동 926,인천 스퀘어원,리테일,일반,특이공시 있음(계속 공시 가능),353132.370348,126.683613830349,37.4059408363388,addr
"인천 항동_x000D_
드림물류센터 | 인천광역시 중구 항동 7가 104-7","인천 항동_x000D_
드림물류센터",물류,일반,최근 투자보고서 있음(계속 운용 추정),,126.618492522308,37.44255590301,addr
인천가정8 | 인천 서구 봉오재1로 49,인천가정8,주택(공동주택),일반,상호·명칭 변경 신호,,126.667094144179,37.5239415144338,addr
"인천서창 
꿈에그린 | 인천광역시 남동구 
서창동 서창 2지구 13BL","인천서창 
꿈에그린",주택,일반,최근 투자보고서 있음(계속 운용 추정),290910.0,126.756205486044,37.4455127586073,addr
"인천서창 꿈에그린 | 인천광역시 남동구 
서창동 서창 2지구 13BL",인천서창 꿈에그린,주택,일반,최근 투자보고서 있음(계속 운용 추정),283685.0,126.756205486044,37.4455127586073,addr
인천서창 꿈에그린 | 인천광역시 남동구 운연천로 11,인천서창 꿈에그린,주택(공동주택),일반,최근 투자보고서 있음(계속 운용 추정),,126.756274979185,37.4309503626417,addr
인천서창2 | 인천광역시 남동구 서창동 676,인천서창2,주택,일반,상호·명칭 변경 신호,185926.0,126.743400570468,37.4281885376027,addr
인천서창2지구 | 인천광역시 남동구 서창동 676,인천서창2지구,주택,일반,상호·명칭 변경 신호,,126.743400570468,37.4281885376027,addr
"인천영종 A-9BL 공공지원민간임대주택 | 인천광역시
중구 운서동 3106-1",인천영종 A-9BL 공공지원민간임대주택,주택,개발사업,특이공시 있음(계속 공시 가능),76141.99462,126.503978900076,37.4842850305278,addr
"인천영종 A-9BL 공공지원민간임대주택 | 인천광역시_x000D_
중구 운서동 3106-1",인천영종 A-9BL 공공지원민간임대주택,주택(공동주택),개발사업,특이공시 있음(계속 공시 가능),,126.503978900076,37.4842850305278,addr
인천영종A-28BL | 인천광역시 중구 중산동 1871-1,인천영종A-28BL,주택,개발사업,청산·종료 관련 신호,3762.0,126.5515669266,37.4882543955089,addr
인천영종A-49BL | 인천광역시 중구 두미포로 140,인천영종A-49BL,주택(공동주택),개발사업,청산 공시이력+최근보고서(재확인),,126.570084357915,37.4945850057305,addr
인천회관 | 인천광역시 남동구 간석동 172-1 등,인천회관,오피스,일반,특이공시 있음(계속 공시 가능),,126.710940834007,37.4652030285917,addr
인천회관 | 인천광역시 남동구 백범로 357 (간석동),인천회관,오피스,일반,특이공시 있음(계속 공시 가능),,126.710789898686,37.4652991572899,addr
일산2차 IPARK | 경기도 고양시 일산동구 중산동 1842,일산2차 IPARK,주택,일반,최근 투자보고서 있음(계속 운용 추정),,126.783467865681,37.6778775017609,addr
"임차권 | 서울시 강남구 언주로 711, 9층",임차권,오피스,권리(사용권 등)에 관련된 부동산,특이공시 있음(계속 공시 가능),70.0,127.033430008152,37.5170777485054,addr
"임차권 | 서울시 강남구 언주로711, 9층",임차권,오피스,권리(사용권 등)에 관련된 부동산,특이공시 있음(계속 공시 가능),56.0,127.033430008152,37.5170777485054,addr
잠실시그마타워 | 서울시 송파구 신천동 7-19 시그마타워,잠실시그마타워,오피스,일반,청산·종료 관련 신호,140457.20965,127.102520455295,37.5146223066094,addr
장교동 사옥 | 서울특별시 중구 삼일대로 363 (장교동),장교동 사옥,오피스,일반,특이공시 있음(계속 공시 가능),,126.987052299704,37.5671565387212,addr
장교동사옥 | 서울시 중구 장교동 1,장교동사옥,오피스,일반,특이공시 있음(계속 공시 가능),,126.986576065264,37.5673772295102,addr
장위1구역 | 서울 성북구 장위동 322(장월로 160),장위1구역,주택(공동주택),일반,최근 투자보고서 있음(계속 운용 추정),,127.053308726309,37.61800187915,addr
장위2구역 | 서울 성북구 장위동 319(돌곶이로 220),장위2구역,주택(공동주택),일반,최근 투자보고서 있음(계속 운용 추정),,127.046108919378,37.6197814798825,addr
장위4구역 | 서울 장위동 62-1번지 일대,장위4구역,주택(공동주택),일반,최근 투자보고서 있음(계속 운용 추정),,127.056587326538,37.6135909157727,addr
장위5구역 | 서울 성북구 장위동 320(한천로 713),장위5구역,주택(공동주택),일반,최근 투자보고서 있음(계속 운용 추정),,127.051434874575,37.6200557016344,addr
장위7구역 | 서울 성북구 장위동 323(돌곶이로40길 46),장위7구역,주택(공동주택),일반,최근 투자보고서 있음(계속 운용 추정),,127.048959777301,37.6186615749397,addr
전남구례 | 전라남도 구례군 산동면 구만제로 854-43,전남구례,주택(단독주택),개발사업,특이공시 있음(계속 공시 가능),,127.431959185541,35.2994341308626,addr
전남구례 | 전라남도 구례군 산동면 외산리 377-3 일원,전남구례,주택,개발사업,특이공시 있음(계속 공시 가능),139.135149,127.431537535404,35.2987894723611,addr
전남구례 | 전라남도 구례군 산동면 외산리377-3일원,전남구례,주택(단독주택),개발사업,특이공시 있음(계속 공시 가능),,127.431537535404,35.2987894723611,addr
"전농동 역세권 청년주택사업 | 동대문구 전농동 127-359,360,379",전농동 역세권 청년주택사업,주택,개발사업,특이공시 있음(계속 공시 가능),,127.050917273005,37.5805784785406,addr
전북회관 | 전북특별자치도 전주시 완산구 서신동 769-1,전북회관,복합시설,일반,특이공시 있음(계속 공시 가능),,127.122157754345,35.8332971929119,addr
전북회관 | 전북특별자치도 전주시 완산구 온고을로 1 (서신동),전북회관,복합시설,일반,특이공시 있음(계속 공시 가능),,127.122120211139,35.8333539202061,addr
전주효천A3 | 전라북도 전주시 완산구 효천중앙로 50,전주효천A3,주택,일반,특이공시 있음(계속 공시 가능),,127.106620233395,35.7982588765775,addr
"전주효천A3 | 전북특별자치도 전주시 완산구 효천중앙로 50 (효자동2가, 리버클래스)",전주효천A3,주택(공동주택),일반,특이공시 있음(계속 공시 가능),,127.106620233395,35.7982588765775,addr
정원드림스페이스 | 서울시 송파구 풍납동 397-19,정원드림스페이스,주택(공동주택),일반,상호·명칭 변경 신호,,127.11583217309,37.5285659881867,addr
정원드림스페이스 | 서울특별시 송파구 풍납동 397-19,정원드림스페이스,주택,일반,상호·명칭 변경 신호,,127.11583217309,37.5285659881867,addr
제일풍경채 옥정 | 경기도 양주시 옥정동 1096,제일풍경채 옥정,주택,일반,특이공시 있음(계속 공시 가능),348385.310281,127.092631396366,37.8122800269172,addr
제일풍경채 하남감일 | 경기도 하남시 감일백제로 165,제일풍경채 하남감일,주택(공동주택),일반,조직개편 신호,,127.154417274503,37.506536837565,addr
"제주 애월 쿠팡 _x000D_
풀필먼트센터 | 제주특별자치도 제주시 애월읍 장전로 33","제주 애월 쿠팡 _x000D_
풀필먼트센터",물류,일반,특이공시 있음(계속 공시 가능),,126.38145270382,33.4535333107357,addr
"제주 애월 쿠팡_x000D_
풀필먼트센터 | 제주특별자치도 제주시 애월읍 장전로 33","제주 애월 쿠팡_x000D_
풀필먼트센터",물류,일반,특이공시 있음(계속 공시 가능),,126.38145270382,33.4535333107357,addr
제주 연동 공공지원 민간임대주택 개발사업 | 제주특별자치도 제주시 연동 261-23,제주 연동 공공지원 민간임대주택 개발사업,주택,개발사업,최근 투자보고서 있음(계속 운용 추정),66947.0,126.488676527254,33.489613563537,addr
"제주 연동 하우스디어반
(제주 연동 공공지원 민간임대주택 개발사업) | 제주특별자치도 제주시 연동
261-23","제주 연동 하우스디어반
(제주 연동 공공지원 민간임대주택 개발사업)",주택,개발사업,최근 투자보고서 있음(계속 운용 추정),65503.0,126.488676527254,33.489613563537,addr
"제주 연동 하우스디어반
(제주 연동 공공지원 민간임대주택 개발사업) | 제주특별자치도 제주시 연동 261-23","제주 연동 하우스디어반
(제주 연동 공공지원 민간임대주택 개발사업)",주택,개발사업,최근 투자보고서 있음(계속 운용 추정),64425.0,126.488676527254,33.489613563537,addr
"제주 연동 하우스디어반
(제주 연동 공공지원 민간임대주택사업) | 제주특별자치도 제주시 연동 261-23","제주 연동 하우스디어반
(제주 연동 공공지원 민간임대주택사업)",주택,개발사업,최근 투자보고서 있음(계속 운용 추정),64245.0,126.488676527254,33.489613563537,addr
"제주 연동 하우스디어반_x000D_
(제주 연동 공공지원 민간임대주택 개발사업) | 제주특별자치도 제주시 연동 261-23","제주 연동 하우스디어반_x000D_
(제주 연동 공공지원 민간임대주택 개발사업)",주택(준주택),일반,최근 투자보고서 있음(계속 운용 추정),,126.488676527254,33.489613563537,addr
제주삼화1-1 | 제주시 화삼북로 87,제주삼화1-1,주택(공동주택),일반,상호·명칭 변경 신호,,126.58195546322,33.5176768186402,addr
제천강저 | 충북 제천시 영천동 2234,제천강저,주택,일반,특이공시 있음(계속 공시 가능),95449.0,128.208077698928,37.1242297566792,addr
제천강저B-2 | 충북 제천시 영천동 2234,제천강저B-2,주택,일반,특이공시 있음(계속 공시 가능),,128.208077698928,37.1242297566792,addr
제천강저B-2 | 충청북도 제천시 청풍호로7길 76 (영천동),제천강저B-2,주택(공동주택),일반,특이공시 있음(계속 공시 가능),,128.208526604575,37.1236389845901,addr
"종로구 평창동 281-3외 14개필지 | 서울특별시 종로구 평창동 274-9,274-12,279,281-1,281-3,284-2,285-4,290-17,281-2,281-4,275-3,275-5,278-1,278-3,281-5",종로구 평창동 281-3외 14개필지,주택,일반,특이공시 있음(계속 공시 가능),22124.0,126.965381304064,37.6040718023367,addr
종로타워 | 서울 종로구 종로51,종로타워,복합형,일반,특이공시 있음(계속 공시 가능),657237.668589,126.983611410428,37.5707451369668,addr
종로타워 | 서울시 중구 세종대로 136,종로타워,복합시설,일반,특이공시 있음(계속 공시 가능),,126.97825653257,37.5684232177354,addr
종로타워 | 서울특별시 종로구 종로 51,종로타워,복합시설,일반,특이공시 있음(계속 공시 가능),,126.983611410428,37.5707451369668,addr
"좋은사람들빌딩
(카카오프렌즈 빌딩) | 서울특별시 마포구 양화로 162","좋은사람들빌딩
(카카오프렌즈 빌딩)",오피스,일반,청산 공시이력+최근보고서(재확인),134567.0,126.923881224788,37.5564135550031,addr
좋은사람들빌딩 | 서울특별시 마포구 양화로 162,좋은사람들빌딩,리테일,일반,청산 공시이력+최근보고서(재확인),,126.923881224788,37.5564135550031,addr
죽전 물류센터 | 경기도 용인시 수지구 죽전동 1351번지,죽전 물류센터,물류,일반,조직개편 신호,,127.128856211634,37.3299441681479,addr
죽전 물류센터 | 경기도 용인시 수지구 죽전로 228 (죽전동),죽전 물류센터,물류,일반,조직개편 신호,,127.128804068201,37.3299359354333,addr
죽전 물류센터 | 인천광역시 서구 원창동 394-20 일원,죽전 물류센터,물류,일반,조직개편 신호,20848.0,126.616847403467,37.5037945001933,addr
중동 사옥 | 경기도 부천시 원미구 신흥로 179 (중동),중동 사옥,오피스,일반,특이공시 있음(계속 공시 가능),,126.77659275834,37.499687446698,addr
"중랑구 망우동 525-23외  3필지 | 서울특별시 중랑구 망우동525-9,11,21,23",중랑구 망우동 525-23외  3필지,주택,일반,특이공시 있음(계속 공시 가능),4628.0,127.094427906251,37.5902557442272,addr
"중랑구 망우동 525-9외3필지 | 서울특별시 중랑구 망우동525-9,11,21,23",중랑구 망우동 525-9외3필지,기타,일반,특이공시 있음(계속 공시 가능),,127.094427906251,37.5902557442272,addr
"중랑구망우동525-23외3 | 서울시 중랑구 망우동525-9,11,21,23",중랑구망우동525-23외3,주택,일반,특이공시 있음(계속 공시 가능),4628.0,127.094427906251,37.5902557442272,addr
중앙유통단지 제업무비동 | 서울특별시 구로구 경인로53길 15,중앙유통단지 제업무비동,오피스,일반,특이공시 있음(계속 공시 가능),,126.876117278882,37.5020321024364,addr
"쥬디스태화 본관빌딩
(2층~5층) | 부산 부산진구
중앙대로 694","쥬디스태화 본관빌딩
(2층~5층)",리테일,일반,청산 공시이력+최근보고서(재확인),,129.059622391915,35.1547273493547,addr
"쥬디스태화 본관빌딩(2층~5층) | 부산 부산진구
중앙대로 694",쥬디스태화 본관빌딩(2층~5층),리테일,일반,청산 공시이력+최근보고서(재확인),21486.0,129.059622391915,35.1547273493547,addr
"쥬디스태화 본관빌딩_x000D_
(2층~5층) | 부산 부산진구_x000D_
중앙대로 694","쥬디스태화 본관빌딩_x000D_
(2층~5층)",리테일,일반,청산 공시이력+최근보고서(재확인),,129.059622391915,35.1547273493547,addr
"지상권
(여의도동 27-2번지
업무시설 신축공사) | 서울시 영등포구 여의도동 27-2번지","지상권
(여의도동 27-2번지
업무시설 신축공사)",오피스,권리(사용권 등)에 관련된 부동산,최근 투자보고서 있음(계속 운용 추정),2562.951235,126.922836712516,37.5215184101846,addr
"지상권_x000D_
(여의도동 27-2번지 업무시설) | 서울시 영등포구 여의도동 27-2","지상권_x000D_
(여의도동 27-2번지 업무시설)",오피스,권리(사용권 등)에 관련된 부동산,최근 투자보고서 있음(계속 운용 추정),2505386578.0,126.922836712516,37.5215184101846,addr
"지상권_x000D_
(여의도동 27-2번지 업무시설) | 서울특별시 영등포구 _x000D_
의사당대로 96","지상권_x000D_
(여의도동 27-2번지 업무시설)",오피스,권리(사용권 등)에 관련된 부동산,최근 투자보고서 있음(계속 운용 추정),2486198359.0,126.92294256449,37.521547851978,addr
"지상권_x000D_
(여의도동 27-2번지 업무시설) | 서울특별시 영등포구 의사당대로 96","지상권_x000D_
(여의도동 27-2번지 업무시설)",오피스,권리(사용권 등)에 관련된 부동산,최근 투자보고서 있음(계속 운용 추정),2486198359.0,126.92294256449,37.521547851978,addr
"지상권_x000D_
(여의도동 27-2번지_x000D_
업무시설 신축공사) | 서울시 영등포구 여의도동 27-2번지","지상권_x000D_
(여의도동 27-2번지_x000D_
업무시설 신축공사)",오피스,권리(사용권 등)에 관련된 부동산,최근 투자보고서 있음(계속 운용 추정),2524.0,126.922836712516,37.5215184101846,addr
지웰홈스 서초 | 서울특별시 서초구 반포대로 28길 94(서초동),지웰홈스 서초,주택,일반,최근 투자보고서 있음(계속 운용 추정),51211.0,127.01334924762,37.4919412408099,addr
"지웰홈스 서초동 임대형 
주거 복합시설 | 서울시 서초구 반포대로
28길 94","지웰홈스 서초동 임대형 
주거 복합시설",주택,일반,최근 투자보고서 있음(계속 운용 추정),49387.0,127.01334924762,37.4919412408099,addr
"지웰홈스 서초동 임대형 _x000D_
주거 복합시설 | 서울시 서초구 반포대로_x000D_
28길 94","지웰홈스 서초동 임대형 _x000D_
주거 복합시설",주택,일반,최근 투자보고서 있음(계속 운용 추정),,127.01334924762,37.4919412408099,addr
"지웰홈스 서초동 임대형 주거 복합시설 | 서울시 서초구 반포대로_x000D_
28길 94",지웰홈스 서초동 임대형 주거 복합시설,주택(공동주택),일반,최근 투자보고서 있음(계속 운용 추정),,127.01334924762,37.4919412408099,addr
"진양상가 1008호 | 서울 중구 충무로4가
120-3, 인현동2가 192-31",진양상가 1008호,주택,일반,최근 투자보고서 있음(계속 운용 추정),528.0,126.995939188779,37.562402711937,addr
"진양상가 1008호 | 서울 중구 충무로4가_x000D_
120-3, 인현동2가 192-31",진양상가 1008호,주택(공동주택),일반,최근 투자보고서 있음(계속 운용 추정),,126.995939188779,37.562402711937,addr
"진양상가 1652호 | 서울 중구 충무로4가
120-3, 인현동2가 192-31",진양상가 1652호,주택,일반,최근 투자보고서 있음(계속 운용 추정),517.0,126.995939188779,37.562402711937,addr
"진양상가 1652호 | 서울 중구 충무로4가_x000D_
120-3, 인현동2가 192-31",진양상가 1652호,주택(공동주택),일반,최근 투자보고서 있음(계속 운용 추정),,126.995939188779,37.562402711937,addr
"진양상가 912호 | 서울 중구 충무로4가
120-3, 인현동2가 192-31",진양상가 912호,주택,일반,최근 투자보고서 있음(계속 운용 추정),373.0,126.995939188779,37.562402711937,addr
"진양상가 912호 | 서울 중구 충무로4가_x000D_
120-3, 인현동2가 192-31",진양상가 912호,주택(공동주택),일반,최근 투자보고서 있음(계속 운용 추정),,126.995939188779,37.562402711937,addr
진우리 물류센터 | 경기도 광주시 도척면 도척로 401-85,진우리 물류센터,물류,일반,특이공시 있음(계속 공시 가능),,127.342271714367,37.3146942882603,addr
진우리 물류센터 | 경기도 광주시 도척면 진우리 1005-1,진우리 물류센터,물류,일반,특이공시 있음(계속 공시 가능),126065.0,127.342422966062,37.3146384373362,addr
창동(창업아우르네) | 서울 도봉구 창동 1-8(마들로13길 84),창동(창업아우르네),주택,일반,최근 투자보고서 있음(계속 운용 추정),5995.237874,127.048014262223,37.6553690867087,addr
창동(창업아우르네) | 서울시 도봉구 창동 1-8,창동(창업아우르네),주택,일반,최근 투자보고서 있음(계속 운용 추정),6002.37,127.048014262223,37.6553690867087,addr
창동아우르네(창업) | 서울 도봉구 창동 1-8(마들로13길 84),창동아우르네(창업),주택(공동주택),일반,최근 투자보고서 있음(계속 운용 추정),,127.048014262223,37.6553690867087,addr
"창원가포S-1BL | 경상남도 창원시 마산합포구 가포본동1길 50 (가포동, 가포금호어울림엔에이치에프)",창원가포S-1BL,주택(공동주택),일반,특이공시 있음(계속 공시 가능),,128.578260052117,35.1562651346038,addr
"창원일반 | 경상남도 창원시 대산면 
제동리 825",창원일반,주택,일반,특이공시 있음(계속 공시 가능),85039.0,128.706463455917,35.3296575215625,addr
"창원일반산단Z | 경상남도 창원시 대산면 
제동리 825",창원일반산단Z,주택,일반,특이공시 있음(계속 공시 가능),77602.0,128.706463455917,35.3296575215625,addr
"창원일반산단Z | 경상남도 창원시 대산면 _x000D_
제동리 825",창원일반산단Z,주택,일반,특이공시 있음(계속 공시 가능),,128.706463455917,35.3296575215625,addr
창원일반산단Z | 경상남도 창원시 대산면 제동리 825,창원일반산단Z,주택,일반,특이공시 있음(계속 공시 가능),83493.0,128.706463455917,35.3296575215625,addr
창원일반산단Z | 경상남도 창원시 의창구 대산면 주남로 514 (엔에이치에프 창원대산 1단지),창원일반산단Z,주택(공동주택),일반,특이공시 있음(계속 공시 가능),,128.705930543685,35.3293698109171,addr
창원자은 | 경상남도 창원시 진해구 자은동 108,창원자은,주택,일반,특이공시 있음(계속 공시 가능),153894.0,128.715884363528,35.1575512709078,addr
"창원자은3S-1 | 경상남도 창원시 진해구 냉천로 189 (자은동, 센트럴 빌리지)",창원자은3S-1,주택(공동주택),일반,특이공시 있음(계속 공시 가능),,128.716966465809,35.1568403727538,addr
창원자은3S-1 | 경상남도 창원시 진해구 자은동 108,창원자은3S-1,주택,일반,특이공시 있음(계속 공시 가능),,128.715884363528,35.1575512709078,addr
창조혁신캠퍼스  성사 | 경기도 고양시 덕양구 고양대로 1415 (성사동),창조혁신캠퍼스  성사,주택(공동주택),일반,특이공시 있음(계속 공시 가능),,126.841400997902,37.6537831910422,addr
"창조혁신캠퍼스 성사 | 경기도 고양시 덕양구 _x000D_
성사동 877",창조혁신캠퍼스 성사,주택(공동주택),일반,특이공시 있음(계속 공시 가능),,126.841456821015,37.6538042589537,addr
"천안두정대림_x000D_
아크로텔 | 충청남도 천안시 서북구 두정동 1464번지 일대","천안두정대림_x000D_
아크로텔",주택(준주택),일반,특이공시 있음(계속 공시 가능),,127.142135477628,36.8316991730586,addr
"천안두정대림아크로텔 | 충청남도 천안시 서북구
두정동 1464",천안두정대림아크로텔,주택,일반,특이공시 있음(계속 공시 가능),61589.0,127.142135477628,36.8316991730586,addr
천안두정대림아크로텔 | 충청남도 천안시 서북구 두정동 1464번지 일대,천안두정대림아크로텔,주택(준주택),일반,특이공시 있음(계속 공시 가능),,127.142135477628,36.8316991730586,addr
천안물류센터1 | 충청남도 천안시 동남구 수신면 신풍리 153-4,천안물류센터1,물류,일반,특이공시 있음(계속 공시 가능),,127.267712936752,36.74471197972,addr
천안역세권 | 충청남도 천안시 서북구 와촌동,천안역세권,복합형,일반,특이공시 있음(계속 공시 가능),,127.143556370214,36.8071204375456,addr
천왕2지구2단지 | 서울시 구로구 천왕동 281,천왕2지구2단지,주택,일반,최근 투자보고서 있음(계속 운용 추정),,126.844803139606,37.4833077901474,addr
"천왕2지구2단지 | 서울특별시 구로구 오리로 1102-10(천왕동, 천왕연지타운2단지)",천왕2지구2단지,주택(공동주택),일반,최근 투자보고서 있음(계속 운용 추정),,126.84334132511,37.4840144134269,addr
"천왕이펜하우스2단지 | 서울특별시 구로구 천왕로 92(천왕동, 천왕이펜하우스2단지)",천왕이펜하우스2단지,주택(공동주택),일반,최근 투자보고서 있음(계속 운용 추정),,126.838086363908,37.4852288247652,addr
"천왕이펜하우스3단지 | 서울특별시 구로구 천왕로 56(천왕동, 천왕 이펜하우스 3단지)",천왕이펜하우스3단지,주택(공동주택),일반,최근 투자보고서 있음(계속 운용 추정),,126.838914729764,37.48305321277,addr
천왕이펜하우스5단지 | 서울시 성북구 종암로 167,천왕이펜하우스5단지,주택,일반,최근 투자보고서 있음(계속 운용 추정),54590.0,127.030928150119,37.6050371568783,addr
"천왕이펜하우스5단지 | 서울특별시 구로구 천왕로 10(천왕동, 천왕 이펜하우스 5단지)",천왕이펜하우스5단지,주택(공동주택),일반,최근 투자보고서 있음(계속 운용 추정),,126.842162072714,37.480726327426,addr
천호역효성해링턴타워 | 서울시 강동구 성내동 609,천호역효성해링턴타워,복합시설,개발사업,조직개편 신호,,127.123185062155,37.5359614393341,addr
청남빌딩 | 서울특별시 서초구 동작대로 204,청남빌딩,오피스,일반,조직개편 신호,,126.983287781467,37.4946896055276,addr
청라스포월드 | 인천광역시 서구 청라동 9-93 청라스포월드,청라스포월드,리테일,일반,특이공시 있음(계속 공시 가능),,126.647396634815,37.5414915372088,addr
청량 | 서울특별시 동대문구 청량리동 368,청량,오피스,일반,청산·종료 관련 신호,20511.0,127.043986789774,37.5855435754479,addr
청주동남 | 충북 청주시 상당구 일원,청주동남,주택(공동주택),개발사업,특이공시 있음(계속 공시 가능),,127.485168573555,36.6709387884897,poi
"청주동남A-4BL | 충청북도 청주시 상당구 동남로 187 (용암동, 청주동남파밀리에NHF4단지)",청주동남A-4BL,주택(공동주택),개발사업,특이공시 있음(계속 공시 가능),,127.522015002399,36.6101642240563,addr
청주문화상업시설 | 충북 청주시 청원구 내덕동 201-1,청주문화상업시설,리테일,일반,최근 투자보고서 있음(계속 운용 추정),,127.49002251233,36.6561636409962,addr
청주문화제조창상업시설 | 충청북도 청주시 청원구 상당로 314 (내덕동),청주문화제조창상업시설,복합시설,일반,최근 투자보고서 있음(계속 운용 추정),,127.492382358889,36.6561955411291,addr
충북혁신 B3-1 BL | 충청북도 진천군 덕산읍 연미로 63 (충북혁신도시센텀클래스),충북혁신 B3-1 BL,주택(공동주택),일반,특이공시 있음(계속 공시 가능),,127.526759819169,36.9020724170644,addr
충북혁신도시우미린 | 충북 진천군 덕산면 두촌리 3147,충북혁신도시우미린,주택(공동주택),일반,최근 투자보고서 있음(계속 운용 추정),,127.536791824305,36.9025853783771,addr
충장고운라피네 | 광주광역시 동구 충장로 4가 34,충장고운라피네,복합시설,개발사업,특이공시 있음(계속 공시 가능),,126.913097129313,35.1493869644374,addr
"충정로오피스 | 서울특별시 서대문구 경기대로 22, 301동 (충정로3가)",충정로오피스,오피스,일반,특이공시 있음(계속 공시 가능),,126.962051335678,37.5613548606273,addr
충정타워 | 서울시 서대문구 충정로,충정타워,오피스,일반,청산·종료 관련 신호,4141.707,126.9643345628,37.562540292859,addr
충주호암 B-7 | 충청북도 충주시 호암동 17-0,충주호암 B-7,주택,일반,특이공시 있음(계속 공시 가능),86957.0,127.94428616392,36.9517829283105,addr
충주호암 B-7 | 충청북도 충주시 호암토성2로 10,충주호암 B-7,주택,일반,특이공시 있음(계속 공시 가능),,127.935064729425,36.9552227862983,addr
충주호암 B-7 | 충청북도 충주시 호암토성2로 10 (호암동),충주호암 B-7,주택(공동주택),일반,특이공시 있음(계속 공시 가능),,127.935064729425,36.9552227862983,addr
충주호암 제일풍경채 | 충청북도 충주시 호암동 1068(B-3BL),충주호암 제일풍경채,주택,일반,최근 투자보고서 있음(계속 운용 추정),,127.926852756939,36.9571248737828,addr
충주호암B-7BL | 충청북도 충주시 호암동 17-0,충주호암B-7BL,주택,일반,특이공시 있음(계속 공시 가능),87898.0,127.94428616392,36.9517829283105,addr
"카이트타워 | 서울 강남구 테헤란로 306(역삼동, 카이트타워)",카이트타워,오피스,일반,청산·종료 관련 신호,,127.044101954044,37.5025952829367,addr
카이트타워 | 서울시 강남구 테헤란로 306,카이트타워,오피스,일반,청산·종료 관련 신호,214353.0,127.044101954044,37.5025952829367,addr
"카이트타워 | 서울특별시 강남구 테헤란로 306(역삼동, 카이트타워)",카이트타워,오피스,일반,청산·종료 관련 신호,,127.044101954044,37.5025952829367,addr
카카오프렌즈 빌딩 | 서울특별시 마포구 양화로 162,카카오프렌즈 빌딩,오피스,일반,청산 공시이력+최근보고서(재확인),134921.0,126.923881224788,37.5564135550031,addr
"칼릭스 빌딩 | 대전광역시 서구 청사로128
(월평동 282-3)",칼릭스 빌딩,오피스,일반,최근 투자보고서 있음(계속 운용 추정),55487.0,127.377867625055,36.3594532915535,addr
칼릭스 빌딩 | 대전광역시 서구 청사로128(월평동 282-3),칼릭스 빌딩,오피스,일반,최근 투자보고서 있음(계속 운용 추정),57707.0,127.377867625055,36.3594532915535,addr
"칼릭스 빌딩 | 대전광역시 서구 청사로128_x000D_
(월평동 282-3)",칼릭스 빌딩,리테일,일반,최근 투자보고서 있음(계속 운용 추정),,127.377867625055,36.3594532915535,addr
캠브리지 강남빌딩 | 서울특별시 강남구 테헤란로 110 (역삼동),캠브리지 강남빌딩,오피스,일반,특이공시 있음(계속 공시 가능),,127.029382413368,37.4980657284682,addr
캠브리지빌딩 | 서울특별시 강남구 테헤란로 110,캠브리지빌딩,오피스,일반,특이공시 있음(계속 공시 가능),,127.029382413368,37.4980657284682,addr
케이로지스 양지 | 경기도 용인시 처인구 중부대로 2465,케이로지스 양지,물류,일반,특이공시 있음(계속 공시 가능),,127.31320064964,37.2394673379853,addr
케이스퀘어 강남 | 서울시 강남구 강남대로 94길 10(역삼동 819),케이스퀘어 강남,리테일,일반,청산·종료 관련 신호,81475.0,127.028227205943,37.4991963225538,addr
케이스퀘어 마곡 | 서울특별시 강서구 마곡동 768 - 1,케이스퀘어 마곡,리테일,일반,특이공시 있음(계속 공시 가능),,126.826410733947,37.5627979263438,addr
케이스퀘어 마곡 | 서울특별시 강서구 마곡중앙로 105-7(마곡동),케이스퀘어 마곡,리테일,일반,특이공시 있음(계속 공시 가능),,126.826076887806,37.5629234842805,addr
케이스퀘어 빌딩 | 서울시 마포구 동교동 159-5,케이스퀘어 빌딩,오피스,일반,상호·명칭 변경 신호,69623.0,126.923309121536,37.556970271388,addr
케이스퀘어 사당 | 서울시 동작구 사당동 1008-22,케이스퀘어 사당,리테일,일반,청산·종료 관련 신호,64076.25934,126.981444274954,37.4820923390671,addr
케이스퀘어 홍대 | 서울특별시 마포구 양화로 161,케이스퀘어 홍대,오피스,일반,상호·명칭 변경 신호,,126.923315607444,37.5569362179065,addr
케이스퀘어 홍대 | 서울특별시 마포구 양화로 161 (동교동),케이스퀘어 홍대,오피스,일반,상호·명칭 변경 신호,,126.923315607444,37.5569362179065,addr
케이스퀘어강남 | 서울특별시 강남구 강남대로 94길 10(역삼동 819),케이스퀘어강남,리테일,일반,청산·종료 관련 신호,80994.0,127.028227205943,37.4991963225538,addr
"케이스퀘어강남II | 서울시 강남구 역삼동
826, 826-1,826-2,826-6",케이스퀘어강남II,오피스,개발사업,조직개편 신호,210168.679885,127.028798188275,37.496248812461,addr
"케이스퀘어강남II | 서울시 강남구 역삼동 826,826-1,826-2,826-6",케이스퀘어강남II,오피스,일반,조직개편 신호,208841.0,127.028798188275,37.496248812461,addr
"케이스퀘어강남II | 서울특별시 강남구 강남대로 374, 외3(826-1, 826-2, 826-6)
(역삼동)",케이스퀘어강남II,오피스,일반,조직개편 신호,,127.029067230812,37.4962895621722,addr
"케이스퀘어강남II | 서울특별시 강남구 강남대로 374, 외3(826-1, 826-2, 826-6)_x000D_
(역삼동)",케이스퀘어강남II,오피스,일반,조직개편 신호,,127.029067230812,37.4962895621722,addr
케이스퀘어빌딩 | 서울시 마포구 동교동 159-5,케이스퀘어빌딩,오피스,일반,상호·명칭 변경 신호,,126.923309121536,37.556970271388,addr
케이스퀘어빌딩 | 서울시 마포구 동교동 159.5,케이스퀘어빌딩,오피스,일반,상호·명칭 변경 신호,,126.923309121536,37.556970271388,addr
케이스퀘어사당 | 서울특별시 동작구 사당동 1008-22,케이스퀘어사당,리테일,일반,청산·종료 관련 신호,63617.874065,126.981444274954,37.4820923390671,addr
케이스퀘어시티 | 서울특별시 중구 청계천로 24,케이스퀘어시티,오피스,일반,청산 공시이력+최근보고서(재확인),221621.0,126.98020965303,37.5685159133492,addr
케이카 오산동탄 직영센터 | 경기도 오산시 현충로 95,케이카 오산동탄 직영센터,기타,일반,특이공시 있음(계속 공시 가능),,127.077699871446,37.1607414331868,addr
코레이트타워 | 서울특별시 강남구 테헤란로 137,코레이트타워,오피스,일반,최근 투자보고서 있음(계속 운용 추정),,127.034004521906,37.5003740376418,addr
코크렙광교 | 경기도 수원시 영통구 이의동 1338,코크렙광교,리테일,일반,청산·종료 관련 신호,173266.0,127.055880522853,37.2862644323766,addr
"코트야드 바이 메리어트서울_x000D_
남대문호텔 | 서울시 중구 남대문로4가 17-23","코트야드 바이 메리어트서울_x000D_
남대문호텔",호텔,일반,특이공시 있음(계속 공시 가능),,126.976924671117,37.5611903981746,addr
"코트야드 바이 메리어트서울_x000D_
남대문호텔 | 서울특별시 중구 남대문로 9 (남대문로4가)","코트야드 바이 메리어트서울_x000D_
남대문호텔",호텔,일반,특이공시 있음(계속 공시 가능),,126.976882338168,37.5611996701598,addr
크래프톤 타워 | 경기도 성남시 분당구 백현동 535,크래프톤 타워,오피스,일반,특이공시 있음(계속 공시 가능),530801.0,127.112131255488,37.3942796422602,addr
크레센도빌딩 | 서울특별시 종로구 새문안로 75 (신문로1가),크레센도빌딩,오피스,일반,특이공시 있음(계속 공시 가능),,126.972988526883,37.5706287579586,addr
"킴스클럽
뉴코아백화점 | 서울시 서초구 잠원동
70-1, 70-2","킴스클럽
뉴코아백화점",리테일,일반,조직개편 신호,211931.0,127.006882782969,37.5102424869065,addr
킴스클럽 뉴코아백화점 | 서울특별시 서초구 잠원로 51 (잠원동),킴스클럽 뉴코아백화점,리테일,일반,조직개편 신호,,127.007438594863,37.5092394548535,addr
"킴스클럽_x000D_
뉴코아백화점 | 서울시 서초구 잠원동_x000D_
70-1, 70-2","킴스클럽_x000D_
뉴코아백화점",리테일,일반,조직개편 신호,,127.006882782969,37.5102424869065,addr
타임스퀘어 업무시설-1호 업무시설-2호 | 서울시 영등포구 영중로 15,타임스퀘어 업무시설-1호 업무시설-2호,오피스,일반,특이공시 있음(계속 공시 가능),,126.903715993779,37.5172332566615,addr
타임스트림 | 서울특별시 관악구 신림동 1641-2,타임스트림,리테일,일반,청산·종료 관련 신호,,126.930186157519,37.483846985896,addr
태광타워 | 서울특별시 강남구 테헤란로34길 6 (역삼동),태광타워,오피스,일반,특이공시 있음(계속 공시 가능),,127.039885917072,37.5010631797394,addr
태영빌딩 | 서울특별시 영등포구 여의공원로 111(여의도동),태영빌딩,오피스,일반,특이공시 있음(계속 공시 가능),,126.925780657778,37.5297971715548,addr
테슬라 용인 서비스센터 | 경기도 용인시 기흥구 영덕동 788-8 및 788-23,테슬라 용인 서비스센터,리테일,일반,특이공시 있음(계속 공시 가능),,127.070391650078,37.2677561786418,addr
테슬라 인천 서비스센터 | 인천광역시 남동구 고잔동 296-25,테슬라 인천 서비스센터,리테일,일반,특이공시 있음(계속 공시 가능),,126.712766504153,37.3894647089959,addr
"테슬라_x000D_
용인 서비스센터 | 경기도 용인시 기흥구 영덕동 788-8 및 788-23","테슬라_x000D_
용인 서비스센터",리테일,일반,특이공시 있음(계속 공시 가능),,127.070391650078,37.2677561786418,addr
"테슬라_x000D_
인천 서비스센터 | 인천광역시 남동구 고잔동 296-25","테슬라_x000D_
인천 서비스센터",리테일,일반,특이공시 있음(계속 공시 가능),,126.712766504153,37.3894647089959,addr
토로스쇼핑타워 | 서울 마포구 동교동 159-8외 지상 토로스쇼핑타워및그부속주차타워,토로스쇼핑타워,리테일,일반,청산·종료 관련 신호,37577.905423,126.922758291379,37.5564262505853,addr
"토마토빌딩 | 서울 강남구 테헤란로 306(역삼동, 카이트타워)",토마토빌딩,오피스,일반,청산·종료 관련 신호,213891.780118,127.044101954044,37.5025952829367,addr
"토지
(남부교정시설부지) | 서울특별시 구로구 고척동 350 외 2","토지
(남부교정시설부지)",주택,권리(사용권 등)에 관련된 부동산,상호·명칭 변경 신호,528918.0,126.859554618917,37.5007755910118,addr
"토지
(남부교정시설부지) | 서울특별시 구로구 고척동 350 외 4","토지
(남부교정시설부지)",주택,권리(사용권 등)에 관련된 부동산,상호·명칭 변경 신호,528918.0,126.859554618917,37.5007755910118,addr
"토지
(창동창업 및 문화산업단지 복합시설 건설사업) | 서울시 도봉구 창동 1-28번지","토지
(창동창업 및 문화산업단지 복합시설 건설사업)",복합형,개발사업,특이공시 있음(계속 공시 가능),122746.0,127.049672533607,37.6545021055909,addr
"토지(구의역 역세권_x000D_
청년주택 개발사업) | 서울특별시 광진구 구의동 246-10","토지(구의역 역세권_x000D_
청년주택 개발사업)",주택(공동주택),개발사업,특이공시 있음(계속 공시 가능),,127.08495308372,37.537365912791,addr
토지(남양주 다산동) | 경기도 남양주시 다산동 3528-6,토지(남양주 다산동),주택,일반,특이공시 있음(계속 공시 가능),4236.0,127.158036948371,37.6140481750669,addr
"토지(남양주 별내 A1-5BL 기업형 임대주택사업) | 경기도 남양주시 덕송3로 27
 (별내동)",토지(남양주 별내 A1-5BL 기업형 임대주택사업),주택,일반,최근 투자보고서 있음(계속 운용 추정),149299.0,127.112460953825,37.669569487834,addr
토지(남양주시 다산동) | 경기도 남양주시 다산동 3528-6,토지(남양주시 다산동),주택,일반,특이공시 있음(계속 공시 가능),4236.0,127.158036948371,37.6140481750669,addr
토지(노량진동 56-1 청년안심주택(공공지원 민간임대) 사업) | 서울특별시 동작구 노량진동 56-1,토지(노량진동 56-1 청년안심주택(공공지원 민간임대) 사업),주택,개발사업,특이공시 있음(계속 공시 가능),,126.941234552407,37.513144800386,addr
토지(노량진청년주택148-8 외 2필지) | 서울특별시 동작구 노량진동 148-8,토지(노량진청년주택148-8 외 2필지),주택(공동주택),개발사업,특이공시 있음(계속 공시 가능),,126.944908144227,37.5135744577067,addr
토지(노량진청년주택148-8) | 서울특별시 동작구 노량진동 148-8,토지(노량진청년주택148-8),주택,개발사업,특이공시 있음(계속 공시 가능),27141.0,126.944908144227,37.5135744577067,addr
토지(다산지금A-2) | 남양주 다산동 6109,토지(다산지금A-2),주택,개발사업,특이공시 있음(계속 공시 가능),55814.0,127.166282263343,37.6207926270598,addr
토지(다산진건B-1) | 남양주 다산동 6026,토지(다산진건B-1),주택,개발사업,특이공시 있음(계속 공시 가능),49453.0,127.148689481621,37.6273803326947,addr
토지(대구신서지구(A-4BL)) | 대구광역시 동구 사복동 852(대구신서지구 A-4BL),토지(대구신서지구(A-4BL)),주택,개발사업,최근 투자보고서 있음(계속 운용 추정),17117.0,128.752539286587,35.8739453695319,addr
토지(대소삼정지구 A-2BL) | 충청북도 음성군 대소면 삼정리 608-5번지 일원,토지(대소삼정지구 A-2BL),주택(공동주택),개발사업,특이공시 있음(계속 공시 가능),,127.492307014157,36.9615265079262,addr
토지(대전 관평 1345 공공지원 민간임대주택사업) | 대전광역시 유성구 관평동 1345,토지(대전 관평 1345 공공지원 민간임대주택사업),주택(준주택),개발사업,특이공시 있음(계속 공시 가능),,127.38807155657,36.4281983727986,addr
토지(대전 문화동 공공지원민간임대 민간제안공모사업) | 대전광역시 중구 문화동 1-182번지 일원,토지(대전 문화동 공공지원민간임대 민간제안공모사업),주택(공동주택),개발사업,특이공시 있음(계속 공시 가능),,127.415696208335,36.3218999698382,addr
토지(동교동 역세권 청년주택(공공지원 민간임대)사업) | 서울특별시 마포구 동교동 173-2,토지(동교동 역세권 청년주택(공공지원 민간임대)사업),주택(공동주택),개발사업,특이공시 있음(계속 공시 가능),,126.927241899698,37.5582116314112,addr
토지(동교동 역세권 청년주택(공공지원 민간임대)사업) | 서울특별시 마포구 동교동173-2,토지(동교동 역세권 청년주택(공공지원 민간임대)사업),주택,개발사업,특이공시 있음(계속 공시 가능),48746.0,126.927241899698,37.5582116314112,addr
"토지(묵동 역세권 _x000D_
청년주택사업) | 서울특별시 중랑구 묵동_x000D_
 8번지","토지(묵동 역세권 _x000D_
청년주택사업)",주택(공동주택),개발사업,청산·종료 관련 신호,,127.087068608541,37.6188673798391,addr
"토지(묵동 역세권 _x000D_
청년주택사업) | 서울특별시 중랑구 묵동_x000D_ 8번지","토지(묵동 역세권 _x000D_
청년주택사업)",주택(공동주택),개발사업,청산·종료 관련 신호,,127.087068608541,37.6188673798391,addr
"토지(상봉동 역세권청년주택 공공지원민간임대주택사업) | 서울특별시 중랑구 _x000D_
상봉동 116-49번지",토지(상봉동 역세권청년주택 공공지원민간임대주택사업),주택(공동주택),개발사업,특이공시 있음(계속 공시 가능),,127.081761045362,37.5958074680272,addr
토지(용산 철도병원 부지 개발사업) | 서울특별시 용산구 한강로3가 65-154,토지(용산 철도병원 부지 개발사업),주택(공동주택),개발사업,특이공시 있음(계속 공시 가능),,126.965804369357,37.5251357384749,addr
"토지(용산구 원효로3가 청년안심주택 개발사업) | 서울특별시 용산구 원효로 41길 29, 외 3필지(원효로3가)",토지(용산구 원효로3가 청년안심주택 개발사업),주택(공동주택),개발사업,특이공시 있음(계속 공시 가능),,126.956313308535,37.5361907791233,addr
토지(용인 삼가2지구 기업형 임대리츠 사업) | 경기도 용인시 삼가동 447-4번지 일원,토지(용인 삼가2지구 기업형 임대리츠 사업),주택,개발사업,최근 투자보고서 있음(계속 운용 추정),,127.172889518203,37.2363894542302,addr
토지(인천간석동 공공지원민간임대주택사업) | 인천광역시 남동구 간석동 173-2번지 일원,토지(인천간석동 공공지원민간임대주택사업),주택(공동주택),개발사업,특이공시 있음(계속 공시 가능),,126.710292061751,37.4654513795585,addr
토지(일산3구역 2차 IPARK) | 경기도 고양시 일산동구 중산동 1842,토지(일산3구역 2차 IPARK),주택,개발사업,최근 투자보고서 있음(계속 운용 추정),23544.0,126.783467865681,37.6778775017609,addr
토지(충주호암B3 제일풍경채 공공지원민간임대주택사업) | 충청북도 충주시 호암동1068(B-3BL),토지(충주호암B3 제일풍경채 공공지원민간임대주택사업),주택,개발사업,최근 투자보고서 있음(계속 운용 추정),36676.0,127.926852756939,36.9571248737828,addr
"토지_x000D_
(남부교정시설부지) | 서울특별시 구로구 고척동 350 외 2","토지_x000D_
(남부교정시설부지)",기타,권리(사용권 등)에 관련된 부동산,상호·명칭 변경 신호,,126.859554618917,37.5007755910118,addr
트윈시티 남산 | 서울특별시 용산구 한강대로 366,트윈시티 남산,오피스,일반,최근 투자보고서 있음(계속 운용 추정),,126.972911385084,37.5510861198751,addr
트윈시티남산 | 서울 용산구 한강대로 366,트윈시티남산,주택,일반,청산·종료 관련 신호,101283.0,126.972911385084,37.5510861198751,addr
트윈시티남산 | 서울특별시 용산구 한강대로 366,트윈시티남산,주택,일반,청산·종료 관련 신호,5479.0,126.972911385084,37.5510861198751,addr
티제이물류센터 | 경기도 김포시 고촌읍 전호리 701,티제이물류센터,리테일,일반,청산·종료 관련 신호,60997.0,126.787172078809,37.592798665904,addr
파르나스호텔 | 서울 중구 을지로5가 92-2 외,파르나스호텔,호텔,일반,특이공시 있음(계속 공시 가능),57189.797423,127.002907857545,37.5666140024765,addr
파스토 2센터 | 경기도 용인시 처인구 백암면 고안리 570,파스토 2센터,물류,일반,특이공시 있음(계속 공시 가능),,127.408849139,37.1417130733579,addr
파스토 용인 2센터 | 경기도 용인시 처인구 백암면 고안리 570,파스토 용인 2센터,물류,일반,특이공시 있음(계속 공시 가능),100297.833081,127.408849139,37.1417130733579,addr
파스토 용인1센터 | 경기도 용인시 처인구 백암면 원설로 677,파스토 용인1센터,물류,일반,특이공시 있음(계속 공시 가능),,127.407160712299,37.1420672328474,addr
파주운정 | 경기도 파주시 교하로 50,파주운정,주택,일반,특이공시 있음(계속 공시 가능),,126.7307997243,37.7323842695375,addr
"파주운정 | 경기도 파주시 교하로 50 (목동동, 산내마을2단지센트럴리움)",파주운정,주택(공동주택),일반,특이공시 있음(계속 공시 가능),,126.7307997243,37.7323842695375,addr
파주운정 | 경기도 파주시 다율동,파주운정,주택(공동주택),개발사업,특이공시 있음(계속 공시 가능),,126.732680218643,37.7375674011586,addr
"파주운정3 
택지개발지구 | 파주운정3 A-27BL","파주운정3 
택지개발지구",주택,개발사업,청산·종료 관련 신호,109935.0,126.752014040044,37.7047853366895,addr
파주운정3 A12 | 파주운정3 A12블록,파주운정3 A12,주택,일반,특이공시 있음(계속 공시 가능),61194.0,126.752014040044,37.7047853366895,addr
파주운정3 A12BL | 파주운정3 A12블록,파주운정3 A12BL,주택,일반,특이공시 있음(계속 공시 가능),,126.752014040044,37.7047853366895,addr
"파주운정3 A30 | 파주운정3지구(A30BL) 
30-0",파주운정3 A30,주택,개발사업,특이공시 있음(계속 공시 가능),55589.0,126.752014040044,37.7047853366895,addr
"파주운정3 A8BL
공공지원민간임대주택 | 경기도 파주시 다율동 1017","파주운정3 A8BL
공공지원민간임대주택",주택,일반,조직개편 신호,68442.0,126.730239892438,37.7431699096297,addr
파주운정3 | 파주운정3 A-27BL,파주운정3,주택,개발사업,청산·종료 관련 신호,0.0,126.752014040044,37.7047853366895,addr
"파주운정3A-30BL | 경기도 파주시 숲속노을로 150 (동패동, 초롱꽃마을 파밀리에 7단지)",파주운정3A-30BL,주택(공동주택),일반,특이공시 있음(계속 공시 가능),,126.714176314052,37.7154096212336,addr
"파주운정3A-30BL | 파주운정3지구(A30BL) 
30-0",파주운정3A-30BL,주택,일반,특이공시 있음(계속 공시 가능),163730.263911,126.752014040044,37.7047853366895,addr
"파주운정3A-30BL | 파주운정3지구(A30BL) _x000D_
30-0",파주운정3A-30BL,주택(공동주택),일반,특이공시 있음(계속 공시 가능),,126.752014040044,37.7047853366895,addr
"파주운정3A-4BL | 경기도 파주시 가람로 109 (와동동, 별하람마을3단지 서희스타힐스엔에이치에프)",파주운정3A-4BL,주택(공동주택),개발사업,특이공시 있음(계속 공시 가능),,126.760076453082,37.7387471499405,addr
"파주운정3지구 A31BL 
공공지원 민간임대리츠사업 | 경기도 파주시 초롱꽃로 118
(동패동)","파주운정3지구 A31BL 
공공지원 민간임대리츠사업",주택,개발사업,조직개편 신호,153582.0,126.717561228374,37.7112817825803,addr
"파주운정3지구 A31BL 
공공지원 민간임대리츠사업 | 경기도 파주시 파주운정3지구 A31BL","파주운정3지구 A31BL 
공공지원 민간임대리츠사업",주택,개발사업,조직개편 신호,135617.0,126.752014040044,37.7047853366895,addr
파주운정A20 | 경기도 파주시 교하로 50,파주운정A20,주택,일반,특이공시 있음(계속 공시 가능),306237.0,126.7307997243,37.7323842695375,addr
"파주운정신도시
우미린더퍼스트 | 경기도 파주시 해올로 11","파주운정신도시
우미린더퍼스트",주택,일반,최근 투자보고서 있음(계속 운용 추정),223924.0,126.728548735278,37.7338968781054,addr
"파주운정신도시_x000D_
우미린더퍼스트 | 경기도 파주시 해올로 11","파주운정신도시_x000D_
우미린더퍼스트",주택(공동주택),일반,최근 투자보고서 있음(계속 운용 추정),,126.728548735278,37.7338968781054,addr
판교사옥 | 경기도 성남시 분당구 판교역로 188 (삼평동),판교사옥,오피스,일반,특이공시 있음(계속 공시 가능),,127.110054121291,37.3974445399165,addr
판교사옥 | 경기도 성남시 분당구 판교역로 188(삼평동 642),판교사옥,오피스,일반,특이공시 있음(계속 공시 가능),,127.110054121291,37.3974445399165,addr
"판교산운아펠바움 | 경기도 성남시
분당구 산운로 199",판교산운아펠바움,주택,일반,청산 공시이력+최근보고서(재확인),5450.0,127.084888433589,37.3921588958065,addr
판교제2테크노밸리 D4-1 | 경기도 성남시 수정구 금토로80번길 55,판교제2테크노밸리 D4-1,복합시설,개발사업,최근 투자보고서 있음(계속 운용 추정),,127.089513380945,37.4077367535165,addr
패스트파이브타워 | 서울특별시 중구 다동 140,패스트파이브타워,복합형,일반,특이공시 있음(계속 공시 가능),,126.981140333644,37.5671424075898,addr
펠리시티S 오피스텔 | 전라남도 나주시 빛가람동 189-1,펠리시티S 오피스텔,주택(준주택),일반,특이공시 있음(계속 공시 가능),,126.785384678714,35.0220017861859,addr
평촌 사옥 | 경기도 안양시 동안구 시민대로 210 (호계동),평촌 사옥,오피스,일반,특이공시 있음(계속 공시 가능),,126.954312241492,37.3918487824903,addr
평택고덕 2차 3차 | 경기도 평택시 고덕여염5길 115 (고덕동),평택고덕 2차 3차,기타,권리(사용권 등)에 관련된 부동산,특이공시 있음(계속 공시 가능),,127.04261403286,37.0357463272502,addr
"평택고덕 A1 | 경기도 평택시 서정동 
1-1(A1)",평택고덕 A1,주택,개발사업,특이공시 있음(계속 공시 가능),26467.0,127.064505652397,37.065864232367,poi
평택고덕 A47BL 공공지원 민간임대주택사업 | 경기도 평택시 고덕동 2722-3,평택고덕 A47BL 공공지원 민간임대주택사업,주택,개발사업,특이공시 있음(계속 공시 가능),79637.0,127.03264569528,37.0343571442974,addr
평택고덕 | 경기도 평택시 고덕여염5길 16 (고덕동),평택고덕,기타,권리(사용권 등)에 관련된 부동산,특이공시 있음(계속 공시 가능),,127.043982339436,37.0374657131526,addr
"평택고덕A-10 | 경기도 평택시 고덕국제2로 73 (고덕동, 고덕신동아파밀리에엔에이치에프7단지)",평택고덕A-10,주택(공동주택),일반,특이공시 있음(계속 공시 가능),,127.044418402799,37.0495375322157,addr
평택고덕A-10 | 경기도 평택시 고덕면 1-0,평택고덕A-10,주택,개발사업,특이공시 있음(계속 공시 가능),87162.0,127.028255085108,37.0737881939662,addr
"평택고덕A-1BL | 경기도 평택시 고덕갈평3로 50 (고덕동, 평택고덕 센트레빌 엔에이치에프 3단지)",평택고덕A-1BL,주택(공동주택),일반,특이공시 있음(계속 공시 가능),,127.05005254574,37.0623582899043,addr
"평택고덕A-1BL | 경기도 평택시 서정동 
1-1(A1)",평택고덕A-1BL,주택,일반,특이공시 있음(계속 공시 가능),92695.547508,127.064505652397,37.065864232367,poi
"평택고덕A-1BL | 경기도 평택시 서정동 _x000D_
1-1(A1)",평택고덕A-1BL,주택(공동주택),일반,특이공시 있음(계속 공시 가능),,127.064505652397,37.065864232367,poi
"평택고덕어울림스퀘어 | 경기도 평택시
 고덕중앙2로 100",평택고덕어울림스퀘어,주택,일반,최근 투자보고서 있음(계속 운용 추정),224622.0,127.046413733284,37.0445974348455,addr
평택고덕어울림스퀘어 | 경기도 평택시 고덕중앙2로 100,평택고덕어울림스퀘어,주택,일반,최근 투자보고서 있음(계속 운용 추정),226694.0,127.046413733284,37.0445974348455,addr
"평택고덕어울림스퀘어 | 경기도 평택시_x000D_
 고덕중앙2로 100",평택고덕어울림스퀘어,주택(공동주택),일반,최근 투자보고서 있음(계속 운용 추정),,127.046413733284,37.0445974348455,addr
"평택소사벌(B-2BL) | 경기도 평택시 비전4로 175 (비전동, 뜨레휴이곡마을7단지)",평택소사벌(B-2BL),주택(공동주택),일반,상호·명칭 변경 신호,,127.103478617485,37.0095007186263,addr
평택소사벌(B-2BL) | 경기도 평택시 비전4로 175(비전동 967),평택소사벌(B-2BL),주택,일반,상호·명칭 변경 신호,,127.103478617485,37.0095007186263,addr
평택소사벌지구 B2 | 경기도 평택시 비전4로 175(비전동 967),평택소사벌지구 B2,주택,일반,상호·명칭 변경 신호,145277.67681299997,127.103478617485,37.0095007186263,addr
"평택시소사벌
지구 S-2BL | 경기도 평택시 죽백동 766번지","평택시소사벌
지구 S-2BL",주택,일반,청산·종료 관련 신호,10477.0,127.119037354132,37.0068171330988,addr
평택시소사벌지구 S-2BL | 경기도 평택시 죽백동 766번지,평택시소사벌지구 S-2BL,주택,일반,청산·종료 관련 신호,58103.0,127.119037354132,37.0068171330988,addr
평택역 SK VIEW | 경기도 평택시 고평로 50,평택역 SK VIEW,주택(공동주택),일반,최근 투자보고서 있음(계속 운용 추정),,127.07583299678,36.9944831761492,addr
포도몰 | 서울특별시 관악구 신림동 1641-2,포도몰,오피스,일반,청산·종료 관련 신호,231748.311847,126.930186157519,37.483846985896,addr
풍납동269-28 | 서울 송파구 풍납동 269-28,풍납동269-28,주택(공동주택),일반,최근 투자보고서 있음(계속 운용 추정),,127.11271154091,37.5303834437703,addr
"피엔폴루스빌딩
2층 3층 | 서울특별시 강남구 청담동
 4-1,2,5,6,7,8,9,12,13,14
피엔폴루스빌딩 2층, 3층","피엔폴루스빌딩
2층 3층",리테일,일반,상호·명칭 변경 신호,97691.29261,127.043657621737,37.5233938655462,addr
"피엔폴루스빌딩_x000D_
3층 | 서울특별시 강남구 도산대로 442, 3층 (청담동)","피엔폴루스빌딩_x000D_
3층",리테일,일반,상호·명칭 변경 신호,,127.044119009562,37.5233111622682,addr
"하나금융그룹 강남사옥 | 서울특별시 강남구 테헤란로 127, 15층 1호 (역삼동)",하나금융그룹 강남사옥,오피스,일반,특이공시 있음(계속 공시 가능),,127.032045172427,37.4996994615351,addr
하나금융투자빌딩 | 서울특별시 영등포구 의사당대로 82 (여의도동),하나금융투자빌딩,오피스,일반,상호·명칭 변경 신호,511754.0,126.921853372269,37.522682850023,addr
하나손해보험빌딩 | 서울특별시 종로구 인의동 112-1,하나손해보험빌딩,오피스,일반,청산 공시이력+최근보고서(재확인),131131.285198,126.997189367021,37.5727946535137,addr
하나손해보험빌딩 | 서울특별시 종로구 창경궁로 117,하나손해보험빌딩,오피스,일반,청산 공시이력+최근보고서(재확인),129744.586847,126.997097335382,37.5728039315352,addr
하나증권빌딩 | 서울특별시 영등포구 의사당대로 82 (여의도동),하나증권빌딩,오피스,일반,상호·명칭 변경 신호,,126.921853372269,37.522682850023,addr
하남감일 | 경기도 하남시 감일동,하남감일,주택(공동주택),개발사업,특이공시 있음(계속 공시 가능),,127.147467026542,37.5082861885184,addr
"하남감일A-5BL | 경기도 하남시 감일순환로 135 (감일동, 감일포엠포레)",하남감일A-5BL,주택(공동주택),개발사업,특이공시 있음(계속 공시 가능),,127.161706970891,37.5125614656873,addr
하남강일 | 경기도 하남시 감일동,하남강일,주택,개발사업,특이공시 있음(계속 공시 가능),50164.11592,127.147467026542,37.5082861885184,addr
하남미사 A-24 | 경기 하남시 미사강변동로 47,하남미사 A-24,주택(공동주택),일반,상호·명칭 변경 신호,,127.192374050203,37.5591575327669,addr
하남미사 | 경기도 하남시 선동 445,하남미사,주택,일반,상호·명칭 변경 신호,,127.180615841608,37.5727741904328,addr
하남미사 | 경기도 하남시 선동 445번지,하남미사,주택,일반,상호·명칭 변경 신호,231501.0,127.180615841608,37.5727741904328,addr
하남미사 | 경기도 하남시 풍산동,하남미사,주택,일반,특이공시 있음(계속 공시 가능),201469.0,127.185090374889,37.549023322979,addr
"하남미사(A29BL) | 경기도 하남시 미사강변한강로 326 (망월동, 미사강변효성해링턴플레이스엔에이치에프)",하남미사(A29BL),주택(공동주택),일반,상호·명칭 변경 신호,,127.19714650844,37.5619677038754,addr
하남미사(A29BL) | 경기도 하남시 미사강변한강로 326(망월동 1170),하남미사(A29BL),주택,일반,상호·명칭 변경 신호,,127.19714650844,37.5619677038754,addr
"하남미사A-25 | 경기도 하남시 미사강변중앙로 120 (풍산동, 미사강변아란티움)",하남미사A-25,주택(공동주택),일반,특이공시 있음(계속 공시 가능),,127.191896701804,37.5581580239842,addr
하남미사A-25 | 경기도 하남시 풍산동,하남미사A-25,주택,일반,특이공시 있음(계속 공시 가능),,127.185090374889,37.549023322979,addr
하남미사A-25BL(아란티움) | 경기도 하남시 미사강변중앙로 120,하남미사A-25BL(아란티움),주택(공동주택),일반,특이공시 있음(계속 공시 가능),,127.191896701804,37.5581580239842,addr
"하남미사A-25BL(아란티움) | 경기도 하남시 미사강변중앙로 120 (풍산동, 미사강변아란티움)",하남미사A-25BL(아란티움),주택(공동주택),일반,특이공시 있음(계속 공시 가능),,127.191896701804,37.5581580239842,addr
하남미사A25 | 경기도 하남시 풍산동,하남미사A25,주택,일반,특이공시 있음(계속 공시 가능),199098.0,127.185090374889,37.549023322979,addr
하남미사A4 | 경기도 하남시 선동 445번지,하남미사A4,주택,일반,상호·명칭 변경 신호,239709.0,127.180615841608,37.5727741904328,addr
하남미사지구A29 | 경기도 하남시 미사강변한강로 326(망월동 1170),하남미사지구A29,주택,일반,상호·명칭 변경 신호,298497.52366299997,127.19714650844,37.5619677038754,addr
"하남시 학암동 | 경기도 하남시 학암동 633-4, 633-10",하남시 학암동,기타,권리(사용권 등)에 관련된 부동산,특이공시 있음(계속 공시 가능),,127.159501807657,37.4880516273734,addr
하왕1-5구역 | 서울 성동구 하왕십리동 1071(난계로 100),하왕1-5구역,주택(공동주택),일반,최근 투자보고서 있음(계속 운용 추정),,127.024489937553,37.560680599542,addr
하왕1-5구역 | 서울 성동구 하왕십리동 1071번지(난계로 100),하왕1-5구역,주택,일반,최근 투자보고서 있음(계속 운용 추정),8399.84,127.024489937553,37.560680599542,addr
"하이트진로 서초사옥 | 서울특별시 서초구 서초중앙로 14, 서초중앙로2길 10 (서초동)",하이트진로 서초사옥,오피스,일반,특이공시 있음(계속 공시 가능),,127.017864818801,37.4835986618593,addr
"학하지구 A6 BL | 대전광역시 유성구 학하남로90번길 76 (학하동, 학하리슈빌포레)",학하지구 A6 BL,주택(공동주택),일반,특이공시 있음(계속 공시 가능),,127.307769217948,36.3349730543123,addr
학하지구 A6 BL | 대전광역시 유성구 학하동787,학하지구 A6 BL,주택,일반,특이공시 있음(계속 공시 가능),200825.94702899997,127.308991231486,36.334025104781,addr
한국석유공사 | 울산광역시 중구 우정동 526,한국석유공사,오피스,일반,최근 투자보고서 있음(계속 운용 추정),,129.309159947389,35.5647494650661,addr
한국석유공사사옥 | 울산광역시 중구 우정동 526,한국석유공사사옥,오피스,일반,최근 투자보고서 있음(계속 운용 추정),,129.309159947389,35.5647494650661,addr
한솔교육빌딩 | 서울 마포구 월드컵북로 361 이안상암2단지 지상2층~29층,한솔교육빌딩,오피스,일반,청산·종료 관련 신호,41741.0,126.891403860718,37.577109695587,addr
한솔교육빌딩 | 서울시 마포구 월드컵북로 361 이안상암2단지 지상2층~29층,한솔교육빌딩,오피스,일반,청산·종료 관련 신호,41781.0,126.891403860718,37.577109695587,addr
한신 더 휴 | 인천광역시 서구 당하동 205-0,한신 더 휴,주택,개발사업,최근 투자보고서 있음(계속 운용 추정),295210.0,126.662249377809,37.5827355410261,addr
한신더휴 | 인천광역시 서구 당하동 205-0,한신더휴,주택,개발사업,최근 투자보고서 있음(계속 운용 추정),287265.0,126.662249377809,37.5827355410261,addr
"한진중공업 부산 
R&D 센터 | 부산광역시 중구 중앙동 
4가 22-1","한진중공업 부산 
R&D 센터",오피스,일반,조직개편 신호,31890.0,129.037121669487,35.1046927592975,addr
"한진중공업 부산 _x000D_
R&D 센터 | 부산광역시 중구 중앙동 _x000D_
4가 22-1","한진중공업 부산 _x000D_
R&D 센터",오피스,일반,조직개편 신호,,129.037121669487,35.1046927592975,addr
한진중공업 서울사옥 | 서울특별시 용산구 갈월동 103-17일대 토지 및 건물,한진중공업 서울사옥,오피스,일반,청산·종료 관련 신호,166865.0,126.972638117132,37.5404782340961,addr
한화벨메르호텔 | 전라남도 여수시 웅천남4로 17,한화벨메르호텔,호텔,일반,청산 공시이력+최근보고서(재확인),49982.0,127.672277881209,34.7427470192799,addr
한화생명보험㈜ 노원사옥 | 서울특별시 노원구 상계동 731,한화생명보험㈜ 노원사옥,오피스,일반,특이공시 있음(계속 공시 가능),,127.059663337163,37.6537638056632,addr
한화생명보험㈜ 부천중동사옥 | 경기도 부천시 중동 1132-3,한화생명보험㈜ 부천중동사옥,오피스,일반,특이공시 있음(계속 공시 가능),68461.0,126.776574392668,37.4997026389383,addr
한화생명보험㈜ 중동사옥 | 경기도 부천시 중동 1132-3,한화생명보험㈜ 중동사옥,오피스,일반,특이공시 있음(계속 공시 가능),,126.776574392668,37.4997026389383,addr
한화생명보험㈜ 평촌사옥 | 경기도 안양시 동안구 호계동 1043,한화생명보험㈜ 평촌사옥,오피스,일반,특이공시 있음(계속 공시 가능),,126.954326967363,37.3917740033046,addr
한화손해보험 여의도사옥 | 서울특별시 영등포구 여의도동 23-5,한화손해보험 여의도사옥,오피스,일반,특이공시 있음(계속 공시 가능),479904.0,126.922957716482,37.5239743515143,addr
한화손해보험(주) 여의도사옥 | 서울특별시 영등포구 여의도동 23-5,한화손해보험(주) 여의도사옥,오피스,일반,특이공시 있음(계속 공시 가능),,126.922957716482,37.5239743515143,addr
"항동 스마트 물류센터 | 인천광역시 중구 항동 7가 95-3, 96",항동 스마트 물류센터,물류,일반,최근 투자보고서 있음(계속 운용 추정),,126.615398566264,37.4506918976631,addr
행당6구역 | 서울 성동구 행당동 380(고산자로2길 65),행당6구역,주택(공동주택),일반,최근 투자보고서 있음(계속 운용 추정),,127.038383152493,37.5551406328318,addr
행복도시 | 세종특별자치시 대평동,행복도시,주택,일반,특이공시 있음(계속 공시 가능),242070.0,127.274841285487,36.4701788762711,addr
행복도시3-1 | 세종시 대평동,행복도시3-1,주택,일반,특이공시 있음(계속 공시 가능),,127.274841285487,36.4701788762711,addr
행복도시3-1 | 세종특별자치시 대평동,행복도시3-1,주택,일반,특이공시 있음(계속 공시 가능),236916.53149,127.274841285487,36.4701788762711,addr
"행복도시3-1 | 세종특별자치시 대평로 56 (대평동, 해들마을 5단지)",행복도시3-1,주택(공동주택),일반,특이공시 있음(계속 공시 가능),,127.278876253283,36.4732842832306,addr
"행복도시4-1생활권 
H1·H2BL 공공지원 
민간임대주택 개발사업 | 세종특별자치시 반곡동 873
세종특별자치시 반곡동 861","행복도시4-1생활권 
H1·H2BL 공공지원 
민간임대주택 개발사업",주택,개발사업,조직개편 신호,177341.05124,127.31808835536,36.4985237520634,addr
"행복도시4-1생활권 _x000D_
H1·H2BL 공공지원 _x000D_
민간임대주택 개발사업 | 세종특별자치시 반곡동 873_x000D_
세종특별자치시 반곡동 861","행복도시4-1생활권 _x000D_
H1·H2BL 공공지원 _x000D_
민간임대주택 개발사업",주택,개발사업,조직개편 신호,,127.31808835536,36.4985237520634,addr
행복마을 푸르지오 | 동탄2신도시(A14블럭),행복마을 푸르지오,주택,일반,상호·명칭 변경 신호,285210.0,127.09906748911662,37.20012203558587,poi
"홈플러스
가양점 | 서울시 강서구 가양동  18-24","홈플러스
가양점",리테일,일반,청산·종료 관련 신호,74645.0,126.850105195647,37.5642691864395,addr
"홈플러스
계산점 | 인천광역시 계양구 계산동 1061","홈플러스
계산점",리테일,일반,청산·종료 관련 신호,53919.0,126.736210059947,37.5395041770033,addr
"홈플러스
동촌점 | 대구광역시 동구 검사동 908-5 ,948-3,756-349","홈플러스
동촌점",리테일,일반,청산·종료 관련 신호,38580.0,128.655623858045,35.8860890950943,addr
"홈플러스
사당점 | 서울시 관악구 과천대로
909","홈플러스
사당점",리테일,일반,조직개편 신호,164711.003864,126.982466468514,37.4714704021418,addr
"홈플러스
사당점 | 서울시 관악구 과천대로 909","홈플러스
사당점",리테일,일반,조직개편 신호,160787.0,126.982466468514,37.4714704021418,addr
"홈플러스
안산 고잔점 | 경기도 안산시 단원구 고잔동 707-2","홈플러스
안산 고잔점",리테일,일반,청산·종료 관련 신호,58033.0,126.828941922548,37.3119171580599,addr
"홈플러스
울산 북구점 | 울산광역시 북구 상안동
322-9","홈플러스
울산 북구점",리테일,일반,청산·종료 관련 신호,43933.0,129.344833612655,35.6300770726178,addr
"홈플러스
원천점 | 경기도 수원시 영통구 원천동 177-1","홈플러스
원천점",리테일,일반,청산·종료 관련 신호,37495.0,127.063568652125,37.2700312935323,addr
"홈플러스
일산점 | 경기도 고양시 일산동구 장항동 755","홈플러스
일산점",리테일,일반,청산·종료 관련 신호,71194.0,126.768872039862,37.6590440382235,addr
"홈플러스
장림점 | 부산광역시 사하구 장림동 1075-6,185","홈플러스
장림점",리테일,일반,청산·종료 관련 신호,37180.0,128.978586239043,35.0831874659686,addr
"홈플러스
천안 신방점 | 충청남도 천안시 신방동 784-9","홈플러스
천안 신방점",리테일,일반,청산·종료 관련 신호,39122.0,127.120463235938,36.7871535345128,addr
홈플러스 가양점 | 서울 강서구 가양동 18-24,홈플러스 가양점,리테일,일반,청산·종료 관련 신호,73948.84946299999,126.850105195647,37.5642691864395,addr
"홈플러스 강서점 및 본사사옥 | 서울특별시 강서구 
화곡로 398 (등촌동 639-11)",홈플러스 강서점 및 본사사옥,리테일,일반,최근 투자보고서 있음(계속 운용 추정),496597.0,126.854819012937,37.5584699599397,addr
홈플러스 강서점 및 본사사옥 | 서울특별시 강서구 화곡로 398 (등촌동 639-11),홈플러스 강서점 및 본사사옥,리테일,일반,최근 투자보고서 있음(계속 운용 추정),,126.854819012937,37.5584699599397,addr
홈플러스 계산점 | 인천 계양구 계산동 1061,홈플러스 계산점,리테일,일반,청산·종료 관련 신호,53114.671479,126.736210059947,37.5395041770033,addr
"홈플러스 동촌점 | 대구 동구 검사동 908-5,948-3,756-349",홈플러스 동촌점,리테일,일반,청산·종료 관련 신호,37794.090685,128.655623858045,35.8860890950943,addr
홈플러스 사당점 | 서울특별시 관악구 과천대로 909,홈플러스 사당점,리테일,일반,조직개편 신호,161768.0,126.982466468514,37.4714704021418,addr
"홈플러스 시흥점 | 서울 금천구 시흥동 992-47,48번지",홈플러스 시흥점,리테일,일반,청산·종료 관련 신호,89056.628885,126.900719907622,37.4521185239195,addr
홈플러스 안산 고잔점 | 경기 안산시 고잔동 707-2,홈플러스 안산 고잔점,리테일,일반,청산·종료 관련 신호,57546.69590400001,126.828941922548,37.3119171580599,addr
홈플러스 안산고잔점 | 경기 안산시 고잔동 707-2,홈플러스 안산고잔점,리테일,일반,청산·종료 관련 신호,57384.477725,126.828941922548,37.3119171580599,addr
홈플러스 울산 북구점 | 울산시 북구 상안동 322-9,홈플러스 울산 북구점,리테일,일반,청산·종료 관련 신호,43456.757354999994,129.344833612655,35.6300770726178,addr
홈플러스 울산동구점 | 울산광역시 동구 방어진 순환도로 637,홈플러스 울산동구점,리테일,일반,최근 투자보고서 있음(계속 운용 추정),,129.427474189539,35.4989722629004,addr
홈플러스 울산북구점 | 울산시 북구 상안동 322-9,홈플러스 울산북구점,리테일,일반,청산·종료 관련 신호,43297.0,129.344833612655,35.6300770726178,addr
홈플러스 일산점 | 경기도 고양시 일산구 장항동 755번지,홈플러스 일산점,리테일,일반,청산·종료 관련 신호,70418.268848,126.768872039862,37.6590440382235,addr
"홈플러스 장림점 | 부산 사하구 장림2동 185,1075-6",홈플러스 장림점,리테일,일반,청산·종료 관련 신호,36404.0,128.97833746982,35.0825423107897,addr
"홈플러스 천안 신방점 | 충남 천안시 신방동 784-9,780-4",홈플러스 천안 신방점,리테일,일반,청산·종료 관련 신호,38512.778936999995,127.120463235938,36.7871535345128,addr
"홈플러스 천안신방점 | 충남 천안시 신방동 784-9,780-4",홈플러스 천안신방점,리테일,일반,청산·종료 관련 신호,38309.792896,127.120463235938,36.7871535345128,addr
홈플러스 평촌점 | 경기도 안양시 동안구 비산동1109-3,홈플러스 평촌점,리테일,일반,최근 투자보고서 있음(계속 운용 추정),,126.950917017495,37.3935234138095,addr
홈플러스테스코 가양점 | 서울 강서구 가양동 18-24,홈플러스테스코 가양점,리테일,일반,청산·종료 관련 신호,74296.84946299999,126.850105195647,37.5642691864395,addr
홈플러스테스코 계산점 | 인천 계양구 계산동 1061,홈플러스테스코 계산점,리테일,일반,청산·종료 관련 신호,53516.671479,126.736210059947,37.5395041770033,addr
"홈플러스테스코 동촌점 | 대구 동구 검사동 908-5,948-3,756-349",홈플러스테스코 동촌점,리테일,일반,청산·종료 관련 신호,38187.090685,128.655623858045,35.8860890950943,addr
"홈플러스테스코 시흥점 | 서울 금천구 시흥동 992-47,48번지",홈플러스테스코 시흥점,리테일,일반,청산·종료 관련 신호,89527.628885,126.900719907622,37.4521185239195,addr
홈플러스테스코 안산 고잔점 | 경기 안산시 고잔동 707-2,홈플러스테스코 안산 고잔점,리테일,일반,청산·종료 관련 신호,57709.477725,126.828941922548,37.3119171580599,addr
홈플러스테스코 울산 북구점 | 울산시 북구 상안동 322-9,홈플러스테스코 울산 북구점,리테일,일반,청산·종료 관련 신호,43615.0,129.344833612655,35.6300770726178,addr
홈플러스테스코 일산점 | 경기도 고양시 일산구 장항동 755번지,홈플러스테스코 일산점,리테일,일반,청산·종료 관련 신호,70806.268848,126.768872039862,37.6590440382235,addr
"홈플러스테스코 장림점 | 부산 사하구 장림2동 185,1075-6",홈플러스테스코 장림점,리테일,일반,청산·종료 관련 신호,36792.0,128.97833746982,35.0825423107897,addr
"홈플러스테스코 천안 신방점 | 충남 천안시 신방동 784-9,780-4",홈플러스테스코 천안 신방점,리테일,일반,청산·종료 관련 신호,38715.792896,127.120463235938,36.7871535345128,addr
홍은13구역 | 서울 서대문구 홍은동 11-111일대,홍은13구역,주택(공동주택),일반,최근 투자보고서 있음(계속 운용 추정),,126.947239669248,37.6005948320166,addr
홍은14구역 | 서울 서대문구 홍은동 467(홍은중앙로3길 9),홍은14구역,주택(공동주택),일반,최근 투자보고서 있음(계속 운용 추정),,126.945555830465,37.5980187651894,addr
홍제2구역 | 서울 서대문구 홍제동 473(통일로 395),홍제2구역,주택(공동주택),일반,최근 투자보고서 있음(계속 운용 추정),,126.945497402073,37.5845073711947,addr
"홍제3구역 | 서울 서대문구 홍제동 474, 475(세무서8길 30)",홍제3구역,주택(공동주택),일반,최근 투자보고서 있음(계속 운용 추정),,126.947612200935,37.5898207618352,addr
화도물류창고 | 경기도 남양주시 화도읍 창현리 152-2 외 11,화도물류창고,물류,일반,청산 공시이력+최근보고서(재확인),67320.0,127.312424206316,37.6381141939155,addr
화성 동탄2지구 A-14BL | 경기도 화성시 동탄순환대로26길 81,화성 동탄2지구 A-14BL,주택(공동주택),일반,상호·명칭 변경 신호,,127.119176406324,37.2101327470529,addr
화성 동탄2지구 A-14BL | 동탄2신도시(A14블럭),화성 동탄2지구 A-14BL,주택(공동주택),일반,상호·명칭 변경 신호,,127.09906748911662,37.20012203558587,poi
"화성동탄 | 경기도 화성시 동탄신리천로7길 47 (신동, e편한세상 동탄 파크아너스)",화성동탄,주택(공동주택),개발사업,최근 투자보고서 있음(계속 운용 추정),,127.147226310969,37.1765069179317,addr
화성동탄(2) A40 | 경기도 화성시 동탄대로 12길 71(오산동),화성동탄(2) A40,주택,일반,상호·명칭 변경 신호,170950.543344,127.110106609603,37.1818923704471,addr
화성동탄(2)A-81 | 경기도 화성시 동탄순환대로12길 67 (산척동),화성동탄(2)A-81,주택(공동주택),개발사업,특이공시 있음(계속 공시 가능),,127.124857327046,37.1680189758592,addr
"화성동탄(2)A-83 | 경기도 화성시 동탄대로1길 96 (장지동, 엔에이치에프엘크루)",화성동탄(2)A-83,주택(공동주택),일반,특이공시 있음(계속 공시 가능),,127.094499856438,37.1614782770506,addr
화성동탄(2)A48BL | 경기도 화성시 목동 480,화성동탄(2)A48BL,주택,일반,특이공시 있음(계속 공시 가능),211487.99824399996,127.127411067251,37.1863361435872,addr
화성동탄(2)A89 | 경기도 화성시 동탄대로1길 20,화성동탄(2)A89,주택,일반,특이공시 있음(계속 공시 가능),,127.103458654886,37.1608872699854,addr
화성동탄(2)A89 | 경기도 화성시 동탄대로1길 20 (장지동),화성동탄(2)A89,주택(공동주택),일반,특이공시 있음(계속 공시 가능),,127.103458654886,37.1608872699854,addr
화성동탄(로렌하우스) | 경기도 화성시 동탄신리천로6길 23,화성동탄(로렌하우스),주택(공동주택),일반,특이공시 있음(계속 공시 가능),,127.142237601088,37.1804995464896,addr
"화성동탄2 A-87BL 
공공지원 민간임대
주택사업 | 경기도 화성시 장지동 924","화성동탄2 A-87BL 
공공지원 민간임대
주택사업",주택,개발사업,조직개편 신호,238514.0,127.105021845065,37.1642930627242,addr
화성동탄2 롯데캐슬 | 경기도 화성시 동탄대로2길 49,화성동탄2 롯데캐슬,주택,일반,최근 투자보고서 있음(계속 운용 추정),195417.0,127.1088549152,37.1582683779606,addr
"화성동탄2 롯데캐슬 | 경기도 화성시 동탄대로2길 49 (장지동, 동탄2 롯데캐슬)",화성동탄2 롯데캐슬,주택(공동주택),일반,최근 투자보고서 있음(계속 운용 추정),,127.1088549152,37.1582683779606,addr
"화성동탄2 롯데캐슬 | 화성시 동탄대로2길 49
(장지동)",화성동탄2 롯데캐슬,주택,일반,최근 투자보고서 있음(계속 운용 추정),184403.247026,127.1088549152,37.1582683779606,addr
화성동탄2 롯데캐슬 | 화성시 동탄대로2길 49(장지동),화성동탄2 롯데캐슬,주택,일반,최근 투자보고서 있음(계속 운용 추정),183822.0,127.1088549152,37.1582683779606,addr
화성동탄2(A40BL) | 경기도 화성시 동탄대로 12길 71(오산동),화성동탄2(A40BL),주택,일반,상호·명칭 변경 신호,,127.110106609603,37.1818923704471,addr
"화성동탄2(A40BL) | 경기도 화성시 동탄대로12길 71 (오산동, 화성동탄2 센트럴힐즈 동탄 아파트)",화성동탄2(A40BL),주택(공동주택),일반,상호·명칭 변경 신호,,127.110106609603,37.1818923704471,addr
"화성동탄2A-87BL공공지원
민간임대주택사업 | 경기도 화성시 동탄면(A-2BL)","화성동탄2A-87BL공공지원
민간임대주택사업",주택,개발사업,조직개편 신호,100686.0,127.093718022681,37.1826765974629,addr
화성동탄A50 | 경기도 화성시 동탄면 동탄순환대로 20길 115,화성동탄A50,주택,일반,특이공시 있음(계속 공시 가능),,127.12655608084985,37.183786807885845,poi
화성동탄A50 | 경기도 화성시 동탄면 동탄순환대로20길 115,화성동탄A50,주택,일반,특이공시 있음(계속 공시 가능),159788.0,127.12655608084985,37.183786807885845,poi
"화성동탄A50 | 경기도 화성시 동탄순환대로20길 115 (목동, 르파비스)",화성동탄A50,주택(공동주택),일반,특이공시 있음(계속 공시 가능),,127.125633197468,37.1826356123942,addr
화성동탄A69 | 경기도 화성시 동탄면 동탄순환대로 17길 15,화성동탄A69,주택,일반,특이공시 있음(계속 공시 가능),,127.1182008142895,37.1735026901804,poi
화성동탄A69 | 경기도 화성시 동탄면 동탄순환대로17길 15,화성동탄A69,주택,일반,특이공시 있음(계속 공시 가능),205701.0,127.1182008142895,37.1735026901804,poi
"화성동탄A69 | 경기도 화성시 동탄순환대로17길 15 (산척동, 서희스타힐스엔에이치에프)",화성동탄A69,주택(공동주택),일반,특이공시 있음(계속 공시 가능),,127.117898096961,37.1741256210254,addr
화성봉담(2)S-1 | 경기도 화성시 봉담읍 상리3길 87 (화성봉담2 그랑드비체),화성봉담(2)S-1,주택(공동주택),개발사업,특이공시 있음(계속 공시 가능),,126.948260678901,37.2287617466951,addr
"화성봉담2 B-3BL  
기업형 임대리츠사업 | 경기도 화성시 화성봉담2지구 
B-3BL","화성봉담2 B-3BL  
기업형 임대리츠사업",주택,개발사업,최근 투자보고서 있음(계속 운용 추정),258487.0,126.93176964502,37.2435854264572,addr
화성향남(2) B-19 BL | 경기도 화성시 향남읍 벌말길 16 (서봉마을센텀벨라19단지),화성향남(2) B-19 BL,주택(공동주택),일반,특이공시 있음(계속 공시 가능),,126.903853153893,37.1114994089456,addr
"화정빌딩 | 경기도 고양시
덕양구 화중로 72",화정빌딩,리테일,일반,청산 공시이력+최근보고서(재확인),,126.831054633605,37.6336374403318,addr
"화정빌딩 | 경기도 고양시_x000D_
덕양구 화중로 72",화정빌딩,리테일,일반,청산 공시이력+최근보고서(재확인),,126.831054633605,37.6336374403318,addr
효창5구역 | 서울 용산구 효창동 287(백범로 313),효창5구역,주택(공동주택),일반,최근 투자보고서 있음(계속 운용 추정),,126.963314009135,37.5396272338792,addr
효창6구역 | 서울 용산구 효창동 288(효창원로 227),효창6구역,주택(공동주택),일반,최근 투자보고서 있음(계속 운용 추정),,126.962674680715,37.5476395311237,addr
휘경1구역 | 서울 동대문구 휘경동 375(외대역동로1길 60-3),휘경1구역,주택(공동주택),일반,최근 투자보고서 있음(계속 운용 추정),,127.062374115172,37.5913908413923,addr
휘경2구역 | 서울 동대문구 휘경동 372(휘경로 60),휘경2구역,주택(공동주택),일반,최근 투자보고서 있음(계속 운용 추정),,127.066173973199,37.5936190873694,addr
휴맥스 빌리지 | 경기도 성남시 분당구 황새울로 216(수내동),휴맥스 빌리지,오피스,일반,조직개편 신호,,127.112805810229,37.3784655059281,addr
"흑석7구역 | 서울 동작구 흑석동 341,342, 본동 495 (현충로 52)",흑석7구역,주택(공동주택),일반,최근 투자보고서 있음(계속 운용 추정),,126.959685506035,37.5106657671672,addr
흑석8구역 | 서울 동작구 흑석동 340(서달로 123),흑석8구역,주택(공동주택),일반,최근 투자보고서 있음(계속 운용 추정),,126.95965566148,37.5043325032888,addr
흥국생명빌딩 | 서울특별시 종로구 새문안로 68,흥국생명빌딩,오피스,일반,특이공시 있음(계속 공시 가능),,126.972139469043,37.5696425113058,addr
희망임대주택1호 | 경기도 파주시 야동동 587 대방노블랜드아파트 114동 302호 외,희망임대주택1호,주택,일반,청산·종료 관련 신호,543.0,126.751005131807,37.7739823663679,addr
희망임대주택제2호 | 강원도 강릉시 입암동 710-1 입암 6주공아파트 602-201 외,희망임대주택제2호,주택,일반,최근 투자보고서 있음(계속 운용 추정),16447.0,128.919928137824,37.7574789807339,addr
"희성빌딩 | 서울시 서초구 서초동 1694-10,11,15,16",희성빌딩,오피스,일반,청산·종료 관련 신호,57824.0,127.013637259057,37.495068062998,addr
"힐스테이트
호매실뉴스테이 | 경기도 수원시 권선구 호매실동 1393","힐스테이트
호매실뉴스테이",주택,일반,최근 투자보고서 있음(계속 운용 추정),271228.0,126.958769748589,37.2599999691398,addr
힐스테이트관악뉴포레 | 서울특별시 관악구 조원로 25,힐스테이트관악뉴포레,주택(공동주택),일반,최근 투자보고서 있음(계속 운용 추정),,126.905433298638,37.483708310871,addr
힐스테이트봉담 | 경기도 화성시 봉담읍 상리3길 90,힐스테이트봉담,주택(공동주택),일반,최근 투자보고서 있음(계속 운용 추정),,126.948703067266,37.2284381927726,addr
"힐스테이트푸르지오 수원 124동 | 경기도 수원시 팔달구 매교동 292, 293",힐스테이트푸르지오 수원 124동,주택,일반,특이공시 있음(계속 공시 가능),,127.011748868131,37.2683330954442,addr
"힐스테이트푸르지오 수원 | 경기도 수원시 팔달구 효원로93번길 34 (매교동, 힐스테이트 푸르지오 수원)",힐스테이트푸르지오 수원,주택(공동주택),일반,특이공시 있음(계속 공시 가능),,127.014046203511,37.2676556223372,addr
힐스테이트호매실 | 경기도 수원시 권선구 호매실동 1393,힐스테이트호매실,주택,개발사업,최근 투자보고서 있음(계속 운용 추정),,126.958769748589,37.2599999691398,addr
힐스테이트호매실뉴스테이 | 경기도 수원시 권선구 호매실동 1393,힐스테이트호매실뉴스테이,주택,일반,최근 투자보고서 있음(계속 운용 추정),267721.787921,126.958769748589,37.2599999691398,addr
