site_id,event_month,notice_date,table_kind,event_type,record_code
S014CC9DE,2024-01,20240129,용도구역,신설,44130BTZ202401290333
S014CC9DE,2024-01,20240129,용도구역,신설,44130BTZ202401290334
S014CC9DE,2024-01,20240129,용도구역,신설,44130BTZ202401290335
S014CC9DE,2024-01,20240129,용도구역,신설,44130BTZ202401290336
S014CC9DE,2024-01,20240129,용도구역,신설,44130BTZ202401290337
S014CC9DE,2024-01,20240129,용도구역,신설,44130BTZ202401290338
S014CC9DE,2024-01,20240129,용도구역,신설,44130BTZ202401290339
S014CC9DE,2024-01,20240129,용도구역,신설,44130BTZ202401290340
S014CC9DE,2024-01,20240129,용도구역,신설,44130BTZ202401290341
S014CC9DE,2024-01,20240129,용도구역,신설,44130BTZ202401290342
S014CC9DE,2024-01,20240129,용도구역,신설,44130BTZ202401290343
S014CC9DE,2024-01,20240129,용도구역,신설,44130BTZ202401290344
S014CC9DE,2024-01,20240129,용도구역,신설,44130BTZ202401290345
S014CC9DE,2024-01,20240129,용도구역,신설,44130BTZ202401290346
S014CC9DE,2024-01,20240129,용도구역,신설,44130BTZ202401290347
S014CC9DE,2024-01,20240129,용도구역,신설,44130BTZ202401290348
S014CC9DE,2024-01,20240129,용도구역,신설,44130BTZ202401290349
S014CC9DE,2024-01,20240129,용도구역,신설,44130BTZ202401290350
S014CC9DE,2024-01,20240129,용도구역,신설,44130BTZ202401290351
S014CC9DE,2024-01,20240129,용도구역,신설,44130BTZ202401290352
S014CC9DE,2024-05,20240521,지구단위,신설,44130UTZ202405210002
S014CC9DE,2024-06,20240604,지구단위,신설,44130UTZ202406040001
S014CC9DE,2025-12,20251211,용도구역,변경,44130BTZ202512110022
S014CC9DE,2025-12,20251211,용도구역,변경,44130BTZ202512110023
S014CC9DE,2025-12,20251222,용도구역,변경,44130BTZ202512220033
S014CC9DE,2025-12,20251222,용도구역,변경,44130BTZ202512220034
S01B649CC,2025-08,20250821,지구단위,변경,51210UTZ202508210001
S01B649CC,2025-08,20250821,지구단위,변경,51210UTZ202508210002
S01B649CC,2025-08,20250822,지구단위,신설,51210UTZ202508220004
S01B649CC,2025-08,20250822,지구단위,신설,51210UTZ202508220005
S01B649CC,2025-08,20250827,용도구역,변경,51210BTZ202508270001
S01B649CC,2025-08,20250827,용도지구,변경,51210DSZ202508270002
S01B649CC,2025-08,20250827,용도지구,폐지,51210DSZ202508270018
S01B649CC,2025-08,20250827,용도지구,폐지,51210DSZ202508270019
S01B649CC,2025-08,20250827,용도지구,폐지,51210DSZ202508270020
S01B649CC,2025-08,20250827,용도지구,변경,51210DSZ202508270021
S01B649CC,2025-08,20250827,용도지구,변경,51210DSZ202508270022
S01B649CC,2025-08,20250827,용도지구,변경,51210DSZ202508270026
S01B649CC,2025-08,20250827,용도지구,폐지,51210DSZ202508270034
S01B649CC,2025-09,20250908,용도지구,폐지,51210DSZ202509080001
S01B649CC,2025-09,20250908,용도지구,변경,51210DSZ202509080002
S01B649CC,2025-09,20250908,용도지구,신설,51210DSZ202509080003
S02E285C7,2026-01,20260129,용도구역,신설,47150BTZ202601290849
S02E285C7,2026-01,20260129,용도구역,신설,47150BTZ202601290850
S02E285C7,2026-02,20260202,용도구역,신설,47150BTZ202602020729
S02E285C7,2026-02,20260202,용도구역,신설,47150BTZ202602020730
S02E285C7,2026-02,20260203,용도구역,신설,47150BTZ202602030729
S02E285C7,2026-02,20260203,용도구역,신설,47150BTZ202602030730
S02E285C7,2026-04,20260423,용도구역,변경,47150BTZ202604230052
S02E37C4D,2024-06,20240610,지구단위,변경,41570UTZ202406100011
S02E37C4D,2024-11,20241106,지구단위,변경,41570UTZ202411060001
S02E37C4D,2025-04,20250423,지구단위,변경,41570UTZ202504230010
S02E37C4D,2025-08,20250814,지구단위,변경,41570UTZ202508140001
S02E37C4D,2025-11,20251107,지구단위,변경,41570UTZ202511070010
S02E37C4D,2025-11,20251126,지구단위,변경,41570UTZ202511260010
S030F6D19,2024-01,20240102,용도지구,변경,44130DSZ202401020002
S030F6D19,2024-01,20240102,지구단위,변경,44130UTZ202401020002
S030F6D19,2024-01,20240129,용도구역,신설,44130BTZ202401290275
S030F6D19,2024-01,20240129,용도구역,신설,44130BTZ202401290276
S030F6D19,2024-01,20240129,용도구역,신설,44130BTZ202401290277
S030F6D19,2024-01,20240129,용도구역,신설,44130BTZ202401290278
S030F6D19,2024-01,20240129,용도구역,신설,44130BTZ202401290279
S030F6D19,2024-01,20240129,용도구역,신설,44130BTZ202401290280
S030F6D19,2024-01,20240129,용도구역,신설,44130BTZ202401290281
S030F6D19,2024-01,20240129,용도구역,신설,44130BTZ202401290283
S030F6D19,2024-01,20240129,용도구역,신설,44130BTZ202401290284
S030F6D19,2024-01,20240129,용도구역,신설,44130BTZ202401290285
S030F6D19,2024-01,20240129,용도구역,신설,44130BTZ202401290286
S030F6D19,2024-01,20240129,용도구역,신설,44130BTZ202401290287
S030F6D19,2024-01,20240129,용도구역,신설,44130BTZ202401290288
S030F6D19,2024-01,20240129,용도구역,신설,44130BTZ202401290289
S030F6D19,2024-01,20240129,용도구역,신설,44130BTZ202401290290
S030F6D19,2024-01,20240129,용도구역,신설,44130BTZ202401290291
S030F6D19,2024-01,20240129,용도구역,신설,44130BTZ202401290292
S030F6D19,2024-01,20240129,용도구역,신설,44130BTZ202401290293
S030F6D19,2024-01,20240129,용도구역,신설,44130BTZ202401290294
S030F6D19,2024-01,20240129,용도구역,신설,44130BTZ202401290295
S030F6D19,2024-12,20241211,지구단위,변경,44130UTZ202412110001
S030F6D19,2024-12,20241223,용도지구,폐지,44130DSZ202412230001
S030F6D19,2024-12,20241223,지구단위,폐지,44130UTZ202412230001
S030F6D19,2024-12,20241223,지구단위,신설,44130UTZ202412230002
S030F6D19,2025-01,20250117,용도지구,폐지,44130DSZ202501170001
S030F6D19,2025-01,20250117,지구단위,폐지,44130UTZ202501170001
S030F6D19,2025-01,20250117,지구단위,신설,44130UTZ202501170002
S030F6D19,2025-01,20250117,지구단위,변경,44130UTZ202501170003
S030F6D19,2025-10,20251031,지구단위,변경,44130UTZ202510310001
S030F6D19,2025-11,20251104,지구단위,변경,44130UTZ202511040001
S030F6D19,2025-12,20251211,용도구역,변경,44130BTZ202512110013
S030F6D19,2025-12,20251211,용도구역,변경,44130BTZ202512110014
S030F6D19,2025-12,20251211,용도구역,변경,44130BTZ202512110015
S030F6D19,2025-12,20251211,용도구역,변경,44130BTZ202512110031
S030F6D19,2025-12,20251222,용도구역,변경,44130BTZ202512220020
S030F6D19,2025-12,20251222,용도구역,변경,44130BTZ202512220021
S030F6D19,2025-12,20251222,용도구역,변경,44130BTZ202512220022
S030F6D19,2025-12,20251222,용도구역,변경,44130BTZ202512220023
S030F6D19,2026-01,20260123,지구단위,변경,44130UTZ202601230001
S030F6D19,2026-04,20260407,지구단위,변경,44130UTZ202604070001
S030F6D19,2026-04,20260415,지구단위,변경,44130UTZ202604150001
S033393F7,2025-05,20250529,지구단위,신설,26000UTZ202506040001
S03652A61,2024-01,20240122,지구단위,변경,27000UTZ202401220002
S03652A61,2024-05,20240510,지구단위,변경,27000UTZ202405100001
S03652A61,2024-09,20240920,지구단위,변경,27000UTZ202409200001
S03652A61,2024-12,20241220,지구단위,변경,27000UTZ202412200001
S03652A61,2025-04,20250410,지구단위,변경,27000UTZ202504100001
S04F4AA2B,2024-01,20240129,용도구역,신설,44130BTZ202401290211
S04F4AA2B,2024-01,20240129,용도구역,신설,44130BTZ202401290212
S04F4AA2B,2024-01,20240129,용도구역,신설,44130BTZ202401290213
S04F4AA2B,2024-01,20240129,용도구역,신설,44130BTZ202401290214
S04F4AA2B,2024-01,20240129,용도구역,신설,44130BTZ202401290215
S04F4AA2B,2024-01,20240129,용도구역,신설,44130BTZ202401290216
S04F4AA2B,2024-01,20240129,용도구역,신설,44130BTZ202401290217
S04F4AA2B,2024-01,20240129,용도구역,신설,44130BTZ202401290218
S04F4AA2B,2024-03,20240321,지구단위,변경,44130UTZ202403210003
S04F4AA2B,2024-06,20240625,지구단위,변경,44130UTZ202406250001
S04F4AA2B,2024-09,20240902,지구단위,변경,44130UTZ202409020001
S04F4AA2B,2024-09,20240911,지구단위,변경,44130UTZ202409110001
S04F4AA2B,2025-07,20250711,용도구역,변경,44130BTZ202507110001
S04F4AA2B,2025-07,20250711,용도구역,변경,44130BTZ202507110002
S04F4AA2B,2025-07,20250711,용도지구,변경,44130DSZ202507110003
S04F4AA2B,2025-07,20250711,용도지구,변경,44130DSZ202507110004
S04F4AA2B,2025-07,20250711,용도지구,변경,44130DSZ202507110005
S04F4AA2B,2025-07,20250711,용도지구,변경,44130DSZ202507110006
S04F4AA2B,2025-07,20250711,용도지구,변경,44130DSZ202507110007
S04F4AA2B,2025-07,20250721,용도구역,정정,44130BTZ202507210001
S04F4AA2B,2025-07,20250721,용도구역,정정,44130BTZ202507210002
S04F4AA2B,2025-07,20250721,용도지구,정정,44130DSZ202507210003
S04F4AA2B,2025-07,20250721,용도지구,정정,44130DSZ202507210004
S04F4AA2B,2025-07,20250721,용도지구,정정,44130DSZ202507210005
S04F4AA2B,2025-07,20250721,용도지구,정정,44130DSZ202507210006
S04F4AA2B,2025-07,20250721,용도지구,정정,44130DSZ202507210007
S04F4AA2B,2025-07,20250731,용도지구,변경,44130DSZ202507310008
S04F4AA2B,2025-07,20250731,용도지구,변경,44130DSZ202507310009
S04F4AA2B,2025-07,20250731,용도지구,변경,44130DSZ202507310010
S04F4AA2B,2025-07,20250731,용도지구,변경,44130DSZ202507310012
S04F4AA2B,2025-07,20250731,용도지구,변경,44130DSZ202507310013
S04F4AA2B,2026-01,20260107,지구단위,신설,44130UTZ202601070001
S04F4AA2B,2026-01,20260126,지구단위,정정,44130UTZ202601260001
S04F4AA2B,2026-02,20260203,지구단위,신설,44130UTZ202602030001
S04F4AA2B,2026-06,20260605,지구단위,변경,44130UTZ202606050001
S0519F4C5,2024-09,20240905,용도구역,신설,31000BTZ202409050001
S0519F4C5,2024-09,20240905,지구단위,변경,31000UTZ202409050001
S0519F4C5,2024-12,20241226,지구단위,신설,31000UTZ202412260001
S0519F4C5,2024-12,20241227,지구단위,신설,31000UTZ202412270012
S05264363,2024-01,20240111,용도구역,신설,48330BTZ202401110001
S05264363,2024-10,20241010,지구단위,변경,48330UTZ202410100001
S05264363,2025-02,20250206,지구단위,변경,48330UTZ202502060001
S05264363,2025-09,20250918,용도구역,폐지,48330BTZ202509180003
S05264363,2025-12,20251209,지구단위,신설,48330UTZ202512090001
S06A76971,2024-03,20240311,지구단위,변경,48250UTZ202403110008
S06A76971,2024-03,20240328,지구단위,변경,48250UTZ202403280011
S06A76971,2024-07,20240718,지구단위,신설,48250UTZ202407180036
S06A76971,2024-07,20240730,지구단위,신설,48250UTZ202407300001
S06A76971,2024-11,20241121,지구단위,변경,48250UTZ202411210001
S06A76971,2024-11,20241122,지구단위,신설,48250UTZ202411220005
S06A76971,2024-12,20241209,지구단위,변경,48250UTZ202412090001
S06A76971,2025-01,20250115,지구단위,변경,48250UTZ202501150002
S06D4E6D7,2025-05,20250507,지구단위,변경,41610UTZ202505070056
S06D4E6D7,2026-03,20260331,지구단위,변경,41610UTZ202603310098
S06D4E6D7,2026-03,20260331,지구단위,변경,41610UTZ202603310099
S06D4E6D7,2026-03,20260331,지구단위,변경,41610UTZ202603310100
S06D4E6D7,2026-03,20260331,지구단위,변경,41610UTZ202603310101
S06D4E6D7,2026-03,20260331,지구단위,변경,41610UTZ202603310102
S06D4E6D7,2026-03,20260331,지구단위,변경,41610UTZ202603310103
S07008417,2024-04,20240418,지구단위,신설,41170UTZ202404180001
S07008417,2024-10,20241011,지구단위,변경,41170UTZ202410110001
S07008417,2024-10,20241030,지구단위,변경,41170UTZ202410300001
S07008417,2024-12,20241210,지구단위,변경,41170UTZ202412100002
S07008417,2025-01,20250124,지구단위,신설,41170UTZ202501240001
S07008417,2025-01,20250125,지구단위,신설,41170UTZ202501250001
S07008417,2025-02,20250213,지구단위,신설,41170UTZ202502130001
S07008417,2025-07,20250715,지구단위,변경,41170UTZ202507150001
S07008417,2026-02,20260225,지구단위,변경,41170UTZ202602250001
S07008417,2026-04,20260430,지구단위,신설,41170UTZ202604300001
S071CA5E4,2025-10,20251027,용도구역,변경,41190BTZ202510270005
S07631617,2025-09,20250926,지구단위,변경,31170UTZ202509250002
S076A1CAD,2024-05,20240524,지구단위,변경,51130UTZ202405240001
S076A1CAD,2024-12,20241203,용도구역,변경,51130BTZ202411190075
S076A1CAD,2025-03,20250314,지구단위,변경,51130UTZ202503140002
S076A1CAD,2025-12,20251217,지구단위,변경,51130UTZ202512170003
S076A1CAD,2025-12,20251223,지구단위,변경,51130UTZ202512230004
S076A1CAD,2025-12,20251223,지구단위,변경,51130UTZ202512230005
S076A1CAD,2026-01,20260102,지구단위,변경,51130UTZ202601020011
S076A1CAD,2026-02,20260212,지구단위,변경,51130UTZ202602120002
S081A389E,2024-08,20240814,지구단위,변경,26530UTZ202408130001
S081A389E,2024-08,20240814,지구단위,변경,26530UTZ202408140001
S0840E617,2024-08,20240802,용도구역,변경,41220BTZ202408020061
S0840E617,2024-12,20241231,지구단위,신설,41220UTZ202412310701
S08DE5D74,2024-09,20240920,지구단위,변경,27000UTZ202409200002
S08DE5D74,2024-10,20241021,지구단위,변경,27000UTZ202410210001
S08DE5D74,2025-05,20250530,지구단위,변경,27000UTZ202505300001
S08DE5D74,2025-09,20250901,지구단위,신설,27000UTZ202509010001
S08DE5D74,2025-11,20251110,지구단위,변경,27000UTZ202511100002
S08DE5D74,2025-11,20251111,지구단위,변경,27260UTZ202511110001
S08DE5D74,2025-11,20251120,지구단위,변경,27000UTZ202511200003
S08DE5D74,2025-11,20251120,지구단위,변경,27260UTZ202511200002
S08DE5D74,2025-11,20251128,용도지구,변경,27260DSZ202511280001
S08DE5D74,2025-11,20251128,지구단위,신설,27260UTZ202511280001
S08DE5D74,2025-12,20251201,지구단위,변경,27000UTZ202512010003
S08DE5D74,2026-01,20260109,지구단위,변경,27000UTZ202601090001
S08DE5D74,2026-01,20260109,지구단위,변경,27260UTZ202601090001
S094DADA7,2024-12,20241230,지구단위,신설,41150UTZ202412300018
S094DADA7,2025-01,20250107,지구단위,신설,41150UTZ202501070020
S094DADA7,2025-01,20250109,지구단위,신설,41150UTZ202501090021
S094DADA7,2025-01,20250115,지구단위,신설,41150UTZ202501150022
S094DADA7,2025-02,20250225,지구단위,신설,41150UTZ202502250025
S094DADA7,2025-03,20250310,지구단위,신설,41150UTZ202503100026
S094DADA7,2025-04,20250402,지구단위,신설,41150UTZ202504020028
S094DADA7,2025-06,20250605,지구단위,변경,41150UTZ202506050031
S094DADA7,2026-05,20260504,지구단위,신설,41150UTZ202607090001
S0956FC65,2024-02,20240220,지구단위,변경,41390UTZ202402200001
S0956FC65,2024-09,20240927,지구단위,변경,41390UTZ202409270001
S0971DF3D,2024-04,20240418,지구단위,신설,41390UTZ202404180001
S09F44B51,2025-10,20251002,지구단위,변경,36110UTZ202510020017
S0A6CC8C6,2024-07,20240705,용도지구,폐지,51830DSZ202407050009
S0A6CC8C6,2024-07,20240705,용도지구,폐지,51830DSZ202407050022
S0A6CC8C6,2024-08,20240816,용도지구,폐지,51830DSZ202408160021
S0A7A5F4E,2025-03,20250319,용도지구,변경,41630DSZ202503190001
S0A7A5F4E,2025-03,20250319,지구단위,변경,41630UTZ202503190001
S0ADB789F,2024-02,20240226,용도구역,변경,41210BTZ202402260001
S0ADB789F,2024-12,20241230,지구단위,변경,41210UTZ202412300010
S0ADB789F,2024-12,20241230,지구단위,변경,41210UTZ202412300011
S0ADB789F,2024-12,20241230,지구단위,폐지,41210UTZ202412300013
S0ADB789F,2024-12,20241230,지구단위,신설,41210UTZ202412300025
S0ADB789F,2025-01,20250124,지구단위,신설,41210UTZ202501240027
S0ADB789F,2025-03,20250326,지구단위,변경,41210UTZ202503260026
S0ADB789F,2025-04,20250402,지구단위,변경,41210UTZ202504020027
S0ADB789F,2025-11,20251126,용도지구,변경,41210DSZ202512110018
S0B32AC2A,2024-02,20240220,지구단위,변경,41390UTZ202402200001
S0B32AC2A,2024-09,20240927,지구단위,변경,41390UTZ202409270001
S0C556870,2024-04,20240404,용도지구,변경,47230DSZ202404040003
S0C556870,2024-04,20240404,지구단위,변경,47230UTZ202404040003
S0DE05765,2024-04,20240404,지구단위,변경,48250UTZ202404040015
S0DE05765,2024-05,20240508,지구단위,변경,48250UTZ202405080004
S0DE05765,2024-07,20240704,지구단위,신설,48250UTZ202407040001
S0DE05765,2024-07,20240704,지구단위,신설,48250UTZ202407040026
S0DE05765,2024-08,20240801,용도구역,신설,48250BTZ202408010002
S0DE05765,2024-08,20240801,지구단위,폐지,48250UTZ202408010041
S0DE05765,2024-10,20241004,지구단위,신설,48250UTZ202410040047
S0DE05765,2024-10,20241008,지구단위,변경,48250UTZ202409240001
S0DE05765,2024-10,20241017,지구단위,신설,48250UTZ202410170001
S0DE05765,2024-11,20241127,지구단위,변경,48250UTZ202411270003
S0DE05765,2024-11,20241128,용도구역,신설,48250BTZ202411280001
S0DE05765,2025-02,20250205,지구단위,변경,48250UTZ202502050005
S0DE05765,2025-04,20250423,용도구역,폐지,48250BTZ202504230002
S0DE05765,2025-04,20250430,용도구역,폐지,48250BTZ202504290001
S0DE05765,2025-08,20250827,지구단위,변경,48250UTZ202508270023
S0DE05765,2025-09,20250915,지구단위,변경,48250UTZ202509150024
S0DE05765,2025-12,20251203,지구단위,변경,48250UTZ202512030047
S0DE05765,2025-12,20251217,지구단위,변경,48250UTZ202512170051
S0DF491F1,2025-11,20251114,지구단위,폐지,47110UTZ202511140003
S0DF491F1,2025-11,20251114,지구단위,신설,47110UTZ202511140009
S0DF491F1,2025-12,20251230,지구단위,신설,47110UTZ202512300001
S0E0E530B,2024-01,20240110,지구단위,변경,41630UTZ202401100001
S0EAF055D,2024-12,20241226,용도지구,변경,31000DSZ202412260012
S0EAF055D,2024-12,20241226,용도지구,변경,31000DSZ202412260014
S0EAF055D,2024-12,20241227,용도지구,변경,31000DSZ202412270047
S0EAF055D,2024-12,20241227,용도지구,변경,31000DSZ202412270058
S0EAF055D,2024-12,20241227,지구단위,변경,31000UTZ202412270005
S0EAF055D,2025-02,20250227,지구단위,변경,31000UTZ202502270001
S0EDE59BA,2025-10,20251002,지구단위,변경,36110UTZ202510020017
S0EE4E155,2024-01,20240105,지구단위,변경,41360UTZ202401040003
S0EE4E155,2024-11,20241107,지구단위,변경,41360UTZ202411070032
S0EE4E155,2025-03,20250320,지구단위,변경,41360UTZ202503200037
S0EE4E155,2025-07,20250729,지구단위,변경,41360UTZ202507290050
S0F484014,2024-01,20240112,지구단위,변경,11590UTZ202202090002
S0F484014,2024-07,20240724,용도지구,폐지,11000DSZ196312131478
S0F484014,2024-07,20240724,용도지구,폐지,11000DSZ197008060691
S0F484014,2024-08,20240807,지구단위,변경,11000UTZ202408070001
S0F484014,2025-04,20250403,지구단위,변경,11000UTZ202504030001
S0F484014,2025-04,20250403,지구단위,변경,11000UTZ202504030002
S0F484014,2025-05,20250509,지구단위,변경,11000UTZ202505090001
S0F484014,2025-11,20251110,용도지구,폐지,11000DSZ201305301901
S0F484014,2026-01,20260115,지구단위,실효,11000UTZ201903080073
S0F6BBBAC,2024-01,20240122,지구단위,폐지,27000UTZ202401220001
S0F6BBBAC,2026-03,20260309,지구단위,변경,27140UTZ202603090001
S0F6BBBAC,2026-03,20260316,지구단위,변경,27140UTZ202603160001
S0F6BBBAC,2026-03,20260326,지구단위,변경,27140UTZ202603260001
S0F822031,2024-08,20240830,지구단위,변경,44200UTZ202408300003
S0F822031,2024-09,20240923,지구단위,변경,44200UTZ202409230001
S0F822031,2025-11,20251114,지구단위,신설,44200UTZ202511140001
S0F822031,2026-02,20260205,용도지구,폐지,44200DSZ202602050002
S0F822031,2026-02,20260205,지구단위,변경,44200UTZ202602050001
S10337289,2024-03,20240314,지구단위,변경,41360UTZ202403140004
S10337289,2024-07,20240711,지구단위,변경,41360UTZ202407110012
S10337289,2024-10,20241031,지구단위,변경,41360UTZ202411060030
S10337289,2024-11,20241128,용도구역,폐지,41360BTZ202411280007
S10337289,2024-11,20241128,지구단위,신설,41360UTZ202411280036
S10337289,2024-12,20241203,지구단위,변경,41360UTZ202412030033
S10337289,2024-12,20241224,용도구역,폐지,41360BTZ202412240026
S10337289,2025-06,20250626,지구단위,변경,41360UTZ202506260039
S10337289,2025-06,20250630,지구단위,변경,41360UTZ202506300040
S10337289,2025-07,20250729,지구단위,변경,41360UTZ202507290049
S10337289,2025-09,20250904,지구단위,변경,41360UTZ202509040091
S10337289,2025-09,20250904,지구단위,변경,41360UTZ202509040092
S10337289,2025-09,20250904,지구단위,변경,41360UTZ202509040093
S10337289,2025-09,20250904,지구단위,변경,41360UTZ202509040094
S10337289,2025-09,20250925,지구단위,변경,41360UTZ202509250098
S10337289,2025-11,20251103,지구단위,변경,41360UTZ202511030001
S10337289,2025-12,20251205,지구단위,변경,41360UTZ202512050099
S10337289,2025-12,20251205,지구단위,변경,41360UTZ202512050101
S10337289,2025-12,20251205,지구단위,변경,41360UTZ202512050102
S10337289,2025-12,20251205,지구단위,변경,41360UTZ202512050104
S10337289,2025-12,20251205,지구단위,변경,41360UTZ202512050122
S10337289,2025-12,20251205,지구단위,신설,41360UTZ202512050123
S10337289,2025-12,20251205,지구단위,변경,41360UTZ202512050154
S10337289,2025-12,20251215,지구단위,변경,41360UTZ202512150001
S10337289,2025-12,20251215,지구단위,변경,41360UTZ202512150003
S10337289,2025-12,20251215,지구단위,변경,41360UTZ202512150004
S10337289,2025-12,20251215,지구단위,변경,41360UTZ202512150006
S10337289,2025-12,20251215,지구단위,변경,41360UTZ202512150024
S10337289,2025-12,20251215,지구단위,신설,41360UTZ202512150025
S10337289,2025-12,20251215,지구단위,변경,41360UTZ202512150056
S10337289,2025-12,20251222,지구단위,변경,41360UTZ202512220005
S10337289,2025-12,20251230,지구단위,변경,41360UTZ202512300156
S10337289,2025-12,20251231,지구단위,변경,41360UTZ202512310157
S10337289,2026-02,20260211,지구단위,변경,41360UTZ202602110001
S10337289,2026-05,20260507,지구단위,변경,41360UTZ202605075434
S10337289,2026-05,20260507,지구단위,신설,41360UTZ202605075435
S10337289,2026-05,20260520,지구단위,변경,41360UTZ202605200001
S10337289,2026-05,20260520,지구단위,신설,41360UTZ202605200002
S106219CB,2024-05,20240524,지구단위,변경,51130UTZ202405240001
S106219CB,2025-03,20250314,지구단위,변경,51130UTZ202503140002
S106219CB,2025-12,20251217,지구단위,변경,51130UTZ202512170003
S106219CB,2025-12,20251223,지구단위,변경,51130UTZ202512230004
S106219CB,2025-12,20251223,지구단위,변경,51130UTZ202512230005
S106219CB,2026-01,20260102,지구단위,변경,51130UTZ202601020011
S106219CB,2026-02,20260212,지구단위,변경,51130UTZ202602120002
S106F6247,2026-04,20260401,지구단위,변경,44130UTZ202604010002
S106F6247,2026-04,20260413,지구단위,정정,44130UTZ202604130001
S106F6247,2026-04,20260423,지구단위,변경,44130UTZ202604230001
S10AC7248,2025-02,20250219,지구단위,변경,41570UTZ202502190001
S10EAC3DE,2024-08,20240823,용도구역,신설,44810BTZ202408230001
S10EAC3DE,2025-12,20251203,용도구역,변경,44810BTZ202512030001
S10EAC3DE,2025-12,20251230,지구단위,신설,44810UTZ202512300001
S10EAC3DE,2026-03,20260312,용도구역,신설,44810BTZ202603100006
S10EAC3DE,2026-03,20260312,용도구역,신설,44810BTZ202603100007
S10EAC3DE,2026-03,20260312,용도구역,신설,44810BTZ202603100008
S10EAC3DE,2026-03,20260312,용도구역,신설,44810BTZ202603100009
S10EAC3DE,2026-03,20260312,용도구역,신설,44810BTZ202603100010
S10EAC3DE,2026-03,20260312,용도구역,신설,44810BTZ202603100032
S10EAC3DE,2026-03,20260312,용도구역,신설,44810BTZ202603100033
S10EAC3DE,2026-03,20260312,용도구역,신설,44810BTZ202603100034
S10EAC3DE,2026-03,20260312,용도구역,신설,44810BTZ202603100174
S10EAC3DE,2026-03,20260312,용도구역,신설,44810BTZ202603100178
S10EAC3DE,2026-03,20260312,용도구역,신설,44810BTZ202603100184
S10EAC3DE,2026-03,20260312,용도구역,신설,44810BTZ202603100192
S10EAC3DE,2026-03,20260312,용도구역,신설,44810BTZ202603100428
S10EAC3DE,2026-03,20260312,용도구역,신설,44810BTZ202603100429
S10EAC3DE,2026-03,20260312,용도구역,신설,44810BTZ202603100430
S10EAC3DE,2026-03,20260312,용도구역,신설,44810BTZ202603100431
S10EAC3DE,2026-03,20260312,용도구역,신설,44810BTZ202603100432
S10EAC3DE,2026-03,20260312,용도구역,신설,44810BTZ202603100433
S10EAC3DE,2026-03,20260312,용도구역,신설,44810BTZ202603100434
S10EAC3DE,2026-03,20260312,용도구역,신설,44810BTZ202603100435
S10EAC3DE,2026-03,20260312,용도구역,신설,44810BTZ202603100436
S10EAC3DE,2026-03,20260312,용도구역,신설,44810BTZ202603100437
S10EAC3DE,2026-03,20260312,용도구역,신설,44810BTZ202603100438
S10EAC3DE,2026-03,20260312,용도구역,신설,44810BTZ202603100439
S10EAC3DE,2026-03,20260312,용도구역,신설,44810BTZ202603100440
S10EAC3DE,2026-03,20260312,용도구역,신설,44810BTZ202603100441
S10EAC3DE,2026-03,20260312,용도구역,신설,44810BTZ202603100442
S10EAC3DE,2026-03,20260312,용도구역,신설,44810BTZ202603100443
S10EAC3DE,2026-03,20260312,용도구역,신설,44810BTZ202603100444
S10EAC3DE,2026-03,20260312,용도구역,신설,44810BTZ202603100445
S10EAC3DE,2026-03,20260312,용도구역,신설,44810BTZ202603100446
S10EAC3DE,2026-03,20260312,용도구역,신설,44810BTZ202603100447
S10EAC3DE,2026-03,20260312,용도구역,신설,44810BTZ202603100448
S10EAC3DE,2026-03,20260312,용도구역,신설,44810BTZ202603100449
S10EAC3DE,2026-03,20260312,용도구역,신설,44810BTZ202603100450
S10EAC3DE,2026-03,20260312,용도구역,신설,44810BTZ202603100451
S10EAC3DE,2026-03,20260312,용도구역,신설,44810BTZ202603100452
S10EAC3DE,2026-03,20260312,용도구역,신설,44810BTZ202603100453
S10EAC3DE,2026-03,20260312,용도구역,신설,44810BTZ202603100454
S10EAC3DE,2026-03,20260312,용도구역,신설,44810BTZ202603100455
S10EAC3DE,2026-03,20260312,용도구역,신설,44810BTZ202603100456
S10EAC3DE,2026-03,20260312,용도구역,신설,44810BTZ202603100457
S10EAC3DE,2026-03,20260312,용도구역,신설,44810BTZ202603100458
S10EAC3DE,2026-03,20260312,용도구역,신설,44810BTZ202603100459
S10EAC3DE,2026-03,20260312,용도구역,신설,44810BTZ202603100460
S10EAC3DE,2026-03,20260312,용도구역,신설,44810BTZ202603100461
S10EAC3DE,2026-03,20260312,용도구역,신설,44810BTZ202603100462
S10EAC3DE,2026-03,20260312,용도구역,신설,44810BTZ202603100463
S10EAC3DE,2026-03,20260312,용도구역,신설,44810BTZ202603100464
S10EAC3DE,2026-03,20260312,용도구역,신설,44810BTZ202603100465
S10EAC3DE,2026-03,20260312,용도구역,신설,44810BTZ202603100466
S10EAC3DE,2026-03,20260312,용도구역,신설,44810BTZ202603100467
S10EAC3DE,2026-03,20260312,용도구역,신설,44810BTZ202603100468
S10EAC3DE,2026-03,20260312,용도구역,신설,44810BTZ202603100469
S10EAC3DE,2026-03,20260312,용도구역,신설,44810BTZ202603100470
S10EAC3DE,2026-03,20260312,용도구역,신설,44810BTZ202603100471
S10EAC3DE,2026-03,20260312,용도구역,신설,44810BTZ202603100472
S10EAC3DE,2026-03,20260312,용도구역,신설,44810BTZ202603100473
S10EAC3DE,2026-03,20260312,용도구역,신설,44810BTZ202603100474
S10EAC3DE,2026-03,20260312,용도구역,신설,44810BTZ202603100475
S10EAC3DE,2026-03,20260312,용도구역,신설,44810BTZ202603100476
S10EAC3DE,2026-03,20260312,용도구역,신설,44810BTZ202603100477
S10EAC3DE,2026-03,20260312,용도구역,신설,44810BTZ202603100478
S10EAC3DE,2026-03,20260312,용도구역,신설,44810BTZ202603100479
S11801321,2026-05,20260528,지구단위,변경,11350UTZ202605280001
S11801321,2026-05,20260528,지구단위,신설,11350UTZ202605280002
S125500D4,2024-10,20241021,지구단위,변경,26000UTZ202410210001
S125500D4,2025-02,20250226,지구단위,변경,26350UTZ202408220001
S125500D4,2025-08,20250820,지구단위,신설,26000UTZ202508200001
S125500D4,2025-08,20250820,지구단위,신설,26000UTZ202508270001
S125500D4,2025-08,20250825,지구단위,신설,26000UTZ202508250003
S125500D4,2025-11,20251105,지구단위,신설,26000UTZ202511100001
S125500D4,2025-11,20251105,지구단위,신설,26350UTZ202511050001
S125500D4,2026-02,20260225,지구단위,신설,26350UTZ202602250001
S125500D4,2026-02,20260226,지구단위,신설,26350UTZ202602270001
S125500D4,2026-06,20260622,지구단위,변경,26000UTZ202606220005
S126B4694,2024-07,20240705,지구단위,변경,41590UTZ202407050870
S126B4694,2024-12,20241223,지구단위,변경,41590UTZ202412230887
S126B4694,2025-05,20250509,지구단위,변경,41590UTZ202505090016
S126B4694,2025-06,20250613,지구단위,변경,41590UTZ202506130021
S126B4694,2025-08,20250812,지구단위,변경,41590UTZ202508120027
S126B4694,2025-10,20251010,지구단위,변경,41590UTZ202510100002
S126B4694,2025-10,20251013,지구단위,변경,41590UTZ202510130003
S126B4694,2025-10,20251014,지구단위,변경,41590UTZ202510140008
S126B4694,2025-10,20251027,지구단위,변경,41590UTZ202510270001
S126B4694,2026-06,20260624,지구단위,변경,41590UTZ202606240001
S126B4694,2026-06,20260624,지구단위,변경,41590UTZ202606240002
S12865F46,2024-01,20240103,지구단위,신설,31140UTZ202401150002
S12865F46,2024-01,20240125,지구단위,변경,31000UTZ202401250001
S12865F46,2024-02,20240207,지구단위,변경,31140UTZ202402070001
S12865F46,2024-03,20240322,지구단위,신설,31000UTZ202403220001
S12865F46,2024-04,20240418,지구단위,신설,31140UTZ202404180001
S12865F46,2024-05,20240503,지구단위,변경,31000UTZ202405030001
S12865F46,2024-08,20240802,지구단위,변경,31000UTZ202408020002
S12865F46,2024-09,20240904,지구단위,변경,31140UTZ202409050001
S12865F46,2024-09,20240904,지구단위,변경,31140UTZ202409050003
S12865F46,2024-12,20241206,지구단위,변경,31000UTZ202412060001
S12865F46,2024-12,20241226,용도지구,변경,31000DSZ202412230148
S12865F46,2024-12,20241227,용도지구,변경,31000DSZ202412270157
S12865F46,2025-01,20250123,지구단위,변경,31000UTZ202501230001
S12865F46,2025-01,20250123,지구단위,변경,31140UTZ202502060001
S12865F46,2025-02,20250228,용도구역,신설,31000BTZ202502280001
S12865F46,2025-07,20250704,지구단위,변경,31000UTZ202507040001
S12865F46,2025-07,20250704,지구단위,변경,31000UTZ202507040002
S12865F46,2025-07,20250716,지구단위,변경,31140UTZ202507160001
S12865F46,2025-07,20250730,지구단위,변경,31140UTZ202507300003
S12865F46,2025-08,20250815,지구단위,변경,31140UTZ202508150001
S12865F46,2025-09,20250912,지구단위,변경,31000UTZ202509120001
S12865F46,2025-09,20250925,지구단위,신설,31000UTZ202509250002
S12865F46,2025-10,20251002,지구단위,변경,31000UTZ202510020002
S12865F46,2025-11,20251110,지구단위,변경,31140UTZ202511130001
S12865F46,2025-11,20251110,지구단위,변경,31140UTZ202511130002
S12865F46,2026-01,20260123,지구단위,변경,31140UTZ202601220002
S12865F46,2026-02,20260220,지구단위,신설,31140UTZ202602200001
S130B9B09,2024-12,20241202,용도지구,변경,50110DSZ202412020120
S130B9B09,2024-12,20241202,용도지구,변경,50110DSZ202412020121
S130B9B09,2024-12,20241226,지구단위,신설,50110UTZ202412260001
S13731CB5,2024-04,20240415,지구단위,변경,41480UTZ202404150001
S138A1FA2,2024-01,20240112,지구단위,변경,41170UTZ202401120001
S138A1FA2,2024-05,20240531,지구단위,변경,41170UTZ202405310001
S138A1FA2,2024-08,20240801,용도구역,신설,41170BTZ202408010015
S138A1FA2,2024-08,20240801,용도구역,신설,41170BTZ202408010016
S138A1FA2,2024-08,20240801,용도구역,신설,41170BTZ202408010017
S138A1FA2,2024-08,20240801,용도구역,신설,41170BTZ202408010018
S138A1FA2,2024-08,20240801,용도구역,신설,41170BTZ202408010019
S138A1FA2,2024-09,20240927,지구단위,변경,41170UTZ202409270002
S138A1FA2,2024-12,20241230,지구단위,변경,41170UTZ202412300001
S138A1FA2,2025-06,20250627,지구단위,신설,41170UTZ202506270001
S138A1FA2,2025-08,20250825,지구단위,변경,41170UTZ202508250001
S16E31147,2024-09,20240920,지구단위,변경,28000UTZ202409200001
S16E31147,2025-05,20250502,지구단위,변경,28000UTZ202504170001
S16E31147,2025-07,20250708,지구단위,변경,28000UTZ202506300002
S16E31147,2025-07,20250717,지구단위,변경,28000UTZ202507170001
S16E31147,2026-05,20260506,지구단위,변경,28000UTZ202605060001
S181CC42E,2024-12,20241202,용도지구,변경,50130DSZ202412040005
S181CC42E,2024-12,20241202,용도지구,변경,50130DSZ202412040006
S181CC42E,2024-12,20241202,용도지구,변경,50130DSZ202412040016
S181CC42E,2024-12,20241202,용도지구,변경,50130DSZ202412040039
S181CC42E,2024-12,20241202,용도지구,변경,50130DSZ202412040040
S181CC42E,2024-12,20241202,용도지구,변경,50130DSZ202412040041
S181CC42E,2024-12,20241202,용도지구,변경,50130DSZ202412040042
S181CC42E,2024-12,20241202,용도지구,변경,50130DSZ202412040043
S181CC42E,2024-12,20241202,용도지구,변경,50130DSZ202412040044
S181CC42E,2024-12,20241202,용도지구,변경,50130DSZ202412040045
S181CC42E,2024-12,20241202,용도지구,변경,50130DSZ202412040046
S181CC42E,2024-12,20241202,용도지구,변경,50130DSZ202412040047
S181CC42E,2024-12,20241202,용도지구,변경,50130DSZ202412040048
S181CC42E,2024-12,20241202,용도지구,변경,50130DSZ202412040049
S181CC42E,2024-12,20241202,용도지구,변경,50130DSZ202412040050
S181CC42E,2024-12,20241202,용도지구,변경,50130DSZ202412040051
S181CC42E,2024-12,20241202,용도지구,변경,50130DSZ202412040052
S181CC42E,2024-12,20241202,용도지구,변경,50130DSZ202412040053
S181CC42E,2024-12,20241202,용도지구,변경,50130DSZ202412040054
S181CC42E,2024-12,20241202,용도지구,변경,50130DSZ202412040055
S181CC42E,2024-12,20241204,용도지구,변경,50000DSZ202412040005
S181CC42E,2024-12,20241204,지구단위,변경,50000UTZ202412040003
S181CC42E,2024-12,20241224,용도지구,변경,50130DSZ202412060042
S181CC42E,2024-12,20241224,용도지구,변경,50130DSZ202412060043
S181CC42E,2024-12,20241224,용도지구,변경,50130DSZ202412060044
S181CC42E,2024-12,20241224,용도지구,변경,50130DSZ202412060045
S181CC42E,2024-12,20241224,용도지구,변경,50130DSZ202412060046
S181CC42E,2024-12,20241224,용도지구,변경,50130DSZ202412060047
S181CC42E,2024-12,20241224,용도지구,변경,50130DSZ202412060048
S181CC42E,2024-12,20241224,용도지구,변경,50130DSZ202412060049
S181CC42E,2024-12,20241224,용도지구,변경,50130DSZ202412060050
S181CC42E,2024-12,20241224,용도지구,변경,50130DSZ202412060051
S181CC42E,2024-12,20241224,용도지구,변경,50130DSZ202412060052
S181CC42E,2024-12,20241224,용도지구,변경,50130DSZ202412060072
S181CC42E,2024-12,20241224,용도지구,변경,50130DSZ202412060137
S181CC42E,2024-12,20241224,용도지구,변경,50130DSZ202412060138
S181CC42E,2024-12,20241224,용도지구,변경,50130DSZ202412060139
S181CC42E,2024-12,20241224,용도지구,변경,50130DSZ202412060140
S181CC42E,2024-12,20241224,용도지구,변경,50130DSZ202412060141
S181CC42E,2024-12,20241224,용도지구,변경,50130DSZ202412060142
S181CC42E,2024-12,20241224,용도지구,변경,50130DSZ202412060143
S181CC42E,2024-12,20241224,용도지구,변경,50130DSZ202412060144
S181CC42E,2024-12,20241224,용도지구,변경,50130DSZ202412060145
S181CC42E,2024-12,20241224,용도지구,변경,50130DSZ202412060146
S181CC42E,2024-12,20241224,용도지구,변경,50130DSZ202412060147
S181CC42E,2024-12,20241224,용도지구,변경,50130DSZ202412060148
S181CC42E,2024-12,20241224,용도지구,변경,50130DSZ202412060149
S181CC42E,2024-12,20241224,용도지구,변경,50130DSZ202412060150
S181CC42E,2024-12,20241224,용도지구,변경,50130DSZ202412060151
S181CC42E,2024-12,20241224,용도지구,변경,50130DSZ202412060152
S181CC42E,2024-12,20241224,용도지구,변경,50130DSZ202412060153
S181CC42E,2024-12,20241224,용도지구,변경,50130DSZ202412060154
S181CC42E,2024-12,20241224,용도지구,변경,50130DSZ202412060155
S181CC42E,2024-12,20241224,용도지구,변경,50130DSZ202412060156
S181CC42E,2024-12,20241224,용도지구,변경,50130DSZ202412060157
S181CC42E,2024-12,20241224,용도지구,변경,50130DSZ202412060158
S181CC42E,2024-12,20241224,용도지구,변경,50130DSZ202412060159
S181CC42E,2024-12,20241224,용도지구,변경,50130DSZ202412060160
S181CC42E,2024-12,20241224,용도지구,신설,50130DSZ202412060161
S181CC42E,2024-12,20241224,용도지구,신설,50130DSZ202412060162
S181CC42E,2024-12,20241224,용도지구,변경,50130DSZ202412060209
S181CC42E,2024-12,20241224,용도지구,변경,50130DSZ202412060210
S181CC42E,2024-12,20241224,용도지구,변경,50130DSZ202412060211
S181CC42E,2025-12,20251222,지구단위,변경,50130UTZ202512220001
S1A51ABDA,2024-04,20240412,지구단위,변경,31000UTZ202404120002
S1A51ABDA,2024-05,20240502,지구단위,변경,31000UTZ202405020001
S1A51ABDA,2024-06,20240607,지구단위,신설,31000UTZ202406070001
S1A51ABDA,2024-10,20241024,지구단위,변경,31000UTZ202410240001
S1A51ABDA,2024-12,20241226,용도구역,변경,31000BTZ202412260004
S1A51ABDA,2024-12,20241227,용도구역,변경,31000BTZ202412270003
S1A51ABDA,2024-12,20241227,지구단위,변경,31000UTZ202412270004
S1A51ABDA,2025-05,20250529,용도구역,변경,31000BTZ202505290001
S1A51ABDA,2025-07,20250703,지구단위,변경,31000UTZ202507030001
S1A51ABDA,2025-07,20250731,지구단위,변경,31000UTZ202507310001
S1A51ABDA,2025-09,20250925,지구단위,변경,31000UTZ202509250003
S1A51ABDA,2025-10,20251023,지구단위,변경,31000UTZ202510230002
S1A6D33DC,2024-10,20241021,지구단위,변경,26000UTZ202410210001
S1A6D33DC,2025-02,20250226,지구단위,변경,26350UTZ202408220001
S1A6D33DC,2025-08,20250820,지구단위,신설,26000UTZ202508200001
S1A6D33DC,2025-08,20250820,지구단위,신설,26000UTZ202508270001
S1A6D33DC,2025-08,20250825,지구단위,신설,26000UTZ202508250003
S1A6D33DC,2025-11,20251105,지구단위,신설,26000UTZ202511100001
S1A6D33DC,2025-11,20251105,지구단위,신설,26350UTZ202511050001
S1A6D33DC,2026-02,20260225,지구단위,신설,26350UTZ202602250001
S1A6D33DC,2026-02,20260226,지구단위,신설,26350UTZ202602270001
S1A6D33DC,2026-06,20260622,지구단위,변경,26000UTZ202606220005
S1A77DD7D,2024-01,20240112,용도지구,변경,43750DSZ202401110018
S1A77DD7D,2024-01,20240112,지구단위,변경,43750UTZ202401110149
S1A77DD7D,2024-02,20240229,용도지구,폐지,43750DSZ202402290021
S1A77DD7D,2024-02,20240229,지구단위,폐지,43750UTZ202402290152
S1A77DD7D,2024-03,20240306,용도지구,폐지,43750DSZ202403060001
S1A77DD7D,2024-03,20240306,지구단위,폐지,43750UTZ202403060001
S1A77DD7D,2024-04,20240419,용도구역,신설,43750BTZ202404190001
S1A77DD7D,2024-04,20240419,용도구역,신설,43750BTZ202404190002
S1A77DD7D,2024-04,20240419,용도구역,신설,43750BTZ202404190003
S1A77DD7D,2024-04,20240419,용도구역,신설,43750BTZ202404190004
S1A77DD7D,2024-04,20240419,용도구역,신설,43750BTZ202404190005
S1A77DD7D,2024-04,20240419,용도구역,신설,43750BTZ202404190006
S1A77DD7D,2024-04,20240419,용도구역,신설,43750BTZ202404190007
S1A77DD7D,2024-04,20240419,용도구역,신설,43750BTZ202404190008
S1A77DD7D,2024-04,20240419,용도구역,신설,43750BTZ202404190009
S1A77DD7D,2024-04,20240419,용도구역,신설,43750BTZ202404190010
S1A77DD7D,2024-04,20240419,용도구역,신설,43750BTZ202404190011
S1A77DD7D,2024-04,20240419,용도구역,신설,43750BTZ202404190012
S1A77DD7D,2024-04,20240419,용도구역,신설,43750BTZ202404190013
S1A77DD7D,2024-04,20240419,용도구역,신설,43750BTZ202404190014
S1A77DD7D,2024-04,20240419,용도구역,신설,43750BTZ202404190015
S1A77DD7D,2024-04,20240419,용도구역,신설,43750BTZ202404190016
S1A77DD7D,2024-04,20240419,용도구역,신설,43750BTZ202404190017
S1A77DD7D,2024-04,20240419,용도구역,신설,43750BTZ202404190056
S1A77DD7D,2024-04,20240419,용도구역,신설,43750BTZ202404190057
S1A77DD7D,2024-04,20240419,용도구역,신설,43750BTZ202404190058
S1A77DD7D,2024-04,20240419,용도구역,신설,43750BTZ202404190059
S1A77DD7D,2024-04,20240419,용도구역,신설,43750BTZ202404190086
S1A77DD7D,2024-04,20240419,용도구역,신설,43750BTZ202404190087
S1A77DD7D,2024-04,20240419,용도구역,신설,43750BTZ202404190088
S1A77DD7D,2024-04,20240419,용도구역,신설,43750BTZ202404190089
S1A77DD7D,2024-04,20240419,용도구역,신설,43750BTZ202404190090
S1A77DD7D,2024-04,20240419,용도구역,신설,43750BTZ202404190091
S1A77DD7D,2024-04,20240419,용도구역,신설,43750BTZ202404190092
S1A77DD7D,2024-04,20240419,용도구역,신설,43750BTZ202404190093
S1A77DD7D,2024-04,20240419,용도구역,신설,43750BTZ202404190094
S1A77DD7D,2024-04,20240419,용도구역,신설,43750BTZ202404190146
S1A77DD7D,2024-04,20240419,용도구역,신설,43750BTZ202404190147
S1A77DD7D,2024-04,20240419,용도구역,신설,43750BTZ202404190148
S1A77DD7D,2024-04,20240419,용도구역,신설,43750BTZ202404190149
S1A77DD7D,2024-04,20240419,용도구역,신설,43750BTZ202404190150
S1A77DD7D,2024-04,20240419,용도구역,신설,43750BTZ202404190151
S1A77DD7D,2024-04,20240419,용도구역,신설,43750BTZ202404190152
S1A77DD7D,2024-04,20240419,용도구역,신설,43750BTZ202404190153
S1A77DD7D,2024-04,20240419,용도구역,신설,43750BTZ202404190154
S1A77DD7D,2024-04,20240419,용도구역,신설,43750BTZ202404190155
S1A77DD7D,2024-04,20240419,용도구역,신설,43750BTZ202404190156
S1A77DD7D,2024-04,20240419,용도구역,신설,43750BTZ202404190157
S1A77DD7D,2024-04,20240419,용도구역,신설,43750BTZ202404190158
S1A77DD7D,2024-04,20240419,용도구역,신설,43750BTZ202404190159
S1A77DD7D,2024-04,20240419,용도구역,신설,43750BTZ202404190160
S1A77DD7D,2024-04,20240419,용도구역,신설,43750BTZ202404190161
S1A77DD7D,2024-04,20240419,용도구역,신설,43750BTZ202404190162
S1A77DD7D,2024-04,20240419,용도구역,신설,43750BTZ202404190163
S1A77DD7D,2024-04,20240419,용도구역,신설,43750BTZ202404190164
S1A77DD7D,2024-04,20240419,용도구역,신설,43750BTZ202404190165
S1A77DD7D,2024-04,20240419,용도구역,신설,43750BTZ202404190166
S1A77DD7D,2024-04,20240419,용도구역,신설,43750BTZ202404190167
S1A77DD7D,2024-04,20240419,용도구역,신설,43750BTZ202404190168
S1A77DD7D,2024-04,20240419,용도구역,신설,43750BTZ202404190169
S1A77DD7D,2024-04,20240419,용도구역,신설,43750BTZ202404190170
S1A77DD7D,2024-04,20240419,용도구역,신설,43750BTZ202404190171
S1A77DD7D,2024-04,20240419,용도구역,신설,43750BTZ202404190172
S1A77DD7D,2024-04,20240419,용도구역,신설,43750BTZ202404190173
S1A77DD7D,2024-04,20240419,용도구역,신설,43750BTZ202404190174
S1A77DD7D,2024-04,20240419,용도구역,신설,43750BTZ202404190175
S1A77DD7D,2024-04,20240419,용도구역,신설,43750BTZ202404190176
S1A77DD7D,2024-04,20240419,용도구역,신설,43750BTZ202404190177
S1A77DD7D,2024-04,20240419,용도구역,신설,43750BTZ202404190178
S1A77DD7D,2024-04,20240419,용도구역,신설,43750BTZ202404190179
S1A77DD7D,2024-04,20240419,용도구역,신설,43750BTZ202404190180
S1A77DD7D,2024-04,20240419,용도구역,신설,43750BTZ202404190181
S1A77DD7D,2024-04,20240419,용도구역,신설,43750BTZ202404190182
S1A77DD7D,2024-04,20240419,용도구역,신설,43750BTZ202404190183
S1A77DD7D,2024-04,20240419,용도구역,신설,43750BTZ202404190184
S1A77DD7D,2024-04,20240419,용도구역,신설,43750BTZ202404190185
S1A77DD7D,2024-04,20240419,용도구역,신설,43750BTZ202404190186
S1A77DD7D,2024-04,20240419,용도구역,신설,43750BTZ202404190187
S1A77DD7D,2024-04,20240419,용도구역,신설,43750BTZ202404190188
S1A77DD7D,2024-04,20240419,용도구역,신설,43750BTZ202404190189
S1A77DD7D,2024-04,20240419,용도구역,신설,43750BTZ202404190190
S1A77DD7D,2024-04,20240419,용도구역,신설,43750BTZ202404190191
S1A77DD7D,2024-04,20240419,용도구역,신설,43750BTZ202404190192
S1A77DD7D,2024-04,20240419,용도구역,신설,43750BTZ202404190193
S1A77DD7D,2024-04,20240419,용도구역,신설,43750BTZ202404190194
S1A77DD7D,2024-04,20240419,용도구역,신설,43750BTZ202404190195
S1A77DD7D,2024-04,20240419,용도구역,신설,43750BTZ202404190196
S1A77DD7D,2024-04,20240419,용도구역,신설,43750BTZ202404190197
S1A77DD7D,2024-04,20240419,용도구역,신설,43750BTZ202404190198
S1A77DD7D,2024-04,20240419,용도구역,신설,43750BTZ202404190199
S1A77DD7D,2024-04,20240419,용도구역,신설,43750BTZ202404190200
S1A77DD7D,2024-04,20240419,용도구역,신설,43750BTZ202404190201
S1A77DD7D,2024-04,20240419,용도구역,신설,43750BTZ202404190202
S1A77DD7D,2024-04,20240419,용도구역,신설,43750BTZ202404190203
S1A77DD7D,2024-04,20240419,용도구역,신설,43750BTZ202404190204
S1A77DD7D,2024-04,20240419,용도구역,신설,43750BTZ202404190205
S1A77DD7D,2024-04,20240419,용도구역,신설,43750BTZ202404190206
S1A77DD7D,2024-04,20240419,용도구역,신설,43750BTZ202404190207
S1A77DD7D,2024-04,20240419,용도구역,신설,43750BTZ202404190208
S1A77DD7D,2024-04,20240419,용도구역,신설,43750BTZ202404190209
S1A77DD7D,2024-04,20240419,용도구역,신설,43750BTZ202404190210
S1A77DD7D,2024-04,20240419,용도구역,신설,43750BTZ202404190211
S1A77DD7D,2024-04,20240419,용도구역,신설,43750BTZ202404190212
S1A77DD7D,2024-04,20240419,용도구역,신설,43750BTZ202404190213
S1A77DD7D,2024-04,20240419,용도구역,신설,43750BTZ202404190214
S1A77DD7D,2024-04,20240419,용도구역,신설,43750BTZ202404190215
S1A77DD7D,2024-04,20240419,용도구역,신설,43750BTZ202404190216
S1A77DD7D,2024-04,20240419,용도구역,신설,43750BTZ202404190217
S1A77DD7D,2024-04,20240419,용도구역,신설,43750BTZ202404190218
S1A77DD7D,2024-04,20240419,용도구역,신설,43750BTZ202404190219
S1A77DD7D,2024-04,20240419,용도구역,신설,43750BTZ202404190220
S1A77DD7D,2024-04,20240419,용도구역,신설,43750BTZ202404190221
S1A77DD7D,2024-04,20240419,용도구역,신설,43750BTZ202404190222
S1A77DD7D,2024-04,20240419,용도구역,신설,43750BTZ202404190223
S1A77DD7D,2024-04,20240419,용도구역,신설,43750BTZ202404190224
S1A77DD7D,2024-04,20240419,용도구역,신설,43750BTZ202404190225
S1A77DD7D,2024-04,20240419,용도구역,신설,43750BTZ202404190226
S1A77DD7D,2024-04,20240419,용도구역,신설,43750BTZ202404190227
S1A77DD7D,2024-04,20240419,용도구역,신설,43750BTZ202404190228
S1A77DD7D,2024-04,20240419,용도구역,신설,43750BTZ202404190229
S1A77DD7D,2024-04,20240419,용도구역,신설,43750BTZ202404190230
S1A77DD7D,2024-04,20240419,용도구역,신설,43750BTZ202404190231
S1A77DD7D,2024-04,20240419,용도구역,신설,43750BTZ202404190232
S1A77DD7D,2024-04,20240419,용도구역,신설,43750BTZ202404190233
S1A77DD7D,2024-04,20240419,용도구역,신설,43750BTZ202404190234
S1A77DD7D,2024-04,20240419,용도구역,신설,43750BTZ202404190235
S1A77DD7D,2024-04,20240419,용도구역,신설,43750BTZ202404190236
S1A77DD7D,2024-04,20240419,용도구역,신설,43750BTZ202404190237
S1A77DD7D,2024-04,20240419,용도구역,신설,43750BTZ202404190238
S1A77DD7D,2024-04,20240419,용도구역,신설,43750BTZ202404190239
S1A77DD7D,2024-04,20240419,용도구역,신설,43750BTZ202404190240
S1A77DD7D,2024-04,20240419,용도구역,신설,43750BTZ202404190241
S1A77DD7D,2024-04,20240419,용도구역,신설,43750BTZ202404190242
S1A77DD7D,2024-04,20240419,용도구역,신설,43750BTZ202404190243
S1A77DD7D,2024-04,20240419,용도구역,신설,43750BTZ202404190244
S1A77DD7D,2024-04,20240419,용도구역,신설,43750BTZ202404190245
S1A77DD7D,2024-04,20240419,용도구역,신설,43750BTZ202404190246
S1A77DD7D,2024-04,20240419,용도구역,신설,43750BTZ202404190247
S1A77DD7D,2024-04,20240419,용도구역,신설,43750BTZ202404190248
S1A77DD7D,2024-04,20240419,용도구역,신설,43750BTZ202404190249
S1A77DD7D,2024-04,20240419,용도구역,신설,43750BTZ202404190250
S1A77DD7D,2024-04,20240419,용도구역,신설,43750BTZ202404190251
S1A77DD7D,2024-04,20240419,용도구역,신설,43750BTZ202404190252
S1A77DD7D,2024-04,20240419,용도구역,신설,43750BTZ202404190253
S1A77DD7D,2024-04,20240419,용도구역,신설,43750BTZ202404190254
S1A77DD7D,2024-04,20240419,용도구역,신설,43750BTZ202404190255
S1A77DD7D,2024-04,20240419,용도구역,신설,43750BTZ202404190256
S1A77DD7D,2024-04,20240419,용도구역,신설,43750BTZ202404190257
S1A77DD7D,2024-04,20240419,용도구역,신설,43750BTZ202404190258
S1A77DD7D,2024-04,20240419,용도구역,신설,43750BTZ202404190259
S1A77DD7D,2024-04,20240419,용도구역,신설,43750BTZ202404190260
S1A77DD7D,2024-04,20240419,용도구역,신설,43750BTZ202404190261
S1A77DD7D,2024-04,20240419,용도구역,신설,43750BTZ202404190262
S1A77DD7D,2024-04,20240419,용도구역,신설,43750BTZ202404190263
S1A77DD7D,2024-04,20240419,용도구역,신설,43750BTZ202404190264
S1A77DD7D,2024-04,20240419,용도구역,신설,43750BTZ202404190265
S1A77DD7D,2024-04,20240419,용도구역,신설,43750BTZ202404190266
S1A77DD7D,2024-04,20240419,용도구역,신설,43750BTZ202404190267
S1A77DD7D,2024-04,20240419,용도구역,신설,43750BTZ202404190268
S1A77DD7D,2024-04,20240419,용도구역,신설,43750BTZ202404190269
S1A77DD7D,2024-04,20240419,용도구역,신설,43750BTZ202404190270
S1A77DD7D,2024-04,20240419,용도구역,신설,43750BTZ202404190271
S1A77DD7D,2024-04,20240419,용도구역,신설,43750BTZ202404190272
S1A77DD7D,2024-04,20240419,용도구역,신설,43750BTZ202404190273
S1A77DD7D,2024-04,20240419,용도구역,신설,43750BTZ202404190274
S1A77DD7D,2024-04,20240419,용도구역,신설,43750BTZ202404190275
S1A77DD7D,2024-04,20240419,용도구역,신설,43750BTZ202404190276
S1A77DD7D,2024-04,20240419,용도구역,신설,43750BTZ202404190277
S1A77DD7D,2024-04,20240419,용도구역,신설,43750BTZ202404190278
S1A77DD7D,2024-04,20240419,용도구역,신설,43750BTZ202404190279
S1A77DD7D,2024-04,20240419,용도구역,신설,43750BTZ202404190280
S1A77DD7D,2024-04,20240419,용도구역,신설,43750BTZ202404190281
S1A77DD7D,2024-04,20240419,용도구역,신설,43750BTZ202404190282
S1A77DD7D,2024-04,20240419,용도구역,신설,43750BTZ202404190283
S1A77DD7D,2024-04,20240419,용도구역,신설,43750BTZ202404190284
S1A77DD7D,2024-04,20240419,용도구역,신설,43750BTZ202404190285
S1A77DD7D,2024-04,20240419,용도구역,신설,43750BTZ202404190286
S1A77DD7D,2024-04,20240419,용도구역,신설,43750BTZ202404190287
S1A77DD7D,2024-04,20240419,용도구역,신설,43750BTZ202404190288
S1A77DD7D,2024-04,20240419,용도구역,신설,43750BTZ202404190289
S1A77DD7D,2024-04,20240419,용도구역,신설,43750BTZ202404190290
S1A77DD7D,2024-04,20240419,용도구역,신설,43750BTZ202404190291
S1A77DD7D,2024-04,20240419,용도구역,신설,43750BTZ202404190292
S1A77DD7D,2024-04,20240419,용도구역,신설,43750BTZ202404190293
S1A77DD7D,2024-04,20240419,용도구역,신설,43750BTZ202404190294
S1A77DD7D,2024-04,20240419,용도구역,신설,43750BTZ202404190295
S1A77DD7D,2024-04,20240419,용도구역,신설,43750BTZ202404190296
S1A77DD7D,2024-04,20240419,용도구역,신설,43750BTZ202404190297
S1A77DD7D,2024-04,20240419,용도구역,신설,43750BTZ202404190298
S1A77DD7D,2024-04,20240419,용도구역,신설,43750BTZ202404190299
S1A77DD7D,2024-04,20240419,용도구역,신설,43750BTZ202404190300
S1A77DD7D,2024-04,20240419,용도구역,신설,43750BTZ202404190301
S1A77DD7D,2024-04,20240419,용도구역,신설,43750BTZ202404190302
S1A77DD7D,2024-04,20240419,용도구역,신설,43750BTZ202404190303
S1A77DD7D,2024-04,20240419,용도구역,신설,43750BTZ202404190304
S1A77DD7D,2024-04,20240419,용도구역,신설,43750BTZ202404190305
S1A77DD7D,2024-04,20240419,용도구역,신설,43750BTZ202404190306
S1A77DD7D,2024-04,20240419,용도구역,신설,43750BTZ202404190307
S1A77DD7D,2024-04,20240419,용도구역,신설,43750BTZ202404190308
S1A77DD7D,2024-04,20240419,용도구역,신설,43750BTZ202404190309
S1A77DD7D,2024-04,20240419,용도구역,신설,43750BTZ202404190310
S1A77DD7D,2024-04,20240419,용도구역,신설,43750BTZ202404190311
S1A77DD7D,2024-04,20240419,용도구역,신설,43750BTZ202404190312
S1A77DD7D,2024-04,20240419,용도구역,신설,43750BTZ202404190313
S1A77DD7D,2024-04,20240419,용도구역,신설,43750BTZ202404190314
S1A77DD7D,2024-04,20240419,용도구역,신설,43750BTZ202404190315
S1A77DD7D,2024-05,20240502,지구단위,신설,43750UTZ202405020001
S1A77DD7D,2024-05,20240502,지구단위,신설,43750UTZ202405020002
S1A77DD7D,2024-05,20240508,용도지구,변경,43750DSZ202405080001
S1A77DD7D,2024-05,20240508,지구단위,변경,43750UTZ202405080001
S1A77DD7D,2024-05,20240517,용도지구,변경,43750DSZ202405170023
S1A77DD7D,2024-05,20240517,지구단위,변경,43750UTZ202405170156
S1A77DD7D,2024-05,20240520,용도지구,변경,43750DSZ202405200001
S1A77DD7D,2024-05,20240520,지구단위,변경,43750UTZ202405200001
S1A77DD7D,2025-05,20250502,지구단위,신설,43750UTZ202505020463
S1A77DD7D,2025-05,20250519,지구단위,신설,43750UTZ202505190001
S1A77DD7D,2025-06,20250627,지구단위,변경,43750UTZ202506270477
S1A77DD7D,2025-12,20251226,용도구역,변경,43750BTZ202512260561
S1A77DD7D,2025-12,20251226,용도구역,변경,43750BTZ202512260562
S1A77DD7D,2025-12,20251226,용도구역,변경,43750BTZ202512260563
S1A77DD7D,2025-12,20251226,용도구역,변경,43750BTZ202512260564
S1A77DD7D,2025-12,20251226,용도구역,변경,43750BTZ202512260565
S1A77DD7D,2025-12,20251226,용도구역,변경,43750BTZ202512260566
S1A77DD7D,2025-12,20251226,용도구역,변경,43750BTZ202512260567
S1A77DD7D,2025-12,20251226,용도구역,변경,43750BTZ202512260568
S1A77DD7D,2025-12,20251226,용도구역,변경,43750BTZ202512260569
S1A77DD7D,2025-12,20251226,용도구역,변경,43750BTZ202512260572
S1A77DD7D,2025-12,20251226,용도구역,변경,43750BTZ202512260573
S1A77DD7D,2025-12,20251226,용도구역,변경,43750BTZ202512260574
S1A77DD7D,2025-12,20251226,용도구역,변경,43750BTZ202512260575
S1A77DD7D,2025-12,20251226,용도구역,변경,43750BTZ202512260576
S1A77DD7D,2025-12,20251226,용도구역,변경,43750BTZ202512260577
S1A77DD7D,2025-12,20251226,용도구역,변경,43750BTZ202512260578
S1A77DD7D,2025-12,20251226,용도구역,변경,43750BTZ202512260579
S1A77DD7D,2025-12,20251226,용도구역,변경,43750BTZ202512260580
S1A77DD7D,2025-12,20251226,용도구역,변경,43750BTZ202512260581
S1A77DD7D,2025-12,20251226,용도구역,변경,43750BTZ202512260582
S1A77DD7D,2025-12,20251226,용도지구,변경,43750DSZ202512260548
S1A77DD7D,2025-12,20251226,용도지구,변경,43750DSZ202512260549
S1A77DD7D,2025-12,20251226,용도지구,변경,43750DSZ202512260554
S1A77DD7D,2025-12,20251226,용도지구,변경,43750DSZ202512260557
S1A77DD7D,2025-12,20251226,용도지구,변경,43750DSZ202512260558
S1A77DD7D,2025-12,20251229,용도구역,변경,43750BTZ202512260006
S1A77DD7D,2025-12,20251229,용도구역,변경,43750BTZ202512260007
S1A77DD7D,2025-12,20251229,용도구역,변경,43750BTZ202512260008
S1A77DD7D,2025-12,20251229,용도구역,변경,43750BTZ202512260009
S1A77DD7D,2025-12,20251229,용도구역,변경,43750BTZ202512260010
S1A77DD7D,2025-12,20251229,용도구역,변경,43750BTZ202512260011
S1A77DD7D,2025-12,20251229,용도구역,변경,43750BTZ202512260012
S1A77DD7D,2025-12,20251229,용도구역,변경,43750BTZ202512260013
S1A77DD7D,2025-12,20251229,용도구역,변경,43750BTZ202512260014
S1A77DD7D,2025-12,20251229,용도구역,변경,43750BTZ202512260015
S1A77DD7D,2025-12,20251229,용도구역,변경,43750BTZ202512260016
S1A77DD7D,2025-12,20251229,용도구역,변경,43750BTZ202512260017
S1A77DD7D,2025-12,20251229,용도구역,변경,43750BTZ202512260018
S1A77DD7D,2025-12,20251229,용도구역,변경,43750BTZ202512260019
S1A77DD7D,2025-12,20251229,용도구역,변경,43750BTZ202512260020
S1A77DD7D,2025-12,20251229,용도구역,변경,43750BTZ202512260021
S1A77DD7D,2025-12,20251229,용도구역,변경,43750BTZ202512260022
S1A77DD7D,2025-12,20251229,용도구역,변경,43750BTZ202512260023
S1A77DD7D,2025-12,20251229,용도구역,변경,43750BTZ202512260024
S1A77DD7D,2025-12,20251229,용도구역,변경,43750BTZ202512260025
S1A77DD7D,2025-12,20251229,용도지구,변경,43750DSZ202512260003
S1A77DD7D,2025-12,20251229,용도지구,변경,43750DSZ202512260004
S1A77DD7D,2025-12,20251229,용도지구,변경,43750DSZ202512260009
S1A77DD7D,2025-12,20251229,용도지구,변경,43750DSZ202512260012
S1A77DD7D,2025-12,20251229,용도지구,변경,43750DSZ202512260013
S1A77DD7D,2026-03,20260306,지구단위,변경,43750UTZ202603060001
S1A77DD7D,2026-03,20260306,지구단위,변경,43750UTZ202603060566
S1AC1A8B0,2025-02,20250213,용도구역,변경,45790BTZ202502130001
S1AC1A8B0,2025-02,20250213,용도구역,변경,45790BTZ202502130003
S1AC1A8B0,2025-02,20250213,용도구역,변경,45790BTZ202502130006
S1AC1A8B0,2026-01,20260106,용도지구,변경,52790DSZ202601060003
S1AC1A8B0,2026-01,20260106,용도지구,변경,52790DSZ202601060004
S1AC1A8B0,2026-02,20260211,용도구역,폐지,52790BTZ202602110001
S1AC1A8B0,2026-02,20260211,지구단위,신설,52790UTZ202602110002
S1AC1A8B0,2026-02,20260212,지구단위,변경,52790UTZ202602110004
S1AC1A8B0,2026-02,20260212,지구단위,변경,52790UTZ202602120001
S1AC1A8B0,2026-02,20260219,용도구역,변경,52790BTZ202602190001
S1AC1A8B0,2026-02,20260219,용도구역,변경,52790BTZ202602190003
S1AC1A8B0,2026-02,20260219,용도구역,변경,52790BTZ202602190006
S1AC1A8B0,2026-02,20260219,용도지구,변경,52790DSZ202602130001
S1AC1A8B0,2026-02,20260219,지구단위,변경,52790UTZ202602130002
S1AC1A8B0,2026-03,20260320,용도지구,변경,52790DSZ202603200001
S1AC1A8B0,2026-03,20260320,지구단위,변경,52790UTZ202603200001
S1B48D54E,2024-03,20240315,용도지구,폐지,51150DSZ202403150004
S1BD92F4D,2024-10,20241016,지구단위,변경,41550UTZ202410160001
S1BD92F4D,2024-11,20241113,지구단위,변경,41550UTZ202411130001
S1BD92F4D,2024-11,20241129,지구단위,신설,41550UTZ202411290001
S1BD92F4D,2025-06,20250630,지구단위,변경,41550UTZ202506301001
S1BD92F4D,2025-09,20250904,용도지구,변경,41550DSZ202509041023
S1BD92F4D,2025-09,20250904,용도지구,변경,41550DSZ202509041024
S1BD92F4D,2025-09,20250904,지구단위,변경,41550UTZ202509041030
S1BD92F4D,2025-09,20250904,지구단위,변경,41550UTZ202509041046
S1BD92F4D,2026-06,20260601,지구단위,변경,41550UTZ202606010007
S1BD92F4D,2026-06,20260605,용도지구,변경,41550DSZ202606050023
S1BD92F4D,2026-06,20260605,용도지구,변경,41550DSZ202606050024
S1BD92F4D,2026-06,20260605,지구단위,변경,41550UTZ202606050081
S1BD92F4D,2026-06,20260605,지구단위,변경,41550UTZ202606050097
S1BF442BD,2024-02,20240205,지구단위,변경,11000UTZ201511124262
S1BF442BD,2024-02,20240205,지구단위,변경,11000UTZ201611294349
S1BF442BD,2024-02,20240205,지구단위,신설,11000UTZ202011081142
S1BF442BD,2024-02,20240205,지구단위,변경,11000UTZ202011090019
S1BF442BD,2024-02,20240205,지구단위,폐지,11000UTZ202011090020
S1BF442BD,2024-02,20240205,지구단위,변경,11545UTZ202011240003
S1BF442BD,2024-02,20240205,지구단위,신설,11545UTZ202211170002
S1BF442BD,2024-07,20240724,용도지구,폐지,11000DSZ197208140750
S1BF442BD,2024-07,20240724,용도지구,폐지,11000DSZ197306050764
S1BF442BD,2025-05,20250515,지구단위,신설,11545UTZ202503270001
S1BF442BD,2025-09,20250925,지구단위,변경,11000UTZ201511274285
S1CCC7A4F,2024-04,20240404,용도구역,신설,44150BTZ202404045316
S1CCC7A4F,2024-04,20240404,용도구역,신설,44150BTZ202404045317
S1CCC7A4F,2024-04,20240404,용도구역,신설,44150BTZ202404045445
S1CCC7A4F,2024-04,20240404,용도구역,신설,44150BTZ202404045446
S1CCC7A4F,2024-04,20240404,용도구역,신설,44150BTZ202404045447
S1CCC7A4F,2024-04,20240404,용도구역,신설,44150BTZ202404045448
S1CCC7A4F,2024-04,20240404,용도구역,신설,44150BTZ202404045449
S1CCC7A4F,2024-04,20240404,용도구역,신설,44150BTZ202404045450
S1CCC7A4F,2024-04,20240404,용도구역,신설,44150BTZ202404045902
S1CCC7A4F,2024-08,20240816,지구단위,변경,44150UTZ202408160002
S1CCC7A4F,2025-03,20250317,지구단위,변경,44150UTZ202503170001
S1CCC7A4F,2025-04,20250418,지구단위,변경,44150UTZ202504180001
S1CCC7A4F,2025-12,20251201,지구단위,변경,44150UTZ202512010001
S1D487202,2025-04,20250401,지구단위,변경,41500UTZ202504010001
S1D487202,2025-08,20250820,지구단위,변경,41500UTZ202508200001
S1E19C21A,2024-06,20240605,지구단위,신설,11305UTZ202406050001
S1E19C21A,2024-07,20240724,용도지구,폐지,11000DSZ196312131464
S1E19C21A,2024-08,20240802,지구단위,변경,11305UTZ202406180001
S1E19C21A,2025-01,20250108,지구단위,변경,11000UTZ202501080004
S1E19C21A,2025-01,20250108,지구단위,신설,11000UTZ202501080005
S1E19C21A,2025-01,20250108,지구단위,변경,11000UTZ202501080006
S1E19C21A,2025-01,20250122,지구단위,변경,11305UTZ202501220001
S1E19C21A,2025-03,20250304,지구단위,변경,11000UTZ202010200003
S1E19C21A,2025-07,20250708,지구단위,폐지,11000UTZ202202150002
S1E19C21A,2025-09,20250929,지구단위,변경,11305UTZ202509290001
S1E19C21A,2025-10,20251013,지구단위,변경,11305UTZ202406180002
S1E19C21A,2025-10,20251027,지구단위,신설,11305UTZ202507290001
S1E19C21A,2025-11,20251110,지구단위,변경,11305UTZ202510150001
S1E19C21A,2026-01,20260126,지구단위,변경,11305UTZ202103300002
S1F76955E,2024-03,20240314,지구단위,변경,41360UTZ202403140004
S1F76955E,2024-07,20240711,지구단위,변경,41360UTZ202407110012
S1F76955E,2024-10,20241031,지구단위,변경,41360UTZ202411060030
S1F76955E,2024-11,20241128,용도구역,폐지,41360BTZ202411280007
S1F76955E,2024-11,20241128,지구단위,신설,41360UTZ202411280036
S1F76955E,2024-12,20241203,지구단위,변경,41360UTZ202412030033
S1F76955E,2024-12,20241224,용도구역,폐지,41360BTZ202412240026
S1F76955E,2025-06,20250626,지구단위,변경,41360UTZ202506260039
S1F76955E,2025-06,20250630,지구단위,변경,41360UTZ202506300040
S1F76955E,2025-07,20250729,지구단위,변경,41360UTZ202507290049
S1F76955E,2025-09,20250904,지구단위,변경,41360UTZ202509040091
S1F76955E,2025-09,20250904,지구단위,변경,41360UTZ202509040092
S1F76955E,2025-09,20250904,지구단위,변경,41360UTZ202509040093
S1F76955E,2025-09,20250904,지구단위,변경,41360UTZ202509040094
S1F76955E,2025-09,20250925,지구단위,변경,41360UTZ202509250098
S1F76955E,2025-11,20251103,지구단위,변경,41360UTZ202511030001
S1F76955E,2025-12,20251205,지구단위,변경,41360UTZ202512050099
S1F76955E,2025-12,20251205,지구단위,변경,41360UTZ202512050101
S1F76955E,2025-12,20251205,지구단위,변경,41360UTZ202512050102
S1F76955E,2025-12,20251205,지구단위,변경,41360UTZ202512050104
S1F76955E,2025-12,20251205,지구단위,변경,41360UTZ202512050122
S1F76955E,2025-12,20251205,지구단위,신설,41360UTZ202512050123
S1F76955E,2025-12,20251205,지구단위,변경,41360UTZ202512050154
S1F76955E,2025-12,20251215,지구단위,변경,41360UTZ202512150001
S1F76955E,2025-12,20251215,지구단위,변경,41360UTZ202512150003
S1F76955E,2025-12,20251215,지구단위,변경,41360UTZ202512150004
S1F76955E,2025-12,20251215,지구단위,변경,41360UTZ202512150006
S1F76955E,2025-12,20251215,지구단위,변경,41360UTZ202512150024
S1F76955E,2025-12,20251215,지구단위,신설,41360UTZ202512150025
S1F76955E,2025-12,20251215,지구단위,변경,41360UTZ202512150056
S1F76955E,2025-12,20251222,지구단위,변경,41360UTZ202512220005
S1F76955E,2025-12,20251230,지구단위,변경,41360UTZ202512300156
S1F76955E,2025-12,20251231,지구단위,변경,41360UTZ202512310157
S1F76955E,2026-02,20260211,지구단위,변경,41360UTZ202602110001
S1F76955E,2026-05,20260507,지구단위,변경,41360UTZ202605075434
S1F76955E,2026-05,20260507,지구단위,신설,41360UTZ202605075435
S1F76955E,2026-05,20260520,지구단위,변경,41360UTZ202605200001
S1F76955E,2026-05,20260520,지구단위,신설,41360UTZ202605200002
S1F847112,2024-06,20240612,용도지구,변경,41500DSZ202406120003
S1F847112,2024-06,20240612,지구단위,변경,41500UTZ202406120003
S1F847112,2024-11,20241118,지구단위,변경,41500UTZ202411180001
S1F847112,2024-12,20241230,지구단위,변경,41500UTZ202412300002
S1F847112,2025-02,20250206,지구단위,신설,41500UTZ202502060001
S1F847112,2025-06,20250630,용도구역,신설,41500BTZ202506300011
S1F847112,2025-06,20250630,용도구역,변경,41500BTZ202506300022
S1F847112,2025-07,20250729,지구단위,변경,41500UTZ202507290008
S1F847112,2025-09,20250909,지구단위,신설,41500UTZ202507020003
S1F847112,2025-10,20251016,지구단위,변경,41500UTZ202510160001
S1F847112,2025-12,20251223,용도지구,변경,41500DSZ202512230001
S1F847112,2025-12,20251223,지구단위,변경,41500UTZ202512230001
S1F847112,2026-01,20260115,용도지구,변경,41500DSZ202601200001
S1F847112,2026-01,20260115,지구단위,변경,41500UTZ202601200001
S1F967BEA,2024-04,20240415,지구단위,변경,41480UTZ202404150001
S1FB16284,2025-06,20250602,지구단위,변경,44130UTZ202506020002
S1FB16284,2025-06,20250611,지구단위,변경,44130UTZ202506110002
S1FB16284,2025-06,20250617,지구단위,변경,44130UTZ202506170001
S1FB16284,2025-06,20250617,지구단위,변경,44130UTZ202506170002
S2033A975,2025-04,20250421,지구단위,변경,41110UTZ202504210001
S203FCBDB,2025-07,20250709,용도구역,신설,27000BTZ202507090001
S216D1864,2024-06,20240610,지구단위,변경,41570UTZ202406100011
S216D1864,2024-11,20241106,지구단위,변경,41570UTZ202411060001
S216D1864,2025-04,20250423,지구단위,변경,41570UTZ202504230010
S216D1864,2025-08,20250814,지구단위,변경,41570UTZ202508140001
S216D1864,2025-11,20251107,지구단위,변경,41570UTZ202511070010
S216D1864,2025-11,20251126,지구단위,변경,41570UTZ202511260010
S21C3310D,2025-09,20250901,용도지구,변경,41130DSZ202509010001
S21F01B01,2025-07,20250729,지구단위,변경,41360UTZ202507290047
S21F01B01,2025-12,20251205,지구단위,신설,41360UTZ202512050119
S21F01B01,2025-12,20251215,지구단위,신설,41360UTZ202512150021
S21F1D241,2024-12,20241223,지구단위,변경,41590UTZ202412230887
S21F1D241,2025-08,20250812,지구단위,변경,41590UTZ202508120027
S21F1D241,2025-10,20251014,지구단위,변경,41590UTZ202510140008
S220CB9E4,2024-08,20240828,지구단위,변경,41150UTZ202408280008
S220CB9E4,2024-11,20241129,지구단위,신설,41150UTZ202411290014
S220CB9E4,2025-02,20250214,지구단위,신설,41150UTZ202502140023
S220CB9E4,2025-04,20250403,지구단위,신설,41150UTZ202504030029
S220CB9E4,2026-01,20260123,지구단위,변경,41150UTZ202601230037
S220CB9E4,2026-03,20260316,지구단위,변경,41150UTZ202603160041
S220CB9E4,2026-05,20260507,지구단위,변경,41150UTZ202605070003
S220CB9E4,2026-05,20260508,지구단위,변경,41150UTZ202605080002
S23706B17,2024-07,20240709,용도구역,신설,50110BTZ202407090001
S23706B17,2024-10,20241030,지구단위,변경,50110UTZ202410300001
S23706B17,2024-10,20241030,지구단위,변경,50110UTZ202410300002
S23706B17,2024-12,20241224,용도지구,변경,50110DSZ202412020012
S23763C58,2025-12,20251202,지구단위,변경,46150UTZ202512010226
S248A5119,2024-01,20240119,지구단위,변경,41360UTZ202401180001
S248A5119,2024-02,20240222,지구단위,변경,41360UTZ202402220002
S248A5119,2024-04,20240419,지구단위,변경,41360UTZ202404190005
S248A5119,2024-07,20240711,지구단위,변경,41360UTZ202407110009
S248A5119,2024-07,20240711,지구단위,변경,41360UTZ202407110011
S248A5119,2024-07,20240711,지구단위,변경,41360UTZ202407110019
S248A5119,2024-07,20240711,지구단위,변경,41360UTZ202407110020
S248A5119,2024-07,20240711,지구단위,변경,41360UTZ202407110021
S248A5119,2024-07,20240711,지구단위,변경,41360UTZ202407110022
S248A5119,2024-07,20240711,지구단위,변경,41360UTZ202407110023
S248A5119,2024-07,20240711,지구단위,변경,41360UTZ202407110024
S248A5119,2024-07,20240711,지구단위,변경,41360UTZ202407110025
S248A5119,2024-07,20240711,지구단위,변경,41360UTZ202407110026
S248A5119,2024-07,20240711,지구단위,변경,41360UTZ202407110027
S248A5119,2024-07,20240711,지구단위,변경,41360UTZ202407110028
S248A5119,2024-08,20240814,지구단위,변경,41360UTZ202408140029
S248A5119,2024-11,20241128,용도구역,폐지,41360BTZ202411280005
S248A5119,2024-11,20241128,용도구역,폐지,41360BTZ202411280006
S248A5119,2024-11,20241128,용도구역,폐지,41360BTZ202411280014
S248A5119,2024-11,20241128,용도구역,폐지,41360BTZ202411280015
S248A5119,2024-11,20241128,용도구역,폐지,41360BTZ202411280016
S248A5119,2024-11,20241128,용도구역,폐지,41360BTZ202411280017
S248A5119,2024-11,20241128,용도구역,폐지,41360BTZ202411280018
S248A5119,2024-11,20241128,용도구역,폐지,41360BTZ202411280019
S248A5119,2024-11,20241128,용도구역,폐지,41360BTZ202411280020
S248A5119,2024-11,20241128,용도구역,폐지,41360BTZ202411280021
S248A5119,2024-11,20241128,용도구역,폐지,41360BTZ202411280022
S248A5119,2024-11,20241128,용도구역,폐지,41360BTZ202411280023
S248A5119,2024-11,20241128,용도구역,폐지,41360BTZ202411280024
S248A5119,2024-11,20241128,용도구역,폐지,41360BTZ202411280025
S248A5119,2025-04,20250424,지구단위,변경,41360UTZ202504250038
S248A5119,2025-07,20250729,지구단위,변경,41360UTZ202507290043
S248A5119,2025-07,20250729,지구단위,변경,41360UTZ202507290046
S248A5119,2025-08,20250814,지구단위,변경,41360UTZ202508140052
S248A5119,2025-09,20250925,지구단위,변경,41360UTZ202509250095
S248A5119,2025-09,20250925,지구단위,변경,41360UTZ202509250096
S248A5119,2025-09,20250925,지구단위,변경,41360UTZ202509250097
S248A5119,2025-10,20251031,지구단위,변경,41360UTZ202510310001
S248A5119,2025-10,20251031,지구단위,변경,41360UTZ202510310002
S248A5119,2025-10,20251031,지구단위,변경,41360UTZ202510310003
S248A5119,2025-12,20251205,용도지구,폐지,41360DSZ202512050245
S248A5119,2025-12,20251205,용도지구,폐지,41360DSZ202512050246
S248A5119,2025-12,20251205,용도지구,폐지,41360DSZ202512050247
S248A5119,2025-12,20251205,지구단위,폐지,41360UTZ202512050106
S248A5119,2025-12,20251205,지구단위,폐지,41360UTZ202512050107
S248A5119,2025-12,20251205,지구단위,신설,41360UTZ202512050108
S248A5119,2025-12,20251205,지구단위,신설,41360UTZ202512050109
S248A5119,2025-12,20251205,지구단위,신설,41360UTZ202512050110
S248A5119,2025-12,20251205,지구단위,신설,41360UTZ202512050111
S248A5119,2025-12,20251205,지구단위,변경,41360UTZ202512050112
S248A5119,2025-12,20251205,지구단위,신설,41360UTZ202512050114
S248A5119,2025-12,20251205,지구단위,신설,41360UTZ202512050115
S248A5119,2025-12,20251205,지구단위,신설,41360UTZ202512050120
S248A5119,2025-12,20251205,지구단위,변경,41360UTZ202512050148
S248A5119,2025-12,20251205,지구단위,변경,41360UTZ202512050149
S248A5119,2025-12,20251205,지구단위,변경,41360UTZ202512050155
S248A5119,2025-12,20251215,용도지구,폐지,41360DSZ202512150002
S248A5119,2025-12,20251215,용도지구,폐지,41360DSZ202512150003
S248A5119,2025-12,20251215,용도지구,폐지,41360DSZ202512150004
S248A5119,2025-12,20251215,지구단위,폐지,41360UTZ202512150008
S248A5119,2025-12,20251215,지구단위,폐지,41360UTZ202512150009
S248A5119,2025-12,20251215,지구단위,신설,41360UTZ202512150010
S248A5119,2025-12,20251215,지구단위,신설,41360UTZ202512150011
S248A5119,2025-12,20251215,지구단위,신설,41360UTZ202512150012
S248A5119,2025-12,20251215,지구단위,신설,41360UTZ202512150013
S248A5119,2025-12,20251215,지구단위,변경,41360UTZ202512150014
S248A5119,2025-12,20251215,지구단위,신설,41360UTZ202512150016
S248A5119,2025-12,20251215,지구단위,신설,41360UTZ202512150017
S248A5119,2025-12,20251215,지구단위,신설,41360UTZ202512150023
S248A5119,2025-12,20251215,지구단위,변경,41360UTZ202512150050
S248A5119,2025-12,20251215,지구단위,변경,41360UTZ202512150051
S248A5119,2025-12,20251215,지구단위,변경,41360UTZ202512150057
S248A5119,2025-12,20251222,지구단위,변경,41360UTZ202512220003
S248A5119,2025-12,20251222,지구단위,변경,41360UTZ202512220004
S248A5119,2025-12,20251222,지구단위,변경,41360UTZ202512220012
S248A5119,2025-12,20251222,지구단위,변경,41360UTZ202512220013
S248A5119,2025-12,20251222,지구단위,변경,41360UTZ202512220014
S248A5119,2025-12,20251222,지구단위,변경,41360UTZ202512220015
S248A5119,2025-12,20251222,지구단위,변경,41360UTZ202512220016
S248A5119,2025-12,20251222,지구단위,변경,41360UTZ202512220017
S248A5119,2025-12,20251222,지구단위,변경,41360UTZ202512220018
S248A5119,2025-12,20251222,지구단위,변경,41360UTZ202512220019
S248A5119,2025-12,20251222,지구단위,변경,41360UTZ202512220020
S248A5119,2025-12,20251222,지구단위,변경,41360UTZ202512220022
S248A5119,2026-03,20260312,지구단위,신설,41360UTZ202603120159
S248A5119,2026-03,20260326,지구단위,신설,41360UTZ202603260001
S248A5119,2026-04,20260409,지구단위,변경,41360UTZ202604095417
S248A5119,2026-05,20260518,지구단위,변경,41360UTZ202605180001
S248A5119,2026-06,20260624,지구단위,변경,41360UTZ202606240001
S258F1648,2024-03,20240320,지구단위,변경,41460UTZ202403203001
S258F1648,2024-04,20240423,지구단위,변경,41460UTZ202404231001
S258F1648,2025-05,20250526,지구단위,변경,41460UTZ202505261001
S258F1648,2025-07,20250703,지구단위,변경,41460UTZ202507031001
S258F1648,2026-05,20260520,지구단위,변경,41460UTZ202605200004
S258F1648,2026-05,20260521,지구단위,변경,41460UTZ202605210005
S25DF20E9,2026-03,20260326,지구단위,변경,41250UTZ202603260003
S27BB570D,2024-12,20241226,용도지구,변경,46720DSZ202412260026
S27BB570D,2024-12,20241226,용도지구,변경,46720DSZ202412260027
S27BB570D,2024-12,20241226,용도지구,변경,46720DSZ202412260028
S27BB570D,2024-12,20241226,용도지구,변경,46720DSZ202412260029
S27BB570D,2024-12,20241226,용도지구,변경,46720DSZ202412260030
S27BB570D,2024-12,20241226,용도지구,변경,46720DSZ202412260031
S27BB570D,2024-12,20241226,용도지구,변경,46720DSZ202412260032
S27BB570D,2024-12,20241226,용도지구,변경,46720DSZ202412260033
S27BB570D,2024-12,20241226,용도지구,변경,46720DSZ202412260034
S27BB570D,2024-12,20241226,용도지구,변경,46720DSZ202412260035
S27BB570D,2026-01,20260127,용도구역,신설,46720BTZ202601270080
S27BB570D,2026-01,20260127,용도구역,신설,46720BTZ202601270081
S27BB570D,2026-01,20260127,용도구역,신설,46720BTZ202601270082
S27BB570D,2026-01,20260127,용도구역,신설,46720BTZ202601270083
S27BB570D,2026-01,20260127,용도구역,신설,46720BTZ202601270084
S27BB570D,2026-01,20260127,용도구역,신설,46720BTZ202601270085
S27BB570D,2026-01,20260127,용도구역,신설,46720BTZ202601270086
S27BB570D,2026-01,20260127,용도구역,신설,46720BTZ202601270087
S27BB570D,2026-01,20260127,용도구역,신설,46720BTZ202601270088
S27BB570D,2026-01,20260127,용도구역,신설,46720BTZ202601270089
S27BB570D,2026-01,20260127,용도구역,신설,46720BTZ202601270090
S27BB570D,2026-01,20260127,용도구역,신설,46720BTZ202601270091
S27BB570D,2026-01,20260127,용도구역,신설,46720BTZ202601270092
S27BB570D,2026-01,20260127,용도구역,신설,46720BTZ202601270093
S27BB570D,2026-01,20260127,용도구역,신설,46720BTZ202601270094
S27BB570D,2026-01,20260127,용도구역,신설,46720BTZ202601270095
S27BB570D,2026-01,20260127,용도구역,신설,46720BTZ202601270096
S27BB570D,2026-01,20260127,용도구역,신설,46720BTZ202601270097
S27BB570D,2026-01,20260127,용도구역,신설,46720BTZ202601270098
S27BB570D,2026-01,20260127,용도구역,신설,46720BTZ202601270099
S27BB570D,2026-01,20260127,용도구역,신설,46720BTZ202601270100
S27BB570D,2026-01,20260127,용도구역,신설,46720BTZ202601270101
S27BB570D,2026-01,20260127,용도구역,신설,46720BTZ202601270102
S27BB570D,2026-01,20260127,용도구역,신설,46720BTZ202601270103
S27BB570D,2026-01,20260127,용도구역,신설,46720BTZ202601270104
S27BB570D,2026-01,20260127,용도구역,신설,46720BTZ202601270105
S27BB570D,2026-01,20260127,용도구역,신설,46720BTZ202601270106
S27BB570D,2026-01,20260127,용도구역,신설,46720BTZ202601270107
S27BB570D,2026-01,20260127,용도구역,신설,46720BTZ202601270108
S27BB570D,2026-01,20260127,용도구역,신설,46720BTZ202601270109
S27BB570D,2026-01,20260127,용도구역,신설,46720BTZ202601270110
S27BB570D,2026-01,20260127,용도구역,신설,46720BTZ202601270111
S27BB570D,2026-01,20260127,용도구역,신설,46720BTZ202601270112
S27BB570D,2026-01,20260127,용도구역,신설,46720BTZ202601270113
S27BB570D,2026-01,20260127,용도구역,신설,46720BTZ202601270114
S27BB570D,2026-01,20260127,용도구역,신설,46720BTZ202601270115
S27BB570D,2026-01,20260127,용도구역,신설,46720BTZ202601270116
S27BB570D,2026-01,20260127,용도구역,신설,46720BTZ202601270117
S27BB570D,2026-01,20260127,용도구역,신설,46720BTZ202601270118
S27BB570D,2026-01,20260127,용도구역,신설,46720BTZ202601270119
S27BB570D,2026-01,20260127,용도구역,신설,46720BTZ202601270120
S27BB570D,2026-01,20260127,용도구역,신설,46720BTZ202601270121
S27BB570D,2026-01,20260127,용도구역,신설,46720BTZ202601270122
S2875361E,2024-03,20240307,지구단위,폐지,11000UTZ202006180094
S2875361E,2024-03,20240307,지구단위,폐지,11000UTZ202006180095
S2875361E,2024-03,20240307,지구단위,폐지,11000UTZ202006180096
S2875361E,2024-03,20240307,지구단위,폐지,11000UTZ202006180097
S2875361E,2024-03,20240307,지구단위,폐지,11000UTZ202006180098
S2875361E,2024-06,20240604,지구단위,신설,11470UTZ202403070002
S2875361E,2024-11,20241105,지구단위,변경,11000UTZ202304130002
S2875361E,2025-09,20250916,지구단위,신설,11470UTZ202410080001
S2875361E,2026-03,20260331,지구단위,신설,11000UTZ202603310001
S28C2AEF5,2024-03,20240315,용도구역,신설,43770BTZ202403150168
S28C2AEF5,2024-03,20240315,용도구역,신설,43770BTZ202403150169
S28C2AEF5,2024-03,20240315,용도구역,신설,43770BTZ202403150170
S28C2AEF5,2024-03,20240315,용도구역,신설,43770BTZ202403150171
S28C2AEF5,2024-03,20240315,용도구역,신설,43770BTZ202403150172
S28C2AEF5,2024-03,20240315,용도구역,신설,43770BTZ202403150173
S28C2AEF5,2024-03,20240315,용도구역,신설,43770BTZ202403150174
S28C2AEF5,2024-03,20240315,용도구역,신설,43770BTZ202403150175
S28C2AEF5,2024-03,20240315,용도구역,신설,43770BTZ202403150176
S28C2AEF5,2024-03,20240315,용도구역,신설,43770BTZ202403150177
S28C2AEF5,2024-03,20240315,용도구역,신설,43770BTZ202403150178
S28C2AEF5,2024-03,20240315,용도구역,신설,43770BTZ202403150179
S28C2AEF5,2024-03,20240315,용도구역,신설,43770BTZ202403150388
S28C2AEF5,2024-03,20240315,용도구역,신설,43770BTZ202403150389
S28C2AEF5,2024-03,20240315,용도구역,신설,43770BTZ202403150390
S28C2AEF5,2024-03,20240315,용도구역,신설,43770BTZ202403150391
S28C2AEF5,2024-03,20240315,용도구역,신설,43770BTZ202403150392
S28C2AEF5,2024-03,20240315,용도구역,신설,43770BTZ202403150393
S28C2AEF5,2024-03,20240315,용도구역,신설,43770BTZ202403150394
S28C2AEF5,2024-03,20240315,용도구역,신설,43770BTZ202403150395
S28C2AEF5,2024-03,20240315,용도구역,신설,43770BTZ202403150396
S28C2AEF5,2024-03,20240315,용도구역,신설,43770BTZ202403150397
S28C2AEF5,2024-03,20240315,용도구역,신설,43770BTZ202403150398
S28C2AEF5,2024-03,20240315,용도구역,신설,43770BTZ202403150399
S28C2AEF5,2024-03,20240315,용도구역,신설,43770BTZ202403150400
S28C2AEF5,2024-03,20240315,용도구역,신설,43770BTZ202403150401
S28C2AEF5,2024-03,20240315,용도구역,신설,43770BTZ202403150402
S28C2AEF5,2024-03,20240315,용도구역,신설,43770BTZ202403150403
S28C2AEF5,2024-03,20240315,용도구역,신설,43770BTZ202403150404
S28C2AEF5,2024-03,20240315,용도구역,신설,43770BTZ202403150405
S28C2AEF5,2024-03,20240315,용도구역,신설,43770BTZ202403150406
S28C2AEF5,2024-03,20240315,용도구역,신설,43770BTZ202403150407
S28C2AEF5,2024-03,20240315,용도구역,신설,43770BTZ202403150408
S28C2AEF5,2024-03,20240315,용도구역,신설,43770BTZ202403150409
S28C2AEF5,2024-03,20240315,용도구역,신설,43770BTZ202403150410
S28C2AEF5,2024-03,20240315,용도구역,신설,43770BTZ202403150411
S28C2AEF5,2024-03,20240315,용도구역,신설,43770BTZ202403150412
S28C2AEF5,2024-03,20240315,용도구역,신설,43770BTZ202403150583
S28C2AEF5,2024-03,20240315,용도구역,신설,43770BTZ202403150584
S28C2AEF5,2024-03,20240315,용도구역,신설,43770BTZ202403150585
S28C2AEF5,2024-03,20240315,용도구역,신설,43770BTZ202403150586
S28C2AEF5,2024-03,20240315,용도구역,신설,43770BTZ202403150587
S28C2AEF5,2024-03,20240315,용도구역,신설,43770BTZ202403150588
S28C2AEF5,2024-03,20240315,용도구역,신설,43770BTZ202403150589
S28C2AEF5,2024-03,20240315,용도구역,신설,43770BTZ202403150590
S28C2AEF5,2024-03,20240315,용도구역,신설,43770BTZ202403150591
S28C2AEF5,2024-03,20240315,용도구역,신설,43770BTZ202403150592
S28C2AEF5,2024-03,20240315,용도구역,신설,43770BTZ202403150593
S28C2AEF5,2024-03,20240315,용도구역,신설,43770BTZ202403150594
S28C2AEF5,2024-03,20240315,용도구역,신설,43770BTZ202403150595
S28C2AEF5,2024-03,20240315,용도구역,신설,43770BTZ202403150596
S28C2AEF5,2024-03,20240315,용도구역,신설,43770BTZ202403150597
S28C2AEF5,2024-05,20240529,지구단위,변경,43770UTZ202405290001
S28C2AEF5,2024-05,20240529,지구단위,신설,43770UTZ202405290002
S28C2AEF5,2024-08,20240826,용도지구,변경,43770DSZ202408260001
S28C2AEF5,2024-08,20240826,지구단위,변경,43770UTZ202408260006
S28C2AEF5,2024-12,20241219,지구단위,변경,43770UTZ202412190001
S28C2AEF5,2025-01,20250117,지구단위,신설,43770UTZ202501170001
S28C2AEF5,2025-01,20250117,지구단위,신설,43770UTZ202501170002
S28C2AEF5,2025-01,20250117,지구단위,신설,43770UTZ202501170003
S28C2AEF5,2025-01,20250117,지구단위,신설,43770UTZ202501170004
S28F688CE,2024-01,20240105,지구단위,변경,27000UTZ202401050001
S28F688CE,2024-08,20240812,지구단위,신설,27000UTZ202408120004
S28F688CE,2025-06,20250630,지구단위,변경,27000UTZ202506300003
S28F688CE,2025-08,20250811,지구단위,변경,27000UTZ202508110002
S296C1212,2024-03,20240313,지구단위,변경,47110UTZ202403130001
S296C1212,2024-03,20240320,지구단위,변경,47110UTZ202403200003
S296C1212,2024-06,20240605,지구단위,변경,47110UTZ202406050001
S296C1212,2024-06,20240619,용도구역,신설,47110BTZ202406190002
S296C1212,2024-06,20240619,용도구역,신설,47110BTZ202406190003
S296C1212,2024-06,20240619,용도구역,실효,47110BTZ202406190006
S296C1212,2024-06,20240619,용도구역,실효,47110BTZ202406190007
S296C1212,2024-06,20240619,지구단위,실효,47110UTZ202406190002
S296C1212,2024-06,20240619,지구단위,실효,47110UTZ202406190003
S296C1212,2024-06,20240619,지구단위,신설,47110UTZ202406190006
S296C1212,2024-06,20240619,지구단위,신설,47110UTZ202406190007
S296C1212,2024-07,20240703,용도구역,신설,47110BTZ202407030001
S296C1212,2024-07,20240703,용도구역,신설,47110BTZ202407030023
S296C1212,2024-07,20240703,용도구역,신설,47110BTZ202407030024
S296C1212,2024-07,20240703,용도구역,신설,47110BTZ202407030085
S296C1212,2024-07,20240703,용도구역,신설,47110BTZ202407030155
S296C1212,2024-07,20240703,용도구역,신설,47110BTZ202407030156
S296C1212,2024-07,20240703,용도구역,신설,47110BTZ202407030157
S296C1212,2024-07,20240703,용도구역,신설,47110BTZ202407030158
S296C1212,2024-07,20240703,용도구역,신설,47110BTZ202407030159
S296C1212,2024-07,20240703,용도구역,신설,47110BTZ202407030160
S296C1212,2024-07,20240703,용도구역,신설,47110BTZ202407030161
S296C1212,2024-07,20240703,용도구역,신설,47110BTZ202407030162
S296C1212,2024-07,20240703,용도구역,신설,47110BTZ202407030163
S296C1212,2024-07,20240703,용도구역,신설,47110BTZ202407030164
S296C1212,2024-07,20240710,지구단위,변경,47110UTZ202407100001
S296C1212,2024-10,20241002,지구단위,변경,47110UTZ202410020001
S296C1212,2024-10,20241007,지구단위,변경,47110UTZ202410070001
S296C1212,2024-11,20241128,지구단위,변경,47110UTZ202411280001
S296C1212,2024-12,20241204,용도구역,신설,47110BTZ202412040001
S296C1212,2024-12,20241204,용도구역,신설,47110BTZ202412040002
S296C1212,2024-12,20241204,지구단위,변경,47110UTZ202412040001
S296C1212,2025-02,20250218,용도구역,신설,47110BTZ202502180001
S296C1212,2025-02,20250218,용도구역,신설,47110BTZ202502180002
S296C1212,2025-02,20250218,지구단위,신설,47110UTZ202502180001
S296C1212,2025-02,20250218,지구단위,신설,47110UTZ202502180002
S296C1212,2025-07,20250724,지구단위,변경,47110UTZ202507240001
S296C1212,2025-07,20250728,지구단위,변경,47110UTZ202507280001
S296C1212,2025-11,20251114,지구단위,폐지,47110UTZ202511140002
S296C1212,2025-11,20251114,지구단위,폐지,47110UTZ202511140004
S296C1212,2025-11,20251114,지구단위,신설,47110UTZ202511140008
S296C1212,2025-11,20251114,지구단위,신설,47110UTZ202511140010
S296C1212,2026-04,20260424,용도지구,변경,47110DSZ202604240001
S2A233FB6,2024-07,20240712,지구단위,변경,11000UTZ201901140051
S2A5AF0B4,2025-01,20250123,용도구역,신설,44250BTZ202501230012
S2A5AF0B4,2025-01,20250123,용도구역,신설,44250BTZ202501230014
S2A5AF0B4,2025-01,20250123,용도구역,신설,44250BTZ202501230015
S2A5AF0B4,2025-02,20250228,지구단위,변경,44250UTZ202502281001
S2A5AF0B4,2025-03,20250310,지구단위,변경,44250UTZ202503100001
S2A5AF0B4,2025-03,20250312,지구단위,변경,44250UTZ202503120001
S2A5AF0B4,2025-03,20250312,지구단위,변경,44250UTZ202503120002
S2B1968A4,2024-03,20240314,지구단위,신설,48330UTZ202403140001
S2B1968A4,2024-10,20241024,지구단위,변경,48330UTZ202410240001
S2B1968A4,2024-11,20241107,지구단위,변경,48330UTZ202411070001
S2B1968A4,2025-07,20250711,지구단위,변경,48330UTZ202507110001
S2B56257A,2024-07,20240712,지구단위,변경,44200UTZ202407120001
S2B56257A,2024-11,20241107,지구단위,변경,44200UTZ202411070001
S2B84A388,2024-04,20240423,지구단위,변경,11000UTZ201512224293
S2B84A388,2024-07,20240724,용도지구,폐지,11000DSZ196312131429
S2B84A388,2024-07,20240724,용도지구,폐지,11000DSZ196312131467
S2B84A388,2026-03,20260317,지구단위,변경,11140UTZ202603170003
S2C2C2F80,2024-07,20240712,지구단위,변경,44200UTZ202407120001
S2C2C2F80,2024-11,20241107,지구단위,변경,44200UTZ202411070001
S2C6542AE,2024-02,20240220,지구단위,변경,41390UTZ202402200001
S2C6542AE,2024-09,20240927,지구단위,변경,41390UTZ202409270001
S2CCA842E,2024-01,20240119,지구단위,변경,11215UTZ202311160001
S2CCA842E,2024-03,20240327,지구단위,변경,11000UTZ202012020115
S2CCA842E,2025-03,20250315,지구단위,변경,11215UTZ202309190018
S2CCA842E,2025-12,20251215,지구단위,실효,11215UTZ202512150001
S2CF30C9B,2025-08,20250811,용도지구,변경,41570DSZ202508110001
S2CF30C9B,2025-08,20250811,용도지구,변경,41570DSZ202508110002
S2CF30C9B,2025-08,20250828,지구단위,변경,41570UTZ202508280010
S2D3878B7,2026-02,20260219,지구단위,변경,41650UTZ202602190020
S2D6D5742,2026-03,20260326,지구단위,변경,41250UTZ202603260003
S2EADBA71,2024-12,20241202,용도지구,변경,50110DSZ202412020122
S2EADBA71,2024-12,20241224,용도지구,변경,50110DSZ202412020030
S2EADBA71,2025-01,20250117,지구단위,신설,50000UTZ202501170001
S2F6BE4CA,2024-05,20240522,지구단위,변경,50130UTZ202405200001
S2F6BE4CA,2024-06,20240621,지구단위,변경,50130UTZ202406030001
S2F6BE4CA,2024-06,20240621,지구단위,신설,50130UTZ202406030002
S2F6BE4CA,2024-12,20241202,용도지구,변경,50130DSZ202412040017
S2F6BE4CA,2024-12,20241202,용도지구,변경,50130DSZ202412040061
S2F6BE4CA,2024-12,20241202,용도지구,변경,50130DSZ202412040062
S2F6BE4CA,2024-12,20241202,용도지구,변경,50130DSZ202412040063
S2F6BE4CA,2024-12,20241202,용도지구,변경,50130DSZ202412040064
S2F6BE4CA,2024-12,20241202,용도지구,변경,50130DSZ202412040065
S2F6BE4CA,2024-12,20241202,용도지구,변경,50130DSZ202412040066
S2F6BE4CA,2024-12,20241202,용도지구,변경,50130DSZ202412040067
S2F6BE4CA,2024-12,20241202,용도지구,변경,50130DSZ202412040068
S2F6BE4CA,2024-12,20241202,용도지구,변경,50130DSZ202412040069
S2F6BE4CA,2024-12,20241202,용도지구,변경,50130DSZ202412040070
S2F6BE4CA,2024-12,20241202,용도지구,변경,50130DSZ202412040071
S2F6BE4CA,2024-12,20241202,용도지구,변경,50130DSZ202412040072
S2F6BE4CA,2024-12,20241202,용도지구,변경,50130DSZ202412040073
S2F6BE4CA,2024-12,20241205,지구단위,변경,50000UTZ202412050003
S2F6BE4CA,2024-12,20241205,지구단위,변경,50000UTZ202412050004
S2F6BE4CA,2024-12,20241209,지구단위,신설,50130UTZ202412090001
S2F6BE4CA,2024-12,20241224,용도지구,변경,50130DSZ202412060061
S2F6BE4CA,2024-12,20241224,용도지구,변경,50130DSZ202412060062
S2F6BE4CA,2024-12,20241224,용도지구,신설,50130DSZ202412060063
S2F6BE4CA,2024-12,20241224,용도지구,변경,50130DSZ202412060172
S2F6BE4CA,2024-12,20241224,용도지구,폐지,50130DSZ202412060173
S2F6BE4CA,2024-12,20241224,용도지구,변경,50130DSZ202412060174
S2F6BE4CA,2024-12,20241224,용도지구,변경,50130DSZ202412060175
S2F6BE4CA,2024-12,20241224,용도지구,변경,50130DSZ202412060176
S2F6BE4CA,2024-12,20241224,용도지구,변경,50130DSZ202412060177
S2F6BE4CA,2024-12,20241224,용도지구,변경,50130DSZ202412060178
S2F6BE4CA,2024-12,20241224,용도지구,변경,50130DSZ202412060179
S2F6BE4CA,2024-12,20241224,용도지구,변경,50130DSZ202412060180
S2F6BE4CA,2024-12,20241224,용도지구,변경,50130DSZ202412060181
S2F6BE4CA,2024-12,20241224,용도지구,변경,50130DSZ202412060182
S2F6BE4CA,2024-12,20241224,용도지구,변경,50130DSZ202412060183
S2F6BE4CA,2024-12,20241224,용도지구,변경,50130DSZ202412060184
S2F6BE4CA,2024-12,20241224,용도지구,변경,50130DSZ202412060185
S2F6BE4CA,2024-12,20241224,용도지구,변경,50130DSZ202412060186
S2F6BE4CA,2024-12,20241224,용도지구,변경,50130DSZ202412060187
S2F6BE4CA,2024-12,20241224,용도지구,변경,50130DSZ202412060188
S2F6BE4CA,2024-12,20241224,용도지구,신설,50130DSZ202412060189
S2F6BE4CA,2024-12,20241224,용도지구,신설,50130DSZ202412060190
S2F6BE4CA,2024-12,20241224,용도지구,신설,50130DSZ202412060191
S2F6BE4CA,2025-10,20251002,지구단위,변경,50130UTZ202510020001
S2F8DC284,2025-08,20250812,지구단위,변경,41460UTZ202508122001
S2F8DC284,2026-05,20260522,지구단위,변경,41460UTZ202605220002
S308EC589,2024-06,20240619,지구단위,변경,41390UTZ202406190001
S30E9E255,2025-05,20250520,지구단위,변경,27000UTZ202505200001
S30E9E255,2025-11,20251110,지구단위,변경,27000UTZ202511100001
S30E9E255,2025-11,20251110,지구단위,변경,27290UTZ202511110003
S31373BDD,2026-04,20260429,지구단위,신설,47110UTZ202604290001
S31373BDD,2026-04,20260429,지구단위,신설,47110UTZ202604290002
S31AD2393,2025-06,20250623,지구단위,변경,47230UTZ202506230001
S31AD2393,2025-07,20250711,지구단위,변경,47230UTZ202507140001
S31AD2393,2025-07,20250714,지구단위,변경,47230UTZ202507140002
S31AD2393,2025-08,20250804,지구단위,정정,47230UTZ202508040001
S32119684,2024-11,20241104,지구단위,변경,26000UTZ202411070001
S32119684,2025-12,20251204,지구단위,변경,26000UTZ202512150001
S32119684,2025-12,20251223,지구단위,신설,26230UTZ202512230001
S32119684,2025-12,20251224,지구단위,신설,26000UTZ202512290001
S3306A195,2025-12,20251224,용도구역,신설,51110BTZ202512240155
S3312EB57,2025-03,20250319,지구단위,변경,29000UTZ202503190002
S3312EB57,2025-04,20250408,지구단위,변경,29000UTZ202504080001
S33154434,2024-01,20240110,지구단위,변경,41630UTZ202401100001
S34915D85,2024-01,20240123,지구단위,신설,26000UTZ202401240001
S34915D85,2024-02,20240208,지구단위,신설,26000UTZ202402080001
S34915D85,2025-04,20250415,지구단위,변경,26000UTZ202504150002
S34915D85,2025-06,20250625,지구단위,신설,26000UTZ202506250005
S34915D85,2025-08,20250811,지구단위,신설,26000UTZ202506250007
S34915D85,2025-08,20250828,지구단위,신설,26000UTZ202508290001
S3492273E,2024-04,20240419,지구단위,변경,41480UTZ202404191001
S3492273E,2025-04,20250418,지구단위,변경,41480UTZ202504180001
S3492273E,2025-12,20251211,용도지구,변경,41480DSZ202512110001
S3492273E,2025-12,20251211,지구단위,변경,41480UTZ202512110001
S3492273E,2026-05,20260513,용도지구,변경,41480DSZ202605130001
S3492273E,2026-05,20260513,지구단위,변경,41480UTZ202605130002
S3519BD04,2024-10,20241031,지구단위,신설,41650UTZ202410310076
S3519BD04,2024-12,20241224,지구단위,변경,41650UTZ202412240078
S3519BD04,2025-09,20250903,지구단위,변경,41650UTZ202509030015
S35B90595,2024-01,20240123,지구단위,신설,26000UTZ202401240001
S35B90595,2024-02,20240208,지구단위,신설,26000UTZ202402080001
S35B90595,2025-04,20250415,지구단위,변경,26000UTZ202504150002
S35B90595,2025-06,20250625,지구단위,신설,26000UTZ202506250005
S35B90595,2025-08,20250811,지구단위,신설,26000UTZ202506250007
S35B90595,2025-08,20250828,지구단위,신설,26000UTZ202508290001
S36F66B58,2024-03,20240308,지구단위,신설,44200UTZ202403080001
S36F66B58,2024-05,20240516,지구단위,변경,44200UTZ202405160001
S36F66B58,2024-05,20240520,지구단위,변경,44200UTZ202405200001
S36F66B58,2024-08,20240830,지구단위,변경,44200UTZ202408300003
S36F66B58,2024-09,20240923,지구단위,변경,44200UTZ202409230001
S36F66B58,2024-11,20241120,지구단위,변경,44200UTZ202411200001
S36F66B58,2024-12,20241205,지구단위,변경,44200UTZ202412050001
S36F66B58,2024-12,20241220,지구단위,신설,44200UTZ202412200001
S36F66B58,2024-12,20241223,지구단위,신설,44200UTZ202412230001
S36F66B58,2024-12,20241230,지구단위,변경,44200UTZ202412300001
S36F66B58,2025-01,20250131,지구단위,변경,44200UTZ202501310001
S36F66B58,2025-03,20250305,용도지구,폐지,44200DSZ202503050001
S36F66B58,2025-03,20250305,지구단위,변경,44200UTZ202503050001
S36F66B58,2025-04,20250421,지구단위,변경,44200UTZ202504210001
S36F66B58,2025-11,20251114,지구단위,신설,44200UTZ202511140001
S36F66B58,2025-12,20251209,지구단위,변경,44200UTZ202512090001
S36F66B58,2026-02,20260205,용도지구,폐지,44200DSZ202602050002
S36F66B58,2026-02,20260205,지구단위,변경,44200UTZ202602050001
S36F66B58,2026-05,20260526,지구단위,변경,44200UTZ202605260001
S370549A1,2025-10,20251002,지구단위,변경,36110UTZ202510020017
S3765E522,2025-07,20250730,용도구역,변경,11000BTZ202507300028
S3765E522,2026-03,20260303,지구단위,신설,11000UTZ202603030001
S3780216A,2024-06,20240604,지구단위,변경,28000UTZ202406180001
S3780216A,2025-10,20251031,지구단위,변경,28000UTZ202606190002
S3780216A,2026-01,20260128,지구단위,변경,28000UTZ202606190003
S37DA0FE1,2024-08,20240812,지구단위,신설,44130UTZ202408120004
S37DA0FE1,2024-08,20240812,지구단위,신설,44130UTZ202408120005
S37DA0FE1,2024-09,20240906,지구단위,신설,44130UTZ202409060003
S37DA0FE1,2024-09,20240906,지구단위,신설,44130UTZ202409060004
S37DA0FE1,2025-01,20250121,지구단위,신설,44130UTZ202501210001
S37DA0FE1,2025-02,20250204,지구단위,변경,44130UTZ202502040001
S37DA0FE1,2025-05,20250501,지구단위,변경,44130UTZ202505010006
S37DA0FE1,2025-05,20250501,지구단위,변경,44130UTZ202505010007
S37DA0FE1,2025-05,20250527,지구단위,변경,44130UTZ202505270003
S37DA0FE1,2025-05,20250527,지구단위,변경,44130UTZ202505270004
S37DA0FE1,2025-06,20250623,지구단위,변경,44130UTZ202506230005
S37DA0FE1,2025-12,20251201,지구단위,변경,44130UTZ202512010001
S388BB614,2024-03,20240322,지구단위,변경,26000UTZ202403250001
S388BB614,2024-11,20241122,지구단위,신설,26000UTZ202411220001
S388BB614,2024-12,20241202,지구단위,신설,26000UTZ202412020001
S388BB614,2025-06,20250618,지구단위,신설,26000UTZ202506200001
S388BB614,2025-08,20250801,지구단위,신설,26000UTZ202508040002
S388BB614,2025-12,20251210,지구단위,신설,26000UTZ202512160002
S38B045CD,2024-12,20241224,용도지구,신설,50130DSZ202412060117
S394FCFCA,2024-11,20241128,용도구역,변경,31000BTZ202411280001
S394FCFCA,2024-12,20241202,용도구역,변경,31000BTZ202411290004
S394FCFCA,2025-03,20250327,지구단위,변경,31000UTZ202503270002
S394FCFCA,2025-04,20250415,지구단위,변경,31140UTZ202504150001
S394FCFCA,2025-08,20250812,지구단위,변경,31140UTZ202508120006
S394FCFCA,2025-08,20250814,지구단위,변경,31000UTZ202508140001
S394FCFCA,2025-10,20251001,지구단위,신설,31140UTZ202510010001
S394FCFCA,2025-10,20251002,지구단위,신설,31000UTZ202510020001
S3A4006C1,2024-03,20240307,지구단위,신설,44200UTZ202403070001
S3A4006C1,2024-03,20240315,지구단위,신설,44200UTZ202403150001
S3A4006C1,2024-06,20240628,지구단위,신설,44200UTZ202406280001
S3A4006C1,2024-07,20240705,지구단위,신설,44200UTZ202407050001
S3A4006C1,2024-12,20241210,지구단위,신설,44200UTZ202412100001
S3A4006C1,2025-04,20250407,지구단위,변경,44200UTZ202504070001
S3A4006C1,2025-06,20250625,지구단위,변경,44200UTZ202506250001
S3A4006C1,2025-06,20250625,지구단위,폐지,44200UTZ202506250002
S3A4006C1,2025-07,20250721,지구단위,신설,44200UTZ202507210001
S3A4006C1,2025-12,20251226,지구단위,변경,44200UTZ202512260001
S3A4006C1,2026-06,20260608,용도지구,변경,44200DSZ202606080001
S3A4006C1,2026-06,20260608,지구단위,변경,44200UTZ202606080001
S3A620A12,2024-03,20240315,지구단위,변경,11000UTZ199902201270
S3A620A12,2026-01,20260130,지구단위,변경,11200UTZ202507280001
S3A67D635,2024-12,20241202,용도지구,변경,50110DSZ202412020123
S3A7CFA7A,2026-02,20260227,지구단위,변경,41650UTZ202602270021
S3B8B627B,2024-06,20240619,지구단위,폐지,52180UTZ202406190001
S3C560EA7,2024-04,20240404,지구단위,신설,41500UTZ202404040001
S3C560EA7,2024-07,20240712,지구단위,변경,41500UTZ202407120001
S3C560EA7,2024-08,20240807,지구단위,신설,41500UTZ202408070001
S3C560EA7,2024-09,20240912,지구단위,신설,41500UTZ202409120001
S3C560EA7,2024-09,20240927,지구단위,변경,41500UTZ202409270001
S3C560EA7,2024-11,20241125,지구단위,신설,41500UTZ202411250001
S3C560EA7,2024-12,20241231,지구단위,변경,41500UTZ202412310001
S3C560EA7,2025-01,20250110,지구단위,변경,41500UTZ202501100001
S3C560EA7,2025-06,20250612,지구단위,변경,41500UTZ202506120001
S3C560EA7,2025-06,20250630,용도구역,신설,41500BTZ202506300007
S3C560EA7,2025-06,20250630,용도구역,변경,41500BTZ202506300018
S3C560EA7,2025-07,20250701,지구단위,신설,41500UTZ202507010001
S3C560EA7,2025-07,20250701,지구단위,변경,41500UTZ202507010002
S3C560EA7,2025-07,20250729,지구단위,신설,41500UTZ202507290001
S3C560EA7,2025-07,20250729,지구단위,신설,41500UTZ202507290003
S3C560EA7,2025-07,20250729,지구단위,변경,41500UTZ202507290004
S3C560EA7,2025-07,20250729,지구단위,변경,41500UTZ202507290005
S3C560EA7,2025-11,20251121,지구단위,변경,41500UTZ202511210001
S3C560EA7,2025-12,20251216,지구단위,변경,41500UTZ202512160001
S3C560EA7,2025-12,20251218,지구단위,변경,41500UTZ202512180003
S3C560EA7,2025-12,20251226,지구단위,변경,41500UTZ202512260001
S3C560EA7,2026-01,20260130,지구단위,변경,41500UTZ202601300002
S3D09E326,2024-05,20240520,지구단위,변경,27000UTZ202405200001
S3D09E326,2025-11,20251120,지구단위,변경,27000UTZ202511200001
S3D09E326,2025-11,20251120,지구단위,변경,27290UTZ202511200002
S3D09E326,2026-02,20260210,지구단위,변경,27000UTZ202602100001
S3D09E326,2026-02,20260210,지구단위,변경,27290UTZ202602100001
S3D0F95B5,2024-04,20240430,용도지구,변경,36110DSZ202404300005
S3D0F95B5,2024-04,20240430,지구단위,변경,36110UTZ202404300005
S3D0F95B5,2024-08,20240822,지구단위,변경,36110UTZ202408220009
S3D0F95B5,2024-11,20241111,용도지구,변경,36110DSZ202411110006
S3D0F95B5,2024-11,20241111,지구단위,변경,36110UTZ202411110010
S3D0F95B5,2024-12,20241230,지구단위,변경,36110UTZ202412300011
S3D0F95B5,2025-06,20250620,지구단위,변경,36110UTZ202506200012
S3D0F95B5,2025-06,20250630,지구단위,변경,36110UTZ202506300015
S3D0F95B5,2025-09,20250922,지구단위,변경,36110UTZ202509220016
S3F00856C,2024-12,20241202,용도지구,변경,50110DSZ202412020123
S3F538499,2025-12,20251202,지구단위,변경,46150UTZ202512010233
S3FDB6B7D,2025-04,20250425,지구단위,변경,41220UTZ202504250002
S3FDB6B7D,2025-06,20250612,지구단위,변경,41220UTZ202506120001
S3FDB6B7D,2026-02,20260202,지구단위,변경,41220UTZ202602020001
S40A69F39,2024-12,20241202,용도지구,변경,50110DSZ202412020123
S40DA32FF,2024-11,20241112,지구단위,변경,52110UTZ202411120002
S41549F93,2025-07,20250729,지구단위,변경,41360UTZ202507290042
S41549F93,2025-09,20250904,지구단위,변경,41360UTZ202509040065
S41549F93,2025-09,20250904,지구단위,변경,41360UTZ202509040066
S41549F93,2025-09,20250904,지구단위,변경,41360UTZ202509040067
S41549F93,2025-09,20250904,지구단위,변경,41360UTZ202509040068
S41549F93,2025-09,20250904,지구단위,변경,41360UTZ202509040069
S41549F93,2025-09,20250904,지구단위,변경,41360UTZ202509040070
S41549F93,2025-09,20250904,지구단위,변경,41360UTZ202509040071
S41549F93,2025-09,20250904,지구단위,변경,41360UTZ202509040072
S41549F93,2025-09,20250904,지구단위,변경,41360UTZ202509040073
S41549F93,2025-09,20250904,지구단위,변경,41360UTZ202509040074
S41549F93,2025-09,20250904,지구단위,변경,41360UTZ202509040075
S41549F93,2025-09,20250904,지구단위,변경,41360UTZ202509040076
S41549F93,2025-09,20250904,지구단위,변경,41360UTZ202509040077
S41549F93,2025-09,20250904,지구단위,변경,41360UTZ202509040078
S41549F93,2025-12,20251205,지구단위,변경,41360UTZ202512050100
S41549F93,2025-12,20251205,지구단위,변경,41360UTZ202512050152
S41549F93,2025-12,20251205,지구단위,변경,41360UTZ202512050153
S41549F93,2025-12,20251215,지구단위,변경,41360UTZ202512150002
S41549F93,2025-12,20251215,지구단위,변경,41360UTZ202512150054
S41549F93,2025-12,20251215,지구단위,변경,41360UTZ202512150055
S41596FF1,2024-12,20241231,용도지구,폐지,41460DSZ202412311704
S419B0AFB,2024-01,20240105,지구단위,변경,27000UTZ202401050001
S419B0AFB,2024-08,20240812,지구단위,신설,27000UTZ202408120004
S419B0AFB,2025-06,20250630,지구단위,변경,27000UTZ202506300003
S419B0AFB,2025-08,20250811,지구단위,변경,27000UTZ202508110002
S4207E216,2025-08,20250821,지구단위,변경,51210UTZ202508210001
S4207E216,2025-08,20250821,지구단위,변경,51210UTZ202508210002
S4207E216,2025-08,20250822,지구단위,신설,51210UTZ202508220004
S4207E216,2025-08,20250822,지구단위,신설,51210UTZ202508220005
S4207E216,2025-08,20250827,용도구역,변경,51210BTZ202508270001
S4207E216,2025-08,20250827,용도지구,변경,51210DSZ202508270002
S4207E216,2025-08,20250827,용도지구,폐지,51210DSZ202508270018
S4207E216,2025-08,20250827,용도지구,폐지,51210DSZ202508270019
S4207E216,2025-08,20250827,용도지구,폐지,51210DSZ202508270020
S4207E216,2025-08,20250827,용도지구,변경,51210DSZ202508270021
S4207E216,2025-08,20250827,용도지구,변경,51210DSZ202508270022
S4207E216,2025-08,20250827,용도지구,변경,51210DSZ202508270026
S4207E216,2025-08,20250827,용도지구,폐지,51210DSZ202508270034
S4207E216,2025-09,20250908,용도지구,폐지,51210DSZ202509080001
S4207E216,2025-09,20250908,용도지구,변경,51210DSZ202509080002
S4207E216,2025-09,20250908,용도지구,신설,51210DSZ202509080003
S425510B1,2026-01,20260129,용도구역,신설,47150BTZ202601290837
S425510B1,2026-01,20260129,용도구역,신설,47150BTZ202601290838
S425510B1,2026-01,20260129,용도구역,신설,47150BTZ202601290839
S425510B1,2026-02,20260202,용도구역,신설,47150BTZ202602020456
S425510B1,2026-02,20260202,용도구역,신설,47150BTZ202602020457
S425510B1,2026-02,20260202,용도구역,신설,47150BTZ202602020458
S425510B1,2026-02,20260203,용도구역,신설,47150BTZ202602030456
S425510B1,2026-02,20260203,용도구역,신설,47150BTZ202602030457
S425510B1,2026-02,20260203,용도구역,신설,47150BTZ202602030458
S4312C70C,2024-09,20240905,용도구역,신설,31000BTZ202409050001
S4312C70C,2024-09,20240905,지구단위,변경,31000UTZ202409050001
S4312C70C,2024-12,20241226,지구단위,신설,31000UTZ202412260001
S4312C70C,2024-12,20241227,지구단위,신설,31000UTZ202412270012
S43F81975,2025-01,20250122,지구단위,변경,41570UTZ202501220001
S43F81975,2025-05,20250502,지구단위,폐지,41570UTZ202505020001
S447224EA,2024-02,20240229,용도구역,폐지,48250BTZ202402290001
S449F6AB8,2024-01,20240122,지구단위,폐지,27000UTZ202401220001
S449F6AB8,2026-03,20260309,지구단위,변경,27140UTZ202603090001
S449F6AB8,2026-03,20260316,지구단위,변경,27140UTZ202603160001
S449F6AB8,2026-03,20260326,지구단위,변경,27140UTZ202603260001
S44E3A048,2026-06,20260608,지구단위,폐지,46230UTZ202606080001
S44E3A048,2026-06,20260608,지구단위,폐지,46230UTZ202606080003
S458CE799,2026-05,20260512,지구단위,변경,41610UTZ202605120060
S45AD16FC,2024-02,20240220,지구단위,변경,41500UTZ202402200002
S45AD16FC,2024-03,20240306,지구단위,변경,41500UTZ202403060001
S45AD16FC,2024-04,20240405,지구단위,변경,41500UTZ202404050002
S45AD16FC,2024-04,20240424,용도지구,변경,41500DSZ202404240001
S45AD16FC,2024-04,20240424,지구단위,변경,41500UTZ202404240001
S45AD16FC,2025-05,20250530,지구단위,변경,41500UTZ202505300001
S45AD16FC,2025-06,20250630,용도구역,신설,41500BTZ202506300002
S45AD16FC,2025-06,20250630,용도구역,변경,41500BTZ202506300013
S45AD16FC,2025-07,20250704,지구단위,신설,41500UTZ202507040001
S45AD16FC,2025-07,20250718,지구단위,신설,41500UTZ202507180001
S45AD16FC,2025-07,20250731,지구단위,변경,41500UTZ202507310002
S45AD16FC,2025-08,20250822,지구단위,변경,41500UTZ202508220004
S45AD16FC,2025-09,20250923,지구단위,변경,41500UTZ202509230004
S45AD16FC,2026-01,20260106,지구단위,변경,41500UTZ202601060002
S45AD16FC,2026-05,20260518,지구단위,신설,41500UTZ202605180001
S45CB5324,2024-07,20240719,용도지구,신설,41500DSZ202407190004
S45CB5324,2024-07,20240719,지구단위,신설,41500UTZ202407190004
S45CB5324,2025-06,20250630,용도구역,신설,41500BTZ202506300009
S45CB5324,2025-06,20250630,용도구역,변경,41500BTZ202506300020
S45CB5324,2025-08,20250819,용도지구,신설,41500DSZ202508190001
S45CB5324,2025-08,20250819,지구단위,신설,41500UTZ202508190007
S468E8CAB,2024-12,20241202,용도지구,변경,50130DSZ202412040005
S468E8CAB,2024-12,20241202,용도지구,변경,50130DSZ202412040006
S468E8CAB,2024-12,20241202,용도지구,변경,50130DSZ202412040016
S468E8CAB,2024-12,20241202,용도지구,변경,50130DSZ202412040039
S468E8CAB,2024-12,20241202,용도지구,변경,50130DSZ202412040040
S468E8CAB,2024-12,20241202,용도지구,변경,50130DSZ202412040041
S468E8CAB,2024-12,20241202,용도지구,변경,50130DSZ202412040042
S468E8CAB,2024-12,20241202,용도지구,변경,50130DSZ202412040043
S468E8CAB,2024-12,20241202,용도지구,변경,50130DSZ202412040044
S468E8CAB,2024-12,20241202,용도지구,변경,50130DSZ202412040045
S468E8CAB,2024-12,20241202,용도지구,변경,50130DSZ202412040046
S468E8CAB,2024-12,20241202,용도지구,변경,50130DSZ202412040047
S468E8CAB,2024-12,20241202,용도지구,변경,50130DSZ202412040048
S468E8CAB,2024-12,20241202,용도지구,변경,50130DSZ202412040049
S468E8CAB,2024-12,20241202,용도지구,변경,50130DSZ202412040050
S468E8CAB,2024-12,20241202,용도지구,변경,50130DSZ202412040051
S468E8CAB,2024-12,20241202,용도지구,변경,50130DSZ202412040052
S468E8CAB,2024-12,20241202,용도지구,변경,50130DSZ202412040053
S468E8CAB,2024-12,20241202,용도지구,변경,50130DSZ202412040054
S468E8CAB,2024-12,20241202,용도지구,변경,50130DSZ202412040055
S468E8CAB,2024-12,20241204,용도지구,변경,50000DSZ202412040005
S468E8CAB,2024-12,20241204,지구단위,변경,50000UTZ202412040003
S468E8CAB,2024-12,20241224,용도지구,변경,50130DSZ202412060042
S468E8CAB,2024-12,20241224,용도지구,변경,50130DSZ202412060043
S468E8CAB,2024-12,20241224,용도지구,변경,50130DSZ202412060044
S468E8CAB,2024-12,20241224,용도지구,변경,50130DSZ202412060045
S468E8CAB,2024-12,20241224,용도지구,변경,50130DSZ202412060046
S468E8CAB,2024-12,20241224,용도지구,변경,50130DSZ202412060047
S468E8CAB,2024-12,20241224,용도지구,변경,50130DSZ202412060048
S468E8CAB,2024-12,20241224,용도지구,변경,50130DSZ202412060049
S468E8CAB,2024-12,20241224,용도지구,변경,50130DSZ202412060050
S468E8CAB,2024-12,20241224,용도지구,변경,50130DSZ202412060051
S468E8CAB,2024-12,20241224,용도지구,변경,50130DSZ202412060052
S468E8CAB,2024-12,20241224,용도지구,변경,50130DSZ202412060072
S468E8CAB,2024-12,20241224,용도지구,변경,50130DSZ202412060137
S468E8CAB,2024-12,20241224,용도지구,변경,50130DSZ202412060138
S468E8CAB,2024-12,20241224,용도지구,변경,50130DSZ202412060139
S468E8CAB,2024-12,20241224,용도지구,변경,50130DSZ202412060140
S468E8CAB,2024-12,20241224,용도지구,변경,50130DSZ202412060141
S468E8CAB,2024-12,20241224,용도지구,변경,50130DSZ202412060142
S468E8CAB,2024-12,20241224,용도지구,변경,50130DSZ202412060143
S468E8CAB,2024-12,20241224,용도지구,변경,50130DSZ202412060144
S468E8CAB,2024-12,20241224,용도지구,변경,50130DSZ202412060145
S468E8CAB,2024-12,20241224,용도지구,변경,50130DSZ202412060146
S468E8CAB,2024-12,20241224,용도지구,변경,50130DSZ202412060147
S468E8CAB,2024-12,20241224,용도지구,변경,50130DSZ202412060148
S468E8CAB,2024-12,20241224,용도지구,변경,50130DSZ202412060149
S468E8CAB,2024-12,20241224,용도지구,변경,50130DSZ202412060150
S468E8CAB,2024-12,20241224,용도지구,변경,50130DSZ202412060151
S468E8CAB,2024-12,20241224,용도지구,변경,50130DSZ202412060152
S468E8CAB,2024-12,20241224,용도지구,변경,50130DSZ202412060153
S468E8CAB,2024-12,20241224,용도지구,변경,50130DSZ202412060154
S468E8CAB,2024-12,20241224,용도지구,변경,50130DSZ202412060155
S468E8CAB,2024-12,20241224,용도지구,변경,50130DSZ202412060156
S468E8CAB,2024-12,20241224,용도지구,변경,50130DSZ202412060157
S468E8CAB,2024-12,20241224,용도지구,변경,50130DSZ202412060158
S468E8CAB,2024-12,20241224,용도지구,변경,50130DSZ202412060159
S468E8CAB,2024-12,20241224,용도지구,변경,50130DSZ202412060160
S468E8CAB,2024-12,20241224,용도지구,신설,50130DSZ202412060161
S468E8CAB,2024-12,20241224,용도지구,신설,50130DSZ202412060162
S468E8CAB,2024-12,20241224,용도지구,변경,50130DSZ202412060209
S468E8CAB,2024-12,20241224,용도지구,변경,50130DSZ202412060210
S468E8CAB,2024-12,20241224,용도지구,변경,50130DSZ202412060211
S468E8CAB,2025-12,20251222,지구단위,변경,50130UTZ202512220001
S46BBE2A2,2024-12,20241224,용도지구,변경,50110DSZ202412020013
S46BBE2A2,2024-12,20241224,용도지구,변경,50110DSZ202412020041
S46E58956,2025-06,20250602,지구단위,신설,47900UTZ202506020001
S48577CA9,2024-05,20240521,지구단위,변경,11000UTZ201709053458
S48577CA9,2024-07,20240724,용도지구,폐지,11000DSZ201002122002
S48577CA9,2025-01,20250109,지구단위,신설,11110UTZ202409300002
S48577CA9,2025-10,20251020,지구단위,신설,11110UTZ202510020001
S48577CA9,2026-01,20260116,지구단위,신설,11110UTZ202510020002
S492D9709,2024-10,20241021,지구단위,변경,26000UTZ202410210001
S492D9709,2025-02,20250226,지구단위,변경,26350UTZ202408220001
S492D9709,2025-08,20250820,지구단위,신설,26000UTZ202508200001
S492D9709,2025-08,20250820,지구단위,신설,26000UTZ202508270001
S492D9709,2025-08,20250825,지구단위,신설,26000UTZ202508250003
S492D9709,2025-11,20251105,지구단위,신설,26000UTZ202511100001
S492D9709,2025-11,20251105,지구단위,신설,26350UTZ202511050001
S492D9709,2026-02,20260225,지구단위,신설,26350UTZ202602250001
S492D9709,2026-02,20260226,지구단위,신설,26350UTZ202602270001
S492D9709,2026-06,20260622,지구단위,변경,26000UTZ202606220005
S4947BBD6,2024-04,20240404,지구단위,변경,48250UTZ202404040015
S4947BBD6,2024-05,20240508,지구단위,변경,48250UTZ202405080004
S4947BBD6,2024-07,20240704,지구단위,신설,48250UTZ202407040001
S4947BBD6,2024-07,20240704,지구단위,신설,48250UTZ202407040026
S4947BBD6,2024-08,20240801,용도구역,신설,48250BTZ202408010002
S4947BBD6,2024-08,20240801,지구단위,폐지,48250UTZ202408010041
S4947BBD6,2024-10,20241004,지구단위,신설,48250UTZ202410040047
S4947BBD6,2024-10,20241008,지구단위,변경,48250UTZ202409240001
S4947BBD6,2024-10,20241017,지구단위,신설,48250UTZ202410170001
S4947BBD6,2024-11,20241127,지구단위,변경,48250UTZ202411270003
S4947BBD6,2024-11,20241128,용도구역,신설,48250BTZ202411280001
S4947BBD6,2025-02,20250205,지구단위,변경,48250UTZ202502050005
S4947BBD6,2025-04,20250423,용도구역,폐지,48250BTZ202504230002
S4947BBD6,2025-04,20250430,용도구역,폐지,48250BTZ202504290001
S4947BBD6,2025-08,20250827,지구단위,변경,48250UTZ202508270023
S4947BBD6,2025-09,20250915,지구단위,변경,48250UTZ202509150024
S4947BBD6,2025-09,20250919,지구단위,변경,48250UTZ202509190002
S4947BBD6,2025-12,20251203,지구단위,변경,48250UTZ202512030047
S4947BBD6,2025-12,20251217,지구단위,변경,48250UTZ202512170051
S4AE144DB,2024-01,20240104,용도지구,신설,43110DSZ202401040006
S4AE144DB,2024-01,20240104,용도지구,신설,43110DSZ202401040007
S4AE144DB,2024-03,20240329,지구단위,신설,43110UTZ202403290001
S4AE144DB,2024-03,20240329,지구단위,신설,43110UTZ202403290002
S4AE144DB,2024-05,20240503,용도지구,변경,43110DSZ202405030001
S4AE144DB,2025-11,20251113,지구단위,신설,43110UTZ202511130001
S4AE144DB,2026-06,20260611,지구단위,변경,43110UTZ202606110001
S4AE144DB,2026-06,20260611,지구단위,변경,43110UTZ202606110005
S4AE144DB,2026-06,20260611,지구단위,신설,43110UTZ202606110006
S4AE144DB,2026-06,20260611,지구단위,신설,43110UTZ202606110007
S4AE144DB,2026-06,20260611,지구단위,신설,43110UTZ202606110008
S4AE144DB,2026-06,20260611,지구단위,변경,43110UTZ202606110009
S4AE144DB,2026-06,20260611,지구단위,신설,43110UTZ202606110010
S4AE144DB,2026-06,20260611,지구단위,신설,43110UTZ202606110011
S4AE144DB,2026-06,20260611,지구단위,신설,43110UTZ202606110012
S4B47A1F9,2024-03,20240328,지구단위,변경,11000UTZ201603213329
S4B47A1F9,2024-04,20240403,지구단위,변경,11000UTZ202403140001
S4B47A1F9,2024-11,20241111,지구단위,변경,11000UTZ202403140003
S4B47A1F9,2025-10,20251014,지구단위,변경,11000UTZ202510140001
S4B47A1F9,2025-12,20251219,지구단위,변경,11000UTZ202512190001
S4BE3B6ED,2024-06,20240610,지구단위,변경,41570UTZ202406100011
S4BE3B6ED,2024-11,20241106,지구단위,변경,41570UTZ202411060001
S4BE3B6ED,2025-04,20250423,지구단위,변경,41570UTZ202504230010
S4BE3B6ED,2025-08,20250814,지구단위,변경,41570UTZ202508140001
S4BE3B6ED,2025-11,20251107,지구단위,변경,41570UTZ202511070010
S4BE3B6ED,2025-11,20251126,지구단위,변경,41570UTZ202511260010
S4BEEBE72,2024-03,20240325,지구단위,신설,41650UTZ202403250150
S4CC9508F,2026-05,20260528,지구단위,변경,11350UTZ202605280001
S4CC9508F,2026-05,20260528,지구단위,신설,11350UTZ202605280002
S4D95E598,2024-02,20240219,지구단위,실효,41130UTZ202402190001
S4DDE817B,2024-01,20240111,용도구역,신설,48330BTZ202401110001
S4DDE817B,2024-10,20241010,지구단위,변경,48330UTZ202410100001
S4DDE817B,2025-02,20250206,지구단위,변경,48330UTZ202502060001
S4DDE817B,2025-09,20250918,용도구역,폐지,48330BTZ202509180003
S4DDE817B,2025-12,20251209,지구단위,신설,48330UTZ202512090001
S4E510512,2024-04,20240412,지구단위,신설,51760UTZ202404120171
S4E510512,2025-08,20250808,지구단위,변경,51760UTZ202508080001
S4E510512,2025-11,20251128,지구단위,신설,51760UTZ202511280001
S4E510512,2025-12,20251205,지구단위,실효,51760UTZ202512050001
S4E510512,2025-12,20251219,지구단위,변경,51760UTZ202512190001
S4E9CE545,2024-12,20241224,용도지구,변경,50110DSZ202412020017
S4E9CE545,2024-12,20241224,용도지구,변경,50110DSZ202412020018
S4E9CE545,2024-12,20241224,용도지구,변경,50110DSZ202412020072
S4E9EA74C,2024-07,20240709,용도구역,신설,50110BTZ202407090001
S4E9EA74C,2024-10,20241030,지구단위,변경,50110UTZ202410300001
S4E9EA74C,2024-10,20241030,지구단위,변경,50110UTZ202410300002
S4E9EA74C,2024-12,20241224,용도지구,변경,50110DSZ202412020012
S4F112563,2025-02,20250213,용도구역,변경,45790BTZ202502130001
S4F112563,2025-02,20250213,용도구역,변경,45790BTZ202502130003
S4F112563,2025-02,20250213,용도구역,변경,45790BTZ202502130006
S4F112563,2026-01,20260106,용도지구,변경,52790DSZ202601060003
S4F112563,2026-01,20260106,용도지구,변경,52790DSZ202601060004
S4F112563,2026-02,20260211,용도구역,폐지,52790BTZ202602110001
S4F112563,2026-02,20260211,지구단위,신설,52790UTZ202602110002
S4F112563,2026-02,20260212,지구단위,변경,52790UTZ202602110004
S4F112563,2026-02,20260212,지구단위,변경,52790UTZ202602120001
S4F112563,2026-02,20260219,용도구역,변경,52790BTZ202602190001
S4F112563,2026-02,20260219,용도구역,변경,52790BTZ202602190003
S4F112563,2026-02,20260219,용도구역,변경,52790BTZ202602190006
S4F112563,2026-02,20260219,용도지구,변경,52790DSZ202602130001
S4F112563,2026-02,20260219,지구단위,변경,52790UTZ202602130002
S4F112563,2026-03,20260320,용도지구,변경,52790DSZ202603200001
S4F112563,2026-03,20260320,지구단위,변경,52790UTZ202603200001
S4F4F1B40,2024-12,20241224,용도지구,신설,50130DSZ202412060116
S4F4F1B40,2025-08,20250829,지구단위,변경,50130UTZ202507160002
S4FCC3641,2024-04,20240404,지구단위,변경,48330UTZ202404040001
S4FCC3641,2024-06,20240620,지구단위,신설,48330UTZ202406200001
S4FCC3641,2025-02,20250220,지구단위,변경,48330UTZ202502200001
S5038F53F,2024-02,20240226,지구단위,변경,43750UTZ202402230001
S5038F53F,2024-04,20240419,용도구역,신설,43750BTZ202404190018
S5038F53F,2024-04,20240419,용도구역,신설,43750BTZ202404190019
S5038F53F,2024-04,20240419,용도구역,신설,43750BTZ202404190020
S5038F53F,2024-04,20240419,용도구역,신설,43750BTZ202404190021
S5038F53F,2024-04,20240419,용도구역,신설,43750BTZ202404190060
S5038F53F,2024-04,20240419,용도구역,신설,43750BTZ202404190061
S5038F53F,2024-04,20240419,용도구역,신설,43750BTZ202404190062
S5038F53F,2024-04,20240419,용도구역,신설,43750BTZ202404190063
S5038F53F,2024-04,20240419,용도구역,신설,43750BTZ202404190064
S5038F53F,2024-04,20240419,용도구역,신설,43750BTZ202404190095
S5038F53F,2024-04,20240419,용도구역,신설,43750BTZ202404190096
S5038F53F,2024-04,20240419,용도구역,신설,43750BTZ202404190097
S5038F53F,2024-04,20240419,용도구역,신설,43750BTZ202404190098
S5038F53F,2024-04,20240419,용도구역,신설,43750BTZ202404190099
S5038F53F,2024-04,20240419,용도구역,신설,43750BTZ202404190100
S5038F53F,2024-04,20240419,용도구역,신설,43750BTZ202404190101
S5038F53F,2024-04,20240419,용도구역,신설,43750BTZ202404190102
S5038F53F,2024-04,20240419,용도구역,신설,43750BTZ202404190103
S5038F53F,2024-04,20240419,용도구역,신설,43750BTZ202404190104
S5038F53F,2024-04,20240419,용도구역,신설,43750BTZ202404190105
S5038F53F,2024-04,20240419,용도구역,신설,43750BTZ202404190316
S5038F53F,2024-04,20240419,용도구역,신설,43750BTZ202404190317
S5038F53F,2024-04,20240419,용도구역,신설,43750BTZ202404190318
S5038F53F,2024-04,20240419,용도구역,신설,43750BTZ202404190319
S5038F53F,2024-04,20240419,용도구역,신설,43750BTZ202404190320
S5038F53F,2024-04,20240419,용도구역,신설,43750BTZ202404190321
S5038F53F,2024-04,20240419,용도구역,신설,43750BTZ202404190322
S5038F53F,2024-04,20240419,용도구역,신설,43750BTZ202404190323
S5038F53F,2024-04,20240419,용도구역,신설,43750BTZ202404190324
S5038F53F,2024-04,20240419,용도구역,신설,43750BTZ202404190325
S5038F53F,2024-04,20240419,용도구역,신설,43750BTZ202404190326
S5038F53F,2024-04,20240419,용도구역,신설,43750BTZ202404190327
S5038F53F,2024-04,20240419,용도구역,신설,43750BTZ202404190328
S5038F53F,2024-04,20240419,용도구역,신설,43750BTZ202404190329
S5038F53F,2024-04,20240419,용도구역,신설,43750BTZ202404190330
S5038F53F,2024-04,20240419,용도구역,신설,43750BTZ202404190331
S5038F53F,2024-04,20240419,용도구역,신설,43750BTZ202404190332
S5038F53F,2024-04,20240419,용도구역,신설,43750BTZ202404190333
S5038F53F,2024-04,20240419,용도구역,신설,43750BTZ202404190334
S5038F53F,2024-04,20240419,용도구역,신설,43750BTZ202404190335
S5038F53F,2024-04,20240419,용도구역,신설,43750BTZ202404190336
S5038F53F,2024-04,20240419,용도구역,신설,43750BTZ202404190337
S5038F53F,2024-04,20240419,용도구역,신설,43750BTZ202404190338
S5038F53F,2024-04,20240419,용도구역,신설,43750BTZ202404190339
S5038F53F,2024-04,20240419,용도구역,신설,43750BTZ202404190340
S5038F53F,2024-04,20240419,용도구역,신설,43750BTZ202404190341
S5038F53F,2024-04,20240419,용도구역,신설,43750BTZ202404190342
S5038F53F,2024-04,20240419,용도구역,신설,43750BTZ202404190343
S5038F53F,2024-04,20240419,용도구역,신설,43750BTZ202404190344
S5038F53F,2024-04,20240419,용도구역,신설,43750BTZ202404190345
S5038F53F,2024-04,20240419,용도구역,신설,43750BTZ202404190346
S5038F53F,2024-04,20240419,용도구역,신설,43750BTZ202404190347
S5038F53F,2024-04,20240419,용도구역,신설,43750BTZ202404190348
S5038F53F,2024-04,20240419,용도구역,신설,43750BTZ202404190349
S5038F53F,2024-04,20240419,용도구역,신설,43750BTZ202404190350
S5038F53F,2024-04,20240419,용도구역,신설,43750BTZ202404190351
S5038F53F,2024-04,20240419,용도구역,신설,43750BTZ202404190352
S5038F53F,2024-04,20240419,용도구역,신설,43750BTZ202404190353
S5038F53F,2024-04,20240419,용도구역,신설,43750BTZ202404190354
S5038F53F,2024-04,20240419,용도구역,신설,43750BTZ202404190355
S5038F53F,2024-04,20240419,용도구역,신설,43750BTZ202404190356
S5038F53F,2024-04,20240419,용도구역,신설,43750BTZ202404190357
S5038F53F,2024-04,20240419,용도구역,신설,43750BTZ202404190358
S5038F53F,2024-04,20240419,용도구역,신설,43750BTZ202404190359
S5038F53F,2024-04,20240419,용도구역,신설,43750BTZ202404190360
S5038F53F,2024-04,20240419,용도구역,신설,43750BTZ202404190361
S5038F53F,2024-04,20240419,용도구역,신설,43750BTZ202404190362
S5038F53F,2024-04,20240419,용도구역,신설,43750BTZ202404190363
S5038F53F,2024-04,20240419,용도구역,신설,43750BTZ202404190364
S5038F53F,2024-04,20240419,용도구역,신설,43750BTZ202404190365
S5038F53F,2024-04,20240419,용도구역,신설,43750BTZ202404190366
S5038F53F,2024-04,20240419,용도구역,신설,43750BTZ202404190367
S5038F53F,2024-04,20240419,용도구역,신설,43750BTZ202404190368
S5038F53F,2024-04,20240419,용도구역,신설,43750BTZ202404190369
S5038F53F,2024-04,20240419,용도구역,신설,43750BTZ202404190370
S5038F53F,2024-04,20240419,용도구역,신설,43750BTZ202404190371
S5038F53F,2024-04,20240419,용도구역,신설,43750BTZ202404190372
S5038F53F,2024-04,20240419,용도구역,신설,43750BTZ202404190373
S5038F53F,2024-04,20240419,용도구역,신설,43750BTZ202404190374
S5038F53F,2024-04,20240419,용도구역,신설,43750BTZ202404190375
S5038F53F,2024-04,20240419,용도구역,신설,43750BTZ202404190376
S5038F53F,2024-04,20240419,용도구역,신설,43750BTZ202404190377
S5038F53F,2024-04,20240419,용도구역,신설,43750BTZ202404190378
S5038F53F,2024-04,20240419,용도구역,신설,43750BTZ202404190379
S5038F53F,2024-04,20240419,용도구역,신설,43750BTZ202404190380
S5038F53F,2024-04,20240419,용도구역,신설,43750BTZ202404190381
S5038F53F,2024-04,20240419,용도구역,신설,43750BTZ202404190382
S5038F53F,2024-04,20240419,용도구역,신설,43750BTZ202404190383
S5038F53F,2024-04,20240419,용도구역,신설,43750BTZ202404190384
S5038F53F,2025-04,20250416,용도구역,폐지,43750BTZ202504160459
S5038F53F,2025-04,20250421,용도구역,폐지,43750BTZ202504210001
S5038F53F,2025-07,20250725,지구단위,변경,43750UTZ202507250484
S5038F53F,2025-08,20250822,지구단위,신설,43750UTZ202508220493
S5038F53F,2025-08,20250826,지구단위,신설,43750UTZ202508270001
S5038F53F,2025-12,20251226,용도구역,변경,43750BTZ202512260570
S5038F53F,2025-12,20251226,용도구역,변경,43750BTZ202512260571
S5038F53F,2025-12,20251226,용도지구,변경,43750DSZ202512260555
S5038F53F,2025-12,20251229,용도구역,변경,43750BTZ202512260005
S5038F53F,2025-12,20251229,용도구역,변경,43750BTZ202512260026
S5038F53F,2025-12,20251229,용도지구,변경,43750DSZ202512260010
S5123A176,2026-01,20260129,용도구역,신설,47150BTZ202601290837
S5123A176,2026-01,20260129,용도구역,신설,47150BTZ202601290838
S5123A176,2026-01,20260129,용도구역,신설,47150BTZ202601290839
S5123A176,2026-02,20260202,용도구역,신설,47150BTZ202602020456
S5123A176,2026-02,20260202,용도구역,신설,47150BTZ202602020457
S5123A176,2026-02,20260202,용도구역,신설,47150BTZ202602020458
S5123A176,2026-02,20260203,용도구역,신설,47150BTZ202602030456
S5123A176,2026-02,20260203,용도구역,신설,47150BTZ202602030457
S5123A176,2026-02,20260203,용도구역,신설,47150BTZ202602030458
S51F4B529,2024-01,20240129,용도지구,변경,41610DSZ202401290002
S51F4B529,2024-01,20240129,지구단위,변경,41610UTZ202401290005
S51F4B529,2024-02,20240222,용도지구,변경,41610DSZ202402220003
S51F4B529,2024-02,20240222,지구단위,변경,41610UTZ202402220008
S51F4B529,2024-03,20240319,지구단위,변경,41610UTZ202403190012
S51F4B529,2024-04,20240419,지구단위,변경,41610UTZ202404190013
S51F4B529,2024-06,20240626,용도지구,변경,41610DSZ202406260005
S51F4B529,2024-06,20240626,지구단위,변경,41610UTZ202406260021
S51F4B529,2024-07,20240711,지구단위,변경,41610UTZ202407110022
S51F4B529,2024-12,20241227,지구단위,변경,41610UTZ202412270038
S51F4B529,2024-12,20241231,지구단위,변경,41610UTZ202412310040
S51F4B529,2025-01,20250131,용도지구,변경,41610DSZ202501310006
S51F4B529,2025-01,20250131,지구단위,변경,41610UTZ202501310044
S51F4B529,2025-04,20250418,지구단위,변경,41610UTZ202504180054
S51F4B529,2026-03,20260331,지구단위,변경,41610UTZ202603310097
S526D08F0,2024-08,20240830,지구단위,변경,11000UTZ201205114078
S53198E06,2025-12,20251224,용도구역,신설,51110BTZ202512240155
S54705827,2024-03,20240306,지구단위,신설,11545UTZ202403060002
S54705827,2026-05,20260504,지구단위,신설,11545UTZ202605040001
S549C5C5D,2024-06,20240620,지구단위,변경,41590UTZ202406200867
S549C5C5D,2024-07,20240702,지구단위,변경,41590UTZ202407020869
S549C5C5D,2024-07,20240716,지구단위,변경,41590UTZ202407160871
S549C5C5D,2024-07,20240726,지구단위,정정,41590UTZ202407260876
S549C5C5D,2024-09,20240911,지구단위,정정,41590UTZ202409110880
S549C5C5D,2025-06,20250627,용도구역,변경,41590BTZ202506270002
S549C5C5D,2025-08,20250822,지구단위,변경,41590UTZ202508220049
S549C5C5D,2025-08,20250829,용도구역,변경,41590BTZ202508290006
S549C5C5D,2025-09,20250915,지구단위,변경,41590UTZ202509150003
S549C5C5D,2025-09,20250922,지구단위,변경,41590UTZ202509220001
S549C5C5D,2025-09,20250923,지구단위,변경,41590UTZ202509230001
S549C5C5D,2025-10,20251014,지구단위,변경,41590UTZ202510140001
S549C5C5D,2025-10,20251015,지구단위,변경,41590UTZ202510150001
S549C5C5D,2025-12,20251204,지구단위,변경,41590UTZ202512040022
S549C5C5D,2025-12,20251210,지구단위,변경,41590UTZ202512100001
S549C5C5D,2025-12,20251231,지구단위,변경,41590UTZ202512310027
S549C5C5D,2025-12,20251231,지구단위,변경,41590UTZ202512310028
S549C5C5D,2026-01,20260108,지구단위,변경,41590UTZ202601080002
S54F26513,2024-04,20240430,지구단위,변경,11000UTZ199610140958
S54F26513,2024-07,20240705,지구단위,변경,11000UTZ201203142965
S54F26513,2024-07,20240724,용도지구,폐지,11000DSZ197008060694
S54F26513,2024-07,20240724,용도지구,폐지,11000DSZ197208140751
S54F26513,2024-11,20241104,지구단위,변경,11000UTZ201203142966
S54F26513,2024-11,20241104,지구단위,신설,11260UTZ202409190001
S54F26513,2024-11,20241104,지구단위,신설,11260UTZ202410310001
S54F26513,2024-11,20241104,지구단위,신설,11260UTZ202410310002
S54F26513,2024-11,20241104,지구단위,신설,11260UTZ202410310003
S54F26513,2026-01,20260107,지구단위,신설,11260UTZ202509090001
S54F26513,2026-01,20260114,지구단위,신설,11260UTZ202601140001
S550D0D46,2024-06,20240619,지구단위,변경,11170UTZ202112080003
S550D0D46,2024-06,20240626,용도지구,변경,11000DSZ201411066764
S55294A89,2024-05,20240528,지구단위,변경,41460UTZ202405281001
S55294A89,2024-12,20241206,지구단위,변경,41460UTZ202412064001
S55294A89,2025-09,20250924,지구단위,변경,41460UTZ202509240002
S55294A89,2026-02,20260202,지구단위,변경,41460UTZ202602021001
S55294A89,2026-05,20260504,지구단위,변경,41460UTZ202605040002
S556147A0,2024-08,20240823,지구단위,변경,41220UTZ202408230001
S556147A0,2024-12,20241216,지구단위,폐지,41220UTZ202412160698
S556147A0,2024-12,20241216,지구단위,신설,41220UTZ202412160699
S556147A0,2025-03,20250312,지구단위,변경,41220UTZ202503120001
S556147A0,2025-09,20250910,지구단위,변경,41220UTZ202509100001
S556147A0,2025-10,20251002,지구단위,변경,41220UTZ202510020001
S55F5F23A,2024-04,20240418,지구단위,신설,41390UTZ202404180001
S56A638A4,2024-10,20241017,지구단위,변경,31140UTZ202410170001
S56A638A4,2025-04,20250430,지구단위,변경,31140UTZ202504300001
S56E7F14D,2025-03,20250304,용도지구,변경,30140DSZ202503120001
S56E7F14D,2025-03,20250304,용도지구,변경,30140DSZ202503120003
S56E7F14D,2025-03,20250304,지구단위,신설,30140UTZ202503040001
S5722BA55,2025-05,20250528,용도구역,신설,41220BTZ202505280001
S57236455,2024-08,20240830,지구단위,변경,26500UTZ202408300001
S57236455,2024-12,20241219,지구단위,신설,26000UTZ202502070003
S57236455,2024-12,20241219,지구단위,신설,26500UTZ202412200001
S57236455,2024-12,20241223,지구단위,신설,26500UTZ202412230001
S57236455,2024-12,20241223,지구단위,신설,26500UTZ202412230003
S57236455,2024-12,20241226,지구단위,신설,26500UTZ202412260001
S57236455,2026-03,20260324,지구단위,신설,26500UTZ202603250001
S57236455,2026-03,20260325,지구단위,신설,26000UTZ202603310001
S574B8BF0,2024-02,20240202,용도구역,신설,43130BTZ202402020675
S574B8BF0,2024-02,20240202,용도구역,신설,43130BTZ202402020676
S574B8BF0,2024-02,20240202,용도구역,신설,43130BTZ202402020677
S574B8BF0,2024-02,20240202,용도구역,신설,43130BTZ202402020678
S574B8BF0,2024-02,20240202,용도구역,신설,43130BTZ202402020679
S574B8BF0,2024-02,20240202,용도구역,신설,43130BTZ202402020680
S574B8BF0,2024-02,20240202,용도구역,신설,43130BTZ202402020681
S574B8BF0,2024-02,20240202,용도구역,신설,43130BTZ202402020682
S574B8BF0,2024-02,20240202,용도구역,신설,43130BTZ202402020683
S574B8BF0,2024-02,20240202,용도구역,신설,43130BTZ202402020684
S574B8BF0,2024-02,20240202,용도구역,신설,43130BTZ202402020685
S574B8BF0,2024-02,20240202,용도구역,신설,43130BTZ202402020686
S574B8BF0,2024-02,20240202,용도구역,신설,43130BTZ202402020687
S574B8BF0,2024-02,20240202,용도구역,신설,43130BTZ202402020688
S574B8BF0,2024-02,20240202,용도구역,신설,43130BTZ202402020689
S574B8BF0,2024-02,20240202,용도구역,신설,43130BTZ202402020690
S574B8BF0,2024-02,20240202,용도구역,신설,43130BTZ202402020691
S574B8BF0,2024-02,20240202,용도구역,신설,43130BTZ202402020692
S574B8BF0,2024-02,20240202,용도구역,신설,43130BTZ202402020693
S574B8BF0,2024-02,20240202,용도구역,신설,43130BTZ202402020694
S574B8BF0,2024-02,20240202,용도구역,신설,43130BTZ202402020695
S574B8BF0,2024-02,20240202,용도구역,신설,43130BTZ202402020696
S574B8BF0,2024-02,20240202,용도구역,신설,43130BTZ202402020697
S574B8BF0,2024-02,20240202,용도구역,신설,43130BTZ202402020698
S574B8BF0,2024-02,20240202,용도구역,신설,43130BTZ202402020699
S574B8BF0,2024-02,20240202,용도구역,신설,43130BTZ202402020700
S574B8BF0,2024-02,20240202,용도구역,신설,43130BTZ202402020701
S574B8BF0,2024-02,20240202,용도구역,신설,43130BTZ202402020702
S574B8BF0,2024-02,20240202,용도구역,신설,43130BTZ202402020703
S574B8BF0,2024-02,20240202,용도구역,신설,43130BTZ202402020704
S574B8BF0,2024-02,20240202,용도구역,신설,43130BTZ202402020705
S574B8BF0,2024-02,20240202,용도구역,신설,43130BTZ202402020706
S577A7CBC,2024-04,20240417,지구단위,신설,11410UTZ202404170001
S577A7CBC,2025-02,20250221,지구단위,변경,11410UTZ202411050001
S577A7CBC,2026-05,20260513,지구단위,변경,11410UTZ202411050002
S581406EC,2025-03,20250331,지구단위,변경,27000UTZ202503310001
S5886D9EC,2024-11,20241108,용도지구,변경,41460DSZ202411081001
S5886D9EC,2024-11,20241108,지구단위,신설,41460UTZ202411081001
S5886D9EC,2025-02,20250204,용도지구,변경,41460DSZ202502043001
S5886D9EC,2025-02,20250204,지구단위,변경,41460UTZ202502043001
S5886D9EC,2025-05,20250526,지구단위,변경,41460UTZ202505262001
S5886D9EC,2025-09,20250922,지구단위,신설,41460UTZ202509220006
S5886D9EC,2026-02,20260205,용도지구,변경,41460DSZ202602053001
S5886D9EC,2026-02,20260205,지구단위,변경,41460UTZ202602053001
S5886D9EC,2026-02,20260211,용도지구,변경,41460DSZ202602111001
S5886D9EC,2026-02,20260211,지구단위,변경,41460UTZ202602111001
S5886D9EC,2026-02,20260227,용도지구,변경,41460DSZ202602270001
S5886D9EC,2026-02,20260227,지구단위,변경,41460UTZ202602270003
S5886D9EC,2026-03,20260305,용도지구,변경,41460DSZ202603051001
S5886D9EC,2026-03,20260305,지구단위,변경,41460UTZ202603051001
S5886D9EC,2026-05,20260513,용도지구,변경,41460DSZ202605130001
S5886D9EC,2026-05,20260513,지구단위,변경,41460UTZ202605130004
S59EA7FBD,2024-12,20241219,지구단위,변경,46130UTZ202412190001
S59F5B15F,2024-08,20240802,용도구역,변경,41220BTZ202408020061
S59F5B15F,2024-12,20241231,지구단위,신설,41220UTZ202412310701
S5A2B1E84,2024-01,20240129,용도구역,신설,44130BTZ202401290219
S5A2B1E84,2024-01,20240129,용도구역,신설,44130BTZ202401290220
S5A2B1E84,2024-01,20240129,용도구역,신설,44130BTZ202401290221
S5A2B1E84,2024-01,20240129,용도구역,신설,44130BTZ202401290222
S5A2B1E84,2024-01,20240129,용도구역,신설,44130BTZ202401290223
S5A2B1E84,2024-01,20240129,용도구역,신설,44130BTZ202401290224
S5A2B1E84,2024-01,20240129,용도구역,신설,44130BTZ202401290225
S5A2B1E84,2024-01,20240129,용도구역,신설,44130BTZ202401290226
S5A2B1E84,2024-01,20240129,용도구역,신설,44130BTZ202401290227
S5A2B1E84,2024-01,20240129,용도구역,신설,44130BTZ202401290228
S5A2B1E84,2024-01,20240129,용도구역,신설,44130BTZ202401290229
S5A2B1E84,2024-01,20240129,용도구역,신설,44130BTZ202401290230
S5A2B1E84,2024-01,20240129,용도구역,신설,44130BTZ202401290231
S5A2B1E84,2024-01,20240129,용도구역,신설,44130BTZ202401290232
S5A2B1E84,2024-01,20240129,용도구역,신설,44130BTZ202401290233
S5A2B1E84,2024-01,20240129,용도구역,신설,44130BTZ202401290234
S5A2B1E84,2024-01,20240129,용도구역,신설,44130BTZ202401290235
S5A2B1E84,2024-01,20240129,용도구역,신설,44130BTZ202401290236
S5A2B1E84,2024-01,20240129,용도구역,신설,44130BTZ202401290237
S5A2B1E84,2024-01,20240129,용도구역,신설,44130BTZ202401290238
S5A2B1E84,2024-01,20240129,용도구역,신설,44130BTZ202401290239
S5A2B1E84,2024-01,20240129,용도구역,신설,44130BTZ202401290240
S5A2B1E84,2024-01,20240129,용도구역,신설,44130BTZ202401290241
S5A2B1E84,2024-01,20240129,용도구역,신설,44130BTZ202401290242
S5A2B1E84,2024-01,20240129,용도구역,신설,44130BTZ202401290243
S5A2B1E84,2024-01,20240129,용도구역,신설,44130BTZ202401290244
S5A2B1E84,2024-01,20240129,용도구역,신설,44130BTZ202401290245
S5A2B1E84,2024-01,20240129,용도구역,신설,44130BTZ202401290282
S5A2B1E84,2024-05,20240501,용도구역,변경,44130BTZ202405010234
S5A2B1E84,2024-12,20241211,지구단위,변경,44130UTZ202412110001
S5A2B1E84,2025-01,20250117,지구단위,변경,44130UTZ202501170003
S5A2B1E84,2025-02,20250221,용도지구,변경,44130DSZ202502210001
S5A2B1E84,2025-02,20250221,지구단위,변경,44130UTZ202502210001
S5A2B1E84,2025-02,20250227,용도지구,변경,44130DSZ202502270001
S5A2B1E84,2025-02,20250227,지구단위,변경,44130UTZ202502270001
S5A2B1E84,2025-10,20251031,지구단위,변경,44130UTZ202510310001
S5A2B1E84,2025-11,20251104,지구단위,변경,44130UTZ202511040001
S5A2B1E84,2025-12,20251211,용도구역,변경,44130BTZ202512110007
S5A2B1E84,2025-12,20251211,용도구역,변경,44130BTZ202512110008
S5A2B1E84,2025-12,20251211,용도구역,변경,44130BTZ202512110009
S5A2B1E84,2025-12,20251211,용도구역,변경,44130BTZ202512110028
S5A2B1E84,2025-12,20251211,용도구역,변경,44130BTZ202512110029
S5A2B1E84,2025-12,20251222,용도구역,변경,44130BTZ202512220011
S5A2B1E84,2025-12,20251222,용도구역,변경,44130BTZ202512220012
S5A2B1E84,2025-12,20251222,용도구역,변경,44130BTZ202512220013
S5A2B1E84,2025-12,20251222,용도구역,변경,44130BTZ202512220014
S5A2B1E84,2025-12,20251222,용도구역,변경,44130BTZ202512220015
S5A2B1E84,2026-01,20260123,지구단위,변경,44130UTZ202601230001
S5A2B1E84,2026-02,20260202,용도지구,변경,44130DSZ202602020001
S5A2B1E84,2026-02,20260202,지구단위,변경,44130UTZ202602020001
S5A2B1E84,2026-02,20260211,용도지구,정정,44130DSZ202602110001
S5A2B1E84,2026-02,20260211,지구단위,정정,44130UTZ202602110001
S5B438CB8,2026-04,20260401,용도구역,신설,44180BTZ202603311693
S5B438CB8,2026-04,20260401,용도구역,신설,44180BTZ202603311694
S5B438CB8,2026-04,20260401,용도구역,신설,44180BTZ202603311695
S5B438CB8,2026-04,20260401,용도구역,신설,44180BTZ202603311696
S5B438CB8,2026-04,20260401,용도구역,신설,44180BTZ202603311697
S5B438CB8,2026-04,20260401,용도구역,신설,44180BTZ202603311698
S5B438CB8,2026-04,20260401,용도구역,신설,44180BTZ202603311699
S5B438CB8,2026-04,20260401,용도구역,신설,44180BTZ202603311700
S5B438CB8,2026-04,20260401,용도구역,신설,44180BTZ202603311701
S5B438CB8,2026-04,20260401,용도구역,신설,44180BTZ202603311702
S5B438CB8,2026-04,20260401,용도구역,신설,44180BTZ202603311703
S5B438CB8,2026-04,20260401,용도구역,신설,44180BTZ202603311704
S5B438CB8,2026-04,20260401,용도구역,신설,44180BTZ202603311705
S5B438CB8,2026-04,20260401,용도구역,신설,44180BTZ202603311706
S5B438CB8,2026-04,20260401,용도구역,신설,44180BTZ202603311707
S5B438CB8,2026-04,20260401,용도구역,신설,44180BTZ202603311708
S5B438CB8,2026-04,20260401,용도구역,신설,44180BTZ202603311709
S5B438CB8,2026-04,20260401,용도구역,신설,44180BTZ202603311710
S5B438CB8,2026-04,20260401,용도구역,신설,44180BTZ202603311711
S5B438CB8,2026-04,20260401,용도구역,신설,44180BTZ202603311712
S5B794734,2024-01,20240119,지구단위,신설,26000UTZ202401190003
S5B794734,2024-01,20240123,지구단위,신설,26000UTZ202401230001
S5B794734,2024-02,20240206,지구단위,신설,26470UTZ202402130001
S5B794734,2024-03,20240327,지구단위,신설,26470UTZ202403270001
S5B794734,2024-04,20240402,지구단위,신설,26000UTZ202404020002
S5B794734,2024-10,20241024,지구단위,신설,26470UTZ202410240001
S5B794734,2024-12,20241231,지구단위,변경,26000UTZ202412310001
S5B794734,2025-06,20250604,지구단위,신설,26000UTZ202506170001
S5B794734,2025-06,20250610,지구단위,신설,26470UTZ202506100001
S5B794734,2025-06,20250611,지구단위,신설,26470UTZ202506110001
S5B794734,2025-06,20250612,지구단위,신설,26470UTZ202506120001
S5B794734,2025-06,20250613,지구단위,신설,26000UTZ202506160001
S5B794734,2025-06,20250613,지구단위,신설,26000UTZ202506160002
S5B794734,2025-06,20250624,용도지구,변경,26470DSZ202506240001
S5B794734,2025-06,20250624,지구단위,변경,26470UTZ202506240001
S5B794734,2025-06,20250624,지구단위,변경,26470UTZ202506240002
S5B794734,2025-06,20250625,용도지구,변경,26000DSZ202507010001
S5B794734,2025-06,20250625,지구단위,변경,26000UTZ202507010001
S5B794734,2025-06,20250625,지구단위,변경,26000UTZ202507100001
S5B794734,2025-06,20250625,지구단위,변경,26470UTZ202506250001
S5B794734,2025-08,20250814,용도지구,변경,26000DSZ202509180003
S5B794734,2025-08,20250814,지구단위,변경,26000UTZ202509010001
S5B794734,2025-08,20250814,지구단위,변경,26470UTZ202508140001
S5B794734,2025-08,20250822,용도지구,변경,26000DSZ202508110092
S5B794734,2025-12,20251204,지구단위,신설,26470UTZ202512050001
S5B794734,2025-12,20251204,지구단위,신설,26470UTZ202512050003
S5B794734,2025-12,20251204,지구단위,신설,26470UTZ202512080001
S5B794734,2026-03,20260330,지구단위,신설,26470UTZ202603310001
S5B794734,2026-04,20260402,지구단위,신설,26000UTZ202604140003
S5BAABD04,2025-02,20250221,지구단위,변경,41110UTZ202502210001
S5BAABD04,2025-11,20251128,지구단위,신설,41110UTZ202511280001
S5CC17A71,2026-05,20260521,지구단위,신설,28000UTZ202605210001
S5D31E37E,2024-09,20240913,지구단위,변경,41110UTZ202409130001
S5D31E37E,2025-11,20251107,지구단위,신설,41110UTZ202511070001
S5D31E37E,2026-03,20260304,지구단위,신설,41110UTZ202603040001
S5E440110,2024-03,20240327,지구단위,변경,41590UTZ202403271151
S5E440110,2024-06,20240627,용도구역,변경,41590BTZ202406270001
S5E440110,2025-05,20250530,지구단위,변경,41590UTZ202505300019
S5E440110,2025-06,20250627,용도구역,변경,41590BTZ202506270002
S5E440110,2025-10,20251013,지구단위,변경,41590UTZ202510130001
S5E440110,2026-01,20260128,지구단위,신설,41590UTZ202601280001
S5E440110,2026-01,20260128,지구단위,신설,41590UTZ202601280003
S5F201368,2024-04,20240404,지구단위,변경,48330UTZ202404040001
S5F201368,2024-06,20240620,지구단위,신설,48330UTZ202406200001
S5F201368,2025-02,20250220,지구단위,변경,48330UTZ202502200001
S5F50F311,2024-10,20241028,지구단위,신설,50110UTZ202410280002
S5F50F311,2024-10,20241028,지구단위,신설,50110UTZ202410280003
S5F50F311,2024-10,20241028,지구단위,변경,50110UTZ202410280004
S5F50F311,2024-10,20241029,지구단위,변경,50110UTZ202410290001
S5F50F311,2024-12,20241224,용도지구,변경,50110DSZ202412020008
S5F50F311,2025-07,20250710,지구단위,변경,50110UTZ202507100001
S5F50F311,2025-07,20250716,지구단위,변경,50110UTZ202507160001
S5FA83185,2024-03,20240314,지구단위,신설,47850UTZ202403140001
S5FA83185,2025-07,20250724,지구단위,변경,47850UTZ202507240001
S5FA83185,2026-02,20260209,지구단위,변경,47850UTZ202602090001
S5FE3DF8B,2024-12,20241202,용도지구,변경,50110DSZ202412020123
S60625312,2025-07,20250704,지구단위,신설,51720UTZ202507040001
S606A899F,2024-08,20240830,지구단위,변경,26500UTZ202408300001
S606A899F,2024-12,20241219,지구단위,신설,26000UTZ202502070003
S606A899F,2024-12,20241219,지구단위,신설,26500UTZ202412200001
S606A899F,2024-12,20241223,지구단위,신설,26500UTZ202412230001
S606A899F,2024-12,20241223,지구단위,신설,26500UTZ202412230003
S606A899F,2024-12,20241226,지구단위,신설,26500UTZ202412260001
S606A899F,2026-03,20260324,지구단위,신설,26500UTZ202603250001
S606A899F,2026-03,20260325,지구단위,신설,26000UTZ202603310001
S60ED02F0,2025-03,20250310,지구단위,변경,27000UTZ202503100001
S60ED02F0,2025-11,20251128,용도지구,변경,27260DSZ202511280001
S60ED02F0,2025-11,20251128,지구단위,신설,27260UTZ202511280001
S60ED02F0,2025-12,20251201,지구단위,변경,27000UTZ202512010003
S60ED02F0,2026-03,20260323,지구단위,변경,27260UTZ202603230001
S612EADA0,2024-01,20240104,지구단위,신설,43130UTZ202401020001
S612EADA0,2024-02,20240202,용도구역,신설,43130BTZ202402020953
S612EADA0,2024-02,20240202,용도구역,신설,43130BTZ202402020954
S612EADA0,2024-02,20240202,용도구역,신설,43130BTZ202402020955
S612EADA0,2024-02,20240202,용도구역,신설,43130BTZ202402020956
S612EADA0,2024-02,20240202,용도구역,신설,43130BTZ202402020957
S612EADA0,2024-02,20240202,용도구역,신설,43130BTZ202402020958
S612EADA0,2024-02,20240202,용도구역,신설,43130BTZ202402020959
S612EADA0,2024-02,20240202,용도구역,신설,43130BTZ202402020960
S612EADA0,2024-02,20240202,용도구역,신설,43130BTZ202402020961
S612EADA0,2024-02,20240202,용도구역,신설,43130BTZ202402020962
S612EADA0,2024-02,20240202,용도구역,신설,43130BTZ202402020963
S612EADA0,2024-02,20240202,용도구역,신설,43130BTZ202402020964
S612EADA0,2024-02,20240202,용도구역,신설,43130BTZ202402020965
S612EADA0,2024-02,20240202,용도구역,신설,43130BTZ202402020966
S612EADA0,2024-02,20240202,용도구역,신설,43130BTZ202402020967
S612EADA0,2024-02,20240202,용도구역,신설,43130BTZ202402020968
S612EADA0,2024-02,20240202,용도구역,신설,43130BTZ202402020969
S612EADA0,2024-02,20240202,용도구역,신설,43130BTZ202402020970
S612EADA0,2024-02,20240202,용도구역,신설,43130BTZ202402020971
S612EADA0,2024-02,20240202,용도구역,신설,43130BTZ202402020972
S612EADA0,2024-02,20240202,용도구역,신설,43130BTZ202402020973
S612EADA0,2024-02,20240202,용도구역,신설,43130BTZ202402020974
S612EADA0,2024-02,20240202,용도구역,신설,43130BTZ202402020975
S612EADA0,2024-02,20240202,용도구역,신설,43130BTZ202402020976
S612EADA0,2024-02,20240202,용도구역,신설,43130BTZ202402020977
S612EADA0,2024-02,20240202,용도구역,신설,43130BTZ202402020978
S612EADA0,2024-02,20240202,용도구역,신설,43130BTZ202402020979
S612EADA0,2024-02,20240202,용도구역,신설,43130BTZ202402020980
S612EADA0,2024-02,20240202,용도구역,신설,43130BTZ202402020981
S612EADA0,2024-02,20240202,용도구역,신설,43130BTZ202402020982
S612EADA0,2024-02,20240202,용도구역,신설,43130BTZ202402020983
S612EADA0,2024-02,20240202,용도구역,신설,43130BTZ202402020984
S612EADA0,2024-02,20240202,용도구역,신설,43130BTZ202402020985
S612EADA0,2024-02,20240202,용도구역,신설,43130BTZ202402020986
S612EADA0,2024-02,20240202,용도구역,신설,43130BTZ202402020987
S612EADA0,2024-02,20240202,용도구역,신설,43130BTZ202402020988
S612EADA0,2024-02,20240202,용도구역,신설,43130BTZ202402020989
S612EADA0,2024-02,20240202,용도구역,신설,43130BTZ202402020990
S612EADA0,2024-02,20240202,용도구역,신설,43130BTZ202402020991
S612EADA0,2024-02,20240202,용도구역,신설,43130BTZ202402020992
S612EADA0,2024-02,20240202,용도구역,신설,43130BTZ202402020993
S612EADA0,2024-02,20240202,용도구역,신설,43130BTZ202402020994
S612EADA0,2024-02,20240202,용도구역,신설,43130BTZ202402020995
S612EADA0,2024-02,20240202,용도구역,신설,43130BTZ202402020996
S612EADA0,2024-02,20240202,용도구역,신설,43130BTZ202402020997
S612EADA0,2024-02,20240202,용도구역,신설,43130BTZ202402020998
S612EADA0,2024-02,20240202,용도구역,신설,43130BTZ202402020999
S612EADA0,2024-02,20240202,용도구역,신설,43130BTZ202402021000
S612EADA0,2024-02,20240202,용도구역,신설,43130BTZ202402021001
S612EADA0,2024-02,20240202,용도구역,신설,43130BTZ202402021002
S612EADA0,2024-02,20240202,용도구역,신설,43130BTZ202402021003
S612EADA0,2024-02,20240202,용도구역,신설,43130BTZ202402021004
S612EADA0,2024-02,20240202,용도구역,신설,43130BTZ202402021005
S612EADA0,2024-02,20240202,용도구역,신설,43130BTZ202402021006
S612EADA0,2024-02,20240202,용도구역,신설,43130BTZ202402021007
S612EADA0,2024-02,20240202,용도구역,신설,43130BTZ202402021008
S612EADA0,2024-02,20240202,용도구역,신설,43130BTZ202402021009
S612EADA0,2024-02,20240202,용도구역,신설,43130BTZ202402021010
S612EADA0,2024-02,20240202,용도구역,신설,43130BTZ202402021011
S612EADA0,2024-02,20240202,용도구역,신설,43130BTZ202402021012
S612EADA0,2024-02,20240202,용도구역,신설,43130BTZ202402021013
S612EADA0,2024-02,20240202,용도구역,신설,43130BTZ202402021014
S612EADA0,2024-02,20240202,용도구역,신설,43130BTZ202402021015
S612EADA0,2024-02,20240202,용도구역,신설,43130BTZ202402021016
S612EADA0,2024-02,20240202,용도구역,신설,43130BTZ202402021017
S612EADA0,2024-02,20240202,용도구역,신설,43130BTZ202402021018
S612EADA0,2024-02,20240202,용도구역,신설,43130BTZ202402021019
S612EADA0,2024-02,20240202,용도구역,신설,43130BTZ202402021020
S612EADA0,2024-02,20240202,용도구역,신설,43130BTZ202402021021
S612EADA0,2024-02,20240202,용도구역,신설,43130BTZ202402021022
S612EADA0,2024-02,20240202,용도구역,신설,43130BTZ202402021023
S612EADA0,2024-02,20240202,용도구역,신설,43130BTZ202402021024
S612EADA0,2024-02,20240202,용도구역,신설,43130BTZ202402021025
S612EADA0,2024-02,20240202,용도구역,신설,43130BTZ202402021026
S612EADA0,2024-02,20240202,용도구역,신설,43130BTZ202402021027
S612EADA0,2024-02,20240220,용도지구,폐지,43130DSZ202402200002
S612EADA0,2024-04,20240419,지구단위,폐지,43130UTZ202404190001
S612EADA0,2024-04,20240422,지구단위,폐지,43130UTZ202404220001
S62EAE3ED,2024-08,20240801,지구단위,변경,43150UTZ202408010001
S62EAE3ED,2024-08,20240802,지구단위,변경,43150UTZ202408020004
S62EAE3ED,2025-01,20250122,용도지구,신설,43150DSZ202501220001
S62EAE3ED,2025-01,20250122,용도지구,신설,43150DSZ202501220002
S63470B37,2024-10,20241023,지구단위,신설,47130UTZ202410230001
S63470B37,2025-03,20250325,지구단위,신설,47130UTZ202503250002
S63470B37,2025-05,20250515,지구단위,변경,47130UTZ202505150001
S63470B37,2026-02,20260220,지구단위,변경,47130UTZ202602200001
S637D16C3,2024-12,20241202,용도지구,변경,50130DSZ202412040069
S637D16C3,2024-12,20241202,용도지구,변경,50130DSZ202412040070
S637D16C3,2024-12,20241224,용도지구,변경,50130DSZ202412060182
S637D16C3,2024-12,20241224,용도지구,변경,50130DSZ202412060183
S637D16C3,2024-12,20241224,용도지구,변경,50130DSZ202412060184
S64429504,2025-10,20251002,지구단위,변경,36110UTZ202510020017
S648ACBB0,2025-05,20250501,지구단위,신설,28237UTZ202508070001
S64EAAD1B,2024-02,20240229,용도구역,폐지,48250BTZ202402290001
S64EE6C7C,2024-01,20240129,용도구역,신설,30000BTZ202401230018
S64EE6C7C,2024-08,20240824,지구단위,폐지,30110UTZ202408240001
S64EE6C7C,2024-08,20240824,지구단위,신설,30110UTZ202408240002
S64EE6C7C,2024-10,20241029,지구단위,신설,30110UTZ202410290001
S64F21DFB,2025-01,20250123,용도구역,신설,44250BTZ202501230012
S64F21DFB,2025-01,20250123,용도구역,신설,44250BTZ202501230014
S64F21DFB,2025-01,20250123,용도구역,신설,44250BTZ202501230015
S64F21DFB,2025-02,20250228,지구단위,변경,44250UTZ202502281001
S64F21DFB,2025-03,20250310,지구단위,변경,44250UTZ202503100001
S64F21DFB,2025-03,20250312,지구단위,변경,44250UTZ202503120001
S64F21DFB,2025-03,20250312,지구단위,변경,44250UTZ202503120002
S66288477,2025-08,20250814,용도지구,신설,26000DSZ202509180002
S66288477,2025-08,20250822,용도지구,신설,26000DSZ202508110091
S66288477,2025-09,20250924,용도지구,변경,26350DSZ202509250001
S66288477,2025-09,20250924,지구단위,변경,26350UTZ202509250001
S66288477,2025-10,20251030,지구단위,변경,26000UTZ202511040001
S66288477,2025-10,20251030,용도지구,변경,26350DSZ202510310001
S66288477,2025-10,20251030,지구단위,변경,26350UTZ202510310002
S66288477,2025-11,20251114,지구단위,변경,26350UTZ202509260001
S6633AC5C,2024-03,20240314,지구단위,신설,48330UTZ202403140001
S6633AC5C,2024-10,20241024,지구단위,변경,48330UTZ202410240001
S6633AC5C,2024-11,20241107,지구단위,변경,48330UTZ202411070001
S6633AC5C,2025-07,20250711,지구단위,변경,48330UTZ202507110001
S664FEE3B,2025-07,20250714,지구단위,변경,46150UTZ202507140001
S664FEE3B,2025-12,20251202,지구단위,변경,46150UTZ202512010221
S664FEE3B,2025-12,20251202,지구단위,변경,46150UTZ202512010235
S664FEE3B,2025-12,20251202,지구단위,변경,46150UTZ202512010236
S664FEE3B,2025-12,20251202,지구단위,변경,46150UTZ202512010262
S664FEE3B,2026-03,20260323,지구단위,변경,46150UTZ202603230001
S666BA650,2025-02,20250217,지구단위,신설,11440UTZ202502120001
S666BA650,2025-04,20250418,지구단위,신설,11000UTZ202205060002
S666BA650,2026-02,20260204,지구단위,신설,11440UTZ202511040001
S6727CB24,2024-05,20240507,용도구역,변경,30200BTZ202405070001
S6727CB24,2024-05,20240507,지구단위,신설,30200UTZ202405070001
S6727CB24,2024-08,20240808,용도구역,폐지,30200BTZ202408080002
S6757CA95,2024-03,20240329,용도지구,변경,41820DSZ202403290001
S6757CA95,2024-08,20240801,용도지구,변경,41820DSZ202408010001
S6757CA95,2024-08,20240801,지구단위,변경,41820UTZ202408010001
S6757CA95,2024-08,20240805,지구단위,신설,41820UTZ202408050001
S6757CA95,2025-01,20250120,지구단위,신설,41820UTZ202501201001
S6757CA95,2025-09,20250917,지구단위,변경,41820UTZ202509171001
S678F87CD,2025-12,20251202,지구단위,변경,46150UTZ202512010260
S685A8C64,2025-07,20250730,지구단위,신설,41370UTZ202507300151
S688C62D4,2024-12,20241202,용도지구,변경,50130DSZ202412040069
S688C62D4,2024-12,20241202,용도지구,변경,50130DSZ202412040070
S688C62D4,2024-12,20241224,용도지구,변경,50130DSZ202412060182
S688C62D4,2024-12,20241224,용도지구,변경,50130DSZ202412060183
S688C62D4,2024-12,20241224,용도지구,변경,50130DSZ202412060184
S693C630B,2024-05,20240528,지구단위,변경,28000UTZ202405280003
S693C630B,2025-01,20250122,용도구역,신설,28245BTZ202501210001
S697BC959,2024-04,20240419,지구단위,변경,41480UTZ202404191001
S697BC959,2025-04,20250418,지구단위,변경,41480UTZ202504180001
S697BC959,2025-12,20251211,용도지구,변경,41480DSZ202512110001
S697BC959,2025-12,20251211,지구단위,변경,41480UTZ202512110001
S697BC959,2026-05,20260513,용도지구,변경,41480DSZ202605130001
S697BC959,2026-05,20260513,지구단위,변경,41480UTZ202605130002
S69DF49C9,2024-01,20240129,용도구역,신설,44130BTZ202401290093
S69DF49C9,2024-01,20240129,용도구역,신설,44130BTZ202401290094
S69DF49C9,2024-01,20240129,용도구역,신설,44130BTZ202401290095
S69DF49C9,2024-01,20240129,용도구역,신설,44130BTZ202401290096
S69DF49C9,2024-01,20240129,용도구역,신설,44130BTZ202401290097
S69DF49C9,2024-01,20240129,용도구역,신설,44130BTZ202401290098
S69DF49C9,2024-01,20240129,용도구역,신설,44130BTZ202401290099
S69DF49C9,2024-01,20240129,용도구역,신설,44130BTZ202401290100
S69DF49C9,2024-01,20240129,용도구역,신설,44130BTZ202401290101
S69DF49C9,2024-01,20240129,용도구역,신설,44130BTZ202401290102
S69DF49C9,2024-01,20240129,용도구역,신설,44130BTZ202401290103
S69DF49C9,2024-01,20240129,용도구역,신설,44130BTZ202401290104
S69DF49C9,2024-01,20240129,용도구역,신설,44130BTZ202401290105
S69DF49C9,2024-01,20240129,용도구역,신설,44130BTZ202401290106
S69DF49C9,2024-01,20240129,용도구역,신설,44130BTZ202401290107
S69DF49C9,2024-01,20240129,용도구역,신설,44130BTZ202401290108
S69DF49C9,2024-01,20240129,용도구역,신설,44130BTZ202401290109
S69DF49C9,2024-01,20240129,용도구역,신설,44130BTZ202401290110
S69DF49C9,2024-01,20240129,용도구역,신설,44130BTZ202401290111
S69DF49C9,2024-01,20240129,용도구역,신설,44130BTZ202401290112
S69DF49C9,2024-01,20240129,용도구역,신설,44130BTZ202401290113
S69DF49C9,2024-01,20240129,용도구역,신설,44130BTZ202401290114
S69DF49C9,2024-01,20240129,용도구역,신설,44130BTZ202401290115
S69DF49C9,2024-01,20240129,용도구역,신설,44130BTZ202401290116
S69DF49C9,2024-01,20240129,용도구역,신설,44130BTZ202401290117
S69DF49C9,2024-01,20240129,용도구역,신설,44130BTZ202401290118
S69DF49C9,2024-01,20240129,용도구역,신설,44130BTZ202401290119
S69DF49C9,2024-01,20240129,용도구역,신설,44130BTZ202401290120
S69DF49C9,2024-01,20240129,용도구역,신설,44130BTZ202401290121
S69DF49C9,2024-01,20240129,용도구역,신설,44130BTZ202401290122
S69DF49C9,2024-01,20240129,용도구역,신설,44130BTZ202401290123
S69DF49C9,2024-01,20240129,용도구역,신설,44130BTZ202401290124
S69DF49C9,2024-01,20240129,용도구역,신설,44130BTZ202401290125
S69DF49C9,2024-01,20240129,용도구역,신설,44130BTZ202401290126
S69DF49C9,2024-01,20240129,용도구역,신설,44130BTZ202401290127
S69DF49C9,2024-01,20240129,용도구역,신설,44130BTZ202401290128
S69DF49C9,2024-01,20240129,용도구역,신설,44130BTZ202401290129
S69DF49C9,2024-01,20240129,용도구역,신설,44130BTZ202401290130
S69DF49C9,2024-01,20240129,용도구역,신설,44130BTZ202401290131
S69DF49C9,2024-01,20240129,용도구역,신설,44130BTZ202401290132
S69DF49C9,2024-01,20240129,용도구역,신설,44130BTZ202401290133
S69DF49C9,2024-01,20240129,용도구역,신설,44130BTZ202401290134
S69DF49C9,2024-01,20240129,용도구역,신설,44130BTZ202401290135
S69DF49C9,2024-01,20240129,용도구역,신설,44130BTZ202401290136
S69DF49C9,2024-01,20240129,용도구역,신설,44130BTZ202401290137
S69DF49C9,2024-01,20240129,용도구역,신설,44130BTZ202401290138
S69DF49C9,2024-01,20240129,용도구역,신설,44130BTZ202401290139
S69DF49C9,2024-01,20240129,용도구역,신설,44130BTZ202401290140
S69DF49C9,2024-01,20240129,용도구역,신설,44130BTZ202401290141
S69DF49C9,2024-01,20240129,용도구역,신설,44130BTZ202401290142
S69DF49C9,2024-01,20240129,용도구역,신설,44130BTZ202401290143
S69DF49C9,2024-01,20240129,용도구역,신설,44130BTZ202401290343
S69DF49C9,2024-01,20240129,용도구역,신설,44130BTZ202401290346
S69DF49C9,2024-12,20241202,지구단위,변경,44130UTZ202412020002
S69DF49C9,2025-10,20251001,용도지구,변경,44130DSZ202510010001
S69DF49C9,2025-10,20251001,지구단위,변경,44130UTZ202510010004
S69DF49C9,2025-10,20251002,용도지구,변경,44130DSZ202510020001
S69DF49C9,2025-10,20251002,지구단위,변경,44130UTZ202510020001
S69DF49C9,2025-12,20251211,용도구역,변경,44130BTZ202512110002
S69DF49C9,2025-12,20251211,용도구역,변경,44130BTZ202512110003
S69DF49C9,2025-12,20251211,용도구역,변경,44130BTZ202512110004
S69DF49C9,2025-12,20251211,용도구역,변경,44130BTZ202512110005
S69DF49C9,2025-12,20251211,용도구역,변경,44130BTZ202512110022
S69DF49C9,2025-12,20251211,용도구역,변경,44130BTZ202512110025
S69DF49C9,2025-12,20251211,용도구역,변경,44130BTZ202512110026
S69DF49C9,2025-12,20251211,용도구역,변경,44130BTZ202512110027
S69DF49C9,2025-12,20251222,용도구역,변경,44130BTZ202512220003
S69DF49C9,2025-12,20251222,용도구역,변경,44130BTZ202512220004
S69DF49C9,2025-12,20251222,용도구역,변경,44130BTZ202512220005
S69DF49C9,2025-12,20251222,용도구역,변경,44130BTZ202512220006
S69DF49C9,2025-12,20251222,용도구역,변경,44130BTZ202512220007
S69DF49C9,2025-12,20251222,용도구역,변경,44130BTZ202512220008
S69DF49C9,2025-12,20251222,용도구역,변경,44130BTZ202512220009
S69DF49C9,2025-12,20251222,용도구역,변경,44130BTZ202512220033
S69F7C0D7,2024-04,20240404,용도지구,변경,47230DSZ202404040001
S69F7C0D7,2024-04,20240404,지구단위,변경,47230UTZ202404040001
S69F7C0D7,2024-06,20240613,지구단위,폐지,47230UTZ202406130001
S69F7C0D7,2025-07,20250703,지구단위,변경,47230UTZ202507030001
S6ACC8AAC,2024-12,20241204,용도지구,변경,50000DSZ202412040002
S6ACC8AAC,2024-12,20241224,용도지구,변경,50130DSZ202412060001
S6ACC8AAC,2024-12,20241224,용도지구,변경,50130DSZ202412060002
S6ACC8AAC,2024-12,20241224,용도지구,변경,50130DSZ202412060003
S6ACC8AAC,2024-12,20241224,용도지구,변경,50130DSZ202412060004
S6ACC8AAC,2024-12,20241224,용도지구,변경,50130DSZ202412060005
S6ACC8AAC,2024-12,20241224,용도지구,변경,50130DSZ202412060008
S6ACC8AAC,2024-12,20241224,용도지구,변경,50130DSZ202412060010
S6ACC8AAC,2024-12,20241224,용도지구,변경,50130DSZ202412060014
S6ACC8AAC,2024-12,20241224,용도지구,변경,50130DSZ202412060015
S6ACC8AAC,2024-12,20241224,용도지구,변경,50130DSZ202412060018
S6ACC8AAC,2024-12,20241224,용도지구,변경,50130DSZ202412060019
S6ACC8AAC,2024-12,20241224,용도지구,변경,50130DSZ202412060020
S6ACC8AAC,2024-12,20241224,용도지구,변경,50130DSZ202412060028
S6ACC8AAC,2024-12,20241224,용도지구,변경,50130DSZ202412060070
S6ACC8AAC,2024-12,20241224,용도지구,변경,50130DSZ202412060071
S6ACC8AAC,2024-12,20241224,용도지구,변경,50130DSZ202412060075
S6AEC9D1E,2024-07,20240724,용도지구,폐지,11000DSZ196312131459
S6D789837,2024-07,20240711,지구단위,신설,44130UTZ202407110002
S6D789837,2024-08,20240820,지구단위,신설,44130UTZ202408200001
S6DC8DB7E,2024-04,20240430,지구단위,변경,41550UTZ202404300001
S6DC8DB7E,2024-07,20240705,지구단위,신설,41550UTZ202407050001
S6DC8DB7E,2025-01,20250115,용도지구,변경,41550DSZ202501150001
S6DC8DB7E,2025-01,20250115,지구단위,신설,41550UTZ202501150001
S6DC8DB7E,2025-03,20250319,지구단위,신설,41550UTZ202503190001
S6DC8DB7E,2025-04,20250430,지구단위,신설,41550UTZ202504301001
S6DC8DB7E,2025-09,20250904,지구단위,변경,41550UTZ202509041024
S6DC8DB7E,2025-09,20250904,지구단위,변경,41550UTZ202509041025
S6DC8DB7E,2025-09,20250904,지구단위,변경,41550UTZ202509041026
S6DC8DB7E,2025-09,20250930,지구단위,신설,41550UTZ202509303001
S6DC8DB7E,2025-11,20251128,지구단위,변경,41550UTZ202511281001
S6DC8DB7E,2025-12,20251215,지구단위,변경,41550UTZ202512151001
S6DC8DB7E,2026-03,20260305,지구단위,신설,41550UTZ202603051001
S6DC8DB7E,2026-06,20260601,지구단위,신설,41550UTZ202606010005
S6DC8DB7E,2026-06,20260601,지구단위,신설,41550UTZ202606010006
S6DC8DB7E,2026-06,20260605,지구단위,변경,41550UTZ202606050075
S6DC8DB7E,2026-06,20260605,지구단위,변경,41550UTZ202606050076
S6DC8DB7E,2026-06,20260605,지구단위,변경,41550UTZ202606050077
S6DC8DB7E,2026-06,20260608,지구단위,신설,41550UTZ202606080001
S6DC8DB7E,2026-06,20260608,지구단위,변경,41550UTZ202606080006
S6DC8DB7E,2026-06,20260609,지구단위,변경,41550UTZ202606090002
S6DC8DB7E,2026-06,20260610,지구단위,신설,41550UTZ202606100002
S6E3D6F2B,2024-09,20240913,지구단위,변경,41110UTZ202409130001
S6E3D6F2B,2025-11,20251107,지구단위,신설,41110UTZ202511070001
S6E3D6F2B,2026-03,20260304,지구단위,신설,41110UTZ202603040001
S6F1B17C6,2024-12,20241202,용도지구,변경,50110DSZ202412020122
S6F1B17C6,2024-12,20241224,용도지구,변경,50110DSZ202412020030
S6F1B17C6,2025-01,20250117,지구단위,신설,50000UTZ202501170001
S6FD9662F,2024-11,20241115,지구단위,변경,11560UTZ202411150001
S6FD9662F,2024-11,20241115,지구단위,변경,11560UTZ202411150002
S6FD9662F,2025-04,20250410,지구단위,신설,11560UTZ202504100001
S6FD9662F,2025-07,20250709,지구단위,변경,11560UTZ202411150003
S6FD9662F,2025-07,20250709,지구단위,변경,11560UTZ202411150004
S6FD9662F,2025-10,20251020,지구단위,변경,11560UTZ202411150005
S6FFB55E7,2024-12,20241202,용도지구,변경,50110DSZ202412020124
S701A11EA,2024-04,20240408,지구단위,변경,41460UTZ202404082001
S701A11EA,2024-08,20240809,지구단위,변경,41460UTZ202408092001
S701A11EA,2024-12,20241224,용도지구,폐지,41460DSZ202412241004
S701A11EA,2025-09,20250915,지구단위,변경,41460UTZ202509150006
S70983641,2024-05,20240522,지구단위,변경,50130UTZ202405200001
S70983641,2024-06,20240621,지구단위,변경,50130UTZ202406030001
S70983641,2024-06,20240621,지구단위,신설,50130UTZ202406030002
S70983641,2024-12,20241202,용도지구,변경,50130DSZ202412040017
S70983641,2024-12,20241202,용도지구,변경,50130DSZ202412040061
S70983641,2024-12,20241202,용도지구,변경,50130DSZ202412040062
S70983641,2024-12,20241202,용도지구,변경,50130DSZ202412040063
S70983641,2024-12,20241202,용도지구,변경,50130DSZ202412040064
S70983641,2024-12,20241202,용도지구,변경,50130DSZ202412040065
S70983641,2024-12,20241202,용도지구,변경,50130DSZ202412040066
S70983641,2024-12,20241202,용도지구,변경,50130DSZ202412040067
S70983641,2024-12,20241202,용도지구,변경,50130DSZ202412040068
S70983641,2024-12,20241202,용도지구,변경,50130DSZ202412040069
S70983641,2024-12,20241202,용도지구,변경,50130DSZ202412040070
S70983641,2024-12,20241202,용도지구,변경,50130DSZ202412040071
S70983641,2024-12,20241202,용도지구,변경,50130DSZ202412040072
S70983641,2024-12,20241202,용도지구,변경,50130DSZ202412040073
S70983641,2024-12,20241205,지구단위,변경,50000UTZ202412050003
S70983641,2024-12,20241205,지구단위,변경,50000UTZ202412050004
S70983641,2024-12,20241209,지구단위,신설,50130UTZ202412090001
S70983641,2024-12,20241224,용도지구,변경,50130DSZ202412060061
S70983641,2024-12,20241224,용도지구,변경,50130DSZ202412060062
S70983641,2024-12,20241224,용도지구,신설,50130DSZ202412060063
S70983641,2024-12,20241224,용도지구,변경,50130DSZ202412060172
S70983641,2024-12,20241224,용도지구,폐지,50130DSZ202412060173
S70983641,2024-12,20241224,용도지구,변경,50130DSZ202412060174
S70983641,2024-12,20241224,용도지구,변경,50130DSZ202412060175
S70983641,2024-12,20241224,용도지구,변경,50130DSZ202412060176
S70983641,2024-12,20241224,용도지구,변경,50130DSZ202412060177
S70983641,2024-12,20241224,용도지구,변경,50130DSZ202412060178
S70983641,2024-12,20241224,용도지구,변경,50130DSZ202412060179
S70983641,2024-12,20241224,용도지구,변경,50130DSZ202412060180
S70983641,2024-12,20241224,용도지구,변경,50130DSZ202412060181
S70983641,2024-12,20241224,용도지구,변경,50130DSZ202412060182
S70983641,2024-12,20241224,용도지구,변경,50130DSZ202412060183
S70983641,2024-12,20241224,용도지구,변경,50130DSZ202412060184
S70983641,2024-12,20241224,용도지구,변경,50130DSZ202412060185
S70983641,2024-12,20241224,용도지구,변경,50130DSZ202412060186
S70983641,2024-12,20241224,용도지구,변경,50130DSZ202412060187
S70983641,2024-12,20241224,용도지구,변경,50130DSZ202412060188
S70983641,2024-12,20241224,용도지구,신설,50130DSZ202412060189
S70983641,2024-12,20241224,용도지구,신설,50130DSZ202412060190
S70983641,2024-12,20241224,용도지구,신설,50130DSZ202412060191
S70983641,2025-10,20251002,지구단위,변경,50130UTZ202510020001
S70FC96EC,2024-01,20240104,용도지구,신설,43110DSZ202401040006
S70FC96EC,2024-01,20240104,용도지구,신설,43110DSZ202401040007
S70FC96EC,2024-03,20240329,지구단위,신설,43110UTZ202403290001
S70FC96EC,2024-03,20240329,지구단위,신설,43110UTZ202403290002
S70FC96EC,2024-05,20240503,용도지구,변경,43110DSZ202405030001
S70FC96EC,2025-11,20251113,지구단위,신설,43110UTZ202511130001
S70FC96EC,2026-06,20260611,지구단위,변경,43110UTZ202606110001
S70FC96EC,2026-06,20260611,지구단위,변경,43110UTZ202606110005
S70FC96EC,2026-06,20260611,지구단위,신설,43110UTZ202606110006
S70FC96EC,2026-06,20260611,지구단위,신설,43110UTZ202606110007
S70FC96EC,2026-06,20260611,지구단위,신설,43110UTZ202606110008
S70FC96EC,2026-06,20260611,지구단위,변경,43110UTZ202606110009
S70FC96EC,2026-06,20260611,지구단위,신설,43110UTZ202606110010
S70FC96EC,2026-06,20260611,지구단위,신설,43110UTZ202606110011
S70FC96EC,2026-06,20260611,지구단위,신설,43110UTZ202606110012
S72A62A92,2024-03,20240329,지구단위,변경,41390UTZ202403290001
S72A62A92,2024-07,20240710,지구단위,변경,41390UTZ202407100001
S72A62A92,2024-11,20241122,지구단위,변경,41390UTZ202411220001
S72A62A92,2025-02,20250225,지구단위,변경,41390UTZ202502250001
S72B75B03,2024-04,20240422,지구단위,변경,44200UTZ202404220001
S72B75B03,2024-05,20240510,지구단위,변경,44200UTZ202405100001
S72B75B03,2024-07,20240719,지구단위,변경,44200UTZ202407190001
S72B75B03,2024-07,20240730,지구단위,변경,44200UTZ202407300001
S72B75B03,2024-11,20241111,지구단위,변경,44200UTZ202411110002
S72B75B03,2024-12,20241220,지구단위,변경,44200UTZ202412200002
S72B75B03,2025-02,20250210,지구단위,변경,44200UTZ202502100001
S72B75B03,2025-04,20250430,지구단위,변경,44200UTZ202504300001
S72B75B03,2025-04,20250430,지구단위,변경,44200UTZ202504300002
S72B75B03,2025-09,20250910,지구단위,변경,44200UTZ202509100001
S72B75B03,2025-12,20251209,지구단위,변경,44200UTZ202512090001
S72B75B03,2026-02,20260210,지구단위,변경,44200UTZ202602100001
S72B75B03,2026-06,20260612,지구단위,변경,44200UTZ202606120001
S733B018F,2024-01,20240112,지구단위,변경,11590UTZ202202090002
S733B018F,2024-07,20240724,용도지구,폐지,11000DSZ196312131478
S733B018F,2024-07,20240724,용도지구,폐지,11000DSZ197008060691
S733B018F,2024-08,20240807,지구단위,변경,11000UTZ202408070001
S733B018F,2025-04,20250403,지구단위,변경,11000UTZ202504030001
S733B018F,2025-04,20250403,지구단위,변경,11000UTZ202504030002
S733B018F,2025-05,20250509,지구단위,변경,11000UTZ202505090001
S733B018F,2025-11,20251110,용도지구,폐지,11000DSZ201305301901
S733B018F,2026-01,20260115,지구단위,실효,11000UTZ201903080073
S73FA8FAC,2025-04,20250429,지구단위,변경,11000UTZ201203080008
S73FA8FAC,2025-04,20250429,지구단위,폐지,11000UTZ201203080009
S73FA8FAC,2025-04,20250429,지구단위,변경,11000UTZ201203154066
S73FA8FAC,2025-05,20250512,지구단위,변경,11000UTZ202310230003
S73FA8FAC,2025-12,20251205,지구단위,변경,11000UTZ202006180103
S73FDC11C,2025-02,20250213,용도구역,변경,45790BTZ202502130001
S73FDC11C,2025-02,20250213,용도구역,변경,45790BTZ202502130003
S73FDC11C,2025-02,20250213,용도구역,변경,45790BTZ202502130006
S73FDC11C,2026-01,20260106,용도지구,변경,52790DSZ202601060003
S73FDC11C,2026-01,20260106,용도지구,변경,52790DSZ202601060004
S73FDC11C,2026-02,20260211,용도구역,폐지,52790BTZ202602110001
S73FDC11C,2026-02,20260211,지구단위,신설,52790UTZ202602110002
S73FDC11C,2026-02,20260212,지구단위,변경,52790UTZ202602110004
S73FDC11C,2026-02,20260212,지구단위,변경,52790UTZ202602120001
S73FDC11C,2026-02,20260219,용도구역,변경,52790BTZ202602190001
S73FDC11C,2026-02,20260219,용도구역,변경,52790BTZ202602190003
S73FDC11C,2026-02,20260219,용도구역,변경,52790BTZ202602190006
S73FDC11C,2026-02,20260219,용도지구,변경,52790DSZ202602130001
S73FDC11C,2026-02,20260219,지구단위,변경,52790UTZ202602130002
S73FDC11C,2026-03,20260320,용도지구,변경,52790DSZ202603200001
S73FDC11C,2026-03,20260320,지구단위,변경,52790UTZ202603200001
S740B4AC7,2024-03,20240306,지구단위,신설,11545UTZ202403060001
S740B4AC7,2025-08,20250818,지구단위,변경,11000UTZ202111030015
S740B4AC7,2025-08,20250818,지구단위,변경,11000UTZ202111030019
S740B4AC7,2025-08,20250818,지구단위,변경,11000UTZ202111030020
S740B4AC7,2025-08,20250818,지구단위,변경,11000UTZ202111030021
S740B4AC7,2025-08,20250818,지구단위,변경,11000UTZ202111030023
S740B4AC7,2025-08,20250818,지구단위,변경,11000UTZ202111030024
S747CD69F,2024-12,20241217,지구단위,변경,46840UTZ202412170093
S75C893AF,2025-05,20250527,지구단위,변경,30110UTZ202506020001
S75C893AF,2025-06,20250602,지구단위,신설,30110UTZ202506020002
S75C893AF,2025-06,20250602,지구단위,신설,30110UTZ202506020003
S75CA0326,2025-10,20251030,지구단위,변경,26000UTZ202511040001
S75CA0326,2025-10,20251030,지구단위,변경,26350UTZ202510310002
S75CA0326,2025-12,20251231,지구단위,변경,26350UTZ202512310001
S75F5FE52,2025-01,20250123,지구단위,변경,44710UTZ202501230001
S768AFAAE,2024-08,20240823,용도구역,신설,44810BTZ202408230001
S768AFAAE,2025-12,20251203,용도구역,변경,44810BTZ202512030001
S768AFAAE,2025-12,20251230,지구단위,신설,44810UTZ202512300001
S768AFAAE,2026-03,20260312,용도구역,신설,44810BTZ202603100006
S768AFAAE,2026-03,20260312,용도구역,신설,44810BTZ202603100007
S768AFAAE,2026-03,20260312,용도구역,신설,44810BTZ202603100008
S768AFAAE,2026-03,20260312,용도구역,신설,44810BTZ202603100009
S768AFAAE,2026-03,20260312,용도구역,신설,44810BTZ202603100010
S768AFAAE,2026-03,20260312,용도구역,신설,44810BTZ202603100032
S768AFAAE,2026-03,20260312,용도구역,신설,44810BTZ202603100033
S768AFAAE,2026-03,20260312,용도구역,신설,44810BTZ202603100034
S768AFAAE,2026-03,20260312,용도구역,신설,44810BTZ202603100428
S768AFAAE,2026-03,20260312,용도구역,신설,44810BTZ202603100429
S768AFAAE,2026-03,20260312,용도구역,신설,44810BTZ202603100430
S768AFAAE,2026-03,20260312,용도구역,신설,44810BTZ202603100431
S768AFAAE,2026-03,20260312,용도구역,신설,44810BTZ202603100432
S768AFAAE,2026-03,20260312,용도구역,신설,44810BTZ202603100433
S768AFAAE,2026-03,20260312,용도구역,신설,44810BTZ202603100434
S768AFAAE,2026-03,20260312,용도구역,신설,44810BTZ202603100435
S768AFAAE,2026-03,20260312,용도구역,신설,44810BTZ202603100436
S768AFAAE,2026-03,20260312,용도구역,신설,44810BTZ202603100437
S768AFAAE,2026-03,20260312,용도구역,신설,44810BTZ202603100438
S768AFAAE,2026-03,20260312,용도구역,신설,44810BTZ202603100439
S768AFAAE,2026-03,20260312,용도구역,신설,44810BTZ202603100440
S768AFAAE,2026-03,20260312,용도구역,신설,44810BTZ202603100441
S768AFAAE,2026-03,20260312,용도구역,신설,44810BTZ202603100442
S768AFAAE,2026-03,20260312,용도구역,신설,44810BTZ202603100443
S768AFAAE,2026-03,20260312,용도구역,신설,44810BTZ202603100444
S768AFAAE,2026-03,20260312,용도구역,신설,44810BTZ202603100445
S768AFAAE,2026-03,20260312,용도구역,신설,44810BTZ202603100446
S768AFAAE,2026-03,20260312,용도구역,신설,44810BTZ202603100447
S768AFAAE,2026-03,20260312,용도구역,신설,44810BTZ202603100448
S768AFAAE,2026-03,20260312,용도구역,신설,44810BTZ202603100449
S768AFAAE,2026-03,20260312,용도구역,신설,44810BTZ202603100450
S768AFAAE,2026-03,20260312,용도구역,신설,44810BTZ202603100451
S768AFAAE,2026-03,20260312,용도구역,신설,44810BTZ202603100452
S768AFAAE,2026-03,20260312,용도구역,신설,44810BTZ202603100453
S768AFAAE,2026-03,20260312,용도구역,신설,44810BTZ202603100454
S768AFAAE,2026-03,20260312,용도구역,신설,44810BTZ202603100455
S768AFAAE,2026-03,20260312,용도구역,신설,44810BTZ202603100456
S768AFAAE,2026-03,20260312,용도구역,신설,44810BTZ202603100457
S768AFAAE,2026-03,20260312,용도구역,신설,44810BTZ202603100458
S768AFAAE,2026-03,20260312,용도구역,신설,44810BTZ202603100459
S768AFAAE,2026-03,20260312,용도구역,신설,44810BTZ202603100460
S768AFAAE,2026-03,20260312,용도구역,신설,44810BTZ202603100461
S768AFAAE,2026-03,20260312,용도구역,신설,44810BTZ202603100462
S768AFAAE,2026-03,20260312,용도구역,신설,44810BTZ202603100463
S768AFAAE,2026-03,20260312,용도구역,신설,44810BTZ202603100464
S768AFAAE,2026-03,20260312,용도구역,신설,44810BTZ202603100465
S768AFAAE,2026-03,20260312,용도구역,신설,44810BTZ202603100466
S768AFAAE,2026-03,20260312,용도구역,신설,44810BTZ202603100467
S768AFAAE,2026-03,20260312,용도구역,신설,44810BTZ202603100468
S768AFAAE,2026-03,20260312,용도구역,신설,44810BTZ202603100469
S768AFAAE,2026-03,20260312,용도구역,신설,44810BTZ202603100470
S768AFAAE,2026-03,20260312,용도구역,신설,44810BTZ202603100471
S768AFAAE,2026-03,20260312,용도구역,신설,44810BTZ202603100472
S768AFAAE,2026-03,20260312,용도구역,신설,44810BTZ202603100473
S768AFAAE,2026-03,20260312,용도구역,신설,44810BTZ202603100474
S768AFAAE,2026-03,20260312,용도구역,신설,44810BTZ202603100475
S768AFAAE,2026-03,20260312,용도구역,신설,44810BTZ202603100476
S768AFAAE,2026-03,20260312,용도구역,신설,44810BTZ202603100477
S768AFAAE,2026-03,20260312,용도구역,신설,44810BTZ202603100478
S768AFAAE,2026-03,20260312,용도구역,신설,44810BTZ202603100479
S76D8C9CD,2024-06,20240626,용도지구,변경,11000DSZ201411066759
S76D8C9CD,2024-07,20240729,지구단위,변경,11000UTZ201311184153
S76D8C9CD,2025-04,20250414,용도구역,변경,11000BTZ202504140001
S76D8C9CD,2025-04,20250421,용도지구,변경,11000DSZ201411066766
S76D8C9CD,2025-07,20250730,용도구역,변경,11000BTZ202507300007
S76D8C9CD,2025-09,20250911,용도지구,변경,11000DSZ200004170180
S76D8C9CD,2025-09,20250911,지구단위,변경,11110UTZ202507110001
S77A302C9,2024-12,20241202,용도지구,변경,50110DSZ202412020123
S77F2193F,2024-06,20240610,지구단위,변경,41570UTZ202406100011
S77F2193F,2024-11,20241106,지구단위,변경,41570UTZ202411060001
S77F2193F,2025-04,20250423,지구단위,변경,41570UTZ202504230010
S77F2193F,2025-08,20250814,지구단위,변경,41570UTZ202508140001
S77F2193F,2025-11,20251107,지구단위,변경,41570UTZ202511070010
S77F2193F,2025-11,20251126,지구단위,변경,41570UTZ202511260010
S78637C33,2024-12,20241224,용도지구,신설,50130DSZ202412060116
S78637C33,2025-08,20250829,지구단위,변경,50130UTZ202507160002
S78B642C2,2024-11,20241127,용도구역,변경,31710BTZ202411270001
S78B642C2,2024-11,20241128,용도구역,변경,31000BTZ202411280001
S78B642C2,2024-12,20241202,용도구역,변경,31000BTZ202411290004
S78B642C2,2025-01,20250109,지구단위,변경,31000UTZ202501090001
S78B642C2,2025-01,20250116,용도구역,변경,31000BTZ202501160001
S78B642C2,2025-02,20250228,용도구역,신설,31000BTZ202502280001
S78B642C2,2025-02,20250228,용도구역,신설,31000BTZ202502280002
S78B642C2,2025-06,20250612,용도구역,신설,31000BTZ202506120002
S78B642C2,2025-06,20250612,용도구역,신설,31710BTZ202506100001
S78FE5AE7,2024-11,20241108,용도지구,변경,41460DSZ202411081001
S78FE5AE7,2024-11,20241108,지구단위,신설,41460UTZ202411081001
S78FE5AE7,2025-02,20250204,용도지구,변경,41460DSZ202502043001
S78FE5AE7,2025-02,20250204,지구단위,변경,41460UTZ202502043001
S78FE5AE7,2025-05,20250526,지구단위,변경,41460UTZ202505262001
S78FE5AE7,2025-09,20250922,지구단위,신설,41460UTZ202509220006
S78FE5AE7,2026-02,20260205,용도지구,변경,41460DSZ202602053001
S78FE5AE7,2026-02,20260205,지구단위,변경,41460UTZ202602053001
S78FE5AE7,2026-02,20260211,용도지구,변경,41460DSZ202602111001
S78FE5AE7,2026-02,20260211,지구단위,변경,41460UTZ202602111001
S78FE5AE7,2026-02,20260227,용도지구,변경,41460DSZ202602270001
S78FE5AE7,2026-02,20260227,지구단위,변경,41460UTZ202602270003
S78FE5AE7,2026-03,20260305,용도지구,변경,41460DSZ202603051001
S78FE5AE7,2026-03,20260305,지구단위,변경,41460UTZ202603051001
S78FE5AE7,2026-05,20260513,용도지구,변경,41460DSZ202605130001
S78FE5AE7,2026-05,20260513,지구단위,변경,41460UTZ202605130004
S79FA3632,2024-08,20240828,지구단위,변경,41150UTZ202408280008
S79FA3632,2024-11,20241129,지구단위,신설,41150UTZ202411290014
S79FA3632,2025-02,20250214,지구단위,신설,41150UTZ202502140023
S79FA3632,2025-04,20250403,지구단위,신설,41150UTZ202504030029
S79FA3632,2026-01,20260123,지구단위,변경,41150UTZ202601230037
S79FA3632,2026-03,20260316,지구단위,변경,41150UTZ202603160041
S79FA3632,2026-05,20260507,지구단위,변경,41150UTZ202605070003
S79FA3632,2026-05,20260508,지구단위,변경,41150UTZ202605080002
S7ADD65B4,2024-01,20240119,지구단위,변경,41360UTZ202401180001
S7ADD65B4,2024-02,20240222,지구단위,변경,41360UTZ202402220002
S7ADD65B4,2024-04,20240419,지구단위,변경,41360UTZ202404190005
S7ADD65B4,2024-07,20240711,지구단위,변경,41360UTZ202407110009
S7ADD65B4,2024-07,20240711,지구단위,변경,41360UTZ202407110011
S7ADD65B4,2024-07,20240711,지구단위,변경,41360UTZ202407110019
S7ADD65B4,2024-07,20240711,지구단위,변경,41360UTZ202407110020
S7ADD65B4,2024-07,20240711,지구단위,변경,41360UTZ202407110021
S7ADD65B4,2024-07,20240711,지구단위,변경,41360UTZ202407110022
S7ADD65B4,2024-07,20240711,지구단위,변경,41360UTZ202407110023
S7ADD65B4,2024-07,20240711,지구단위,변경,41360UTZ202407110024
S7ADD65B4,2024-07,20240711,지구단위,변경,41360UTZ202407110025
S7ADD65B4,2024-07,20240711,지구단위,변경,41360UTZ202407110026
S7ADD65B4,2024-07,20240711,지구단위,변경,41360UTZ202407110027
S7ADD65B4,2024-07,20240711,지구단위,변경,41360UTZ202407110028
S7ADD65B4,2024-08,20240814,지구단위,변경,41360UTZ202408140029
S7ADD65B4,2024-11,20241128,용도구역,폐지,41360BTZ202411280005
S7ADD65B4,2024-11,20241128,용도구역,폐지,41360BTZ202411280006
S7ADD65B4,2024-11,20241128,용도구역,폐지,41360BTZ202411280014
S7ADD65B4,2024-11,20241128,용도구역,폐지,41360BTZ202411280015
S7ADD65B4,2024-11,20241128,용도구역,폐지,41360BTZ202411280016
S7ADD65B4,2024-11,20241128,용도구역,폐지,41360BTZ202411280017
S7ADD65B4,2024-11,20241128,용도구역,폐지,41360BTZ202411280018
S7ADD65B4,2024-11,20241128,용도구역,폐지,41360BTZ202411280019
S7ADD65B4,2024-11,20241128,용도구역,폐지,41360BTZ202411280020
S7ADD65B4,2024-11,20241128,용도구역,폐지,41360BTZ202411280021
S7ADD65B4,2024-11,20241128,용도구역,폐지,41360BTZ202411280022
S7ADD65B4,2024-11,20241128,용도구역,폐지,41360BTZ202411280023
S7ADD65B4,2024-11,20241128,용도구역,폐지,41360BTZ202411280024
S7ADD65B4,2024-11,20241128,용도구역,폐지,41360BTZ202411280025
S7ADD65B4,2025-04,20250424,지구단위,변경,41360UTZ202504250038
S7ADD65B4,2025-07,20250729,지구단위,변경,41360UTZ202507290043
S7ADD65B4,2025-07,20250729,지구단위,변경,41360UTZ202507290046
S7ADD65B4,2025-08,20250814,지구단위,변경,41360UTZ202508140052
S7ADD65B4,2025-09,20250925,지구단위,변경,41360UTZ202509250095
S7ADD65B4,2025-09,20250925,지구단위,변경,41360UTZ202509250096
S7ADD65B4,2025-09,20250925,지구단위,변경,41360UTZ202509250097
S7ADD65B4,2025-10,20251031,지구단위,변경,41360UTZ202510310001
S7ADD65B4,2025-10,20251031,지구단위,변경,41360UTZ202510310002
S7ADD65B4,2025-10,20251031,지구단위,변경,41360UTZ202510310003
S7ADD65B4,2025-12,20251205,용도지구,폐지,41360DSZ202512050245
S7ADD65B4,2025-12,20251205,용도지구,폐지,41360DSZ202512050246
S7ADD65B4,2025-12,20251205,용도지구,폐지,41360DSZ202512050247
S7ADD65B4,2025-12,20251205,지구단위,폐지,41360UTZ202512050106
S7ADD65B4,2025-12,20251205,지구단위,폐지,41360UTZ202512050107
S7ADD65B4,2025-12,20251205,지구단위,신설,41360UTZ202512050108
S7ADD65B4,2025-12,20251205,지구단위,신설,41360UTZ202512050109
S7ADD65B4,2025-12,20251205,지구단위,신설,41360UTZ202512050110
S7ADD65B4,2025-12,20251205,지구단위,신설,41360UTZ202512050111
S7ADD65B4,2025-12,20251205,지구단위,변경,41360UTZ202512050112
S7ADD65B4,2025-12,20251205,지구단위,신설,41360UTZ202512050114
S7ADD65B4,2025-12,20251205,지구단위,신설,41360UTZ202512050115
S7ADD65B4,2025-12,20251205,지구단위,신설,41360UTZ202512050120
S7ADD65B4,2025-12,20251205,지구단위,변경,41360UTZ202512050148
S7ADD65B4,2025-12,20251205,지구단위,변경,41360UTZ202512050149
S7ADD65B4,2025-12,20251205,지구단위,변경,41360UTZ202512050155
S7ADD65B4,2025-12,20251215,용도지구,폐지,41360DSZ202512150002
S7ADD65B4,2025-12,20251215,용도지구,폐지,41360DSZ202512150003
S7ADD65B4,2025-12,20251215,용도지구,폐지,41360DSZ202512150004
S7ADD65B4,2025-12,20251215,지구단위,폐지,41360UTZ202512150008
S7ADD65B4,2025-12,20251215,지구단위,폐지,41360UTZ202512150009
S7ADD65B4,2025-12,20251215,지구단위,신설,41360UTZ202512150010
S7ADD65B4,2025-12,20251215,지구단위,신설,41360UTZ202512150011
S7ADD65B4,2025-12,20251215,지구단위,신설,41360UTZ202512150012
S7ADD65B4,2025-12,20251215,지구단위,신설,41360UTZ202512150013
S7ADD65B4,2025-12,20251215,지구단위,변경,41360UTZ202512150014
S7ADD65B4,2025-12,20251215,지구단위,신설,41360UTZ202512150016
S7ADD65B4,2025-12,20251215,지구단위,신설,41360UTZ202512150017
S7ADD65B4,2025-12,20251215,지구단위,신설,41360UTZ202512150023
S7ADD65B4,2025-12,20251215,지구단위,변경,41360UTZ202512150050
S7ADD65B4,2025-12,20251215,지구단위,변경,41360UTZ202512150051
S7ADD65B4,2025-12,20251215,지구단위,변경,41360UTZ202512150057
S7ADD65B4,2025-12,20251222,지구단위,변경,41360UTZ202512220003
S7ADD65B4,2025-12,20251222,지구단위,변경,41360UTZ202512220004
S7ADD65B4,2025-12,20251222,지구단위,변경,41360UTZ202512220012
S7ADD65B4,2025-12,20251222,지구단위,변경,41360UTZ202512220013
S7ADD65B4,2025-12,20251222,지구단위,변경,41360UTZ202512220014
S7ADD65B4,2025-12,20251222,지구단위,변경,41360UTZ202512220015
S7ADD65B4,2025-12,20251222,지구단위,변경,41360UTZ202512220016
S7ADD65B4,2025-12,20251222,지구단위,변경,41360UTZ202512220017
S7ADD65B4,2025-12,20251222,지구단위,변경,41360UTZ202512220018
S7ADD65B4,2025-12,20251222,지구단위,변경,41360UTZ202512220019
S7ADD65B4,2025-12,20251222,지구단위,변경,41360UTZ202512220020
S7ADD65B4,2025-12,20251222,지구단위,변경,41360UTZ202512220022
S7ADD65B4,2026-03,20260312,지구단위,신설,41360UTZ202603120159
S7ADD65B4,2026-03,20260326,지구단위,신설,41360UTZ202603260001
S7ADD65B4,2026-04,20260409,지구단위,변경,41360UTZ202604095417
S7ADD65B4,2026-05,20260518,지구단위,변경,41360UTZ202605180001
S7ADD65B4,2026-06,20260624,지구단위,변경,41360UTZ202606240001
S7B4AEEAD,2024-12,20241202,용도지구,변경,50130DSZ202412040004
S7B4AEEAD,2024-12,20241202,용도지구,변경,50130DSZ202412040028
S7B4AEEAD,2024-12,20241202,용도지구,변경,50130DSZ202412040029
S7B4AEEAD,2024-12,20241202,용도지구,변경,50130DSZ202412040030
S7B4AEEAD,2024-12,20241202,용도지구,변경,50130DSZ202412040031
S7B4AEEAD,2024-12,20241202,용도지구,변경,50130DSZ202412040032
S7B4AEEAD,2024-12,20241202,용도지구,변경,50130DSZ202412040033
S7B4AEEAD,2024-12,20241202,용도지구,변경,50130DSZ202412040034
S7B4AEEAD,2024-12,20241202,용도지구,변경,50130DSZ202412040035
S7B4AEEAD,2024-12,20241202,용도지구,변경,50130DSZ202412040036
S7B4AEEAD,2024-12,20241202,용도지구,변경,50130DSZ202412040037
S7B4AEEAD,2024-12,20241202,용도지구,변경,50130DSZ202412040038
S7B4AEEAD,2024-12,20241204,지구단위,신설,50000UTZ202412040001
S7B4AEEAD,2024-12,20241224,용도지구,변경,50130DSZ202412060035
S7B4AEEAD,2024-12,20241224,용도지구,변경,50130DSZ202412060036
S7B4AEEAD,2024-12,20241224,용도지구,변경,50130DSZ202412060037
S7B4AEEAD,2024-12,20241224,용도지구,변경,50130DSZ202412060038
S7B4AEEAD,2024-12,20241224,용도지구,변경,50130DSZ202412060039
S7B4AEEAD,2024-12,20241224,용도지구,변경,50130DSZ202412060040
S7B4AEEAD,2024-12,20241224,용도지구,신설,50130DSZ202412060041
S7B4AEEAD,2024-12,20241224,용도지구,변경,50130DSZ202412060089
S7B4AEEAD,2024-12,20241224,용도지구,변경,50130DSZ202412060123
S7B4AEEAD,2024-12,20241224,용도지구,변경,50130DSZ202412060124
S7B4AEEAD,2024-12,20241224,용도지구,변경,50130DSZ202412060125
S7B4AEEAD,2024-12,20241224,용도지구,변경,50130DSZ202412060126
S7B4AEEAD,2024-12,20241224,용도지구,변경,50130DSZ202412060127
S7B4AEEAD,2024-12,20241224,용도지구,변경,50130DSZ202412060128
S7B4AEEAD,2024-12,20241224,용도지구,변경,50130DSZ202412060129
S7B4AEEAD,2024-12,20241224,용도지구,변경,50130DSZ202412060130
S7B4AEEAD,2024-12,20241224,용도지구,변경,50130DSZ202412060131
S7B4AEEAD,2024-12,20241224,용도지구,변경,50130DSZ202412060132
S7B4AEEAD,2024-12,20241224,용도지구,변경,50130DSZ202412060133
S7B4AEEAD,2024-12,20241224,용도지구,변경,50130DSZ202412060134
S7B4AEEAD,2024-12,20241224,용도지구,변경,50130DSZ202412060135
S7B4AEEAD,2024-12,20241224,용도지구,신설,50130DSZ202412060136
S7B4AEEAD,2024-12,20241224,용도지구,변경,50130DSZ202412060208
S7B4AEEAD,2024-12,20241224,지구단위,변경,50130UTZ202412040002
S7B4AEEAD,2024-12,20241224,지구단위,변경,50130UTZ202412040003
S7B4AEEAD,2025-11,20251118,지구단위,변경,50130UTZ202511180001
S7B93A15E,2024-01,20240117,지구단위,변경,26000UTZ202401170001
S7B93A15E,2025-08,20250814,지구단위,변경,26000UTZ202508260001
S7B93A15E,2025-11,20251121,지구단위,신설,26710UTZ202511210001
S7B93A15E,2025-11,20251121,지구단위,변경,26710UTZ202511210002
S7B93A15E,2026-06,20260622,지구단위,변경,26000UTZ202606220004
S7BCF3A8A,2024-11,20241108,용도지구,변경,41460DSZ202411081001
S7BCF3A8A,2024-11,20241108,지구단위,신설,41460UTZ202411081001
S7BCF3A8A,2025-02,20250204,용도지구,변경,41460DSZ202502043001
S7BCF3A8A,2025-02,20250204,지구단위,변경,41460UTZ202502043001
S7BCF3A8A,2025-05,20250526,지구단위,변경,41460UTZ202505262001
S7BCF3A8A,2025-09,20250922,지구단위,신설,41460UTZ202509220006
S7BCF3A8A,2026-02,20260205,용도지구,변경,41460DSZ202602053001
S7BCF3A8A,2026-02,20260205,지구단위,변경,41460UTZ202602053001
S7BCF3A8A,2026-02,20260211,용도지구,변경,41460DSZ202602111001
S7BCF3A8A,2026-02,20260211,지구단위,변경,41460UTZ202602111001
S7BCF3A8A,2026-02,20260227,용도지구,변경,41460DSZ202602270001
S7BCF3A8A,2026-02,20260227,지구단위,변경,41460UTZ202602270003
S7BCF3A8A,2026-03,20260305,용도지구,변경,41460DSZ202603051001
S7BCF3A8A,2026-03,20260305,지구단위,변경,41460UTZ202603051001
S7BCF3A8A,2026-05,20260513,용도지구,변경,41460DSZ202605130001
S7BCF3A8A,2026-05,20260513,지구단위,변경,41460UTZ202605130004
S7C4F2067,2024-02,20240226,지구단위,변경,11740UTZ202211250002
S7C4F2067,2024-04,20240401,지구단위,변경,11000UTZ201109144000
S7C4F2067,2024-07,20240702,지구단위,변경,11740UTZ202211250003
S7C4F2067,2024-07,20240724,용도지구,폐지,11000DSZ196312131466
S7C4F2067,2024-07,20240724,용도지구,폐지,11000DSZ196907141475
S7C4F2067,2024-08,20240827,지구단위,변경,11000UTZ201109144001
S7C4F2067,2024-10,20241010,지구단위,변경,11000UTZ201109144002
S7C4F2067,2024-11,20241104,지구단위,신설,11740UTZ202405280001
S7C4F2067,2025-07,20250708,지구단위,신설,11000UTZ202507080002
S7C4F2067,2026-02,20260210,지구단위,폐지,11000UTZ202102230004
S7C4F2067,2026-02,20260210,지구단위,폐지,11000UTZ202102230005
S7C4F2067,2026-02,20260210,지구단위,폐지,11740UTZ202405280002
S7C4F2067,2026-02,20260210,지구단위,신설,11740UTZ202602020001
S7CB12621,2025-10,20251030,지구단위,변경,26000UTZ202511040001
S7CB12621,2025-10,20251030,지구단위,변경,26350UTZ202510310002
S7CB12621,2025-12,20251231,지구단위,변경,26350UTZ202512310001
S7D66F4F9,2025-04,20250421,지구단위,변경,41630UTZ202504210001
S7D66F4F9,2025-07,20250710,지구단위,변경,41630UTZ202507100003
S7D8EDDE6,2025-12,20251224,지구단위,변경,44770UTZ202512240001
S7D8EDDE6,2026-01,20260108,용도구역,신설,44770BTZ202601080001
S7D8EDDE6,2026-01,20260108,용도구역,신설,44770BTZ202601080002
S7D8EDDE6,2026-01,20260108,용도구역,신설,44770BTZ202601080003
S7D8EDDE6,2026-01,20260108,용도구역,신설,44770BTZ202601080004
S7D8EDDE6,2026-01,20260108,용도구역,신설,44770BTZ202601080005
S7D8EDDE6,2026-01,20260108,용도구역,신설,44770BTZ202601080057
S7D8EDDE6,2026-01,20260108,용도구역,신설,44770BTZ202601080058
S7D8EDDE6,2026-01,20260108,용도구역,신설,44770BTZ202601080059
S7D8EDDE6,2026-01,20260108,용도구역,신설,44770BTZ202601080060
S7D8EDDE6,2026-01,20260108,용도구역,신설,44770BTZ202601080061
S7D8EDDE6,2026-01,20260108,용도구역,신설,44770BTZ202601080062
S7D8EDDE6,2026-01,20260108,용도구역,신설,44770BTZ202601080063
S7D8EDDE6,2026-01,20260108,용도구역,신설,44770BTZ202601080064
S7D8EDDE6,2026-01,20260108,용도구역,신설,44770BTZ202601080065
S7D8EDDE6,2026-01,20260108,용도구역,신설,44770BTZ202601080066
S7D8EDDE6,2026-01,20260108,용도구역,신설,44770BTZ202601080067
S7D8EDDE6,2026-01,20260108,용도구역,신설,44770BTZ202601080068
S7D8EDDE6,2026-01,20260108,용도구역,신설,44770BTZ202601080069
S7D8EDDE6,2026-01,20260108,용도구역,신설,44770BTZ202601080070
S7D8EDDE6,2026-01,20260108,용도구역,신설,44770BTZ202601080071
S7D8EDDE6,2026-01,20260108,용도구역,신설,44770BTZ202601080072
S7D8EDDE6,2026-01,20260108,용도구역,신설,44770BTZ202601080073
S7D8EDDE6,2026-01,20260108,용도구역,신설,44770BTZ202601080074
S7D8EDDE6,2026-01,20260108,용도구역,신설,44770BTZ202601080075
S7D8EDDE6,2026-01,20260108,용도구역,신설,44770BTZ202601080076
S7DB81BFC,2024-05,20240516,지구단위,신설,28237UTZ202405160002
S7DB81BFC,2024-07,20240724,지구단위,변경,28237UTZ202407240001
S7DB81BFC,2025-08,20250813,지구단위,변경,28237UTZ202606120001
S7E041E01,2025-03,20250304,용도지구,변경,30140DSZ202503120001
S7E041E01,2025-03,20250304,용도지구,변경,30140DSZ202503120003
S7E041E01,2025-03,20250304,지구단위,신설,30140UTZ202503040001
S7E85B6BA,2024-09,20240913,지구단위,변경,41110UTZ202409130001
S7E85B6BA,2025-11,20251107,지구단위,신설,41110UTZ202511070001
S7E85B6BA,2026-03,20260304,지구단위,신설,41110UTZ202603040001
S7EE44732,2026-02,20260206,용도지구,변경,41650DSZ202602060004
S7EE44732,2026-02,20260206,지구단위,변경,41650UTZ202602060019
S7EE44732,2026-02,20260227,용도구역,폐지,41650BTZ202602270051
S7EE44732,2026-02,20260227,용도구역,변경,41650BTZ202602270052
S7F8BC8A1,2024-01,20240122,지구단위,폐지,27000UTZ202401220001
S7F8BC8A1,2026-03,20260309,지구단위,변경,27140UTZ202603090001
S7F8BC8A1,2026-03,20260316,지구단위,변경,27140UTZ202603160001
S7F8BC8A1,2026-03,20260326,지구단위,변경,27140UTZ202603260001
S7FB537F4,2024-01,20240102,용도지구,변경,44130DSZ202401020003
S7FB537F4,2024-01,20240102,지구단위,변경,44130UTZ202401020003
S7FB537F4,2024-01,20240129,용도구역,신설,44130BTZ202401290144
S7FB537F4,2024-01,20240129,용도구역,신설,44130BTZ202401290145
S7FB537F4,2024-01,20240129,용도구역,신설,44130BTZ202401290146
S7FB537F4,2024-01,20240129,용도구역,신설,44130BTZ202401290147
S7FB537F4,2024-01,20240129,용도구역,신설,44130BTZ202401290148
S7FB537F4,2024-01,20240129,용도구역,신설,44130BTZ202401290149
S7FB537F4,2024-01,20240129,용도구역,신설,44130BTZ202401290150
S7FB537F4,2024-01,20240129,용도구역,신설,44130BTZ202401290151
S7FB537F4,2024-01,20240129,용도구역,신설,44130BTZ202401290152
S7FB537F4,2024-01,20240129,용도구역,신설,44130BTZ202401290153
S7FB537F4,2024-01,20240129,용도구역,신설,44130BTZ202401290154
S7FB537F4,2024-01,20240129,용도구역,신설,44130BTZ202401290155
S7FB537F4,2024-01,20240129,용도구역,신설,44130BTZ202401290156
S7FB537F4,2024-01,20240129,용도구역,신설,44130BTZ202401290157
S7FB537F4,2024-01,20240129,용도구역,신설,44130BTZ202401290158
S7FB537F4,2024-01,20240129,용도구역,신설,44130BTZ202401290159
S7FB537F4,2024-01,20240129,용도구역,신설,44130BTZ202401290160
S7FB537F4,2024-01,20240129,용도구역,신설,44130BTZ202401290161
S7FB537F4,2024-01,20240129,용도구역,신설,44130BTZ202401290162
S7FB537F4,2024-01,20240129,용도구역,신설,44130BTZ202401290163
S7FB537F4,2024-01,20240129,용도구역,신설,44130BTZ202401290164
S7FB537F4,2024-01,20240129,용도구역,신설,44130BTZ202401290165
S7FB537F4,2024-01,20240129,용도구역,신설,44130BTZ202401290166
S802F23A4,2025-10,20251015,지구단위,신설,46230UTZ202510150001
S802F23A4,2025-10,20251015,지구단위,신설,46230UTZ202510150002
S807B9B5A,2024-04,20240422,지구단위,변경,44130UTZ202404220001
S807B9B5A,2024-06,20240608,지구단위,변경,44130UTZ202406060001
S80F0D4BB,2024-02,20240226,지구단위,변경,11740UTZ202211250002
S80F0D4BB,2024-06,20240625,지구단위,변경,11740UTZ202406250001
S80F0D4BB,2024-07,20240702,지구단위,변경,11740UTZ202211250003
S80F0D4BB,2024-11,20241104,지구단위,변경,11000UTZ202101050006
S80F0D4BB,2025-09,20250919,지구단위,폐지,11000UTZ201412044241
S80F0D4BB,2025-09,20250919,지구단위,변경,11000UTZ201412044242
S80F0D4BB,2025-09,20250919,지구단위,변경,11000UTZ201412044243
S80F0D4BB,2025-09,20250919,지구단위,변경,11000UTZ201412044244
S80F0D4BB,2025-09,20250919,지구단위,변경,11000UTZ201412044245
S80F0D4BB,2025-09,20250919,지구단위,변경,11740UTZ202509190001
S80F0D4BB,2025-10,20251002,지구단위,폐지,11000UTZ202109060002
S80F0D4BB,2025-10,20251002,지구단위,폐지,11740UTZ202110260006
S80F0D4BB,2025-10,20251002,지구단위,폐지,11740UTZ202406250002
S81B561BC,2024-03,20240314,지구단위,변경,41360UTZ202403140004
S81B561BC,2024-07,20240711,지구단위,변경,41360UTZ202407110012
S81B561BC,2024-10,20241031,지구단위,변경,41360UTZ202411060030
S81B561BC,2024-11,20241128,용도구역,폐지,41360BTZ202411280007
S81B561BC,2024-11,20241128,지구단위,신설,41360UTZ202411280036
S81B561BC,2024-12,20241203,지구단위,변경,41360UTZ202412030033
S81B561BC,2024-12,20241224,용도구역,폐지,41360BTZ202412240026
S81B561BC,2025-06,20250626,지구단위,변경,41360UTZ202506260039
S81B561BC,2025-06,20250630,지구단위,변경,41360UTZ202506300040
S81B561BC,2025-07,20250729,지구단위,변경,41360UTZ202507290049
S81B561BC,2025-09,20250904,지구단위,변경,41360UTZ202509040091
S81B561BC,2025-09,20250904,지구단위,변경,41360UTZ202509040092
S81B561BC,2025-09,20250904,지구단위,변경,41360UTZ202509040093
S81B561BC,2025-09,20250904,지구단위,변경,41360UTZ202509040094
S81B561BC,2025-09,20250925,지구단위,변경,41360UTZ202509250098
S81B561BC,2025-11,20251103,지구단위,변경,41360UTZ202511030001
S81B561BC,2025-12,20251205,지구단위,변경,41360UTZ202512050099
S81B561BC,2025-12,20251205,지구단위,변경,41360UTZ202512050101
S81B561BC,2025-12,20251205,지구단위,변경,41360UTZ202512050102
S81B561BC,2025-12,20251205,지구단위,변경,41360UTZ202512050104
S81B561BC,2025-12,20251205,지구단위,변경,41360UTZ202512050122
S81B561BC,2025-12,20251205,지구단위,신설,41360UTZ202512050123
S81B561BC,2025-12,20251205,지구단위,변경,41360UTZ202512050154
S81B561BC,2025-12,20251215,지구단위,변경,41360UTZ202512150001
S81B561BC,2025-12,20251215,지구단위,변경,41360UTZ202512150003
S81B561BC,2025-12,20251215,지구단위,변경,41360UTZ202512150004
S81B561BC,2025-12,20251215,지구단위,변경,41360UTZ202512150006
S81B561BC,2025-12,20251215,지구단위,변경,41360UTZ202512150024
S81B561BC,2025-12,20251215,지구단위,신설,41360UTZ202512150025
S81B561BC,2025-12,20251215,지구단위,변경,41360UTZ202512150056
S81B561BC,2025-12,20251222,지구단위,변경,41360UTZ202512220005
S81B561BC,2025-12,20251230,지구단위,변경,41360UTZ202512300156
S81B561BC,2025-12,20251231,지구단위,변경,41360UTZ202512310157
S81B561BC,2026-02,20260211,지구단위,변경,41360UTZ202602110001
S81B561BC,2026-05,20260507,지구단위,변경,41360UTZ202605075434
S81B561BC,2026-05,20260507,지구단위,신설,41360UTZ202605075435
S81B561BC,2026-05,20260520,지구단위,변경,41360UTZ202605200001
S81B561BC,2026-05,20260520,지구단위,신설,41360UTZ202605200002
S81CF70A3,2025-06,20250602,지구단위,신설,47900UTZ202506020001
S81F2FD5D,2024-05,20240510,지구단위,변경,51130UTZ202405100001
S81F2FD5D,2024-09,20240906,용도구역,신설,51130BTZ202409060001
S81F2FD5D,2024-12,20241203,용도구역,변경,51130BTZ202411190070
S81F2FD5D,2025-01,20250117,지구단위,신설,51130UTZ202501170001
S81F2FD5D,2025-02,20250214,지구단위,변경,51130UTZ202502140001
S81F2FD5D,2025-05,20250526,지구단위,신설,51130UTZ202504140002
S81F2FD5D,2025-06,20250611,지구단위,변경,51130UTZ202504150001
S81F2FD5D,2025-07,20250725,용도지구,변경,51130DSZ202507250001
S81F2FD5D,2025-07,20250725,지구단위,변경,51130UTZ202507250001
S81F2FD5D,2025-11,20251121,지구단위,변경,51130UTZ202511210001
S81F2FD5D,2025-12,20251204,지구단위,신설,51130UTZ202512040002
S81F2FD5D,2025-12,20251216,용도지구,변경,51130DSZ202512160001
S81F2FD5D,2025-12,20251217,용도지구,변경,51130DSZ202512170002
S81F2FD5D,2025-12,20251217,지구단위,변경,51130UTZ202512170009
S81F2FD5D,2025-12,20251223,용도지구,폐지,51130DSZ202512230001
S81F2FD5D,2025-12,20251223,지구단위,변경,51130UTZ202512230003
S81F2FD5D,2025-12,20251229,용도지구,변경,51130DSZ202512290001
S81F2FD5D,2025-12,20251229,지구단위,변경,51130UTZ202512290003
S81F2FD5D,2025-12,20251229,지구단위,변경,51130UTZ202512290004
S81F2FD5D,2025-12,20251231,용도구역,신설,51130BTZ202512310001
S81F2FD5D,2025-12,20251231,지구단위,변경,51130UTZ202512310001
S81F2FD5D,2026-01,20260106,용도구역,신설,51130BTZ202601060003
S81F2FD5D,2026-02,20260212,용도지구,변경,51130DSZ202602120001
S81F2FD5D,2026-02,20260212,지구단위,변경,51130UTZ202602120001
S81F2FD5D,2026-02,20260212,지구단위,변경,51130UTZ202602120005
S81F2FD5D,2026-04,20260409,지구단위,변경,51130UTZ202604090002
S8202447A,2024-03,20240311,지구단위,변경,41480UTZ202403110001
S8202447A,2024-04,20240401,지구단위,변경,41480UTZ202404010001
S8202447A,2024-04,20240419,지구단위,변경,41480UTZ202404192001
S8202447A,2024-05,20240531,지구단위,변경,41480UTZ202405310001
S8202447A,2024-06,20240617,지구단위,변경,41480UTZ202406170001
S8202447A,2025-04,20250428,지구단위,신설,41480UTZ202504282001
S8202447A,2026-05,20260515,지구단위,변경,41480UTZ202605150001
S823494DF,2024-05,20240522,지구단위,변경,50130UTZ202405200001
S823494DF,2024-06,20240621,지구단위,변경,50130UTZ202406030001
S823494DF,2024-06,20240621,지구단위,신설,50130UTZ202406030002
S823494DF,2024-12,20241202,용도지구,변경,50130DSZ202412040017
S823494DF,2024-12,20241202,용도지구,변경,50130DSZ202412040061
S823494DF,2024-12,20241202,용도지구,변경,50130DSZ202412040062
S823494DF,2024-12,20241202,용도지구,변경,50130DSZ202412040063
S823494DF,2024-12,20241202,용도지구,변경,50130DSZ202412040064
S823494DF,2024-12,20241202,용도지구,변경,50130DSZ202412040065
S823494DF,2024-12,20241202,용도지구,변경,50130DSZ202412040066
S823494DF,2024-12,20241202,용도지구,변경,50130DSZ202412040067
S823494DF,2024-12,20241202,용도지구,변경,50130DSZ202412040068
S823494DF,2024-12,20241202,용도지구,변경,50130DSZ202412040069
S823494DF,2024-12,20241202,용도지구,변경,50130DSZ202412040070
S823494DF,2024-12,20241202,용도지구,변경,50130DSZ202412040071
S823494DF,2024-12,20241202,용도지구,변경,50130DSZ202412040072
S823494DF,2024-12,20241202,용도지구,변경,50130DSZ202412040073
S823494DF,2024-12,20241205,지구단위,변경,50000UTZ202412050003
S823494DF,2024-12,20241205,지구단위,변경,50000UTZ202412050004
S823494DF,2024-12,20241209,지구단위,신설,50130UTZ202412090001
S823494DF,2024-12,20241224,용도지구,변경,50130DSZ202412060061
S823494DF,2024-12,20241224,용도지구,변경,50130DSZ202412060062
S823494DF,2024-12,20241224,용도지구,신설,50130DSZ202412060063
S823494DF,2024-12,20241224,용도지구,변경,50130DSZ202412060172
S823494DF,2024-12,20241224,용도지구,폐지,50130DSZ202412060173
S823494DF,2024-12,20241224,용도지구,변경,50130DSZ202412060174
S823494DF,2024-12,20241224,용도지구,변경,50130DSZ202412060175
S823494DF,2024-12,20241224,용도지구,변경,50130DSZ202412060176
S823494DF,2024-12,20241224,용도지구,변경,50130DSZ202412060177
S823494DF,2024-12,20241224,용도지구,변경,50130DSZ202412060178
S823494DF,2024-12,20241224,용도지구,변경,50130DSZ202412060179
S823494DF,2024-12,20241224,용도지구,변경,50130DSZ202412060180
S823494DF,2024-12,20241224,용도지구,변경,50130DSZ202412060181
S823494DF,2024-12,20241224,용도지구,변경,50130DSZ202412060182
S823494DF,2024-12,20241224,용도지구,변경,50130DSZ202412060183
S823494DF,2024-12,20241224,용도지구,변경,50130DSZ202412060184
S823494DF,2024-12,20241224,용도지구,변경,50130DSZ202412060185
S823494DF,2024-12,20241224,용도지구,변경,50130DSZ202412060186
S823494DF,2024-12,20241224,용도지구,변경,50130DSZ202412060187
S823494DF,2024-12,20241224,용도지구,변경,50130DSZ202412060188
S823494DF,2024-12,20241224,용도지구,신설,50130DSZ202412060189
S823494DF,2024-12,20241224,용도지구,신설,50130DSZ202412060190
S823494DF,2024-12,20241224,용도지구,신설,50130DSZ202412060191
S823494DF,2025-10,20251002,지구단위,변경,50130UTZ202510020001
S8347934C,2024-01,20240130,지구단위,변경,41250UTZ202401300001
S8347934C,2026-03,20260326,지구단위,변경,41250UTZ202603260001
S8347934C,2026-03,20260326,지구단위,변경,41250UTZ202603260002
S8347934C,2026-04,20260414,지구단위,변경,41250UTZ202604140001
S84017898,2024-01,20240122,지구단위,폐지,27000UTZ202401220001
S84017898,2026-03,20260309,지구단위,변경,27140UTZ202603090001
S84017898,2026-03,20260316,지구단위,변경,27140UTZ202603160001
S84017898,2026-03,20260326,지구단위,변경,27140UTZ202603260001
S859CF593,2024-09,20240920,지구단위,변경,27000UTZ202409200002
S859CF593,2024-10,20241021,지구단위,변경,27000UTZ202410210001
S859CF593,2025-05,20250530,지구단위,변경,27000UTZ202505300001
S859CF593,2025-09,20250901,지구단위,신설,27000UTZ202509010001
S859CF593,2025-11,20251110,지구단위,변경,27000UTZ202511100002
S859CF593,2025-11,20251111,지구단위,변경,27260UTZ202511110001
S859CF593,2025-11,20251120,지구단위,변경,27000UTZ202511200003
S859CF593,2025-11,20251120,지구단위,변경,27260UTZ202511200002
S859CF593,2025-11,20251128,용도지구,변경,27260DSZ202511280001
S859CF593,2025-11,20251128,지구단위,신설,27260UTZ202511280001
S859CF593,2025-12,20251201,지구단위,변경,27000UTZ202512010003
S859CF593,2026-01,20260109,지구단위,변경,27000UTZ202601090001
S859CF593,2026-01,20260109,지구단위,변경,27260UTZ202601090001
S863B2795,2025-08,20250827,용도지구,변경,51210DSZ202508270031
S865E5E63,2024-12,20241220,용도지구,변경,28000DSZ202412200001
S865E5E63,2024-12,20241220,지구단위,변경,28000UTZ202412200001
S8799E1AA,2025-10,20251002,용도지구,변경,41590DSZ202510020003
S8799E1AA,2025-10,20251002,지구단위,변경,41590UTZ202510020016
S8799E1AA,2025-10,20251015,용도지구,변경,41590DSZ202510150002
S8799E1AA,2025-10,20251015,지구단위,변경,41590UTZ202510150004
S87BCABB1,2025-04,20250407,지구단위,신설,41190UTZ202504070209
S87BCABB1,2025-10,20251027,용도구역,변경,41190BTZ202510270006
S87BCABB1,2025-10,20251027,지구단위,변경,41190UTZ202510270001
S88DF615C,2024-04,20240405,지구단위,신설,26230UTZ202404080001
S88DF615C,2024-04,20240412,지구단위,신설,26000UTZ202404120001
S88DF615C,2025-01,20250116,지구단위,폐지,26000UTZ202501210001
S88DF615C,2025-03,20250326,지구단위,신설,26000UTZ202503310001
S896EAC7F,2024-02,20240205,지구단위,변경,11000UTZ201511124262
S896EAC7F,2024-02,20240205,지구단위,변경,11000UTZ201611294349
S896EAC7F,2024-02,20240205,지구단위,신설,11000UTZ202011081142
S896EAC7F,2024-02,20240205,지구단위,변경,11000UTZ202011090019
S896EAC7F,2024-02,20240205,지구단위,폐지,11000UTZ202011090020
S896EAC7F,2024-02,20240205,지구단위,변경,11545UTZ202011240003
S896EAC7F,2024-02,20240205,지구단위,신설,11545UTZ202211170002
S896EAC7F,2024-07,20240724,용도지구,폐지,11000DSZ197208140750
S896EAC7F,2024-07,20240724,용도지구,폐지,11000DSZ197306050764
S896EAC7F,2025-05,20250515,지구단위,신설,11545UTZ202503270001
S896EAC7F,2025-09,20250925,지구단위,변경,11000UTZ201511274285
S899E96A9,2024-01,20240110,지구단위,변경,27000UTZ202401100002
S899E96A9,2024-04,20240430,지구단위,변경,27000UTZ202404300002
S899E96A9,2024-10,20241030,지구단위,변경,27000UTZ202410300001
S899E96A9,2025-10,20251030,용도구역,변경,27000BTZ202510300001
S899E96A9,2025-10,20251030,용도구역,변경,27710BTZ202510300002
S89A47359,2024-01,20240111,용도구역,신설,48330BTZ202401110001
S89A47359,2024-10,20241010,지구단위,변경,48330UTZ202410100001
S89A47359,2025-09,20250918,용도구역,폐지,48330BTZ202509180003
S89A47359,2025-12,20251209,지구단위,신설,48330UTZ202512090001
S89A5BE07,2024-07,20240717,용도구역,폐지,41590BTZ202407170008
S89A5BE07,2025-07,20250704,지구단위,변경,41590UTZ202507040013
S89A5BE07,2025-08,20250829,용도구역,변경,41590BTZ202508290005
S89A5BE07,2025-10,20251014,지구단위,변경,41590UTZ202510140006
S89A5BE07,2026-03,20260318,지구단위,변경,41590UTZ202603180009
S89A5BE07,2026-03,20260319,지구단위,변경,41590UTZ202603190002
S89A5BE07,2026-05,20260527,지구단위,변경,41590UTZ202605270014
S89A5BE07,2026-05,20260529,지구단위,변경,41590UTZ202605290001
S8A249C59,2024-07,20240730,지구단위,폐지,41280UTZ202407304871
S8A249C59,2025-10,20251014,지구단위,폐지,41280UTZ202510140001
S8A249C59,2025-10,20251028,지구단위,변경,41280UTZ202510285102
S8A249C59,2025-11,20251113,지구단위,변경,41280UTZ202511130001
S8A488F65,2024-02,20240205,지구단위,신설,11000UTZ202402020001
S8A488F65,2024-02,20240205,지구단위,신설,11000UTZ202402020002
S8A488F65,2024-02,20240205,지구단위,신설,11000UTZ202402020003
S8A488F65,2024-04,20240417,지구단위,변경,11710UTZ202008040005
S8A4E2EA9,2024-07,20240701,지구단위,변경,27000UTZ202407010001
S8A4E2EA9,2024-12,20241220,지구단위,변경,27000UTZ202412200002
S8A4E2EA9,2025-12,20251219,지구단위,신설,27260UTZ202512190001
S8A4E2EA9,2025-12,20251222,지구단위,신설,27000UTZ202512220001
S8AC371A9,2024-02,20240202,지구단위,변경,48240UTZ202402020001
S8AC371A9,2024-02,20240205,지구단위,변경,48240UTZ202402050001
S8AC371A9,2024-03,20240328,지구단위,변경,48240UTZ202403282001
S8AC371A9,2024-04,20240402,지구단위,변경,48240UTZ202404020001
S8AC371A9,2024-05,20240509,용도구역,신설,48240BTZ202405090001
S8AC371A9,2024-07,20240704,용도구역,변경,48240BTZ202407040001
S8AC371A9,2024-10,20241031,지구단위,변경,48240UTZ202410310001
S8AC371A9,2024-11,20241118,지구단위,변경,48240UTZ202411180001
S8AC371A9,2025-09,20250930,지구단위,변경,48240UTZ202509300001
S8AC371A9,2025-12,20251216,지구단위,변경,48240UTZ202512160001
S8AC371A9,2025-12,20251222,지구단위,변경,48240UTZ202512220001
S8ADCD718,2024-12,20241202,용도지구,변경,50110DSZ202412020122
S8ADCD718,2025-01,20250117,지구단위,신설,50000UTZ202501170001
S8AE5D876,2024-05,20240524,지구단위,변경,51130UTZ202405240001
S8AE5D876,2024-12,20241203,용도구역,변경,51130BTZ202411190075
S8AE5D876,2025-03,20250314,지구단위,변경,51130UTZ202503140002
S8AE5D876,2025-12,20251217,지구단위,변경,51130UTZ202512170003
S8AE5D876,2025-12,20251223,지구단위,변경,51130UTZ202512230004
S8AE5D876,2025-12,20251223,지구단위,변경,51130UTZ202512230005
S8AE5D876,2026-01,20260102,지구단위,변경,51130UTZ202601020011
S8AE5D876,2026-02,20260212,지구단위,변경,51130UTZ202602120002
S8C7212F3,2024-12,20241226,용도지구,변경,31000DSZ202412230128
S8C7212F3,2024-12,20241227,용도지구,변경,31000DSZ202412270159
S8C7212F3,2025-06,20250611,지구단위,변경,31710UTZ202506110001
S8C7212F3,2025-06,20250612,지구단위,변경,31000UTZ202506120002
S8C7212F3,2025-07,20250703,지구단위,변경,31000UTZ202507030002
S8C7212F3,2025-10,20251023,지구단위,신설,31000UTZ202510230001
S8C7212F3,2025-10,20251023,지구단위,신설,31710UTZ202510240001
S8C7212F3,2025-10,20251028,지구단위,신설,31710UTZ202510280001
S8C7212F3,2025-10,20251029,지구단위,신설,31710UTZ202510290001
S8C7212F3,2025-12,20251230,용도구역,변경,31710BTZ202512290007
S8C7212F3,2025-12,20251230,용도구역,변경,31710BTZ202512290008
S8C7212F3,2025-12,20251230,용도구역,신설,31710BTZ202512290013
S8C7212F3,2026-05,20260519,지구단위,신설,31710UTZ202605190001
S8C7212F3,2026-05,20260522,지구단위,변경,31710UTZ202605220001
S8C87574D,2025-04,20250407,지구단위,신설,41190UTZ202504070209
S8C87574D,2025-10,20251027,용도구역,변경,41190BTZ202510270006
S8C87574D,2025-10,20251027,지구단위,변경,41190UTZ202510270001
S8CC2AE1F,2025-10,20251002,지구단위,변경,36110UTZ202510020017
S8CC3E24B,2024-03,20240313,지구단위,변경,47110UTZ202403130001
S8CC3E24B,2024-03,20240320,지구단위,변경,47110UTZ202403200003
S8CC3E24B,2024-06,20240605,지구단위,변경,47110UTZ202406050001
S8CC3E24B,2024-06,20240619,용도구역,신설,47110BTZ202406190002
S8CC3E24B,2024-06,20240619,용도구역,신설,47110BTZ202406190003
S8CC3E24B,2024-06,20240619,용도구역,실효,47110BTZ202406190006
S8CC3E24B,2024-06,20240619,용도구역,실효,47110BTZ202406190007
S8CC3E24B,2024-06,20240619,지구단위,실효,47110UTZ202406190002
S8CC3E24B,2024-06,20240619,지구단위,실효,47110UTZ202406190003
S8CC3E24B,2024-06,20240619,지구단위,신설,47110UTZ202406190006
S8CC3E24B,2024-06,20240619,지구단위,신설,47110UTZ202406190007
S8CC3E24B,2024-07,20240703,용도구역,신설,47110BTZ202407030001
S8CC3E24B,2024-07,20240703,용도구역,신설,47110BTZ202407030023
S8CC3E24B,2024-07,20240703,용도구역,신설,47110BTZ202407030024
S8CC3E24B,2024-07,20240703,용도구역,신설,47110BTZ202407030085
S8CC3E24B,2024-07,20240703,용도구역,신설,47110BTZ202407030155
S8CC3E24B,2024-07,20240703,용도구역,신설,47110BTZ202407030156
S8CC3E24B,2024-07,20240703,용도구역,신설,47110BTZ202407030157
S8CC3E24B,2024-07,20240703,용도구역,신설,47110BTZ202407030158
S8CC3E24B,2024-07,20240703,용도구역,신설,47110BTZ202407030159
S8CC3E24B,2024-07,20240703,용도구역,신설,47110BTZ202407030160
S8CC3E24B,2024-07,20240703,용도구역,신설,47110BTZ202407030161
S8CC3E24B,2024-07,20240703,용도구역,신설,47110BTZ202407030162
S8CC3E24B,2024-07,20240703,용도구역,신설,47110BTZ202407030163
S8CC3E24B,2024-07,20240703,용도구역,신설,47110BTZ202407030164
S8CC3E24B,2024-07,20240710,지구단위,변경,47110UTZ202407100001
S8CC3E24B,2024-10,20241002,지구단위,변경,47110UTZ202410020001
S8CC3E24B,2024-10,20241007,지구단위,변경,47110UTZ202410070001
S8CC3E24B,2024-11,20241128,지구단위,변경,47110UTZ202411280001
S8CC3E24B,2024-12,20241204,용도구역,신설,47110BTZ202412040001
S8CC3E24B,2024-12,20241204,용도구역,신설,47110BTZ202412040002
S8CC3E24B,2024-12,20241204,지구단위,변경,47110UTZ202412040001
S8CC3E24B,2025-02,20250218,용도구역,신설,47110BTZ202502180001
S8CC3E24B,2025-02,20250218,용도구역,신설,47110BTZ202502180002
S8CC3E24B,2025-02,20250218,지구단위,신설,47110UTZ202502180001
S8CC3E24B,2025-02,20250218,지구단위,신설,47110UTZ202502180002
S8CC3E24B,2025-07,20250724,지구단위,변경,47110UTZ202507240001
S8CC3E24B,2025-07,20250728,지구단위,변경,47110UTZ202507280001
S8CC3E24B,2025-11,20251114,지구단위,폐지,47110UTZ202511140002
S8CC3E24B,2025-11,20251114,지구단위,폐지,47110UTZ202511140004
S8CC3E24B,2025-11,20251114,지구단위,신설,47110UTZ202511140008
S8CC3E24B,2025-11,20251114,지구단위,신설,47110UTZ202511140010
S8CC3E24B,2026-04,20260424,용도지구,변경,47110DSZ202604240001
S8D9E41DC,2024-03,20240311,지구단위,변경,41480UTZ202403110001
S8D9E41DC,2024-06,20240617,지구단위,변경,41480UTZ202406170001
S8E09C96E,2024-04,20240415,지구단위,변경,51130UTZ202404150001
S8E09C96E,2024-12,20241203,용도구역,변경,51130BTZ202411190076
S8E09C96E,2025-06,20250616,지구단위,변경,51130UTZ202506160001
S8E09C96E,2025-09,20250905,지구단위,정정,51130UTZ202509050001
S8E09C96E,2025-12,20251216,지구단위,변경,51130UTZ202512160001
S8E09C96E,2025-12,20251216,지구단위,신설,51130UTZ202512160004
S8E09C96E,2025-12,20251229,지구단위,신설,51130UTZ202512290001
S8E09C96E,2026-01,20260102,지구단위,변경,51130UTZ202601020004
S8E09C96E,2026-02,20260204,지구단위,변경,51130UTZ202602040005
S8E09C96E,2026-02,20260212,지구단위,변경,51130UTZ202602120003
S8E09C96E,2026-02,20260212,지구단위,변경,51130UTZ202602120004
S8F3849F4,2026-01,20260129,용도구역,신설,47150BTZ202601290837
S8F3849F4,2026-01,20260129,용도구역,신설,47150BTZ202601290838
S8F3849F4,2026-01,20260129,용도구역,신설,47150BTZ202601290839
S8F3849F4,2026-02,20260202,용도구역,신설,47150BTZ202602020456
S8F3849F4,2026-02,20260202,용도구역,신설,47150BTZ202602020457
S8F3849F4,2026-02,20260202,용도구역,신설,47150BTZ202602020458
S8F3849F4,2026-02,20260203,용도구역,신설,47150BTZ202602030456
S8F3849F4,2026-02,20260203,용도구역,신설,47150BTZ202602030457
S8F3849F4,2026-02,20260203,용도구역,신설,47150BTZ202602030458
S8F445778,2024-05,20240528,지구단위,변경,41460UTZ202405281001
S8F445778,2024-06,20240624,지구단위,변경,41460UTZ202406241001
S8F445778,2024-12,20241206,지구단위,변경,41460UTZ202412064001
S8F445778,2024-12,20241216,지구단위,변경,41460UTZ202412162001
S8F445778,2025-02,20250203,지구단위,변경,41460UTZ202502033001
S8F445778,2025-02,20250204,용도지구,변경,41460DSZ202502043001
S8F445778,2025-02,20250204,지구단위,변경,41460UTZ202502043001
S8F445778,2025-03,20250311,지구단위,변경,41460UTZ202503111001
S8F445778,2025-08,20250828,지구단위,변경,41460UTZ202508280002
S8F445778,2025-09,20250924,지구단위,변경,41460UTZ202509240002
S8F445778,2025-09,20250925,지구단위,변경,41460UTZ202509240004
S8F445778,2026-02,20260202,지구단위,변경,41460UTZ202602021001
S8F445778,2026-02,20260213,지구단위,변경,41460UTZ202602132001
S8F445778,2026-02,20260227,지구단위,변경,41460UTZ202602270002
S8F445778,2026-05,20260504,지구단위,변경,41460UTZ202605040002
S8F445778,2026-05,20260513,용도지구,변경,41460DSZ202605130001
S8F445778,2026-05,20260513,지구단위,변경,41460UTZ202605130004
S8F445778,2026-05,20260515,지구단위,변경,41460UTZ202605150001
S8FC6A518,2025-08,20250812,지구단위,변경,41460UTZ202508122001
S8FC6A518,2026-05,20260522,지구단위,변경,41460UTZ202605220002
S8FDBDC74,2024-02,20240201,지구단위,신설,48250UTZ202402010006
S8FDBDC74,2024-02,20240215,지구단위,신설,48250UTZ202402150002
S8FDBDC74,2025-09,20250917,지구단위,변경,48250UTZ202509170033
S8FDBDC74,2025-09,20250917,지구단위,변경,48250UTZ202509170038
S8FDBDC74,2026-03,20260325,지구단위,변경,48250UTZ202603250013
S90468CA7,2024-01,20240103,지구단위,신설,31140UTZ202401150002
S90468CA7,2024-01,20240125,지구단위,변경,31000UTZ202401250001
S90468CA7,2024-02,20240207,지구단위,변경,31140UTZ202402070001
S90468CA7,2024-03,20240322,지구단위,신설,31000UTZ202403220001
S90468CA7,2024-04,20240418,지구단위,신설,31140UTZ202404180001
S90468CA7,2024-05,20240503,지구단위,변경,31000UTZ202405030001
S90468CA7,2024-08,20240802,지구단위,변경,31000UTZ202408020002
S90468CA7,2024-09,20240904,지구단위,변경,31140UTZ202409050001
S90468CA7,2024-09,20240904,지구단위,변경,31140UTZ202409050003
S90468CA7,2024-12,20241206,지구단위,변경,31000UTZ202412060001
S90468CA7,2024-12,20241226,용도지구,변경,31000DSZ202412230148
S90468CA7,2024-12,20241227,용도지구,변경,31000DSZ202412270157
S90468CA7,2025-01,20250123,지구단위,변경,31000UTZ202501230001
S90468CA7,2025-01,20250123,지구단위,변경,31140UTZ202502060001
S90468CA7,2025-02,20250228,용도구역,신설,31000BTZ202502280001
S90468CA7,2025-07,20250704,지구단위,변경,31000UTZ202507040001
S90468CA7,2025-07,20250704,지구단위,변경,31000UTZ202507040002
S90468CA7,2025-07,20250716,지구단위,변경,31140UTZ202507160001
S90468CA7,2025-07,20250730,지구단위,변경,31140UTZ202507300003
S90468CA7,2025-08,20250815,지구단위,변경,31140UTZ202508150001
S90468CA7,2025-09,20250912,지구단위,변경,31000UTZ202509120001
S90468CA7,2025-09,20250925,지구단위,신설,31000UTZ202509250002
S90468CA7,2025-10,20251002,지구단위,변경,31000UTZ202510020002
S90468CA7,2025-11,20251110,지구단위,변경,31140UTZ202511130001
S90468CA7,2025-11,20251110,지구단위,변경,31140UTZ202511130002
S90468CA7,2026-01,20260123,지구단위,변경,31140UTZ202601220002
S90468CA7,2026-02,20260220,지구단위,신설,31140UTZ202602200001
S908D2F0E,2025-07,20250710,지구단위,변경,41630UTZ202507100003
S922A51DD,2024-04,20240422,지구단위,변경,27000UTZ202404220001
S922A51DD,2024-05,20240530,지구단위,변경,27000UTZ202405300001
S924C3837,2024-03,20240320,지구단위,변경,41460UTZ202403203001
S924C3837,2024-04,20240423,지구단위,변경,41460UTZ202404231001
S924C3837,2025-05,20250526,지구단위,변경,41460UTZ202505261001
S924C3837,2025-07,20250703,지구단위,변경,41460UTZ202507031001
S924C3837,2026-05,20260520,지구단위,변경,41460UTZ202605200004
S924C3837,2026-05,20260521,지구단위,변경,41460UTZ202605210005
S92754760,2024-05,20240522,지구단위,변경,50130UTZ202405200001
S92754760,2024-06,20240621,지구단위,변경,50130UTZ202406030001
S92754760,2024-06,20240621,지구단위,신설,50130UTZ202406030002
S92754760,2024-12,20241202,용도지구,변경,50130DSZ202412040017
S92754760,2024-12,20241202,용도지구,변경,50130DSZ202412040061
S92754760,2024-12,20241202,용도지구,변경,50130DSZ202412040062
S92754760,2024-12,20241202,용도지구,변경,50130DSZ202412040063
S92754760,2024-12,20241202,용도지구,변경,50130DSZ202412040064
S92754760,2024-12,20241202,용도지구,변경,50130DSZ202412040065
S92754760,2024-12,20241202,용도지구,변경,50130DSZ202412040066
S92754760,2024-12,20241202,용도지구,변경,50130DSZ202412040067
S92754760,2024-12,20241202,용도지구,변경,50130DSZ202412040068
S92754760,2024-12,20241202,용도지구,변경,50130DSZ202412040069
S92754760,2024-12,20241202,용도지구,변경,50130DSZ202412040070
S92754760,2024-12,20241202,용도지구,변경,50130DSZ202412040071
S92754760,2024-12,20241202,용도지구,변경,50130DSZ202412040072
S92754760,2024-12,20241202,용도지구,변경,50130DSZ202412040073
S92754760,2024-12,20241205,지구단위,변경,50000UTZ202412050003
S92754760,2024-12,20241205,지구단위,변경,50000UTZ202412050004
S92754760,2024-12,20241209,지구단위,신설,50130UTZ202412090001
S92754760,2024-12,20241224,용도지구,변경,50130DSZ202412060061
S92754760,2024-12,20241224,용도지구,변경,50130DSZ202412060062
S92754760,2024-12,20241224,용도지구,신설,50130DSZ202412060063
S92754760,2024-12,20241224,용도지구,변경,50130DSZ202412060172
S92754760,2024-12,20241224,용도지구,폐지,50130DSZ202412060173
S92754760,2024-12,20241224,용도지구,변경,50130DSZ202412060174
S92754760,2024-12,20241224,용도지구,변경,50130DSZ202412060175
S92754760,2024-12,20241224,용도지구,변경,50130DSZ202412060176
S92754760,2024-12,20241224,용도지구,변경,50130DSZ202412060177
S92754760,2024-12,20241224,용도지구,변경,50130DSZ202412060178
S92754760,2024-12,20241224,용도지구,변경,50130DSZ202412060179
S92754760,2024-12,20241224,용도지구,변경,50130DSZ202412060180
S92754760,2024-12,20241224,용도지구,변경,50130DSZ202412060181
S92754760,2024-12,20241224,용도지구,변경,50130DSZ202412060182
S92754760,2024-12,20241224,용도지구,변경,50130DSZ202412060183
S92754760,2024-12,20241224,용도지구,변경,50130DSZ202412060184
S92754760,2024-12,20241224,용도지구,변경,50130DSZ202412060185
S92754760,2024-12,20241224,용도지구,변경,50130DSZ202412060186
S92754760,2024-12,20241224,용도지구,변경,50130DSZ202412060187
S92754760,2024-12,20241224,용도지구,변경,50130DSZ202412060188
S92754760,2024-12,20241224,용도지구,신설,50130DSZ202412060189
S92754760,2024-12,20241224,용도지구,신설,50130DSZ202412060190
S92754760,2024-12,20241224,용도지구,신설,50130DSZ202412060191
S92754760,2025-10,20251002,지구단위,변경,50130UTZ202510020001
S93210B34,2025-04,20250429,지구단위,폐지,11000UTZ201203080007
S9357F055,2024-01,20240110,지구단위,변경,28177UTZ202401110001
S9357F055,2024-01,20240117,지구단위,변경,28177UTZ202401170003
S9357F055,2024-02,20240201,지구단위,변경,28177UTZ202402010001
S9357F055,2024-05,20240504,지구단위,변경,28177UTZ202405040001
S9357F055,2024-06,20240610,지구단위,변경,28177UTZ202406100001
S9357F055,2024-06,20240610,지구단위,변경,28177UTZ202406100002
S9357F055,2024-10,20241031,용도지구,변경,28177DSZ202411280001
S9357F055,2024-11,20241104,지구단위,변경,28177UTZ202412120001
S9357F055,2025-12,20251216,용도지구,변경,28000DSZ202512160003
S9357F055,2025-12,20251216,용도지구,변경,28000DSZ202512160004
S94A4CC20,2025-01,20250122,지구단위,변경,41570UTZ202501220001
S94A4CC20,2025-05,20250502,지구단위,폐지,41570UTZ202505020001
S95AB5C20,2024-02,20240216,지구단위,신설,26000UTZ202402160001
S95AB5C20,2025-06,20250617,지구단위,변경,26320UTZ202506170002
S95AB5C20,2025-06,20250617,지구단위,변경,26320UTZ202506170003
S95AB5C20,2025-06,20250619,지구단위,변경,26320UTZ202506230001
S95E6B733,2024-01,20240117,지구단위,변경,26000UTZ202401170001
S95E6B733,2025-08,20250814,지구단위,변경,26000UTZ202508260001
S95E6B733,2025-11,20251121,지구단위,신설,26710UTZ202511210001
S95E6B733,2025-11,20251121,지구단위,변경,26710UTZ202511210002
S95E6B733,2026-06,20260622,지구단위,변경,26000UTZ202606220004
S9637D1A5,2024-12,20241226,지구단위,신설,26000UTZ202412270001
S9637D1A5,2025-03,20250312,지구단위,신설,26000UTZ202503130001
S9696E01E,2024-03,20240322,지구단위,변경,41590UTZ202403221147
S9696E01E,2024-12,20241212,지구단위,변경,41590UTZ202412120885
S9696E01E,2025-03,20250304,지구단위,신설,41590UTZ202503040009
S9696E01E,2025-05,20250521,지구단위,변경,41590UTZ202505210017
S9696E01E,2025-10,20251001,지구단위,변경,41590UTZ202510010002
S9696E01E,2025-10,20251001,지구단위,신설,41590UTZ202510010004
S9696E01E,2025-10,20251010,지구단위,변경,41590UTZ202510100003
S9696E01E,2026-04,20260417,지구단위,변경,41590UTZ202604170012
S9696E01E,2026-04,20260423,지구단위,변경,41590UTZ202604230001
S96AA97D3,2024-03,20240307,용도지구,변경,46130DSZ202403070001
S96AA97D3,2024-03,20240307,지구단위,변경,46130UTZ202403070001
S96AA97D3,2025-04,20250403,용도지구,변경,46130DSZ202504030001
S96AA97D3,2025-04,20250403,지구단위,변경,46130UTZ202504030001
S972F3277,2025-12,20251208,지구단위,변경,28000UTZ202512080002
S974C3B84,2024-07,20240705,용도지구,폐지,51830DSZ202407050009
S974C3B84,2024-07,20240705,용도지구,폐지,51830DSZ202407050022
S974C3B84,2024-08,20240816,용도지구,폐지,51830DSZ202408160021
S97550927,2024-09,20240926,용도구역,폐지,41220BTZ202409260062
S9776F0A6,2025-03,20250306,지구단위,변경,11260UTZ202503060001
S978EF55A,2025-04,20250429,지구단위,폐지,11000UTZ201203080007
S97DFA8E7,2024-01,20240104,지구단위,신설,31000UTZ202401040001
S97DFA8E7,2024-03,20240328,지구단위,변경,31000UTZ202403280001
S97DFA8E7,2024-12,20241226,용도지구,변경,31000DSZ202412260007
S97DFA8E7,2024-12,20241226,용도지구,변경,31000DSZ202412260008
S97DFA8E7,2024-12,20241226,용도지구,변경,31000DSZ202412260009
S97DFA8E7,2024-12,20241226,용도지구,변경,31000DSZ202412260010
S97DFA8E7,2024-12,20241226,용도지구,변경,31000DSZ202412260011
S97DFA8E7,2024-12,20241226,용도지구,변경,31000DSZ202412260015
S97DFA8E7,2024-12,20241227,용도지구,변경,31000DSZ202412270042
S97DFA8E7,2024-12,20241227,용도지구,변경,31000DSZ202412270043
S97DFA8E7,2024-12,20241227,용도지구,변경,31000DSZ202412270044
S97DFA8E7,2024-12,20241227,용도지구,변경,31000DSZ202412270045
S97DFA8E7,2024-12,20241227,용도지구,변경,31000DSZ202412270046
S97DFA8E7,2024-12,20241227,용도지구,변경,31000DSZ202412270059
S97DFA8E7,2024-12,20241227,지구단위,변경,31000UTZ202412270003
S97DFA8E7,2025-02,20250205,지구단위,변경,31200UTZ202502050002
S97DFA8E7,2025-02,20250206,지구단위,변경,31000UTZ202502060001
S97DFA8E7,2025-03,20250320,지구단위,변경,31000UTZ202503200002
S97DFA8E7,2025-04,20250430,용도지구,변경,31200DSZ202504290002
S97DFA8E7,2025-04,20250430,용도지구,변경,31200DSZ202504290003
S97DFA8E7,2025-05,20250529,지구단위,변경,31000UTZ202505290001
S97DFA8E7,2025-06,20250605,지구단위,변경,31000UTZ202506050003
S9801538A,2024-12,20241230,용도지구,변경,41670DSZ202412300080
S9801538A,2024-12,20241230,용도지구,변경,41670DSZ202412300082
S9801538A,2024-12,20241230,용도지구,변경,41670DSZ202412300083
S9801538A,2024-12,20241230,지구단위,변경,41670UTZ202412300048
S9801538A,2024-12,20241230,지구단위,변경,41670UTZ202412300049
S9801538A,2024-12,20241230,지구단위,변경,41670UTZ202412300051
S9801538A,2024-12,20241230,지구단위,변경,41670UTZ202412300053
S9801538A,2025-03,20250325,용도지구,변경,41670DSZ202503250001
S9801538A,2025-03,20250325,지구단위,변경,41670UTZ202503250001
S990B5580,2024-12,20241202,용도지구,변경,50130DSZ202412040001
S990B5580,2024-12,20241202,용도지구,변경,50130DSZ202412040009
S990B5580,2024-12,20241202,용도지구,변경,50130DSZ202412040013
S990B5580,2024-12,20241202,용도지구,변경,50130DSZ202412040014
S990B5580,2024-12,20241204,용도지구,변경,50000DSZ202412040001
S990B5580,2024-12,20241224,용도지구,변경,50130DSZ202412060006
S990B5580,2024-12,20241224,용도지구,변경,50130DSZ202412060011
S990B5580,2024-12,20241224,용도지구,신설,50130DSZ202412060032
S990B5580,2024-12,20241224,용도지구,변경,50130DSZ202412060081
S990B5580,2024-12,20241224,용도지구,변경,50130DSZ202412060092
S990B5580,2024-12,20241224,용도지구,변경,50130DSZ202412060093
S990B5580,2024-12,20241224,용도지구,변경,50130DSZ202412060203
S990B5580,2024-12,20241224,용도지구,신설,50130DSZ202412060207
S9AEC8353,2024-01,20240122,지구단위,폐지,27000UTZ202401220001
S9AEC8353,2026-03,20260309,지구단위,변경,27140UTZ202603090001
S9AEC8353,2026-03,20260316,지구단위,변경,27140UTZ202603160001
S9AEC8353,2026-03,20260326,지구단위,변경,27140UTZ202603260001
S9BA124BF,2024-04,20240422,지구단위,변경,44200UTZ202404220001
S9BA124BF,2024-05,20240510,지구단위,변경,44200UTZ202405100001
S9BA124BF,2024-07,20240719,지구단위,변경,44200UTZ202407190001
S9BA124BF,2024-07,20240730,지구단위,변경,44200UTZ202407300001
S9BA124BF,2024-11,20241111,지구단위,변경,44200UTZ202411110002
S9BA124BF,2024-12,20241220,지구단위,변경,44200UTZ202412200002
S9BA124BF,2025-02,20250210,지구단위,변경,44200UTZ202502100001
S9BA124BF,2025-04,20250430,지구단위,변경,44200UTZ202504300001
S9BA124BF,2025-04,20250430,지구단위,변경,44200UTZ202504300002
S9BA124BF,2025-09,20250910,지구단위,변경,44200UTZ202509100001
S9BA124BF,2025-12,20251209,지구단위,변경,44200UTZ202512090001
S9BA124BF,2026-02,20260210,지구단위,변경,44200UTZ202602100001
S9BA124BF,2026-06,20260612,지구단위,변경,44200UTZ202606120001
S9CDC4F7D,2024-03,20240320,지구단위,신설,31710UTZ202403200001
S9CDC4F7D,2024-03,20240321,지구단위,신설,31000UTZ202403210001
S9CDC4F7D,2024-04,20240418,지구단위,변경,31000UTZ202404180002
S9CDC4F7D,2024-05,20240509,용도구역,신설,31000BTZ202405090001
S9CDC4F7D,2024-05,20240509,용도구역,신설,31710BTZ202405080001
S9CDC4F7D,2024-05,20240509,지구단위,폐지,31710UTZ202405080001
S9CDC4F7D,2024-12,20241212,지구단위,변경,31000UTZ202412120002
S9CDC4F7D,2024-12,20241219,지구단위,변경,31000UTZ202412190003
S9CDC4F7D,2024-12,20241226,용도지구,변경,31000DSZ202412230081
S9CDC4F7D,2024-12,20241226,용도지구,변경,31000DSZ202412230082
S9CDC4F7D,2024-12,20241227,용도지구,변경,31000DSZ202412270106
S9CDC4F7D,2024-12,20241227,용도지구,변경,31000DSZ202412270107
S9CDC4F7D,2025-06,20250626,지구단위,변경,31000UTZ202506260003
S9CDC4F7D,2025-08,20250814,지구단위,변경,31000UTZ202508140002
S9D6A332C,2024-06,20240624,지구단위,변경,11680UTZ202112010002
S9D6A332C,2025-07,20250704,지구단위,변경,11000UTZ200206206132
S9D6A332C,2025-07,20250730,용도구역,변경,11000BTZ202507300022
S9EEC1C21,2024-05,20240522,지구단위,변경,50130UTZ202405200001
S9EEC1C21,2024-06,20240621,지구단위,변경,50130UTZ202406030001
S9EEC1C21,2024-06,20240621,지구단위,신설,50130UTZ202406030002
S9EEC1C21,2024-12,20241202,용도지구,변경,50130DSZ202412040017
S9EEC1C21,2024-12,20241202,용도지구,변경,50130DSZ202412040061
S9EEC1C21,2024-12,20241202,용도지구,변경,50130DSZ202412040062
S9EEC1C21,2024-12,20241202,용도지구,변경,50130DSZ202412040063
S9EEC1C21,2024-12,20241202,용도지구,변경,50130DSZ202412040064
S9EEC1C21,2024-12,20241202,용도지구,변경,50130DSZ202412040065
S9EEC1C21,2024-12,20241202,용도지구,변경,50130DSZ202412040066
S9EEC1C21,2024-12,20241202,용도지구,변경,50130DSZ202412040067
S9EEC1C21,2024-12,20241202,용도지구,변경,50130DSZ202412040068
S9EEC1C21,2024-12,20241202,용도지구,변경,50130DSZ202412040069
S9EEC1C21,2024-12,20241202,용도지구,변경,50130DSZ202412040070
S9EEC1C21,2024-12,20241202,용도지구,변경,50130DSZ202412040071
S9EEC1C21,2024-12,20241202,용도지구,변경,50130DSZ202412040072
S9EEC1C21,2024-12,20241202,용도지구,변경,50130DSZ202412040073
S9EEC1C21,2024-12,20241205,지구단위,변경,50000UTZ202412050003
S9EEC1C21,2024-12,20241205,지구단위,변경,50000UTZ202412050004
S9EEC1C21,2024-12,20241209,지구단위,신설,50130UTZ202412090001
S9EEC1C21,2024-12,20241224,용도지구,변경,50130DSZ202412060061
S9EEC1C21,2024-12,20241224,용도지구,변경,50130DSZ202412060062
S9EEC1C21,2024-12,20241224,용도지구,신설,50130DSZ202412060063
S9EEC1C21,2024-12,20241224,용도지구,변경,50130DSZ202412060172
S9EEC1C21,2024-12,20241224,용도지구,폐지,50130DSZ202412060173
S9EEC1C21,2024-12,20241224,용도지구,변경,50130DSZ202412060174
S9EEC1C21,2024-12,20241224,용도지구,변경,50130DSZ202412060175
S9EEC1C21,2024-12,20241224,용도지구,변경,50130DSZ202412060176
S9EEC1C21,2024-12,20241224,용도지구,변경,50130DSZ202412060177
S9EEC1C21,2024-12,20241224,용도지구,변경,50130DSZ202412060178
S9EEC1C21,2024-12,20241224,용도지구,변경,50130DSZ202412060179
S9EEC1C21,2024-12,20241224,용도지구,변경,50130DSZ202412060180
S9EEC1C21,2024-12,20241224,용도지구,변경,50130DSZ202412060181
S9EEC1C21,2024-12,20241224,용도지구,변경,50130DSZ202412060182
S9EEC1C21,2024-12,20241224,용도지구,변경,50130DSZ202412060183
S9EEC1C21,2024-12,20241224,용도지구,변경,50130DSZ202412060184
S9EEC1C21,2024-12,20241224,용도지구,변경,50130DSZ202412060185
S9EEC1C21,2024-12,20241224,용도지구,변경,50130DSZ202412060186
S9EEC1C21,2024-12,20241224,용도지구,변경,50130DSZ202412060187
S9EEC1C21,2024-12,20241224,용도지구,변경,50130DSZ202412060188
S9EEC1C21,2024-12,20241224,용도지구,신설,50130DSZ202412060189
S9EEC1C21,2024-12,20241224,용도지구,신설,50130DSZ202412060190
S9EEC1C21,2024-12,20241224,용도지구,신설,50130DSZ202412060191
S9EEC1C21,2025-10,20251002,지구단위,변경,50130UTZ202510020001
S9F0024E1,2024-12,20241202,용도지구,변경,50110DSZ202412020120
S9F0024E1,2024-12,20241202,용도지구,변경,50110DSZ202412020121
S9F0024E1,2024-12,20241226,지구단위,신설,50110UTZ202412260001
SA05D35DE,2024-02,20240202,지구단위,변경,48240UTZ202402020001
SA05D35DE,2024-02,20240205,지구단위,변경,48240UTZ202402050001
SA05D35DE,2024-03,20240328,지구단위,변경,48240UTZ202403282001
SA05D35DE,2024-04,20240402,지구단위,변경,48240UTZ202404020001
SA05D35DE,2024-05,20240509,용도구역,신설,48240BTZ202405090001
SA05D35DE,2024-07,20240704,용도구역,변경,48240BTZ202407040001
SA05D35DE,2024-10,20241031,지구단위,변경,48240UTZ202410310001
SA05D35DE,2024-11,20241118,지구단위,변경,48240UTZ202411180001
SA05D35DE,2025-09,20250930,지구단위,변경,48240UTZ202509300001
SA05D35DE,2025-12,20251216,지구단위,변경,48240UTZ202512160001
SA05D35DE,2025-12,20251222,지구단위,변경,48240UTZ202512220001
SA0D1BEBC,2024-04,20240418,지구단위,신설,41170UTZ202404180001
SA0D1BEBC,2024-10,20241011,지구단위,변경,41170UTZ202410110001
SA0D1BEBC,2024-10,20241030,지구단위,변경,41170UTZ202410300001
SA0D1BEBC,2024-12,20241210,지구단위,변경,41170UTZ202412100002
SA0D1BEBC,2025-01,20250124,지구단위,신설,41170UTZ202501240001
SA0D1BEBC,2025-01,20250125,지구단위,신설,41170UTZ202501250001
SA0D1BEBC,2025-02,20250213,지구단위,신설,41170UTZ202502130001
SA0D1BEBC,2025-07,20250715,지구단위,변경,41170UTZ202507150001
SA0D1BEBC,2026-02,20260225,지구단위,변경,41170UTZ202602250001
SA0D1BEBC,2026-04,20260430,지구단위,신설,41170UTZ202604300001
SA0EC283D,2024-09,20240924,용도지구,변경,43110DSZ202409240001
SA0EC283D,2024-09,20240924,지구단위,변경,43110UTZ202409240004
SA0EC283D,2025-09,20250910,지구단위,변경,43110UTZ202509100002
SA0EC283D,2025-09,20250915,용도지구,변경,43110DSZ202509150002
SA0EC283D,2025-09,20250915,지구단위,신설,43110UTZ202509150011
SA0EC283D,2025-09,20250915,지구단위,변경,43110UTZ202509150012
SA0EC283D,2026-02,20260203,지구단위,신설,43110UTZ202602030001
SA0EC283D,2026-04,20260420,용도구역,신설,43110BTZ202604200001
SA0EC283D,2026-04,20260420,용도구역,변경,43110BTZ202604200002
SA166815F,2026-04,20260429,지구단위,신설,47110UTZ202604290001
SA166815F,2026-04,20260429,지구단위,신설,47110UTZ202604290002
SA1E138A5,2024-04,20240412,지구단위,변경,51130UTZ202404120001
SA1E138A5,2025-03,20250314,지구단위,신설,51130UTZ202503140001
SA1E138A5,2025-12,20251217,지구단위,변경,51130UTZ202512170004
SA1E138A5,2025-12,20251217,지구단위,변경,51130UTZ202512170005
SA1E138A5,2025-12,20251222,지구단위,신설,51130UTZ202512220001
SA1E138A5,2025-12,20251223,지구단위,신설,51130UTZ202512230002
SA1E138A5,2026-01,20260102,지구단위,변경,51130UTZ202601020003
SA1E138A5,2026-02,20260204,지구단위,신설,51130UTZ202602040003
SA1E138A5,2026-04,20260409,지구단위,신설,51130UTZ202604090001
SA1E138A5,2026-06,20260630,지구단위,변경,51130UTZ202606300001
SA3EBCF2F,2024-01,20240103,지구단위,변경,26000UTZ202401030002
SA3EBCF2F,2024-10,20241007,지구단위,변경,26380UTZ202410070001
SA3EBCF2F,2025-08,20250814,지구단위,신설,26000UTZ202509180002
SA3EBCF2F,2025-08,20250822,지구단위,신설,26000UTZ202508110004
SA478839E,2024-09,20240909,용도지구,변경,43110DSZ202409090001
SA478839E,2024-09,20240909,용도지구,변경,43110DSZ202409090002
SA478839E,2024-09,20240909,지구단위,변경,43110UTZ202409090003
SA478839E,2024-09,20240909,지구단위,변경,43110UTZ202409090007
SA478839E,2024-09,20240927,지구단위,변경,43110UTZ202409270023
SA478839E,2024-09,20240927,지구단위,변경,43110UTZ202409270024
SA478839E,2025-04,20250409,용도지구,변경,43110DSZ202504090001
SA478839E,2025-04,20250409,용도지구,변경,43110DSZ202504090002
SA478839E,2025-04,20250409,용도지구,변경,43110DSZ202504090003
SA478839E,2025-04,20250409,용도지구,변경,43110DSZ202504090006
SA478839E,2025-04,20250409,지구단위,변경,43110UTZ202504090001
SA478839E,2025-05,20250509,용도지구,변경,43110DSZ202505090001
SA478839E,2025-05,20250509,지구단위,변경,43110UTZ202505090001
SA4EA3A53,2025-05,20250530,지구단위,변경,41270UTZ202505300007
SA4EA3A53,2025-11,20251105,지구단위,변경,41270UTZ202511050026
SA4EA3A53,2026-05,20260508,지구단위,변경,41270UTZ202605080013
SA51A7364,2024-09,20240920,지구단위,변경,27000UTZ202409200002
SA51A7364,2024-10,20241021,지구단위,변경,27000UTZ202410210001
SA51A7364,2025-05,20250530,지구단위,변경,27000UTZ202505300001
SA51A7364,2025-09,20250901,지구단위,신설,27000UTZ202509010001
SA51A7364,2025-11,20251110,지구단위,변경,27000UTZ202511100002
SA51A7364,2025-11,20251111,지구단위,변경,27260UTZ202511110001
SA51A7364,2025-11,20251120,지구단위,변경,27000UTZ202511200003
SA51A7364,2025-11,20251120,지구단위,변경,27260UTZ202511200002
SA51A7364,2025-11,20251128,용도지구,변경,27260DSZ202511280001
SA51A7364,2025-11,20251128,지구단위,신설,27260UTZ202511280001
SA51A7364,2025-12,20251201,지구단위,변경,27000UTZ202512010003
SA51A7364,2026-01,20260109,지구단위,변경,27000UTZ202601090001
SA51A7364,2026-01,20260109,지구단위,변경,27260UTZ202601090001
SA52CFD20,2024-09,20240905,용도구역,신설,31000BTZ202409050001
SA52CFD20,2024-09,20240905,지구단위,변경,31000UTZ202409050001
SA52CFD20,2024-12,20241226,지구단위,신설,31000UTZ202412260001
SA52CFD20,2024-12,20241227,지구단위,신설,31000UTZ202412270012
SA5C9DD73,2024-01,20240129,용도구역,신설,44130BTZ202401290211
SA5C9DD73,2024-01,20240129,용도구역,신설,44130BTZ202401290212
SA5C9DD73,2024-01,20240129,용도구역,신설,44130BTZ202401290213
SA5C9DD73,2024-01,20240129,용도구역,신설,44130BTZ202401290214
SA5C9DD73,2024-01,20240129,용도구역,신설,44130BTZ202401290215
SA5C9DD73,2024-01,20240129,용도구역,신설,44130BTZ202401290216
SA5C9DD73,2024-01,20240129,용도구역,신설,44130BTZ202401290217
SA5C9DD73,2024-01,20240129,용도구역,신설,44130BTZ202401290218
SA5C9DD73,2024-03,20240321,지구단위,변경,44130UTZ202403210003
SA5C9DD73,2024-06,20240625,지구단위,변경,44130UTZ202406250001
SA5C9DD73,2024-09,20240902,지구단위,변경,44130UTZ202409020001
SA5C9DD73,2024-09,20240911,지구단위,변경,44130UTZ202409110001
SA5C9DD73,2025-07,20250711,용도구역,변경,44130BTZ202507110001
SA5C9DD73,2025-07,20250711,용도구역,변경,44130BTZ202507110002
SA5C9DD73,2025-07,20250711,용도지구,변경,44130DSZ202507110003
SA5C9DD73,2025-07,20250711,용도지구,변경,44130DSZ202507110004
SA5C9DD73,2025-07,20250711,용도지구,변경,44130DSZ202507110005
SA5C9DD73,2025-07,20250711,용도지구,변경,44130DSZ202507110006
SA5C9DD73,2025-07,20250711,용도지구,변경,44130DSZ202507110007
SA5C9DD73,2025-07,20250721,용도구역,정정,44130BTZ202507210001
SA5C9DD73,2025-07,20250721,용도구역,정정,44130BTZ202507210002
SA5C9DD73,2025-07,20250721,용도지구,정정,44130DSZ202507210003
SA5C9DD73,2025-07,20250721,용도지구,정정,44130DSZ202507210004
SA5C9DD73,2025-07,20250721,용도지구,정정,44130DSZ202507210005
SA5C9DD73,2025-07,20250721,용도지구,정정,44130DSZ202507210006
SA5C9DD73,2025-07,20250721,용도지구,정정,44130DSZ202507210007
SA5C9DD73,2025-07,20250731,용도지구,변경,44130DSZ202507310008
SA5C9DD73,2025-07,20250731,용도지구,변경,44130DSZ202507310009
SA5C9DD73,2025-07,20250731,용도지구,변경,44130DSZ202507310010
SA5C9DD73,2025-07,20250731,용도지구,변경,44130DSZ202507310012
SA5C9DD73,2025-07,20250731,용도지구,변경,44130DSZ202507310013
SA5C9DD73,2026-01,20260107,지구단위,신설,44130UTZ202601070001
SA5C9DD73,2026-01,20260126,지구단위,정정,44130UTZ202601260001
SA5C9DD73,2026-02,20260203,지구단위,신설,44130UTZ202602030001
SA5C9DD73,2026-06,20260605,지구단위,변경,44130UTZ202606050001
SA67A2CE4,2024-12,20241226,용도지구,변경,46720DSZ202412260026
SA67A2CE4,2024-12,20241226,용도지구,변경,46720DSZ202412260027
SA67A2CE4,2024-12,20241226,용도지구,변경,46720DSZ202412260028
SA67A2CE4,2024-12,20241226,용도지구,변경,46720DSZ202412260029
SA67A2CE4,2024-12,20241226,용도지구,변경,46720DSZ202412260030
SA67A2CE4,2024-12,20241226,용도지구,변경,46720DSZ202412260031
SA67A2CE4,2024-12,20241226,용도지구,변경,46720DSZ202412260032
SA67A2CE4,2024-12,20241226,용도지구,변경,46720DSZ202412260033
SA67A2CE4,2024-12,20241226,용도지구,변경,46720DSZ202412260034
SA67A2CE4,2024-12,20241226,용도지구,변경,46720DSZ202412260035
SA67A2CE4,2026-01,20260127,용도구역,신설,46720BTZ202601270080
SA67A2CE4,2026-01,20260127,용도구역,신설,46720BTZ202601270081
SA67A2CE4,2026-01,20260127,용도구역,신설,46720BTZ202601270082
SA67A2CE4,2026-01,20260127,용도구역,신설,46720BTZ202601270083
SA67A2CE4,2026-01,20260127,용도구역,신설,46720BTZ202601270084
SA67A2CE4,2026-01,20260127,용도구역,신설,46720BTZ202601270085
SA67A2CE4,2026-01,20260127,용도구역,신설,46720BTZ202601270086
SA67A2CE4,2026-01,20260127,용도구역,신설,46720BTZ202601270087
SA67A2CE4,2026-01,20260127,용도구역,신설,46720BTZ202601270088
SA67A2CE4,2026-01,20260127,용도구역,신설,46720BTZ202601270089
SA67A2CE4,2026-01,20260127,용도구역,신설,46720BTZ202601270090
SA67A2CE4,2026-01,20260127,용도구역,신설,46720BTZ202601270091
SA67A2CE4,2026-01,20260127,용도구역,신설,46720BTZ202601270092
SA67A2CE4,2026-01,20260127,용도구역,신설,46720BTZ202601270093
SA67A2CE4,2026-01,20260127,용도구역,신설,46720BTZ202601270094
SA67A2CE4,2026-01,20260127,용도구역,신설,46720BTZ202601270095
SA67A2CE4,2026-01,20260127,용도구역,신설,46720BTZ202601270096
SA67A2CE4,2026-01,20260127,용도구역,신설,46720BTZ202601270097
SA67A2CE4,2026-01,20260127,용도구역,신설,46720BTZ202601270098
SA67A2CE4,2026-01,20260127,용도구역,신설,46720BTZ202601270099
SA67A2CE4,2026-01,20260127,용도구역,신설,46720BTZ202601270100
SA67A2CE4,2026-01,20260127,용도구역,신설,46720BTZ202601270101
SA67A2CE4,2026-01,20260127,용도구역,신설,46720BTZ202601270102
SA67A2CE4,2026-01,20260127,용도구역,신설,46720BTZ202601270103
SA67A2CE4,2026-01,20260127,용도구역,신설,46720BTZ202601270104
SA67A2CE4,2026-01,20260127,용도구역,신설,46720BTZ202601270105
SA67A2CE4,2026-01,20260127,용도구역,신설,46720BTZ202601270106
SA67A2CE4,2026-01,20260127,용도구역,신설,46720BTZ202601270107
SA67A2CE4,2026-01,20260127,용도구역,신설,46720BTZ202601270108
SA67A2CE4,2026-01,20260127,용도구역,신설,46720BTZ202601270109
SA67A2CE4,2026-01,20260127,용도구역,신설,46720BTZ202601270110
SA67A2CE4,2026-01,20260127,용도구역,신설,46720BTZ202601270111
SA67A2CE4,2026-01,20260127,용도구역,신설,46720BTZ202601270112
SA67A2CE4,2026-01,20260127,용도구역,신설,46720BTZ202601270113
SA67A2CE4,2026-01,20260127,용도구역,신설,46720BTZ202601270114
SA67A2CE4,2026-01,20260127,용도구역,신설,46720BTZ202601270115
SA67A2CE4,2026-01,20260127,용도구역,신설,46720BTZ202601270116
SA67A2CE4,2026-01,20260127,용도구역,신설,46720BTZ202601270117
SA67A2CE4,2026-01,20260127,용도구역,신설,46720BTZ202601270118
SA67A2CE4,2026-01,20260127,용도구역,신설,46720BTZ202601270119
SA67A2CE4,2026-01,20260127,용도구역,신설,46720BTZ202601270120
SA67A2CE4,2026-01,20260127,용도구역,신설,46720BTZ202601270121
SA67A2CE4,2026-01,20260127,용도구역,신설,46720BTZ202601270122
SA6CCD1D8,2024-01,20240103,지구단위,신설,31140UTZ202401150002
SA6CCD1D8,2024-01,20240125,지구단위,변경,31000UTZ202401250001
SA6CCD1D8,2024-02,20240207,지구단위,변경,31140UTZ202402070001
SA6CCD1D8,2024-03,20240322,지구단위,신설,31000UTZ202403220001
SA6CCD1D8,2024-04,20240418,지구단위,신설,31140UTZ202404180001
SA6CCD1D8,2024-05,20240503,지구단위,변경,31000UTZ202405030001
SA6CCD1D8,2024-08,20240802,지구단위,변경,31000UTZ202408020002
SA6CCD1D8,2024-09,20240904,지구단위,변경,31140UTZ202409050001
SA6CCD1D8,2024-09,20240904,지구단위,변경,31140UTZ202409050003
SA6CCD1D8,2024-12,20241206,지구단위,변경,31000UTZ202412060001
SA6CCD1D8,2024-12,20241226,용도지구,변경,31000DSZ202412230148
SA6CCD1D8,2024-12,20241227,용도지구,변경,31000DSZ202412270157
SA6CCD1D8,2025-01,20250123,지구단위,변경,31000UTZ202501230001
SA6CCD1D8,2025-01,20250123,지구단위,변경,31140UTZ202502060001
SA6CCD1D8,2025-02,20250228,용도구역,신설,31000BTZ202502280001
SA6CCD1D8,2025-07,20250704,지구단위,변경,31000UTZ202507040001
SA6CCD1D8,2025-07,20250704,지구단위,변경,31000UTZ202507040002
SA6CCD1D8,2025-07,20250716,지구단위,변경,31140UTZ202507160001
SA6CCD1D8,2025-07,20250730,지구단위,변경,31140UTZ202507300003
SA6CCD1D8,2025-08,20250815,지구단위,변경,31140UTZ202508150001
SA6CCD1D8,2025-09,20250912,지구단위,변경,31000UTZ202509120001
SA6CCD1D8,2025-09,20250925,지구단위,신설,31000UTZ202509250002
SA6CCD1D8,2025-10,20251002,지구단위,변경,31000UTZ202510020002
SA6CCD1D8,2025-11,20251110,지구단위,변경,31140UTZ202511130001
SA6CCD1D8,2025-11,20251110,지구단위,변경,31140UTZ202511130002
SA6CCD1D8,2026-01,20260123,지구단위,변경,31140UTZ202601220002
SA6CCD1D8,2026-02,20260220,지구단위,신설,31140UTZ202602200001
SA8490C3A,2024-08,20240814,지구단위,변경,26530UTZ202408130001
SA8490C3A,2024-08,20240814,지구단위,변경,26530UTZ202408140001
SA866A183,2024-02,20240220,지구단위,변경,41390UTZ202402200001
SA866A183,2024-09,20240927,지구단위,변경,41390UTZ202409270001
SA8FECD82,2024-02,20240220,지구단위,변경,41390UTZ202402200001
SA8FECD82,2024-09,20240927,지구단위,변경,41390UTZ202409270001
SA94A6526,2024-06,20240621,지구단위,변경,31000UTZ202406210001
SA94A6526,2025-05,20250515,지구단위,변경,31000UTZ202505150001
SA9E2F2E1,2024-01,20240125,용도구역,신설,47290BTZ202401250075
SA9E2F2E1,2024-01,20240125,용도구역,신설,47290BTZ202401250076
SA9E2F2E1,2024-01,20240125,용도구역,신설,47290BTZ202401250077
SA9E2F2E1,2024-01,20240125,용도구역,신설,47290BTZ202401250102
SA9E2F2E1,2024-01,20240125,용도구역,신설,47290BTZ202401250103
SA9E2F2E1,2024-01,20240125,용도구역,신설,47290BTZ202401250104
SA9E2F2E1,2024-01,20240125,용도구역,신설,47290BTZ202401250105
SA9E2F2E1,2024-01,20240125,용도구역,신설,47290BTZ202401250106
SA9E2F2E1,2024-01,20240125,용도구역,신설,47290BTZ202401250107
SA9E2F2E1,2024-01,20240125,용도구역,신설,47290BTZ202401250108
SA9E2F2E1,2024-01,20240125,용도구역,신설,47290BTZ202401250109
SA9E2F2E1,2024-01,20240125,용도구역,신설,47290BTZ202401250110
SA9E2F2E1,2024-01,20240125,용도구역,신설,47290BTZ202401250111
SA9E2F2E1,2024-01,20240125,용도구역,신설,47290BTZ202401250112
SA9E2F2E1,2024-01,20240125,용도구역,신설,47290BTZ202401250113
SA9E2F2E1,2024-01,20240125,용도구역,신설,47290BTZ202401250114
SA9E2F2E1,2024-01,20240125,용도구역,신설,47290BTZ202401250115
SA9E2F2E1,2024-04,20240404,지구단위,신설,47290UTZ202404040001
SA9E2F2E1,2024-05,20240509,지구단위,변경,47290UTZ202405090002
SA9E2F2E1,2024-09,20240923,지구단위,변경,47290UTZ202409230001
SA9E2F2E1,2024-09,20240930,용도구역,폐지,47290BTZ202409300005
SAA8A5710,2024-02,20240216,지구단위,변경,41460UTZ202402161001
SAA8A5710,2024-02,20240228,지구단위,변경,41460UTZ202402283001
SAA8A5710,2024-10,20241021,지구단위,변경,41460UTZ202410211001
SAA8A5710,2025-09,20250917,지구단위,변경,41460UTZ202509170002
SAAE7097E,2024-12,20241202,용도지구,변경,50110DSZ202412020123
SAB5291E7,2024-05,20240522,지구단위,변경,50130UTZ202405200001
SAB5291E7,2024-06,20240621,지구단위,변경,50130UTZ202406030001
SAB5291E7,2024-06,20240621,지구단위,신설,50130UTZ202406030002
SAB5291E7,2024-12,20241202,용도지구,변경,50130DSZ202412040017
SAB5291E7,2024-12,20241202,용도지구,변경,50130DSZ202412040061
SAB5291E7,2024-12,20241202,용도지구,변경,50130DSZ202412040062
SAB5291E7,2024-12,20241202,용도지구,변경,50130DSZ202412040063
SAB5291E7,2024-12,20241202,용도지구,변경,50130DSZ202412040064
SAB5291E7,2024-12,20241202,용도지구,변경,50130DSZ202412040065
SAB5291E7,2024-12,20241202,용도지구,변경,50130DSZ202412040066
SAB5291E7,2024-12,20241202,용도지구,변경,50130DSZ202412040067
SAB5291E7,2024-12,20241202,용도지구,변경,50130DSZ202412040068
SAB5291E7,2024-12,20241202,용도지구,변경,50130DSZ202412040069
SAB5291E7,2024-12,20241202,용도지구,변경,50130DSZ202412040070
SAB5291E7,2024-12,20241202,용도지구,변경,50130DSZ202412040071
SAB5291E7,2024-12,20241202,용도지구,변경,50130DSZ202412040072
SAB5291E7,2024-12,20241202,용도지구,변경,50130DSZ202412040073
SAB5291E7,2024-12,20241205,지구단위,변경,50000UTZ202412050003
SAB5291E7,2024-12,20241205,지구단위,변경,50000UTZ202412050004
SAB5291E7,2024-12,20241209,지구단위,신설,50130UTZ202412090001
SAB5291E7,2024-12,20241224,용도지구,변경,50130DSZ202412060061
SAB5291E7,2024-12,20241224,용도지구,변경,50130DSZ202412060062
SAB5291E7,2024-12,20241224,용도지구,신설,50130DSZ202412060063
SAB5291E7,2024-12,20241224,용도지구,변경,50130DSZ202412060172
SAB5291E7,2024-12,20241224,용도지구,폐지,50130DSZ202412060173
SAB5291E7,2024-12,20241224,용도지구,변경,50130DSZ202412060174
SAB5291E7,2024-12,20241224,용도지구,변경,50130DSZ202412060175
SAB5291E7,2024-12,20241224,용도지구,변경,50130DSZ202412060176
SAB5291E7,2024-12,20241224,용도지구,변경,50130DSZ202412060177
SAB5291E7,2024-12,20241224,용도지구,변경,50130DSZ202412060178
SAB5291E7,2024-12,20241224,용도지구,변경,50130DSZ202412060179
SAB5291E7,2024-12,20241224,용도지구,변경,50130DSZ202412060180
SAB5291E7,2024-12,20241224,용도지구,변경,50130DSZ202412060181
SAB5291E7,2024-12,20241224,용도지구,변경,50130DSZ202412060182
SAB5291E7,2024-12,20241224,용도지구,변경,50130DSZ202412060183
SAB5291E7,2024-12,20241224,용도지구,변경,50130DSZ202412060184
SAB5291E7,2024-12,20241224,용도지구,변경,50130DSZ202412060185
SAB5291E7,2024-12,20241224,용도지구,변경,50130DSZ202412060186
SAB5291E7,2024-12,20241224,용도지구,변경,50130DSZ202412060187
SAB5291E7,2024-12,20241224,용도지구,변경,50130DSZ202412060188
SAB5291E7,2024-12,20241224,용도지구,신설,50130DSZ202412060189
SAB5291E7,2024-12,20241224,용도지구,신설,50130DSZ202412060190
SAB5291E7,2024-12,20241224,용도지구,신설,50130DSZ202412060191
SAB5291E7,2025-10,20251002,지구단위,변경,50130UTZ202510020001
SABAF7D0B,2024-01,20240104,지구단위,신설,41550UTZ202401040001
SABAF7D0B,2024-06,20240619,지구단위,신설,41550UTZ202406190001
SABAF7D0B,2024-06,20240620,용도지구,폐지,41550DSZ202406200003
SABAF7D0B,2024-06,20240620,지구단위,폐지,41550UTZ202406200003
SABAF7D0B,2024-07,20240730,용도지구,변경,41550DSZ202407300001
SABAF7D0B,2024-07,20240730,지구단위,변경,41550UTZ202407300001
SABAF7D0B,2024-07,20240731,지구단위,변경,41550UTZ202407310001
SABAF7D0B,2025-07,20250702,지구단위,변경,41550UTZ202507023001
SABAF7D0B,2025-08,20250820,지구단위,변경,41550UTZ202508201001
SABAF7D0B,2025-09,20250904,용도지구,변경,41550DSZ202509041013
SABAF7D0B,2025-09,20250904,용도지구,변경,41550DSZ202509041014
SABAF7D0B,2025-09,20250904,용도지구,변경,41550DSZ202509041025
SABAF7D0B,2025-09,20250904,용도지구,변경,41550DSZ202509041026
SABAF7D0B,2025-09,20250904,지구단위,변경,41550UTZ202509041029
SABAF7D0B,2025-09,20250904,지구단위,변경,41550UTZ202509041047
SABAF7D0B,2025-09,20250904,지구단위,변경,41550UTZ202509041048
SABAF7D0B,2025-09,20250904,지구단위,변경,41550UTZ202509041049
SABAF7D0B,2025-09,20250904,지구단위,변경,41550UTZ202509041051
SABAF7D0B,2025-12,20251203,용도지구,변경,41550DSZ202512031001
SABAF7D0B,2025-12,20251203,지구단위,변경,41550UTZ202512031001
SABAF7D0B,2025-12,20251231,지구단위,변경,41550UTZ202512311001
SABAF7D0B,2026-02,20260206,지구단위,변경,41550UTZ202602061001
SABAF7D0B,2026-06,20260604,지구단위,변경,41550UTZ202606040003
SABAF7D0B,2026-06,20260605,용도지구,변경,41550DSZ202606050013
SABAF7D0B,2026-06,20260605,용도지구,변경,41550DSZ202606050014
SABAF7D0B,2026-06,20260605,용도지구,변경,41550DSZ202606050025
SABAF7D0B,2026-06,20260605,용도지구,변경,41550DSZ202606050026
SABAF7D0B,2026-06,20260605,지구단위,변경,41550UTZ202606050080
SABAF7D0B,2026-06,20260605,지구단위,변경,41550UTZ202606050098
SABAF7D0B,2026-06,20260605,지구단위,변경,41550UTZ202606050099
SABAF7D0B,2026-06,20260605,지구단위,변경,41550UTZ202606050100
SABAF7D0B,2026-06,20260605,지구단위,변경,41550UTZ202606050102
SABAF7D0B,2026-06,20260609,용도지구,변경,41550DSZ202606090001
SABAF7D0B,2026-06,20260609,지구단위,변경,41550UTZ202606090001
SABAF7D0B,2026-06,20260610,지구단위,변경,41550UTZ202606100001
SABBA2F50,2026-01,20260129,용도구역,신설,47150BTZ202601290849
SABBA2F50,2026-01,20260129,용도구역,신설,47150BTZ202601290850
SABBA2F50,2026-02,20260202,용도구역,신설,47150BTZ202602020729
SABBA2F50,2026-02,20260202,용도구역,신설,47150BTZ202602020730
SABBA2F50,2026-02,20260203,용도구역,신설,47150BTZ202602030729
SABBA2F50,2026-02,20260203,용도구역,신설,47150BTZ202602030730
SABBA2F50,2026-04,20260423,용도구역,변경,47150BTZ202604230052
SAC0A3BAA,2025-10,20251027,용도구역,변경,41190BTZ202510270005
SAD555B9C,2024-01,20240119,지구단위,신설,26000UTZ202401190003
SAD555B9C,2024-01,20240123,지구단위,신설,26000UTZ202401230001
SAD555B9C,2024-02,20240206,지구단위,신설,26470UTZ202402130001
SAD555B9C,2024-03,20240327,지구단위,신설,26470UTZ202403270001
SAD555B9C,2024-04,20240402,지구단위,신설,26000UTZ202404020002
SAD555B9C,2024-10,20241024,지구단위,신설,26470UTZ202410240001
SAD555B9C,2024-12,20241231,지구단위,변경,26000UTZ202412310001
SAD555B9C,2025-06,20250604,지구단위,신설,26000UTZ202506170001
SAD555B9C,2025-06,20250610,지구단위,신설,26470UTZ202506100001
SAD555B9C,2025-06,20250611,지구단위,신설,26470UTZ202506110001
SAD555B9C,2025-06,20250612,지구단위,신설,26470UTZ202506120001
SAD555B9C,2025-06,20250613,지구단위,신설,26000UTZ202506160001
SAD555B9C,2025-06,20250613,지구단위,신설,26000UTZ202506160002
SAD555B9C,2025-06,20250624,용도지구,변경,26470DSZ202506240001
SAD555B9C,2025-06,20250624,지구단위,변경,26470UTZ202506240001
SAD555B9C,2025-06,20250624,지구단위,변경,26470UTZ202506240002
SAD555B9C,2025-06,20250625,용도지구,변경,26000DSZ202507010001
SAD555B9C,2025-06,20250625,지구단위,변경,26000UTZ202507010001
SAD555B9C,2025-06,20250625,지구단위,변경,26000UTZ202507100001
SAD555B9C,2025-06,20250625,지구단위,변경,26470UTZ202506250001
SAD555B9C,2025-08,20250814,용도지구,변경,26000DSZ202509180003
SAD555B9C,2025-08,20250814,지구단위,변경,26000UTZ202509010001
SAD555B9C,2025-08,20250814,지구단위,변경,26470UTZ202508140001
SAD555B9C,2025-08,20250822,용도지구,변경,26000DSZ202508110092
SAD555B9C,2025-12,20251204,지구단위,신설,26470UTZ202512050001
SAD555B9C,2025-12,20251204,지구단위,신설,26470UTZ202512050003
SAD555B9C,2025-12,20251204,지구단위,신설,26470UTZ202512080001
SAD555B9C,2026-03,20260330,지구단위,신설,26470UTZ202603310001
SAD555B9C,2026-04,20260402,지구단위,신설,26000UTZ202604140003
SADB9413D,2024-01,20240129,용도구역,신설,48730BTZ202401290006
SADB9413D,2024-01,20240129,용도구역,신설,48730BTZ202401290009
SADB9413D,2024-01,20240129,용도구역,신설,48730BTZ202401290010
SADB9413D,2024-01,20240129,용도구역,신설,48730BTZ202401290011
SADB9413D,2024-01,20240129,용도구역,신설,48730BTZ202401290047
SADB9413D,2024-01,20240129,용도구역,신설,48730BTZ202401290059
SADB9413D,2024-01,20240129,용도구역,신설,48730BTZ202401290060
SADB9413D,2024-01,20240129,용도구역,신설,48730BTZ202401290061
SADB9413D,2024-01,20240129,용도구역,신설,48730BTZ202401290077
SADB9413D,2024-01,20240129,용도구역,신설,48730BTZ202401290082
SADB9413D,2024-01,20240129,용도구역,신설,48730BTZ202401290083
SADB9413D,2024-01,20240129,용도구역,신설,48730BTZ202401290084
SADB9413D,2024-01,20240129,용도구역,신설,48730BTZ202401290085
SADB9413D,2024-01,20240129,용도구역,신설,48730BTZ202401290086
SADB9413D,2024-01,20240129,용도구역,신설,48730BTZ202401290087
SADB9413D,2024-01,20240129,용도구역,신설,48730BTZ202401290088
SADB9413D,2024-01,20240129,용도구역,신설,48730BTZ202401290106
SADB9413D,2024-01,20240129,용도구역,신설,48730BTZ202401290107
SADB9413D,2024-01,20240129,용도구역,신설,48730BTZ202401290120
SADB9413D,2024-01,20240129,용도구역,신설,48730BTZ202401290121
SADB9413D,2024-01,20240129,용도구역,신설,48730BTZ202401290122
SADB9413D,2024-01,20240129,용도구역,신설,48730BTZ202401290123
SADB9413D,2024-01,20240129,용도구역,신설,48730BTZ202401290124
SADB9413D,2024-01,20240129,용도구역,신설,48730BTZ202401290139
SADB9413D,2024-01,20240129,용도구역,신설,48730BTZ202401290145
SADB9413D,2024-01,20240129,용도구역,신설,48730BTZ202401290163
SADB9413D,2024-01,20240129,용도구역,신설,48730BTZ202401290164
SADB9413D,2024-01,20240129,용도구역,신설,48730BTZ202401290170
SADB9413D,2024-01,20240129,용도구역,신설,48730BTZ202401290173
SADB9413D,2024-07,20240710,지구단위,변경,48730UTZ202407100002
SADB9413D,2024-08,20240801,지구단위,변경,48730UTZ202408010001
SADB9413D,2025-03,20250327,용도구역,신설,48730BTZ202503260007
SADB9413D,2025-03,20250327,용도구역,신설,48730BTZ202503260010
SADB9413D,2025-03,20250327,용도구역,신설,48730BTZ202503260011
SADB9413D,2025-03,20250327,용도구역,신설,48730BTZ202503260012
SADB9413D,2025-03,20250327,용도구역,신설,48730BTZ202503260048
SADB9413D,2025-03,20250327,용도구역,신설,48730BTZ202503260060
SADB9413D,2025-03,20250327,용도구역,신설,48730BTZ202503260061
SADB9413D,2025-03,20250327,용도구역,신설,48730BTZ202503260062
SADB9413D,2025-03,20250327,용도구역,신설,48730BTZ202503260078
SADB9413D,2025-03,20250327,용도구역,신설,48730BTZ202503260083
SADB9413D,2025-03,20250327,용도구역,신설,48730BTZ202503260084
SADB9413D,2025-03,20250327,용도구역,신설,48730BTZ202503260085
SADB9413D,2025-03,20250327,용도구역,신설,48730BTZ202503260086
SADB9413D,2025-03,20250327,용도구역,신설,48730BTZ202503260087
SADB9413D,2025-03,20250327,용도구역,신설,48730BTZ202503260088
SADB9413D,2025-03,20250327,용도구역,신설,48730BTZ202503260089
SADB9413D,2025-03,20250327,용도구역,신설,48730BTZ202503260107
SADB9413D,2025-03,20250327,용도구역,신설,48730BTZ202503260108
SADB9413D,2025-03,20250327,용도구역,신설,48730BTZ202503260121
SADB9413D,2025-03,20250327,용도구역,신설,48730BTZ202503260122
SADB9413D,2025-03,20250327,용도구역,신설,48730BTZ202503260123
SADB9413D,2025-03,20250327,용도구역,신설,48730BTZ202503260124
SADB9413D,2025-03,20250327,용도구역,신설,48730BTZ202503260125
SADB9413D,2025-03,20250327,용도구역,신설,48730BTZ202503260140
SADB9413D,2025-03,20250327,용도구역,신설,48730BTZ202503260146
SADB9413D,2025-03,20250327,용도구역,신설,48730BTZ202503260164
SADB9413D,2025-03,20250327,용도구역,신설,48730BTZ202503260165
SADB9413D,2025-03,20250327,용도구역,신설,48730BTZ202503260171
SADB9413D,2025-03,20250327,용도구역,신설,48730BTZ202503260174
SADB9413D,2025-04,20250407,지구단위,변경,48730UTZ202504070001
SADB9413D,2025-10,20251016,지구단위,변경,48730UTZ202510160003
SADB9413D,2025-10,20251017,지구단위,변경,48730UTZ202510170009
SADB9413D,2025-12,20251204,지구단위,변경,48730UTZ202512040002
SADB9413D,2026-01,20260106,지구단위,변경,48730UTZ202601060001
SADB9413D,2026-03,20260326,지구단위,변경,48730UTZ202603260001
SADB9413D,2026-06,20260602,지구단위,변경,48730UTZ202606020001
SADB9413D,2026-06,20260602,지구단위,변경,48730UTZ202606020002
SAE805988,2024-11,20241112,지구단위,변경,52110UTZ202411120002
SAF267246,2025-10,20251027,용도구역,변경,41190BTZ202510270005
SAF765FF4,2024-08,20240806,용도구역,신설,48820BTZ202408060509
SAF765FF4,2024-08,20240809,용도구역,신설,48820BTZ202408090506
SAF84367F,2025-02,20250228,지구단위,변경,27000UTZ202502280001
SAF84367F,2025-06,20250630,지구단위,변경,27000UTZ202506300001
SAF84367F,2026-02,20260220,지구단위,변경,27230UTZ202605310001
SAF84367F,2026-05,20260529,지구단위,변경,27230UTZ202605290003
SAF84367F,2026-06,20260617,지구단위,변경,27230UTZ202606180001
SAFBF7EFE,2024-02,20240201,지구단위,신설,48250UTZ202402010006
SAFBF7EFE,2024-02,20240215,지구단위,신설,48250UTZ202402150002
SAFBF7EFE,2025-09,20250917,지구단위,변경,48250UTZ202509170033
SAFBF7EFE,2025-09,20250917,지구단위,변경,48250UTZ202509170038
SAFBF7EFE,2026-03,20260325,지구단위,변경,48250UTZ202603250013
SB01A9807,2024-03,20240322,지구단위,변경,26000UTZ202403250001
SB01A9807,2024-11,20241122,지구단위,신설,26000UTZ202411220001
SB01A9807,2024-12,20241202,지구단위,신설,26000UTZ202412020001
SB01A9807,2025-06,20250618,지구단위,신설,26000UTZ202506200001
SB01A9807,2025-08,20250801,지구단위,신설,26000UTZ202508040002
SB01A9807,2025-12,20251210,지구단위,신설,26000UTZ202512160002
SB0A25699,2024-12,20241202,용도지구,변경,50110DSZ202412020124
SB114B5F0,2025-01,20250109,지구단위,신설,46230UTZ202501090001
SB114B5F0,2026-01,20260126,용도구역,신설,46230BTZ202601260196
SB114B5F0,2026-01,20260126,용도구역,신설,46230BTZ202601260197
SB114B5F0,2026-01,20260126,용도구역,신설,46230BTZ202601260258
SB114B5F0,2026-04,20260427,용도구역,폐지,46230BTZ202604270004
SB114B5F0,2026-06,20260602,지구단위,신설,46230UTZ202606020001
SB34D1AAA,2024-06,20240626,용도지구,변경,11000DSZ201411066759
SB34D1AAA,2024-07,20240729,지구단위,변경,11000UTZ201311184153
SB34D1AAA,2025-04,20250414,용도구역,변경,11000BTZ202504140001
SB34D1AAA,2025-04,20250421,용도지구,변경,11000DSZ201411066766
SB34D1AAA,2025-07,20250730,용도구역,변경,11000BTZ202507300007
SB34D1AAA,2025-09,20250911,용도지구,변경,11000DSZ200004170180
SB34D1AAA,2025-09,20250911,지구단위,변경,11110UTZ202507110001
SB4717DE9,2024-04,20240401,지구단위,신설,26380UTZ202404010001
SB4717DE9,2024-04,20240415,지구단위,신설,26000UTZ202404150001
SB4717DE9,2024-05,20240524,지구단위,변경,26000UTZ202405240001
SB4717DE9,2025-02,20250212,지구단위,변경,26000UTZ202502170001
SB4717DE9,2026-01,20260121,지구단위,변경,26380UTZ202601210001
SB4717DE9,2026-05,20260527,지구단위,신설,26000UTZ202606020001
SB4717DE9,2026-05,20260527,지구단위,신설,26380UTZ202605270001
SB48061DB,2025-08,20250812,지구단위,변경,41460UTZ202508122001
SB48061DB,2026-05,20260522,지구단위,변경,41460UTZ202605220002
SB496FDA8,2024-03,20240329,지구단위,변경,51830UTZ202403290001
SB496FDA8,2024-04,20240424,지구단위,변경,51830UTZ202404240001
SB496FDA8,2024-07,20240705,용도지구,폐지,51830DSZ202407050013
SB496FDA8,2024-07,20240705,용도지구,폐지,51830DSZ202407050026
SB496FDA8,2024-08,20240816,용도지구,폐지,51830DSZ202408160025
SB57D1A2B,2024-07,20240719,용도지구,신설,41500DSZ202407190004
SB57D1A2B,2024-07,20240719,지구단위,신설,41500UTZ202407190004
SB57D1A2B,2025-06,20250630,용도구역,신설,41500BTZ202506300009
SB57D1A2B,2025-06,20250630,용도구역,변경,41500BTZ202506300020
SB57D1A2B,2025-08,20250819,용도지구,신설,41500DSZ202508190001
SB57D1A2B,2025-08,20250819,지구단위,신설,41500UTZ202508190007
SB647D174,2024-11,20241113,지구단위,변경,26440UTZ202411130002
SB648E4B0,2024-03,20240326,지구단위,변경,11000UTZ201810310009
SB6940DF9,2024-05,20240501,지구단위,신설,30170UTZ202405010001
SB6940DF9,2024-07,20240730,지구단위,변경,30170UTZ202407300001
SB6940DF9,2025-02,20250208,지구단위,변경,30170UTZ202502080001
SB69CE44B,2024-02,20240201,지구단위,신설,48250UTZ202402010006
SB69CE44B,2024-02,20240215,지구단위,신설,48250UTZ202402150002
SB69CE44B,2025-09,20250917,지구단위,변경,48250UTZ202509170033
SB69CE44B,2025-09,20250917,지구단위,변경,48250UTZ202509170038
SB69CE44B,2026-03,20260325,지구단위,변경,48250UTZ202603250013
SB719F472,2024-11,20241108,용도지구,변경,41460DSZ202411081001
SB719F472,2024-11,20241108,지구단위,신설,41460UTZ202411081001
SB719F472,2025-02,20250204,용도지구,변경,41460DSZ202502043001
SB719F472,2025-02,20250204,지구단위,변경,41460UTZ202502043001
SB719F472,2025-05,20250526,지구단위,변경,41460UTZ202505262001
SB719F472,2025-09,20250922,지구단위,신설,41460UTZ202509220006
SB719F472,2026-02,20260205,용도지구,변경,41460DSZ202602053001
SB719F472,2026-02,20260205,지구단위,변경,41460UTZ202602053001
SB719F472,2026-02,20260211,용도지구,변경,41460DSZ202602111001
SB719F472,2026-02,20260211,지구단위,변경,41460UTZ202602111001
SB719F472,2026-02,20260227,용도지구,변경,41460DSZ202602270001
SB719F472,2026-02,20260227,지구단위,변경,41460UTZ202602270003
SB719F472,2026-03,20260305,용도지구,변경,41460DSZ202603051001
SB719F472,2026-03,20260305,지구단위,변경,41460UTZ202603051001
SB719F472,2026-05,20260513,용도지구,변경,41460DSZ202605130001
SB719F472,2026-05,20260513,지구단위,변경,41460UTZ202605130004
SB7611EFB,2024-06,20240624,지구단위,변경,11680UTZ202112010002
SB7611EFB,2025-07,20250704,지구단위,변경,11000UTZ200206206132
SB7611EFB,2025-07,20250730,용도구역,변경,11000BTZ202507300022
SB7EEE8DB,2025-12,20251208,지구단위,변경,28000UTZ202512080002
SB8E21170,2024-11,20241104,지구단위,변경,26000UTZ202411070001
SB8E21170,2025-12,20251204,지구단위,변경,26000UTZ202512150001
SB8E21170,2025-12,20251223,지구단위,신설,26230UTZ202512230001
SB8E21170,2025-12,20251224,지구단위,신설,26000UTZ202512290001
SB9489886,2024-04,20240418,지구단위,신설,41390UTZ202404180001
SB9D703C3,2024-05,20240507,용도구역,변경,30200BTZ202405070001
SB9D703C3,2024-05,20240507,지구단위,신설,30200UTZ202405070001
SB9D703C3,2024-08,20240808,용도구역,폐지,30200BTZ202408080002
SB9E6D085,2024-01,20240125,용도구역,신설,47290BTZ202401250116
SB9E6D085,2024-01,20240125,용도구역,신설,47290BTZ202401250117
SB9E6D085,2024-01,20240125,용도구역,신설,47290BTZ202401250118
SB9E6D085,2024-01,20240125,용도구역,신설,47290BTZ202401250119
SB9E6D085,2024-01,20240125,용도구역,신설,47290BTZ202401250121
SB9E6D085,2024-01,20240125,용도구역,신설,47290BTZ202401250122
SB9E6D085,2024-01,20240125,용도구역,신설,47290BTZ202401250123
SB9E6D085,2024-01,20240125,용도구역,신설,47290BTZ202401250124
SB9E6D085,2024-01,20240125,용도구역,신설,47290BTZ202401250125
SB9E6D085,2024-01,20240125,용도구역,신설,47290BTZ202401250126
SB9E6D085,2024-01,20240125,용도구역,신설,47290BTZ202401250127
SB9E6D085,2024-01,20240125,용도구역,신설,47290BTZ202401250128
SB9E6D085,2024-01,20240125,용도구역,신설,47290BTZ202401250129
SB9E6D085,2024-01,20240125,용도구역,신설,47290BTZ202401250130
SB9E6D085,2024-01,20240125,용도구역,신설,47290BTZ202401250131
SB9E6D085,2024-01,20240125,용도구역,신설,47290BTZ202401250132
SB9E6D085,2024-01,20240125,용도구역,신설,47290BTZ202401250133
SB9E6D085,2024-01,20240125,용도구역,신설,47290BTZ202401250134
SB9E6D085,2024-01,20240125,용도구역,신설,47290BTZ202401250135
SB9E6D085,2024-01,20240125,용도구역,신설,47290BTZ202401250136
SB9E6D085,2024-01,20240125,용도구역,신설,47290BTZ202401250138
SB9E6D085,2024-01,20240125,용도구역,신설,47290BTZ202401250139
SB9E6D085,2024-01,20240125,용도구역,신설,47290BTZ202401250140
SB9E6D085,2024-01,20240125,용도구역,신설,47290BTZ202401250141
SB9E6D085,2024-01,20240125,용도구역,신설,47290BTZ202401250142
SB9E6D085,2024-01,20240125,용도구역,신설,47290BTZ202401250143
SB9E6D085,2024-01,20240125,용도구역,신설,47290BTZ202401250144
SB9E6D085,2024-01,20240125,용도구역,신설,47290BTZ202401250145
SB9E6D085,2024-01,20240125,용도구역,신설,47290BTZ202401250146
SB9E6D085,2024-01,20240125,용도구역,신설,47290BTZ202401250147
SB9E6D085,2024-01,20240125,용도구역,신설,47290BTZ202401250148
SB9E6D085,2024-01,20240125,용도구역,신설,47290BTZ202401250149
SB9E6D085,2024-01,20240125,용도구역,신설,47290BTZ202401250150
SB9E6D085,2024-01,20240125,용도구역,신설,47290BTZ202401250151
SB9E6D085,2024-01,20240125,용도구역,신설,47290BTZ202401250152
SB9E6D085,2024-01,20240125,용도구역,신설,47290BTZ202401250153
SB9E6D085,2024-07,20240717,용도구역,폐지,47290BTZ202407170001
SBB5474E4,2025-12,20251210,지구단위,신설,26000UTZ202512160001
SBB7E6E40,2024-02,20240220,지구단위,신설,44210UTZ202402200001
SBB7E6E40,2024-03,20240308,지구단위,신설,44210UTZ202403080001
SBCC0158C,2024-07,20240712,지구단위,변경,44200UTZ202407120001
SBCC0158C,2024-11,20241107,지구단위,변경,44200UTZ202411070001
SBDD6D558,2024-12,20241224,용도지구,변경,50110DSZ202412020017
SBDD6D558,2024-12,20241224,용도지구,변경,50110DSZ202412020018
SBDD6D558,2024-12,20241224,용도지구,변경,50110DSZ202412020072
SBFB10452,2024-05,20240502,지구단위,변경,48120UTZ202405020091
SBFB10452,2024-05,20240523,지구단위,변경,48120UTZ202405230001
SBFB10452,2025-02,20250213,지구단위,변경,48120UTZ202502130078
SBFE40430,2024-12,20241224,용도지구,신설,50130DSZ202412060116
SBFE40430,2025-08,20250829,지구단위,변경,50130UTZ202507160002
SC012A39E,2024-12,20241224,용도지구,변경,50110DSZ202412020017
SC012A39E,2024-12,20241224,용도지구,변경,50110DSZ202412020018
SC012A39E,2024-12,20241224,용도지구,변경,50110DSZ202412020072
SC03C15E3,2025-10,20251027,용도구역,변경,41190BTZ202510270005
SC0D47A45,2024-03,20240311,지구단위,변경,41480UTZ202403110001
SC0D47A45,2024-04,20240401,지구단위,변경,41480UTZ202404010001
SC0D47A45,2024-04,20240419,지구단위,변경,41480UTZ202404192001
SC0D47A45,2024-05,20240531,지구단위,변경,41480UTZ202405310001
SC0D47A45,2024-06,20240617,지구단위,변경,41480UTZ202406170001
SC0D47A45,2025-04,20250428,지구단위,신설,41480UTZ202504282001
SC0D47A45,2026-05,20260515,지구단위,변경,41480UTZ202605150001
SC0E96404,2025-08,20250827,용도지구,변경,51210DSZ202508270009
SC0E96404,2025-08,20250827,용도지구,신설,51210DSZ202508270025
SC0E96404,2025-09,20250908,지구단위,변경,51210UTZ202509080005
SC0E96404,2025-09,20250908,지구단위,변경,51210UTZ202509080006
SC14F4ADD,2024-03,20240313,지구단위,변경,11000UTZ200704112313
SC14F4ADD,2024-03,20240326,지구단위,변경,11000UTZ201810310009
SC14F4ADD,2024-04,20240425,지구단위,신설,11000UTZ202310120001
SC14F4ADD,2024-07,20240724,용도지구,폐지,11000DSZ197008060693
SC14F4ADD,2024-08,20240805,지구단위,변경,11500UTZ202311060002
SC14F4ADD,2024-11,20241105,지구단위,변경,11000UTZ202304130002
SC14F4ADD,2024-11,20241121,용도구역,변경,11000BTZ202401100001
SC14F4ADD,2024-11,20241121,용도지구,변경,11000DSZ202401100001
SC14F4ADD,2025-01,20250102,지구단위,폐지,11000UTZ201902110069
SC14F4ADD,2025-01,20250102,지구단위,변경,11500UTZ202309120001
SC14F4ADD,2025-07,20250730,용도구역,변경,11000BTZ202507300026
SC14F4ADD,2025-08,20250804,지구단위,신설,11500UTZ202402210001
SC14F4ADD,2025-08,20250804,지구단위,신설,11500UTZ202402210002
SC14F4ADD,2025-10,20251022,지구단위,정정,11500UTZ202402210003
SC18B43FD,2024-03,20240311,지구단위,변경,41480UTZ202403110001
SC18B43FD,2024-04,20240401,지구단위,변경,41480UTZ202404010001
SC18B43FD,2024-04,20240419,지구단위,변경,41480UTZ202404192001
SC18B43FD,2024-05,20240531,지구단위,변경,41480UTZ202405310001
SC18B43FD,2024-06,20240617,지구단위,변경,41480UTZ202406170001
SC18B43FD,2025-04,20250428,지구단위,신설,41480UTZ202504282001
SC18B43FD,2026-05,20260515,지구단위,변경,41480UTZ202605150001
SC33AEBAA,2024-08,20240812,지구단위,신설,44130UTZ202408120004
SC33AEBAA,2024-08,20240812,지구단위,신설,44130UTZ202408120005
SC33AEBAA,2024-09,20240906,지구단위,신설,44130UTZ202409060003
SC33AEBAA,2024-09,20240906,지구단위,신설,44130UTZ202409060004
SC33AEBAA,2025-01,20250121,지구단위,신설,44130UTZ202501210001
SC33AEBAA,2025-02,20250204,지구단위,변경,44130UTZ202502040001
SC33AEBAA,2025-05,20250501,지구단위,변경,44130UTZ202505010006
SC33AEBAA,2025-05,20250501,지구단위,변경,44130UTZ202505010007
SC33AEBAA,2025-05,20250527,지구단위,변경,44130UTZ202505270003
SC33AEBAA,2025-05,20250527,지구단위,변경,44130UTZ202505270004
SC33AEBAA,2025-06,20250623,지구단위,변경,44130UTZ202506230005
SC33AEBAA,2025-12,20251201,지구단위,변경,44130UTZ202512010001
SC3B036E6,2024-07,20240726,지구단위,신설,41460UTZ202407262001
SC3B036E6,2025-09,20250915,지구단위,신설,41460UTZ202509150003
SC52C2452,2024-12,20241202,용도지구,변경,50110DSZ202412020120
SC52C2452,2024-12,20241202,용도지구,변경,50110DSZ202412020121
SC52C2452,2024-12,20241224,용도지구,변경,50110DSZ202412020076
SC52C2452,2024-12,20241226,지구단위,신설,50110UTZ202412260001
SC5418EE9,2024-02,20240205,지구단위,변경,11000UTZ201511124262
SC5418EE9,2024-02,20240205,지구단위,변경,11000UTZ201611294349
SC5418EE9,2024-02,20240205,지구단위,신설,11000UTZ202011081142
SC5418EE9,2024-02,20240205,지구단위,변경,11000UTZ202011090019
SC5418EE9,2024-02,20240205,지구단위,폐지,11000UTZ202011090020
SC5418EE9,2024-02,20240205,지구단위,변경,11545UTZ202011240003
SC5418EE9,2024-02,20240205,지구단위,신설,11545UTZ202211170002
SC5418EE9,2024-07,20240724,용도지구,폐지,11000DSZ197208140750
SC5418EE9,2024-07,20240724,용도지구,폐지,11000DSZ197306050764
SC5418EE9,2025-05,20250515,지구단위,신설,11545UTZ202503270001
SC5418EE9,2025-09,20250925,지구단위,변경,11000UTZ201511274285
SC57B0F1E,2024-02,20240205,지구단위,변경,41610UTZ202402050007
SC57B0F1E,2024-05,20240516,지구단위,변경,41610UTZ202405020016
SC57B0F1E,2025-01,20250115,지구단위,신설,41610UTZ202501150080
SC57B0F1E,2026-06,20260608,용도지구,신설,41610DSZ202606080189
SC57B0F1E,2026-06,20260608,지구단위,신설,41610UTZ202606080066
SC5F2F681,2024-03,20240307,용도지구,변경,46130DSZ202403070001
SC5F2F681,2024-03,20240307,지구단위,변경,46130UTZ202403070001
SC5F2F681,2025-04,20250403,용도지구,변경,46130DSZ202504030001
SC5F2F681,2025-04,20250403,지구단위,변경,46130UTZ202504030001
SC62A910F,2024-01,20240129,용도지구,변경,41610DSZ202401290002
SC62A910F,2024-01,20240129,지구단위,변경,41610UTZ202401290005
SC62A910F,2024-02,20240222,용도지구,변경,41610DSZ202402220003
SC62A910F,2024-02,20240222,지구단위,변경,41610UTZ202402220008
SC62A910F,2024-03,20240319,지구단위,변경,41610UTZ202403190012
SC62A910F,2024-04,20240419,지구단위,변경,41610UTZ202404190013
SC62A910F,2024-06,20240626,용도지구,변경,41610DSZ202406260005
SC62A910F,2024-06,20240626,지구단위,변경,41610UTZ202406260021
SC62A910F,2024-07,20240711,지구단위,변경,41610UTZ202407110022
SC62A910F,2024-12,20241227,지구단위,변경,41610UTZ202412270038
SC62A910F,2024-12,20241231,지구단위,변경,41610UTZ202412310040
SC62A910F,2025-01,20250131,용도지구,변경,41610DSZ202501310006
SC62A910F,2025-01,20250131,지구단위,변경,41610UTZ202501310044
SC62A910F,2025-04,20250418,지구단위,변경,41610UTZ202504180054
SC62A910F,2026-03,20260331,지구단위,변경,41610UTZ202603310097
SC647D2CD,2024-04,20240430,지구단위,변경,41550UTZ202404300001
SC647D2CD,2024-07,20240705,지구단위,신설,41550UTZ202407050001
SC647D2CD,2025-01,20250115,용도지구,변경,41550DSZ202501150001
SC647D2CD,2025-01,20250115,지구단위,신설,41550UTZ202501150001
SC647D2CD,2025-03,20250319,지구단위,신설,41550UTZ202503190001
SC647D2CD,2025-04,20250430,지구단위,신설,41550UTZ202504301001
SC647D2CD,2025-09,20250904,지구단위,변경,41550UTZ202509041024
SC647D2CD,2025-09,20250904,지구단위,변경,41550UTZ202509041025
SC647D2CD,2025-09,20250904,지구단위,변경,41550UTZ202509041026
SC647D2CD,2025-09,20250930,지구단위,신설,41550UTZ202509303001
SC647D2CD,2025-11,20251128,지구단위,변경,41550UTZ202511281001
SC647D2CD,2025-12,20251215,지구단위,변경,41550UTZ202512151001
SC647D2CD,2026-03,20260305,지구단위,신설,41550UTZ202603051001
SC647D2CD,2026-06,20260601,지구단위,신설,41550UTZ202606010005
SC647D2CD,2026-06,20260601,지구단위,신설,41550UTZ202606010006
SC647D2CD,2026-06,20260605,지구단위,변경,41550UTZ202606050075
SC647D2CD,2026-06,20260605,지구단위,변경,41550UTZ202606050076
SC647D2CD,2026-06,20260605,지구단위,변경,41550UTZ202606050077
SC647D2CD,2026-06,20260608,지구단위,신설,41550UTZ202606080001
SC647D2CD,2026-06,20260608,지구단위,변경,41550UTZ202606080006
SC647D2CD,2026-06,20260609,지구단위,변경,41550UTZ202606090002
SC647D2CD,2026-06,20260610,지구단위,신설,41550UTZ202606100002
SC656EE22,2024-01,20240119,지구단위,변경,41360UTZ202401180001
SC656EE22,2024-02,20240222,지구단위,변경,41360UTZ202402220002
SC656EE22,2024-04,20240419,지구단위,변경,41360UTZ202404190005
SC656EE22,2024-07,20240711,지구단위,변경,41360UTZ202407110009
SC656EE22,2024-07,20240711,지구단위,변경,41360UTZ202407110011
SC656EE22,2024-07,20240711,지구단위,변경,41360UTZ202407110019
SC656EE22,2024-07,20240711,지구단위,변경,41360UTZ202407110020
SC656EE22,2024-07,20240711,지구단위,변경,41360UTZ202407110021
SC656EE22,2024-07,20240711,지구단위,변경,41360UTZ202407110022
SC656EE22,2024-07,20240711,지구단위,변경,41360UTZ202407110023
SC656EE22,2024-07,20240711,지구단위,변경,41360UTZ202407110024
SC656EE22,2024-07,20240711,지구단위,변경,41360UTZ202407110025
SC656EE22,2024-07,20240711,지구단위,변경,41360UTZ202407110026
SC656EE22,2024-07,20240711,지구단위,변경,41360UTZ202407110027
SC656EE22,2024-07,20240711,지구단위,변경,41360UTZ202407110028
SC656EE22,2024-08,20240814,지구단위,변경,41360UTZ202408140029
SC656EE22,2024-11,20241128,용도구역,폐지,41360BTZ202411280005
SC656EE22,2024-11,20241128,용도구역,폐지,41360BTZ202411280006
SC656EE22,2024-11,20241128,용도구역,폐지,41360BTZ202411280014
SC656EE22,2024-11,20241128,용도구역,폐지,41360BTZ202411280015
SC656EE22,2024-11,20241128,용도구역,폐지,41360BTZ202411280016
SC656EE22,2024-11,20241128,용도구역,폐지,41360BTZ202411280017
SC656EE22,2024-11,20241128,용도구역,폐지,41360BTZ202411280018
SC656EE22,2024-11,20241128,용도구역,폐지,41360BTZ202411280019
SC656EE22,2024-11,20241128,용도구역,폐지,41360BTZ202411280020
SC656EE22,2024-11,20241128,용도구역,폐지,41360BTZ202411280021
SC656EE22,2024-11,20241128,용도구역,폐지,41360BTZ202411280022
SC656EE22,2024-11,20241128,용도구역,폐지,41360BTZ202411280023
SC656EE22,2024-11,20241128,용도구역,폐지,41360BTZ202411280024
SC656EE22,2024-11,20241128,용도구역,폐지,41360BTZ202411280025
SC656EE22,2025-04,20250424,지구단위,변경,41360UTZ202504250038
SC656EE22,2025-07,20250729,지구단위,변경,41360UTZ202507290043
SC656EE22,2025-07,20250729,지구단위,변경,41360UTZ202507290046
SC656EE22,2025-08,20250814,지구단위,변경,41360UTZ202508140052
SC656EE22,2025-09,20250925,지구단위,변경,41360UTZ202509250095
SC656EE22,2025-09,20250925,지구단위,변경,41360UTZ202509250096
SC656EE22,2025-09,20250925,지구단위,변경,41360UTZ202509250097
SC656EE22,2025-10,20251031,지구단위,변경,41360UTZ202510310001
SC656EE22,2025-10,20251031,지구단위,변경,41360UTZ202510310002
SC656EE22,2025-10,20251031,지구단위,변경,41360UTZ202510310003
SC656EE22,2025-12,20251205,용도지구,폐지,41360DSZ202512050245
SC656EE22,2025-12,20251205,용도지구,폐지,41360DSZ202512050246
SC656EE22,2025-12,20251205,용도지구,폐지,41360DSZ202512050247
SC656EE22,2025-12,20251205,지구단위,폐지,41360UTZ202512050106
SC656EE22,2025-12,20251205,지구단위,폐지,41360UTZ202512050107
SC656EE22,2025-12,20251205,지구단위,신설,41360UTZ202512050108
SC656EE22,2025-12,20251205,지구단위,신설,41360UTZ202512050109
SC656EE22,2025-12,20251205,지구단위,신설,41360UTZ202512050110
SC656EE22,2025-12,20251205,지구단위,신설,41360UTZ202512050111
SC656EE22,2025-12,20251205,지구단위,변경,41360UTZ202512050112
SC656EE22,2025-12,20251205,지구단위,신설,41360UTZ202512050114
SC656EE22,2025-12,20251205,지구단위,신설,41360UTZ202512050115
SC656EE22,2025-12,20251205,지구단위,신설,41360UTZ202512050120
SC656EE22,2025-12,20251205,지구단위,변경,41360UTZ202512050148
SC656EE22,2025-12,20251205,지구단위,변경,41360UTZ202512050149
SC656EE22,2025-12,20251205,지구단위,변경,41360UTZ202512050155
SC656EE22,2025-12,20251215,용도지구,폐지,41360DSZ202512150002
SC656EE22,2025-12,20251215,용도지구,폐지,41360DSZ202512150003
SC656EE22,2025-12,20251215,용도지구,폐지,41360DSZ202512150004
SC656EE22,2025-12,20251215,지구단위,폐지,41360UTZ202512150008
SC656EE22,2025-12,20251215,지구단위,폐지,41360UTZ202512150009
SC656EE22,2025-12,20251215,지구단위,신설,41360UTZ202512150010
SC656EE22,2025-12,20251215,지구단위,신설,41360UTZ202512150011
SC656EE22,2025-12,20251215,지구단위,신설,41360UTZ202512150012
SC656EE22,2025-12,20251215,지구단위,신설,41360UTZ202512150013
SC656EE22,2025-12,20251215,지구단위,변경,41360UTZ202512150014
SC656EE22,2025-12,20251215,지구단위,신설,41360UTZ202512150016
SC656EE22,2025-12,20251215,지구단위,신설,41360UTZ202512150017
SC656EE22,2025-12,20251215,지구단위,신설,41360UTZ202512150023
SC656EE22,2025-12,20251215,지구단위,변경,41360UTZ202512150050
SC656EE22,2025-12,20251215,지구단위,변경,41360UTZ202512150051
SC656EE22,2025-12,20251215,지구단위,변경,41360UTZ202512150057
SC656EE22,2025-12,20251222,지구단위,변경,41360UTZ202512220003
SC656EE22,2025-12,20251222,지구단위,변경,41360UTZ202512220004
SC656EE22,2025-12,20251222,지구단위,변경,41360UTZ202512220012
SC656EE22,2025-12,20251222,지구단위,변경,41360UTZ202512220013
SC656EE22,2025-12,20251222,지구단위,변경,41360UTZ202512220014
SC656EE22,2025-12,20251222,지구단위,변경,41360UTZ202512220015
SC656EE22,2025-12,20251222,지구단위,변경,41360UTZ202512220016
SC656EE22,2025-12,20251222,지구단위,변경,41360UTZ202512220017
SC656EE22,2025-12,20251222,지구단위,변경,41360UTZ202512220018
SC656EE22,2025-12,20251222,지구단위,변경,41360UTZ202512220019
SC656EE22,2025-12,20251222,지구단위,변경,41360UTZ202512220020
SC656EE22,2025-12,20251222,지구단위,변경,41360UTZ202512220022
SC656EE22,2026-03,20260312,지구단위,신설,41360UTZ202603120159
SC656EE22,2026-03,20260326,지구단위,신설,41360UTZ202603260001
SC656EE22,2026-04,20260409,지구단위,변경,41360UTZ202604095417
SC656EE22,2026-05,20260518,지구단위,변경,41360UTZ202605180001
SC656EE22,2026-06,20260624,지구단위,변경,41360UTZ202606240001
SC684F9E2,2024-03,20240329,지구단위,변경,41460UTZ202403291001
SC684F9E2,2024-05,20240510,지구단위,변경,41460UTZ202405102001
SC684F9E2,2024-06,20240611,지구단위,변경,41460UTZ202406111001
SC684F9E2,2024-06,20240611,지구단위,변경,41460UTZ202406112001
SC684F9E2,2024-12,20241206,지구단위,변경,41460UTZ202412061001
SC684F9E2,2024-12,20241226,지구단위,변경,41460UTZ202412261001
SC684F9E2,2024-12,20241227,지구단위,변경,41460UTZ202412274001
SC684F9E2,2025-04,20250424,지구단위,변경,41460UTZ202504242001
SC684F9E2,2025-08,20250812,지구단위,변경,41460UTZ202508120001
SC684F9E2,2025-08,20250812,지구단위,변경,41460UTZ202508120002
SC684F9E2,2025-09,20250922,지구단위,변경,41460UTZ202509220007
SC684F9E2,2025-09,20250925,지구단위,변경,41460UTZ202509250003
SC684F9E2,2025-09,20250925,지구단위,변경,41460UTZ202509260001
SC684F9E2,2025-10,20251021,지구단위,변경,41460UTZ202510212001
SC684F9E2,2025-11,20251128,지구단위,변경,41460UTZ202512230002
SC684F9E2,2026-02,20260203,용도지구,변경,41460DSZ202602031001
SC684F9E2,2026-02,20260203,지구단위,변경,41460UTZ202602031001
SC684F9E2,2026-02,20260210,용도지구,변경,41460DSZ202602050003
SC684F9E2,2026-02,20260210,지구단위,변경,41460UTZ202602050001
SC6FEB869,2024-04,20240430,지구단위,변경,41550UTZ202404300001
SC6FEB869,2024-07,20240705,지구단위,신설,41550UTZ202407050001
SC6FEB869,2025-01,20250115,용도지구,변경,41550DSZ202501150001
SC6FEB869,2025-01,20250115,지구단위,신설,41550UTZ202501150001
SC6FEB869,2025-03,20250319,지구단위,신설,41550UTZ202503190001
SC6FEB869,2025-04,20250430,지구단위,신설,41550UTZ202504301001
SC6FEB869,2025-09,20250904,지구단위,변경,41550UTZ202509041024
SC6FEB869,2025-09,20250904,지구단위,변경,41550UTZ202509041025
SC6FEB869,2025-09,20250904,지구단위,변경,41550UTZ202509041026
SC6FEB869,2025-09,20250930,지구단위,신설,41550UTZ202509303001
SC6FEB869,2025-11,20251128,지구단위,변경,41550UTZ202511281001
SC6FEB869,2025-12,20251215,지구단위,변경,41550UTZ202512151001
SC6FEB869,2026-03,20260305,지구단위,신설,41550UTZ202603051001
SC6FEB869,2026-06,20260601,지구단위,신설,41550UTZ202606010005
SC6FEB869,2026-06,20260601,지구단위,신설,41550UTZ202606010006
SC6FEB869,2026-06,20260605,지구단위,변경,41550UTZ202606050075
SC6FEB869,2026-06,20260605,지구단위,변경,41550UTZ202606050076
SC6FEB869,2026-06,20260605,지구단위,변경,41550UTZ202606050077
SC6FEB869,2026-06,20260608,지구단위,신설,41550UTZ202606080001
SC6FEB869,2026-06,20260608,지구단위,변경,41550UTZ202606080006
SC6FEB869,2026-06,20260609,지구단위,변경,41550UTZ202606090002
SC6FEB869,2026-06,20260610,지구단위,신설,41550UTZ202606100002
SC775B5C7,2024-01,20240125,용도구역,신설,47290BTZ202401250001
SC775B5C7,2024-01,20240125,용도구역,신설,47290BTZ202401250002
SC775B5C7,2024-01,20240125,용도구역,신설,47290BTZ202401250003
SC775B5C7,2024-01,20240125,용도구역,신설,47290BTZ202401250004
SC775B5C7,2024-01,20240125,용도구역,신설,47290BTZ202401250005
SC775B5C7,2024-01,20240125,용도구역,신설,47290BTZ202401250006
SC775B5C7,2024-01,20240125,용도구역,신설,47290BTZ202401250007
SC775B5C7,2024-01,20240125,용도구역,신설,47290BTZ202401250008
SC775B5C7,2024-01,20240125,용도구역,신설,47290BTZ202401250009
SC775B5C7,2024-01,20240125,용도구역,신설,47290BTZ202401250010
SC775B5C7,2024-01,20240125,용도구역,신설,47290BTZ202401250011
SC775B5C7,2024-01,20240125,용도구역,신설,47290BTZ202401250012
SC775B5C7,2024-01,20240125,용도구역,신설,47290BTZ202401250013
SC775B5C7,2024-01,20240125,용도구역,신설,47290BTZ202401250014
SC775B5C7,2024-01,20240125,용도구역,신설,47290BTZ202401250015
SC775B5C7,2024-01,20240125,용도구역,신설,47290BTZ202401250016
SC775B5C7,2024-01,20240125,용도구역,신설,47290BTZ202401250017
SC775B5C7,2024-01,20240125,용도구역,신설,47290BTZ202401250018
SC775B5C7,2024-01,20240125,용도구역,신설,47290BTZ202401250019
SC775B5C7,2024-01,20240125,용도구역,신설,47290BTZ202401250020
SC775B5C7,2024-01,20240125,용도구역,신설,47290BTZ202401250021
SC775B5C7,2024-01,20240125,용도구역,신설,47290BTZ202401250022
SC775B5C7,2024-01,20240125,용도구역,신설,47290BTZ202401250023
SC775B5C7,2024-01,20240125,용도구역,신설,47290BTZ202401250024
SC775B5C7,2024-01,20240125,용도구역,신설,47290BTZ202401250025
SC775B5C7,2024-01,20240125,용도구역,신설,47290BTZ202401250026
SC775B5C7,2024-01,20240125,용도구역,신설,47290BTZ202401250027
SC775B5C7,2024-01,20240125,용도구역,신설,47290BTZ202401250028
SC775B5C7,2024-01,20240125,용도구역,신설,47290BTZ202401250029
SC775B5C7,2024-01,20240125,용도구역,신설,47290BTZ202401250030
SC775B5C7,2024-01,20240125,용도구역,신설,47290BTZ202401250031
SC775B5C7,2024-01,20240125,용도구역,신설,47290BTZ202401250032
SC775B5C7,2024-01,20240125,용도구역,신설,47290BTZ202401250033
SC775B5C7,2024-01,20240125,용도구역,신설,47290BTZ202401250034
SC775B5C7,2024-01,20240125,용도구역,신설,47290BTZ202401250035
SC775B5C7,2024-01,20240125,용도구역,신설,47290BTZ202401250036
SC775B5C7,2024-01,20240125,용도구역,신설,47290BTZ202401250037
SC775B5C7,2024-01,20240125,용도구역,신설,47290BTZ202401250038
SC775B5C7,2024-01,20240125,용도구역,신설,47290BTZ202401250039
SC775B5C7,2024-01,20240125,용도구역,신설,47290BTZ202401250040
SC775B5C7,2024-01,20240125,용도구역,신설,47290BTZ202401250041
SC775B5C7,2024-01,20240125,용도구역,신설,47290BTZ202401250042
SC775B5C7,2024-01,20240125,용도구역,신설,47290BTZ202401250043
SC775B5C7,2024-01,20240125,용도구역,신설,47290BTZ202401250044
SC775B5C7,2024-01,20240125,용도구역,신설,47290BTZ202401250045
SC775B5C7,2024-01,20240125,용도구역,신설,47290BTZ202401250046
SC775B5C7,2024-01,20240125,용도구역,신설,47290BTZ202401250047
SC775B5C7,2024-01,20240125,용도구역,신설,47290BTZ202401250048
SC775B5C7,2024-01,20240125,용도구역,신설,47290BTZ202401250049
SC775B5C7,2024-01,20240125,용도구역,신설,47290BTZ202401250050
SC775B5C7,2024-01,20240125,용도구역,신설,47290BTZ202401250051
SC775B5C7,2024-01,20240125,용도구역,신설,47290BTZ202401250052
SC775B5C7,2024-01,20240125,용도구역,신설,47290BTZ202401250053
SC775B5C7,2024-01,20240125,용도구역,신설,47290BTZ202401250054
SC775B5C7,2024-01,20240125,용도구역,신설,47290BTZ202401250055
SC775B5C7,2024-01,20240125,용도구역,신설,47290BTZ202401250056
SC775B5C7,2024-01,20240125,용도구역,신설,47290BTZ202401250057
SC775B5C7,2024-01,20240125,용도구역,신설,47290BTZ202401250058
SC775B5C7,2024-01,20240125,용도구역,신설,47290BTZ202401250059
SC775B5C7,2024-01,20240125,용도구역,신설,47290BTZ202401250060
SC775B5C7,2024-01,20240125,용도구역,신설,47290BTZ202401250061
SC775B5C7,2024-01,20240125,용도구역,신설,47290BTZ202401250062
SC775B5C7,2024-01,20240125,용도구역,신설,47290BTZ202401250063
SC775B5C7,2024-01,20240125,용도구역,신설,47290BTZ202401250064
SC775B5C7,2024-01,20240125,용도구역,신설,47290BTZ202401250065
SC775B5C7,2024-01,20240125,용도구역,신설,47290BTZ202401250066
SC775B5C7,2024-01,20240125,용도구역,신설,47290BTZ202401250067
SC775B5C7,2024-01,20240125,용도구역,신설,47290BTZ202401250068
SC775B5C7,2024-01,20240125,용도구역,신설,47290BTZ202401250069
SC775B5C7,2024-01,20240125,용도구역,신설,47290BTZ202401250070
SC775B5C7,2024-01,20240125,용도구역,신설,47290BTZ202401250071
SC775B5C7,2024-01,20240125,용도구역,신설,47290BTZ202401250072
SC775B5C7,2024-01,20240125,용도구역,신설,47290BTZ202401250073
SC775B5C7,2024-01,20240125,용도구역,신설,47290BTZ202401250074
SC775B5C7,2024-01,20240125,용도구역,신설,47290BTZ202401250078
SC775B5C7,2024-01,20240125,용도구역,신설,47290BTZ202401250079
SC775B5C7,2024-01,20240125,용도구역,신설,47290BTZ202401250080
SC775B5C7,2024-01,20240125,용도구역,신설,47290BTZ202401250081
SC775B5C7,2024-01,20240125,용도구역,신설,47290BTZ202401250082
SC775B5C7,2024-01,20240125,용도구역,신설,47290BTZ202401250083
SC775B5C7,2024-01,20240125,용도구역,신설,47290BTZ202401250084
SC775B5C7,2024-01,20240125,용도구역,신설,47290BTZ202401250085
SC775B5C7,2024-01,20240125,용도구역,신설,47290BTZ202401250086
SC775B5C7,2024-01,20240125,용도구역,신설,47290BTZ202401250087
SC775B5C7,2024-01,20240125,용도구역,신설,47290BTZ202401250088
SC775B5C7,2024-01,20240125,용도구역,신설,47290BTZ202401250089
SC775B5C7,2024-01,20240125,용도구역,신설,47290BTZ202401250090
SC775B5C7,2024-01,20240125,용도구역,신설,47290BTZ202401250091
SC775B5C7,2024-01,20240125,용도구역,신설,47290BTZ202401250092
SC775B5C7,2024-01,20240125,용도구역,신설,47290BTZ202401250093
SC775B5C7,2024-01,20240125,용도구역,신설,47290BTZ202401250094
SC775B5C7,2024-01,20240125,용도구역,신설,47290BTZ202401250095
SC775B5C7,2024-01,20240125,용도구역,신설,47290BTZ202401250096
SC775B5C7,2024-01,20240125,용도구역,신설,47290BTZ202401250097
SC775B5C7,2024-01,20240125,용도구역,신설,47290BTZ202401250098
SC775B5C7,2024-01,20240125,용도구역,신설,47290BTZ202401250099
SC775B5C7,2024-01,20240125,용도구역,신설,47290BTZ202401250100
SC775B5C7,2024-01,20240125,용도구역,신설,47290BTZ202401250101
SC775B5C7,2024-05,20240509,지구단위,변경,47290UTZ202405090002
SC8D2A23E,2024-03,20240315,용도지구,폐지,51150DSZ202403150015
SC8D2A23E,2024-03,20240315,용도지구,폐지,51150DSZ202403150018
SC8D2A23E,2024-09,20240910,용도구역,신설,51150BTZ202409100001
SC92A9702,2025-11,20251120,용도지구,변경,46110DSZ202511200188
SC92A9702,2026-06,20260611,용도지구,변경,46110DSZ202606110030
SC92A9702,2026-06,20260611,용도지구,변경,46110DSZ202606110058
SC9614210,2024-02,20240220,지구단위,변경,27000UTZ202402200001
SC9614210,2024-04,20240430,지구단위,변경,27000UTZ202404300001
SC9614210,2025-02,20250210,지구단위,신설,27000UTZ202502100001
SC9614210,2025-02,20250210,지구단위,변경,27000UTZ202502100002
SC9614210,2025-12,20251201,지구단위,변경,27000UTZ202512010001
SC9614210,2026-03,20260320,지구단위,정정,27000UTZ202603200001
SCA41FD69,2024-01,20240123,지구단위,신설,26000UTZ202401240001
SCA41FD69,2024-03,20240311,지구단위,신설,26410UTZ202403120001
SCA41FD69,2024-03,20240312,지구단위,신설,26000UTZ202403140001
SCA41FD69,2024-05,20240503,지구단위,변경,26000UTZ202405090001
SCA41FD69,2024-07,20240724,지구단위,변경,26000UTZ202408090002
SCD2B7CF6,2024-03,20240329,용도지구,변경,41820DSZ202403290001
SCD2B7CF6,2024-08,20240801,용도지구,변경,41820DSZ202408010001
SCD2B7CF6,2024-08,20240801,지구단위,변경,41820UTZ202408010001
SCD2B7CF6,2025-01,20250120,지구단위,신설,41820UTZ202501201001
SCD2B7CF6,2025-09,20250917,지구단위,변경,41820UTZ202509171001
SCDCA656F,2024-03,20240306,지구단위,신설,11545UTZ202403060002
SCDCA656F,2026-05,20260504,지구단위,신설,11545UTZ202605040001
SCDF6292F,2024-06,20240613,지구단위,신설,31000UTZ202406070002
SCDF6292F,2024-12,20241226,용도지구,폐지,31000DSZ202412260004
SCDF6292F,2024-12,20241227,용도지구,폐지,31000DSZ202412270008
SCE54D952,2024-07,20240718,용도구역,변경,50110BTZ202407090002
SCE54D952,2024-12,20241202,용도지구,변경,50110DSZ202412020111
SCE54D952,2024-12,20241224,용도지구,변경,50110DSZ202412020006
SCE54D952,2024-12,20241224,용도지구,변경,50110DSZ202412020007
SCFC862F8,2024-12,20241220,지구단위,변경,41450UTZ202412170002
SCFC862F8,2025-10,20251027,지구단위,신설,41450UTZ202510270001
SCFFE3999,2024-01,20240130,지구단위,변경,41830UTZ202401300001
SCFFE3999,2024-12,20241226,지구단위,신설,41830UTZ202412260001
SD017B509,2024-12,20241224,용도지구,변경,50110DSZ202412020004
SD094F8CA,2024-02,20240201,지구단위,신설,48250UTZ202402010006
SD094F8CA,2024-02,20240215,지구단위,신설,48250UTZ202402150002
SD094F8CA,2025-09,20250917,지구단위,변경,48250UTZ202509170033
SD094F8CA,2025-09,20250917,지구단위,변경,48250UTZ202509170038
SD094F8CA,2026-03,20260325,지구단위,변경,48250UTZ202603250013
SD0CB9ED3,2024-01,20240129,용도구역,신설,44130BTZ202401290093
SD0CB9ED3,2024-01,20240129,용도구역,신설,44130BTZ202401290094
SD0CB9ED3,2024-01,20240129,용도구역,신설,44130BTZ202401290095
SD0CB9ED3,2024-01,20240129,용도구역,신설,44130BTZ202401290096
SD0CB9ED3,2024-01,20240129,용도구역,신설,44130BTZ202401290097
SD0CB9ED3,2024-01,20240129,용도구역,신설,44130BTZ202401290098
SD0CB9ED3,2024-01,20240129,용도구역,신설,44130BTZ202401290099
SD0CB9ED3,2024-01,20240129,용도구역,신설,44130BTZ202401290100
SD0CB9ED3,2024-01,20240129,용도구역,신설,44130BTZ202401290101
SD0CB9ED3,2024-01,20240129,용도구역,신설,44130BTZ202401290102
SD0CB9ED3,2024-01,20240129,용도구역,신설,44130BTZ202401290103
SD0CB9ED3,2024-01,20240129,용도구역,신설,44130BTZ202401290104
SD0CB9ED3,2024-01,20240129,용도구역,신설,44130BTZ202401290105
SD0CB9ED3,2024-01,20240129,용도구역,신설,44130BTZ202401290106
SD0CB9ED3,2024-01,20240129,용도구역,신설,44130BTZ202401290107
SD0CB9ED3,2024-01,20240129,용도구역,신설,44130BTZ202401290108
SD0CB9ED3,2024-01,20240129,용도구역,신설,44130BTZ202401290109
SD0CB9ED3,2024-01,20240129,용도구역,신설,44130BTZ202401290110
SD0CB9ED3,2024-01,20240129,용도구역,신설,44130BTZ202401290111
SD0CB9ED3,2024-01,20240129,용도구역,신설,44130BTZ202401290112
SD0CB9ED3,2024-01,20240129,용도구역,신설,44130BTZ202401290113
SD0CB9ED3,2024-01,20240129,용도구역,신설,44130BTZ202401290114
SD0CB9ED3,2024-01,20240129,용도구역,신설,44130BTZ202401290115
SD0CB9ED3,2024-01,20240129,용도구역,신설,44130BTZ202401290116
SD0CB9ED3,2024-01,20240129,용도구역,신설,44130BTZ202401290117
SD0CB9ED3,2024-01,20240129,용도구역,신설,44130BTZ202401290118
SD0CB9ED3,2024-01,20240129,용도구역,신설,44130BTZ202401290119
SD0CB9ED3,2024-01,20240129,용도구역,신설,44130BTZ202401290120
SD0CB9ED3,2024-01,20240129,용도구역,신설,44130BTZ202401290121
SD0CB9ED3,2024-01,20240129,용도구역,신설,44130BTZ202401290122
SD0CB9ED3,2024-01,20240129,용도구역,신설,44130BTZ202401290123
SD0CB9ED3,2024-01,20240129,용도구역,신설,44130BTZ202401290124
SD0CB9ED3,2024-01,20240129,용도구역,신설,44130BTZ202401290125
SD0CB9ED3,2024-01,20240129,용도구역,신설,44130BTZ202401290126
SD0CB9ED3,2024-01,20240129,용도구역,신설,44130BTZ202401290127
SD0CB9ED3,2024-01,20240129,용도구역,신설,44130BTZ202401290128
SD0CB9ED3,2024-01,20240129,용도구역,신설,44130BTZ202401290129
SD0CB9ED3,2024-01,20240129,용도구역,신설,44130BTZ202401290130
SD0CB9ED3,2024-01,20240129,용도구역,신설,44130BTZ202401290131
SD0CB9ED3,2024-01,20240129,용도구역,신설,44130BTZ202401290132
SD0CB9ED3,2024-01,20240129,용도구역,신설,44130BTZ202401290133
SD0CB9ED3,2024-01,20240129,용도구역,신설,44130BTZ202401290134
SD0CB9ED3,2024-01,20240129,용도구역,신설,44130BTZ202401290135
SD0CB9ED3,2024-01,20240129,용도구역,신설,44130BTZ202401290136
SD0CB9ED3,2024-01,20240129,용도구역,신설,44130BTZ202401290137
SD0CB9ED3,2024-01,20240129,용도구역,신설,44130BTZ202401290138
SD0CB9ED3,2024-01,20240129,용도구역,신설,44130BTZ202401290139
SD0CB9ED3,2024-01,20240129,용도구역,신설,44130BTZ202401290140
SD0CB9ED3,2024-01,20240129,용도구역,신설,44130BTZ202401290141
SD0CB9ED3,2024-01,20240129,용도구역,신설,44130BTZ202401290142
SD0CB9ED3,2024-01,20240129,용도구역,신설,44130BTZ202401290143
SD0CB9ED3,2024-12,20241202,용도지구,변경,44130DSZ202412020001
SD0CB9ED3,2024-12,20241202,지구단위,변경,44130UTZ202412020002
SD0CB9ED3,2025-10,20251001,용도지구,변경,44130DSZ202510010001
SD0CB9ED3,2025-10,20251001,지구단위,변경,44130UTZ202510010004
SD0CB9ED3,2025-10,20251002,용도지구,변경,44130DSZ202510020001
SD0CB9ED3,2025-10,20251002,지구단위,변경,44130UTZ202510020001
SD0CB9ED3,2025-12,20251211,용도구역,변경,44130BTZ202512110002
SD0CB9ED3,2025-12,20251211,용도구역,변경,44130BTZ202512110003
SD0CB9ED3,2025-12,20251211,용도구역,변경,44130BTZ202512110004
SD0CB9ED3,2025-12,20251211,용도구역,변경,44130BTZ202512110005
SD0CB9ED3,2025-12,20251211,용도구역,변경,44130BTZ202512110025
SD0CB9ED3,2025-12,20251211,용도구역,변경,44130BTZ202512110026
SD0CB9ED3,2025-12,20251211,용도구역,변경,44130BTZ202512110027
SD0CB9ED3,2025-12,20251222,용도구역,변경,44130BTZ202512220003
SD0CB9ED3,2025-12,20251222,용도구역,변경,44130BTZ202512220004
SD0CB9ED3,2025-12,20251222,용도구역,변경,44130BTZ202512220005
SD0CB9ED3,2025-12,20251222,용도구역,변경,44130BTZ202512220006
SD0CB9ED3,2025-12,20251222,용도구역,변경,44130BTZ202512220007
SD0CB9ED3,2025-12,20251222,용도구역,변경,44130BTZ202512220008
SD0CB9ED3,2025-12,20251222,용도구역,변경,44130BTZ202512220009
SD14EFDA5,2024-04,20240419,지구단위,변경,41480UTZ202404191001
SD14EFDA5,2025-04,20250418,지구단위,변경,41480UTZ202504180001
SD14EFDA5,2025-12,20251211,용도지구,변경,41480DSZ202512110001
SD14EFDA5,2025-12,20251211,지구단위,변경,41480UTZ202512110001
SD14EFDA5,2026-05,20260513,용도지구,변경,41480DSZ202605130001
SD14EFDA5,2026-05,20260513,지구단위,변경,41480UTZ202605130002
SD1B52EEF,2024-03,20240328,지구단위,변경,48250UTZ202403280018
SD1B52EEF,2024-04,20240411,지구단위,변경,48250UTZ202404110017
SD1B52EEF,2024-07,20240729,용도지구,변경,48250DSZ202407290009
SD1B52EEF,2024-07,20240729,지구단위,변경,48250UTZ202407290038
SD1B52EEF,2024-07,20240730,용도지구,변경,48250DSZ202407310002
SD1B52EEF,2024-07,20240730,지구단위,변경,48250UTZ202408010002
SD1B52EEF,2024-11,20241128,용도구역,변경,48250BTZ202411280003
SD1B52EEF,2025-04,20250409,용도구역,신설,48250BTZ202504090001
SD1B52EEF,2025-04,20250414,용도구역,신설,48250BTZ202504140001
SD1B52EEF,2025-08,20250827,지구단위,신설,48250UTZ202508270022
SD1B52EEF,2025-09,20250917,지구단위,변경,48250UTZ202509170027
SD1B52EEF,2025-09,20250917,지구단위,변경,48250UTZ202509170040
SD1B52EEF,2025-10,20251014,지구단위,신설,48250UTZ202510140001
SD1B52EEF,2026-01,20260128,지구단위,신설,48250UTZ202601280005
SD21E691B,2025-02,20250224,지구단위,신설,11350UTZ202502240001
SD21E691B,2025-07,20250730,용도구역,변경,11000BTZ202507300006
SD21E691B,2025-10,20251017,지구단위,변경,11000UTZ202510160001
SD21E691B,2025-10,20251017,지구단위,신설,11000UTZ202510160002
SD21E691B,2025-10,20251017,지구단위,신설,11000UTZ202510160003
SD21E691B,2025-10,20251017,지구단위,신설,11000UTZ202510160004
SD21E691B,2025-10,20251017,지구단위,신설,11000UTZ202510160005
SD21E691B,2025-10,20251017,지구단위,신설,11000UTZ202510160006
SD21E691B,2025-10,20251017,지구단위,신설,11000UTZ202510160007
SD21E691B,2025-10,20251017,지구단위,신설,11000UTZ202510160008
SD21E691B,2025-10,20251017,지구단위,신설,11000UTZ202510160009
SD21E691B,2025-10,20251017,지구단위,신설,11000UTZ202510160010
SD21E691B,2025-10,20251017,지구단위,신설,11000UTZ202510160011
SD21E691B,2025-10,20251017,지구단위,신설,11000UTZ202510160012
SD21E691B,2025-10,20251017,지구단위,신설,11000UTZ202510160013
SD21E691B,2025-10,20251017,지구단위,신설,11000UTZ202510160014
SD21E691B,2025-10,20251017,지구단위,신설,11000UTZ202510160015
SD21E691B,2025-10,20251017,지구단위,신설,11000UTZ202510160016
SD21E691B,2025-10,20251017,지구단위,신설,11000UTZ202510160017
SD21E691B,2025-10,20251017,지구단위,신설,11000UTZ202510160018
SD21E691B,2025-10,20251017,지구단위,신설,11000UTZ202510160019
SD21E691B,2025-10,20251017,지구단위,신설,11000UTZ202510160020
SD21E691B,2025-10,20251017,지구단위,신설,11000UTZ202510160021
SD21E691B,2025-10,20251017,지구단위,신설,11000UTZ202510160022
SD21E691B,2025-10,20251017,지구단위,신설,11000UTZ202510160023
SD21E691B,2025-10,20251017,지구단위,신설,11000UTZ202510160024
SD21E691B,2025-10,20251017,지구단위,신설,11000UTZ202510160025
SD21E691B,2025-10,20251017,지구단위,신설,11000UTZ202510160026
SD21E691B,2025-10,20251017,지구단위,신설,11000UTZ202510160027
SD2F66929,2024-01,20240119,지구단위,신설,26000UTZ202401190002
SD2F66929,2024-04,20240403,지구단위,변경,26000UTZ202404160001
SD2F66929,2025-01,20250109,지구단위,변경,26000UTZ202502030002
SD2F66929,2025-02,20250204,지구단위,신설,26260UTZ202502040001
SD2F66929,2025-02,20250205,지구단위,변경,26260UTZ202503180001
SD2F66929,2025-06,20250625,용도지구,변경,26000DSZ202506270001
SD2F66929,2026-01,20260108,지구단위,신설,26000UTZ202601130001
SD3006731,2025-08,20250814,용도지구,신설,26000DSZ202509180002
SD3006731,2025-08,20250822,용도지구,신설,26000DSZ202508110091
SD3006731,2025-09,20250924,용도지구,변경,26350DSZ202509250001
SD3006731,2025-09,20250924,지구단위,변경,26350UTZ202509250001
SD3006731,2025-10,20251030,지구단위,변경,26000UTZ202511040001
SD3006731,2025-10,20251030,용도지구,변경,26350DSZ202510310001
SD3006731,2025-10,20251030,지구단위,변경,26350UTZ202510310002
SD3006731,2025-11,20251114,지구단위,변경,26350UTZ202509260001
SD3FD8251,2024-05,20240516,지구단위,변경,41150UTZ202405160004
SD3FD8251,2024-08,20240829,지구단위,변경,41150UTZ202408290009
SD3FD8251,2024-10,20241008,지구단위,변경,41150UTZ202410080010
SD3FD8251,2024-12,20241226,지구단위,변경,41150UTZ202412260015
SD3FD8251,2025-12,20251203,지구단위,변경,41150UTZ202512030036
SD3FD8251,2026-02,20260202,지구단위,변경,41150UTZ202602020039
SD3FD8251,2026-05,20260507,지구단위,변경,41150UTZ202605070001
SD3FD8251,2026-05,20260508,지구단위,변경,41150UTZ202605080001
SD4FDA194,2025-10,20251002,지구단위,변경,36110UTZ202510020017
SD570D3E2,2024-12,20241202,용도지구,변경,50130DSZ202412040024
SD570D3E2,2024-12,20241202,용도지구,변경,50130DSZ202412040025
SD570D3E2,2024-12,20241224,용도지구,신설,50130DSZ202412060030
SD570D3E2,2024-12,20241224,용도지구,변경,50130DSZ202412060098
SD570D3E2,2024-12,20241224,용도지구,변경,50130DSZ202412060101
SD570D3E2,2024-12,20241224,용도지구,변경,50130DSZ202412060102
SD570D3E2,2024-12,20241224,용도지구,신설,50130DSZ202412060109
SD570D3E2,2024-12,20241224,용도지구,신설,50130DSZ202412060110
SD66FD976,2024-01,20240115,용도구역,폐지,44800BTZ202401150001
SD66FD976,2024-08,20240830,지구단위,변경,44800UTZ202408301001
SD66FD976,2024-10,20241004,지구단위,폐지,44800UTZ202410040001
SD66FD976,2024-10,20241004,지구단위,신설,44800UTZ202410040017
SD66FD976,2024-10,20241021,지구단위,신설,44800UTZ202410210017
SD66FD976,2024-11,20241112,용도구역,변경,44800BTZ202411120001
SD66FD976,2024-11,20241112,용도구역,변경,44800BTZ202411120002
SD66FD976,2024-11,20241112,지구단위,변경,44800UTZ202411120001
SD66FD976,2024-11,20241113,용도구역,변경,44800BTZ202411130001
SD66FD976,2024-11,20241113,용도구역,변경,44800BTZ202411130002
SD66FD976,2024-11,20241113,지구단위,변경,44800UTZ202411130001
SD66FD976,2024-12,20241216,지구단위,변경,44800UTZ202412160001
SD66FD976,2024-12,20241230,지구단위,변경,44800UTZ202412300001
SD66FD976,2025-05,20250512,지구단위,변경,44800UTZ202505120001
SD66FD976,2025-12,20251215,용도구역,신설,44800BTZ202512150114
SD66FD976,2025-12,20251215,용도구역,신설,44800BTZ202512150115
SD66FD976,2025-12,20251215,용도구역,신설,44800BTZ202512150346
SD66FD976,2025-12,20251215,용도구역,신설,44800BTZ202512150347
SD66FD976,2025-12,20251215,용도구역,신설,44800BTZ202512150348
SD66FD976,2025-12,20251215,용도구역,신설,44800BTZ202512150349
SD66FD976,2025-12,20251215,용도구역,신설,44800BTZ202512150350
SD66FD976,2025-12,20251215,용도구역,신설,44800BTZ202512150351
SD66FD976,2025-12,20251215,용도구역,신설,44800BTZ202512150352
SD66FD976,2025-12,20251215,용도구역,신설,44800BTZ202512150353
SD66FD976,2025-12,20251215,용도구역,신설,44800BTZ202512150354
SD66FD976,2025-12,20251215,용도구역,신설,44800BTZ202512150355
SD66FD976,2025-12,20251215,용도구역,신설,44800BTZ202512150356
SD66FD976,2025-12,20251215,용도구역,신설,44800BTZ202512150359
SD66FD976,2025-12,20251215,용도구역,신설,44800BTZ202512150360
SD66FD976,2026-03,20260316,지구단위,변경,44800UTZ202603160001
SD66FD976,2026-05,20260519,지구단위,변경,44800UTZ202605190001
SD6DE873C,2024-12,20241223,지구단위,변경,41590UTZ202412230887
SD6DE873C,2025-08,20250812,지구단위,변경,41590UTZ202508120027
SD6DE873C,2025-10,20251014,지구단위,변경,41590UTZ202510140008
SD775B01F,2026-04,20260429,지구단위,신설,47110UTZ202604290001
SD775B01F,2026-04,20260429,지구단위,신설,47110UTZ202604290002
SD869FE4E,2024-01,20240119,지구단위,변경,41360UTZ202401180001
SD869FE4E,2024-02,20240222,지구단위,변경,41360UTZ202402220002
SD869FE4E,2024-04,20240419,지구단위,변경,41360UTZ202404190005
SD869FE4E,2024-07,20240711,지구단위,변경,41360UTZ202407110009
SD869FE4E,2024-07,20240711,지구단위,변경,41360UTZ202407110011
SD869FE4E,2024-07,20240711,지구단위,변경,41360UTZ202407110019
SD869FE4E,2024-07,20240711,지구단위,변경,41360UTZ202407110020
SD869FE4E,2024-07,20240711,지구단위,변경,41360UTZ202407110021
SD869FE4E,2024-07,20240711,지구단위,변경,41360UTZ202407110022
SD869FE4E,2024-07,20240711,지구단위,변경,41360UTZ202407110023
SD869FE4E,2024-07,20240711,지구단위,변경,41360UTZ202407110024
SD869FE4E,2024-07,20240711,지구단위,변경,41360UTZ202407110025
SD869FE4E,2024-07,20240711,지구단위,변경,41360UTZ202407110026
SD869FE4E,2024-07,20240711,지구단위,변경,41360UTZ202407110027
SD869FE4E,2024-07,20240711,지구단위,변경,41360UTZ202407110028
SD869FE4E,2024-08,20240814,지구단위,변경,41360UTZ202408140029
SD869FE4E,2024-11,20241128,용도구역,폐지,41360BTZ202411280005
SD869FE4E,2024-11,20241128,용도구역,폐지,41360BTZ202411280006
SD869FE4E,2024-11,20241128,용도구역,폐지,41360BTZ202411280014
SD869FE4E,2024-11,20241128,용도구역,폐지,41360BTZ202411280015
SD869FE4E,2024-11,20241128,용도구역,폐지,41360BTZ202411280016
SD869FE4E,2024-11,20241128,용도구역,폐지,41360BTZ202411280017
SD869FE4E,2024-11,20241128,용도구역,폐지,41360BTZ202411280018
SD869FE4E,2024-11,20241128,용도구역,폐지,41360BTZ202411280019
SD869FE4E,2024-11,20241128,용도구역,폐지,41360BTZ202411280020
SD869FE4E,2024-11,20241128,용도구역,폐지,41360BTZ202411280021
SD869FE4E,2024-11,20241128,용도구역,폐지,41360BTZ202411280022
SD869FE4E,2024-11,20241128,용도구역,폐지,41360BTZ202411280023
SD869FE4E,2024-11,20241128,용도구역,폐지,41360BTZ202411280024
SD869FE4E,2024-11,20241128,용도구역,폐지,41360BTZ202411280025
SD869FE4E,2025-04,20250424,지구단위,변경,41360UTZ202504250038
SD869FE4E,2025-07,20250729,지구단위,변경,41360UTZ202507290043
SD869FE4E,2025-07,20250729,지구단위,변경,41360UTZ202507290046
SD869FE4E,2025-08,20250814,지구단위,변경,41360UTZ202508140052
SD869FE4E,2025-09,20250925,지구단위,변경,41360UTZ202509250095
SD869FE4E,2025-09,20250925,지구단위,변경,41360UTZ202509250096
SD869FE4E,2025-09,20250925,지구단위,변경,41360UTZ202509250097
SD869FE4E,2025-10,20251031,지구단위,변경,41360UTZ202510310001
SD869FE4E,2025-10,20251031,지구단위,변경,41360UTZ202510310002
SD869FE4E,2025-10,20251031,지구단위,변경,41360UTZ202510310003
SD869FE4E,2025-12,20251205,용도지구,폐지,41360DSZ202512050245
SD869FE4E,2025-12,20251205,용도지구,폐지,41360DSZ202512050246
SD869FE4E,2025-12,20251205,용도지구,폐지,41360DSZ202512050247
SD869FE4E,2025-12,20251205,지구단위,폐지,41360UTZ202512050106
SD869FE4E,2025-12,20251205,지구단위,폐지,41360UTZ202512050107
SD869FE4E,2025-12,20251205,지구단위,신설,41360UTZ202512050108
SD869FE4E,2025-12,20251205,지구단위,신설,41360UTZ202512050109
SD869FE4E,2025-12,20251205,지구단위,신설,41360UTZ202512050110
SD869FE4E,2025-12,20251205,지구단위,신설,41360UTZ202512050111
SD869FE4E,2025-12,20251205,지구단위,변경,41360UTZ202512050112
SD869FE4E,2025-12,20251205,지구단위,신설,41360UTZ202512050114
SD869FE4E,2025-12,20251205,지구단위,신설,41360UTZ202512050115
SD869FE4E,2025-12,20251205,지구단위,신설,41360UTZ202512050120
SD869FE4E,2025-12,20251205,지구단위,변경,41360UTZ202512050148
SD869FE4E,2025-12,20251205,지구단위,변경,41360UTZ202512050149
SD869FE4E,2025-12,20251205,지구단위,변경,41360UTZ202512050155
SD869FE4E,2025-12,20251215,용도지구,폐지,41360DSZ202512150002
SD869FE4E,2025-12,20251215,용도지구,폐지,41360DSZ202512150003
SD869FE4E,2025-12,20251215,용도지구,폐지,41360DSZ202512150004
SD869FE4E,2025-12,20251215,지구단위,폐지,41360UTZ202512150008
SD869FE4E,2025-12,20251215,지구단위,폐지,41360UTZ202512150009
SD869FE4E,2025-12,20251215,지구단위,신설,41360UTZ202512150010
SD869FE4E,2025-12,20251215,지구단위,신설,41360UTZ202512150011
SD869FE4E,2025-12,20251215,지구단위,신설,41360UTZ202512150012
SD869FE4E,2025-12,20251215,지구단위,신설,41360UTZ202512150013
SD869FE4E,2025-12,20251215,지구단위,변경,41360UTZ202512150014
SD869FE4E,2025-12,20251215,지구단위,신설,41360UTZ202512150016
SD869FE4E,2025-12,20251215,지구단위,신설,41360UTZ202512150017
SD869FE4E,2025-12,20251215,지구단위,신설,41360UTZ202512150023
SD869FE4E,2025-12,20251215,지구단위,변경,41360UTZ202512150050
SD869FE4E,2025-12,20251215,지구단위,변경,41360UTZ202512150051
SD869FE4E,2025-12,20251215,지구단위,변경,41360UTZ202512150057
SD869FE4E,2025-12,20251222,지구단위,변경,41360UTZ202512220003
SD869FE4E,2025-12,20251222,지구단위,변경,41360UTZ202512220004
SD869FE4E,2025-12,20251222,지구단위,변경,41360UTZ202512220012
SD869FE4E,2025-12,20251222,지구단위,변경,41360UTZ202512220013
SD869FE4E,2025-12,20251222,지구단위,변경,41360UTZ202512220014
SD869FE4E,2025-12,20251222,지구단위,변경,41360UTZ202512220015
SD869FE4E,2025-12,20251222,지구단위,변경,41360UTZ202512220016
SD869FE4E,2025-12,20251222,지구단위,변경,41360UTZ202512220017
SD869FE4E,2025-12,20251222,지구단위,변경,41360UTZ202512220018
SD869FE4E,2025-12,20251222,지구단위,변경,41360UTZ202512220019
SD869FE4E,2025-12,20251222,지구단위,변경,41360UTZ202512220020
SD869FE4E,2025-12,20251222,지구단위,변경,41360UTZ202512220022
SD869FE4E,2026-03,20260312,지구단위,신설,41360UTZ202603120159
SD869FE4E,2026-03,20260326,지구단위,신설,41360UTZ202603260001
SD869FE4E,2026-04,20260409,지구단위,변경,41360UTZ202604095417
SD869FE4E,2026-05,20260518,지구단위,변경,41360UTZ202605180001
SD869FE4E,2026-06,20260624,지구단위,변경,41360UTZ202606240001
SD87211B3,2024-06,20240627,용도구역,변경,41220BTZ202406270063
SD87211B3,2025-03,20250325,용도지구,변경,41220DSZ202503250004
SD87211B3,2025-03,20250325,지구단위,변경,41220UTZ202503250004
SD9380CA9,2024-03,20240320,지구단위,신설,31710UTZ202403200001
SD9380CA9,2024-03,20240321,지구단위,신설,31000UTZ202403210001
SD9380CA9,2024-04,20240418,지구단위,변경,31000UTZ202404180002
SD9380CA9,2024-05,20240509,용도구역,신설,31000BTZ202405090001
SD9380CA9,2024-05,20240509,용도구역,신설,31710BTZ202405080001
SD9380CA9,2024-05,20240509,지구단위,폐지,31710UTZ202405080001
SD9380CA9,2024-12,20241212,지구단위,변경,31000UTZ202412120002
SD9380CA9,2024-12,20241219,지구단위,변경,31000UTZ202412190003
SD9380CA9,2024-12,20241226,용도지구,변경,31000DSZ202412230081
SD9380CA9,2024-12,20241226,용도지구,변경,31000DSZ202412230082
SD9380CA9,2024-12,20241227,용도지구,변경,31000DSZ202412270106
SD9380CA9,2024-12,20241227,용도지구,변경,31000DSZ202412270107
SD9380CA9,2025-06,20250626,지구단위,변경,31000UTZ202506260003
SD9380CA9,2025-08,20250814,지구단위,변경,31000UTZ202508140002
SDA27355B,2024-05,20240521,지구단위,변경,41220UTZ202405210692
SDA27355B,2024-09,20240925,지구단위,변경,41220UTZ202409250702
SDA27355B,2025-03,20250314,지구단위,변경,41220UTZ202503140001
SDA27355B,2025-11,20251105,지구단위,변경,41220UTZ202511050001
SDA27355B,2025-12,20251217,지구단위,변경,41220UTZ202512170001
SDB1C605D,2025-08,20250821,지구단위,변경,51210UTZ202508210001
SDB1C605D,2025-08,20250821,지구단위,변경,51210UTZ202508210002
SDB1C605D,2025-08,20250822,지구단위,신설,51210UTZ202508220004
SDB1C605D,2025-08,20250822,지구단위,신설,51210UTZ202508220005
SDB1C605D,2025-08,20250827,용도구역,변경,51210BTZ202508270001
SDB1C605D,2025-08,20250827,용도지구,변경,51210DSZ202508270002
SDB1C605D,2025-08,20250827,용도지구,폐지,51210DSZ202508270018
SDB1C605D,2025-08,20250827,용도지구,폐지,51210DSZ202508270019
SDB1C605D,2025-08,20250827,용도지구,폐지,51210DSZ202508270020
SDB1C605D,2025-08,20250827,용도지구,변경,51210DSZ202508270021
SDB1C605D,2025-08,20250827,용도지구,변경,51210DSZ202508270022
SDB1C605D,2025-08,20250827,용도지구,변경,51210DSZ202508270026
SDB1C605D,2025-08,20250827,용도지구,폐지,51210DSZ202508270034
SDB1C605D,2025-09,20250908,용도지구,폐지,51210DSZ202509080001
SDB1C605D,2025-09,20250908,용도지구,변경,51210DSZ202509080002
SDB1C605D,2025-09,20250908,용도지구,신설,51210DSZ202509080003
SDB273A50,2024-07,20240717,지구단위,변경,41610UTZ202407170024
SDB273A50,2024-08,20240802,지구단위,변경,41610UTZ202408020027
SDB273A50,2024-08,20240812,지구단위,변경,41610UTZ202408120029
SDB273A50,2024-10,20241008,지구단위,변경,41610UTZ202410080034
SDB273A50,2025-03,20250327,지구단위,변경,41610UTZ202503270049
SDB273A50,2025-04,20250402,지구단위,변경,41610UTZ202504020050
SDB273A50,2025-05,20250514,지구단위,신설,41610UTZ202505140060
SDB273A50,2026-02,20260224,지구단위,변경,41610UTZ202602240078
SDB273A50,2026-02,20260225,지구단위,정정,41610UTZ202602250079
SDB273A50,2026-05,20260513,지구단위,변경,41610UTZ202605130061
SDBE9380A,2024-03,20240311,지구단위,변경,48250UTZ202403110008
SDBE9380A,2024-03,20240328,지구단위,변경,48250UTZ202403280011
SDBE9380A,2024-07,20240718,지구단위,신설,48250UTZ202407180036
SDBE9380A,2024-07,20240730,지구단위,신설,48250UTZ202407300001
SDBE9380A,2024-11,20241121,지구단위,변경,48250UTZ202411210001
SDBE9380A,2024-11,20241122,지구단위,신설,48250UTZ202411220005
SDBE9380A,2024-12,20241209,지구단위,변경,48250UTZ202412090001
SDBE9380A,2025-01,20250115,지구단위,변경,48250UTZ202501150002
SDCEF618E,2024-11,20241112,지구단위,변경,52110UTZ202411120002
SDD8F5BEF,2024-05,20240507,지구단위,변경,11620UTZ202402200001
SDD8F5BEF,2024-05,20240509,지구단위,변경,11620UTZ202306210002
SDD8F5BEF,2024-05,20240529,지구단위,변경,11000UTZ202405290001
SDD8F5BEF,2024-06,20240617,지구단위,변경,11620UTZ202402200002
SDD8F5BEF,2024-06,20240617,지구단위,변경,11620UTZ202402200003
SDD8F5BEF,2024-07,20240726,지구단위,변경,11000UTZ202407260001
SDD8F5BEF,2024-08,20240827,지구단위,변경,11000UTZ202408270001
SDD8F5BEF,2024-08,20240827,지구단위,변경,11000UTZ202408270002
SDD8F5BEF,2024-10,20241014,지구단위,신설,11620UTZ202407040001
SDD8F5BEF,2024-11,20241113,지구단위,변경,11620UTZ202306210003
SDD8F5BEF,2024-12,20241202,지구단위,변경,11620UTZ202402200004
SDD8F5BEF,2024-12,20241216,지구단위,변경,11000UTZ202208080002
SDD8F5BEF,2025-04,20250429,지구단위,변경,11000UTZ201411254207
SDD8F5BEF,2025-07,20250711,지구단위,변경,11000UTZ202408270008
SDD8F5BEF,2025-07,20250730,용도구역,변경,11000BTZ202507300011
SDD8F5BEF,2025-07,20250730,용도구역,변경,11000BTZ202507300033
SDD8F5BEF,2026-04,20260401,지구단위,신설,11000UTZ202604010001
SDE358E36,2025-07,20250710,지구단위,변경,41630UTZ202507100003
SDE7092BB,2024-01,20240122,지구단위,신설,46890UTZ202401220052
SDE7092BB,2024-01,20240130,지구단위,신설,46890UTZ202401300053
SDE7092BB,2025-07,20250723,지구단위,변경,46890UTZ202507230001
SDE7092BB,2026-03,20260320,지구단위,신설,46890UTZ202603200001
SDE753A1C,2024-10,20241028,지구단위,신설,50110UTZ202410280002
SDE753A1C,2024-10,20241028,지구단위,신설,50110UTZ202410280003
SDE753A1C,2024-10,20241028,지구단위,변경,50110UTZ202410280004
SDE753A1C,2024-10,20241029,지구단위,변경,50110UTZ202410290001
SDE753A1C,2024-12,20241224,용도지구,변경,50110DSZ202412020008
SDE753A1C,2025-07,20250710,지구단위,변경,50110UTZ202507100001
SDE753A1C,2025-07,20250716,지구단위,변경,50110UTZ202507160001
SDE8BA0C4,2025-03,20250306,지구단위,변경,11260UTZ202503060001
SDECD6689,2024-05,20240520,지구단위,변경,27000UTZ202405200001
SDECD6689,2025-11,20251120,지구단위,변경,27000UTZ202511200001
SDECD6689,2025-11,20251120,지구단위,변경,27290UTZ202511200002
SDECD6689,2026-02,20260210,지구단위,변경,27000UTZ202602100001
SDECD6689,2026-02,20260210,지구단위,변경,27290UTZ202602100001
SE0B0AD03,2025-05,20250507,지구단위,변경,41610UTZ202505070056
SE0B0AD03,2026-03,20260331,지구단위,변경,41610UTZ202603310098
SE0B0AD03,2026-03,20260331,지구단위,변경,41610UTZ202603310099
SE0B0AD03,2026-03,20260331,지구단위,변경,41610UTZ202603310100
SE0B0AD03,2026-03,20260331,지구단위,변경,41610UTZ202603310101
SE0B0AD03,2026-03,20260331,지구단위,변경,41610UTZ202603310102
SE0B0AD03,2026-03,20260331,지구단위,변경,41610UTZ202603310103
SE1382974,2025-01,20250122,지구단위,변경,41570UTZ202501220001
SE1382974,2025-05,20250502,지구단위,폐지,41570UTZ202505020001
SE19465C5,2024-09,20240920,지구단위,변경,28000UTZ202409200001
SE19465C5,2025-05,20250502,지구단위,변경,28000UTZ202504170001
SE19465C5,2025-07,20250708,지구단위,변경,28000UTZ202506300002
SE19465C5,2025-07,20250717,지구단위,변경,28000UTZ202507170001
SE19465C5,2026-05,20260506,지구단위,변경,28000UTZ202605060001
SE215B905,2024-10,20241010,지구단위,변경,48330UTZ202410100001
SE23CEA63,2026-03,20260326,지구단위,변경,41250UTZ202603260003
SE277C0C6,2024-08,20240828,지구단위,변경,41150UTZ202408280008
SE277C0C6,2024-11,20241129,지구단위,신설,41150UTZ202411290014
SE277C0C6,2025-02,20250214,지구단위,신설,41150UTZ202502140023
SE277C0C6,2025-04,20250403,지구단위,신설,41150UTZ202504030029
SE277C0C6,2026-01,20260123,지구단위,변경,41150UTZ202601230037
SE277C0C6,2026-03,20260316,지구단위,변경,41150UTZ202603160041
SE277C0C6,2026-05,20260507,지구단위,변경,41150UTZ202605070003
SE277C0C6,2026-05,20260508,지구단위,변경,41150UTZ202605080002
SE308E5B3,2026-04,20260409,지구단위,폐지,46170UTZ202604090291
SE3E889C8,2024-12,20241219,지구단위,변경,46130UTZ202412190001
SE3EBBDCA,2024-03,20240326,지구단위,변경,11000UTZ201810310009
SE3EBBDCA,2025-07,20250730,용도구역,변경,11000BTZ202507300030
SE43BD093,2024-03,20240315,용도지구,폐지,51150DSZ202403150015
SE43BD093,2024-03,20240315,용도지구,폐지,51150DSZ202403150018
SE43BD093,2024-09,20240910,용도구역,신설,51150BTZ202409100001
SE4AEE2B5,2024-06,20240619,지구단위,변경,41390UTZ202406190001
SE549C54A,2024-05,20240522,지구단위,변경,50130UTZ202405200001
SE549C54A,2024-06,20240621,지구단위,변경,50130UTZ202406030001
SE549C54A,2024-06,20240621,지구단위,신설,50130UTZ202406030002
SE549C54A,2024-12,20241202,용도지구,변경,50130DSZ202412040017
SE549C54A,2024-12,20241202,용도지구,변경,50130DSZ202412040061
SE549C54A,2024-12,20241202,용도지구,변경,50130DSZ202412040062
SE549C54A,2024-12,20241202,용도지구,변경,50130DSZ202412040063
SE549C54A,2024-12,20241202,용도지구,변경,50130DSZ202412040064
SE549C54A,2024-12,20241202,용도지구,변경,50130DSZ202412040065
SE549C54A,2024-12,20241202,용도지구,변경,50130DSZ202412040066
SE549C54A,2024-12,20241202,용도지구,변경,50130DSZ202412040067
SE549C54A,2024-12,20241202,용도지구,변경,50130DSZ202412040068
SE549C54A,2024-12,20241202,용도지구,변경,50130DSZ202412040069
SE549C54A,2024-12,20241202,용도지구,변경,50130DSZ202412040070
SE549C54A,2024-12,20241202,용도지구,변경,50130DSZ202412040071
SE549C54A,2024-12,20241202,용도지구,변경,50130DSZ202412040072
SE549C54A,2024-12,20241202,용도지구,변경,50130DSZ202412040073
SE549C54A,2024-12,20241205,지구단위,변경,50000UTZ202412050003
SE549C54A,2024-12,20241205,지구단위,변경,50000UTZ202412050004
SE549C54A,2024-12,20241209,지구단위,신설,50130UTZ202412090001
SE549C54A,2024-12,20241224,용도지구,변경,50130DSZ202412060061
SE549C54A,2024-12,20241224,용도지구,변경,50130DSZ202412060062
SE549C54A,2024-12,20241224,용도지구,신설,50130DSZ202412060063
SE549C54A,2024-12,20241224,용도지구,변경,50130DSZ202412060172
SE549C54A,2024-12,20241224,용도지구,폐지,50130DSZ202412060173
SE549C54A,2024-12,20241224,용도지구,변경,50130DSZ202412060174
SE549C54A,2024-12,20241224,용도지구,변경,50130DSZ202412060175
SE549C54A,2024-12,20241224,용도지구,변경,50130DSZ202412060176
SE549C54A,2024-12,20241224,용도지구,변경,50130DSZ202412060177
SE549C54A,2024-12,20241224,용도지구,변경,50130DSZ202412060178
SE549C54A,2024-12,20241224,용도지구,변경,50130DSZ202412060179
SE549C54A,2024-12,20241224,용도지구,변경,50130DSZ202412060180
SE549C54A,2024-12,20241224,용도지구,변경,50130DSZ202412060181
SE549C54A,2024-12,20241224,용도지구,변경,50130DSZ202412060182
SE549C54A,2024-12,20241224,용도지구,변경,50130DSZ202412060183
SE549C54A,2024-12,20241224,용도지구,변경,50130DSZ202412060184
SE549C54A,2024-12,20241224,용도지구,변경,50130DSZ202412060185
SE549C54A,2024-12,20241224,용도지구,변경,50130DSZ202412060186
SE549C54A,2024-12,20241224,용도지구,변경,50130DSZ202412060187
SE549C54A,2024-12,20241224,용도지구,변경,50130DSZ202412060188
SE549C54A,2024-12,20241224,용도지구,신설,50130DSZ202412060189
SE549C54A,2024-12,20241224,용도지구,신설,50130DSZ202412060190
SE549C54A,2024-12,20241224,용도지구,신설,50130DSZ202412060191
SE549C54A,2025-10,20251002,지구단위,변경,50130UTZ202510020001
SE57DD5D0,2025-04,20250429,지구단위,폐지,11000UTZ201203080007
SE59F1093,2024-07,20240703,용도구역,신설,47110BTZ202407030063
SE59F1093,2024-07,20240703,용도구역,신설,47110BTZ202407030064
SE59F1093,2024-07,20240703,용도구역,신설,47110BTZ202407030065
SE59F1093,2024-07,20240703,용도구역,신설,47110BTZ202407030066
SE59F1093,2024-07,20240703,용도구역,신설,47110BTZ202407030067
SE59F1093,2024-07,20240703,용도구역,신설,47110BTZ202407030068
SE59F1093,2024-07,20240703,용도구역,신설,47110BTZ202407030094
SE59F1093,2024-07,20240703,용도구역,신설,47110BTZ202407030095
SE59F1093,2024-07,20240703,용도구역,신설,47110BTZ202407030096
SE59F1093,2024-07,20240703,용도구역,신설,47110BTZ202407030097
SE59F1093,2024-07,20240703,용도구역,신설,47110BTZ202407030098
SE59F1093,2024-07,20240703,용도구역,신설,47110BTZ202407030099
SE59F1093,2024-07,20240703,용도구역,신설,47110BTZ202407030100
SE59F1093,2024-07,20240703,용도구역,신설,47110BTZ202407030101
SE59F1093,2024-07,20240703,용도구역,신설,47110BTZ202407030102
SE59F1093,2024-07,20240703,용도구역,신설,47110BTZ202407030103
SE59F1093,2024-07,20240703,용도구역,신설,47110BTZ202407030104
SE59F1093,2024-07,20240703,용도구역,신설,47110BTZ202407030105
SE59F1093,2024-07,20240703,용도구역,신설,47110BTZ202407030106
SE59F1093,2024-07,20240703,용도구역,신설,47110BTZ202407030107
SE59F1093,2024-07,20240703,용도구역,신설,47110BTZ202407030108
SE59F1093,2024-12,20241211,지구단위,신설,47110UTZ202412110001
SE59F1093,2024-12,20241211,지구단위,신설,47110UTZ202412110004
SE59F1093,2025-04,20250430,지구단위,변경,47110UTZ202504300001
SE5D96402,2024-04,20240411,지구단위,변경,47190UTZ202404110001
SE610DC45,2025-01,20250109,지구단위,신설,46230UTZ202501090001
SE610DC45,2026-01,20260126,용도구역,신설,46230BTZ202601260196
SE610DC45,2026-01,20260126,용도구역,신설,46230BTZ202601260197
SE610DC45,2026-01,20260126,용도구역,신설,46230BTZ202601260258
SE610DC45,2026-04,20260427,용도구역,폐지,46230BTZ202604270004
SE610DC45,2026-06,20260602,지구단위,신설,46230UTZ202606020001
SE62B2376,2024-05,20240502,지구단위,변경,48120UTZ202405020091
SE62B2376,2024-05,20240523,지구단위,변경,48120UTZ202405230001
SE62B2376,2025-02,20250213,지구단위,변경,48120UTZ202502130078
SE692F9B3,2024-12,20241224,용도지구,변경,50110DSZ202412020051
SE692F9B3,2024-12,20241224,용도지구,변경,50110DSZ202412020058
SE6D23FFD,2024-01,20240129,용도구역,신설,44130BTZ202401290324
SE6D23FFD,2024-01,20240129,용도구역,신설,44130BTZ202401290325
SE6D23FFD,2024-01,20240129,용도구역,신설,44130BTZ202401290326
SE6D23FFD,2024-01,20240129,용도구역,신설,44130BTZ202401290327
SE6D23FFD,2024-01,20240129,용도구역,신설,44130BTZ202401290328
SE6D23FFD,2024-01,20240129,용도구역,신설,44130BTZ202401290329
SE6D23FFD,2024-01,20240129,용도구역,신설,44130BTZ202401290330
SE6D23FFD,2024-01,20240129,용도구역,신설,44130BTZ202401290331
SE6D23FFD,2024-01,20240129,용도구역,신설,44130BTZ202401290332
SE6D23FFD,2024-05,20240501,용도구역,변경,44130BTZ202405010328
SE6D23FFD,2024-11,20241101,지구단위,변경,44130UTZ202411010001
SE6D23FFD,2024-12,20241202,지구단위,변경,44130UTZ202412020001
SE6D23FFD,2024-12,20241205,지구단위,변경,44130UTZ202412050001
SE6D23FFD,2025-01,20250113,지구단위,변경,44130UTZ202501130001
SE6D23FFD,2025-01,20250113,지구단위,변경,44130UTZ202501130002
SE6D23FFD,2025-03,20250328,지구단위,변경,44130UTZ202503280001
SE6D23FFD,2025-07,20250711,용도구역,변경,44130BTZ202507110009
SE6D23FFD,2025-07,20250721,용도구역,정정,44130BTZ202507210009
SE6D23FFD,2025-12,20251211,용도구역,변경,44130BTZ202512110021
SE6D23FFD,2025-12,20251211,용도구역,변경,44130BTZ202512110033
SE6D23FFD,2025-12,20251211,용도구역,변경,44130BTZ202512110034
SE6D23FFD,2025-12,20251222,용도구역,변경,44130BTZ202512220030
SE6D23FFD,2025-12,20251222,용도구역,변경,44130BTZ202512220031
SE6D23FFD,2025-12,20251222,용도구역,변경,44130BTZ202512220032
SE6D23FFD,2026-02,20260205,지구단위,변경,44130UTZ202602050001
SE6D23FFD,2026-03,20260311,지구단위,변경,44130UTZ202603110001
SE6D23FFD,2026-03,20260324,지구단위,변경,44130UTZ202603240001
SE6D23FFD,2026-05,20260511,지구단위,변경,44130UTZ202605110001
SE6D23FFD,2026-05,20260515,지구단위,변경,44130UTZ202605150001
SE6FD40DA,2024-04,20240408,지구단위,변경,41460UTZ202404082001
SE6FD40DA,2024-08,20240809,지구단위,변경,41460UTZ202408092001
SE6FD40DA,2024-12,20241224,용도지구,폐지,41460DSZ202412241004
SE6FD40DA,2025-09,20250915,지구단위,변경,41460UTZ202509150006
SE757D614,2025-08,20250814,용도지구,신설,26000DSZ202509180002
SE757D614,2025-08,20250822,용도지구,신설,26000DSZ202508110091
SE757D614,2025-09,20250924,용도지구,변경,26350DSZ202509250001
SE757D614,2025-09,20250924,지구단위,변경,26350UTZ202509250001
SE757D614,2025-10,20251030,지구단위,변경,26000UTZ202511040001
SE757D614,2025-10,20251030,용도지구,변경,26350DSZ202510310001
SE757D614,2025-10,20251030,지구단위,변경,26350UTZ202510310002
SE757D614,2025-11,20251114,지구단위,변경,26350UTZ202509260001
SE7B4112D,2024-08,20240829,지구단위,변경,41410UTZ202408290122
SE7B4112D,2025-11,20251127,지구단위,변경,41410UTZ202511270008
SE7B4112D,2025-12,20251223,지구단위,변경,41410UTZ202512230009
SE7B4112D,2025-12,20251223,지구단위,변경,41410UTZ202512230010
SE7B4112D,2026-02,20260211,지구단위,변경,41410UTZ202602111015
SE7B4112D,2026-02,20260213,지구단위,변경,41410UTZ202602131016
SE7B4112D,2026-04,20260413,지구단위,변경,41410UTZ202604131018
SE7B4112D,2026-05,20260529,지구단위,변경,41410UTZ202605290003
SE7B4112D,2026-05,20260529,지구단위,변경,41410UTZ202605290004
SE7B4112D,2026-06,20260601,지구단위,변경,41410UTZ202606010004
SE7B4112D,2026-06,20260601,지구단위,변경,41410UTZ202606010006
SE7B4112D,2026-06,20260601,지구단위,변경,41410UTZ202606010007
SE7B4112D,2026-06,20260601,지구단위,변경,41410UTZ202606010008
SE7B4112D,2026-06,20260601,지구단위,변경,41410UTZ202606010009
SE85D4DDC,2024-12,20241226,용도지구,변경,46720DSZ202412260026
SE85D4DDC,2024-12,20241226,용도지구,변경,46720DSZ202412260027
SE85D4DDC,2024-12,20241226,용도지구,변경,46720DSZ202412260028
SE85D4DDC,2024-12,20241226,용도지구,변경,46720DSZ202412260029
SE85D4DDC,2024-12,20241226,용도지구,변경,46720DSZ202412260030
SE85D4DDC,2024-12,20241226,용도지구,변경,46720DSZ202412260031
SE85D4DDC,2024-12,20241226,용도지구,변경,46720DSZ202412260032
SE85D4DDC,2024-12,20241226,용도지구,변경,46720DSZ202412260033
SE85D4DDC,2024-12,20241226,용도지구,변경,46720DSZ202412260034
SE85D4DDC,2024-12,20241226,용도지구,변경,46720DSZ202412260035
SE85D4DDC,2026-01,20260127,용도구역,신설,46720BTZ202601270080
SE85D4DDC,2026-01,20260127,용도구역,신설,46720BTZ202601270081
SE85D4DDC,2026-01,20260127,용도구역,신설,46720BTZ202601270082
SE85D4DDC,2026-01,20260127,용도구역,신설,46720BTZ202601270083
SE85D4DDC,2026-01,20260127,용도구역,신설,46720BTZ202601270084
SE85D4DDC,2026-01,20260127,용도구역,신설,46720BTZ202601270085
SE85D4DDC,2026-01,20260127,용도구역,신설,46720BTZ202601270086
SE85D4DDC,2026-01,20260127,용도구역,신설,46720BTZ202601270087
SE85D4DDC,2026-01,20260127,용도구역,신설,46720BTZ202601270088
SE85D4DDC,2026-01,20260127,용도구역,신설,46720BTZ202601270089
SE85D4DDC,2026-01,20260127,용도구역,신설,46720BTZ202601270090
SE85D4DDC,2026-01,20260127,용도구역,신설,46720BTZ202601270091
SE85D4DDC,2026-01,20260127,용도구역,신설,46720BTZ202601270092
SE85D4DDC,2026-01,20260127,용도구역,신설,46720BTZ202601270093
SE85D4DDC,2026-01,20260127,용도구역,신설,46720BTZ202601270094
SE85D4DDC,2026-01,20260127,용도구역,신설,46720BTZ202601270095
SE85D4DDC,2026-01,20260127,용도구역,신설,46720BTZ202601270096
SE85D4DDC,2026-01,20260127,용도구역,신설,46720BTZ202601270097
SE85D4DDC,2026-01,20260127,용도구역,신설,46720BTZ202601270098
SE85D4DDC,2026-01,20260127,용도구역,신설,46720BTZ202601270099
SE85D4DDC,2026-01,20260127,용도구역,신설,46720BTZ202601270100
SE85D4DDC,2026-01,20260127,용도구역,신설,46720BTZ202601270101
SE85D4DDC,2026-01,20260127,용도구역,신설,46720BTZ202601270102
SE85D4DDC,2026-01,20260127,용도구역,신설,46720BTZ202601270103
SE85D4DDC,2026-01,20260127,용도구역,신설,46720BTZ202601270104
SE85D4DDC,2026-01,20260127,용도구역,신설,46720BTZ202601270105
SE85D4DDC,2026-01,20260127,용도구역,신설,46720BTZ202601270106
SE85D4DDC,2026-01,20260127,용도구역,신설,46720BTZ202601270107
SE85D4DDC,2026-01,20260127,용도구역,신설,46720BTZ202601270108
SE85D4DDC,2026-01,20260127,용도구역,신설,46720BTZ202601270109
SE85D4DDC,2026-01,20260127,용도구역,신설,46720BTZ202601270110
SE85D4DDC,2026-01,20260127,용도구역,신설,46720BTZ202601270111
SE85D4DDC,2026-01,20260127,용도구역,신설,46720BTZ202601270112
SE85D4DDC,2026-01,20260127,용도구역,신설,46720BTZ202601270113
SE85D4DDC,2026-01,20260127,용도구역,신설,46720BTZ202601270114
SE85D4DDC,2026-01,20260127,용도구역,신설,46720BTZ202601270115
SE85D4DDC,2026-01,20260127,용도구역,신설,46720BTZ202601270116
SE85D4DDC,2026-01,20260127,용도구역,신설,46720BTZ202601270117
SE85D4DDC,2026-01,20260127,용도구역,신설,46720BTZ202601270118
SE85D4DDC,2026-01,20260127,용도구역,신설,46720BTZ202601270119
SE85D4DDC,2026-01,20260127,용도구역,신설,46720BTZ202601270120
SE85D4DDC,2026-01,20260127,용도구역,신설,46720BTZ202601270121
SE85D4DDC,2026-01,20260127,용도구역,신설,46720BTZ202601270122
SE901911F,2025-12,20251203,지구단위,신설,11200UTZ202506300001
SE952B830,2024-05,20240522,지구단위,변경,50130UTZ202405200001
SE952B830,2024-06,20240621,지구단위,변경,50130UTZ202406030001
SE952B830,2024-06,20240621,지구단위,신설,50130UTZ202406030002
SE952B830,2024-12,20241202,용도지구,변경,50130DSZ202412040017
SE952B830,2024-12,20241202,용도지구,변경,50130DSZ202412040061
SE952B830,2024-12,20241202,용도지구,변경,50130DSZ202412040062
SE952B830,2024-12,20241202,용도지구,변경,50130DSZ202412040063
SE952B830,2024-12,20241202,용도지구,변경,50130DSZ202412040064
SE952B830,2024-12,20241202,용도지구,변경,50130DSZ202412040065
SE952B830,2024-12,20241202,용도지구,변경,50130DSZ202412040066
SE952B830,2024-12,20241202,용도지구,변경,50130DSZ202412040067
SE952B830,2024-12,20241202,용도지구,변경,50130DSZ202412040068
SE952B830,2024-12,20241202,용도지구,변경,50130DSZ202412040069
SE952B830,2024-12,20241202,용도지구,변경,50130DSZ202412040070
SE952B830,2024-12,20241202,용도지구,변경,50130DSZ202412040071
SE952B830,2024-12,20241202,용도지구,변경,50130DSZ202412040072
SE952B830,2024-12,20241202,용도지구,변경,50130DSZ202412040073
SE952B830,2024-12,20241205,지구단위,변경,50000UTZ202412050003
SE952B830,2024-12,20241205,지구단위,변경,50000UTZ202412050004
SE952B830,2024-12,20241209,지구단위,신설,50130UTZ202412090001
SE952B830,2024-12,20241224,용도지구,변경,50130DSZ202412060061
SE952B830,2024-12,20241224,용도지구,변경,50130DSZ202412060062
SE952B830,2024-12,20241224,용도지구,신설,50130DSZ202412060063
SE952B830,2024-12,20241224,용도지구,변경,50130DSZ202412060172
SE952B830,2024-12,20241224,용도지구,폐지,50130DSZ202412060173
SE952B830,2024-12,20241224,용도지구,변경,50130DSZ202412060174
SE952B830,2024-12,20241224,용도지구,변경,50130DSZ202412060175
SE952B830,2024-12,20241224,용도지구,변경,50130DSZ202412060176
SE952B830,2024-12,20241224,용도지구,변경,50130DSZ202412060177
SE952B830,2024-12,20241224,용도지구,변경,50130DSZ202412060178
SE952B830,2024-12,20241224,용도지구,변경,50130DSZ202412060179
SE952B830,2024-12,20241224,용도지구,변경,50130DSZ202412060180
SE952B830,2024-12,20241224,용도지구,변경,50130DSZ202412060181
SE952B830,2024-12,20241224,용도지구,변경,50130DSZ202412060182
SE952B830,2024-12,20241224,용도지구,변경,50130DSZ202412060183
SE952B830,2024-12,20241224,용도지구,변경,50130DSZ202412060184
SE952B830,2024-12,20241224,용도지구,변경,50130DSZ202412060185
SE952B830,2024-12,20241224,용도지구,변경,50130DSZ202412060186
SE952B830,2024-12,20241224,용도지구,변경,50130DSZ202412060187
SE952B830,2024-12,20241224,용도지구,변경,50130DSZ202412060188
SE952B830,2024-12,20241224,용도지구,신설,50130DSZ202412060189
SE952B830,2024-12,20241224,용도지구,신설,50130DSZ202412060190
SE952B830,2024-12,20241224,용도지구,신설,50130DSZ202412060191
SE952B830,2025-10,20251002,지구단위,변경,50130UTZ202510020001
SE9C5BA09,2024-09,20240902,지구단위,변경,47190UTZ202409020001
SE9C5BA09,2024-09,20240902,지구단위,변경,47190UTZ202409020002
SE9C5BA09,2024-09,20240904,지구단위,변경,47190UTZ202409040003
SE9C5BA09,2024-09,20240904,지구단위,변경,47190UTZ202409040004
SE9C5BA09,2025-06,20250616,지구단위,변경,47190UTZ202506160002
SE9C5BA09,2025-06,20250616,지구단위,변경,47190UTZ202506160013
SE9C5BA09,2025-06,20250617,지구단위,변경,47190UTZ202506170021
SE9C5BA09,2025-06,20250617,지구단위,변경,47190UTZ202506170027
SE9C5BA09,2025-06,20250617,지구단위,변경,47190UTZ202506170033
SE9C5BA09,2026-04,20260401,용도구역,신설,47190BTZ202604010378
SE9C5BA09,2026-04,20260401,용도구역,신설,47190BTZ202604010379
SE9C5BA09,2026-04,20260401,용도구역,신설,47190BTZ202604010380
SE9C5BA09,2026-04,20260401,용도구역,신설,47190BTZ202604010381
SE9C5BA09,2026-04,20260401,용도구역,신설,47190BTZ202604010382
SE9C5BA09,2026-04,20260401,용도구역,신설,47190BTZ202604010383
SE9C5BA09,2026-04,20260401,용도구역,신설,47190BTZ202604010384
SE9C5BA09,2026-04,20260401,용도구역,신설,47190BTZ202604010385
SE9C5BA09,2026-04,20260401,용도구역,신설,47190BTZ202604010419
SEA34D383,2024-06,20240612,용도지구,변경,41500DSZ202406120003
SEA34D383,2024-06,20240612,지구단위,변경,41500UTZ202406120003
SEA34D383,2024-12,20241230,지구단위,변경,41500UTZ202412300002
SEA34D383,2025-02,20250206,지구단위,신설,41500UTZ202502060001
SEA34D383,2025-06,20250630,용도구역,신설,41500BTZ202506300011
SEA34D383,2025-06,20250630,용도구역,변경,41500BTZ202506300022
SEA34D383,2025-09,20250909,지구단위,신설,41500UTZ202507020003
SEA34D383,2025-10,20251016,지구단위,변경,41500UTZ202510160001
SEA34D383,2025-12,20251223,용도지구,변경,41500DSZ202512230001
SEA34D383,2025-12,20251223,지구단위,변경,41500UTZ202512230001
SEA34D383,2026-01,20260115,용도지구,변경,41500DSZ202601200001
SEA34D383,2026-01,20260115,지구단위,변경,41500UTZ202601200001
SEBC60A65,2025-05,20250529,지구단위,신설,26000UTZ202506040001
SEC3A9CCF,2024-01,20240119,지구단위,변경,41360UTZ202401180001
SEC3A9CCF,2024-02,20240222,지구단위,변경,41360UTZ202402220002
SEC3A9CCF,2024-04,20240419,지구단위,변경,41360UTZ202404190005
SEC3A9CCF,2024-07,20240711,지구단위,변경,41360UTZ202407110009
SEC3A9CCF,2024-07,20240711,지구단위,변경,41360UTZ202407110011
SEC3A9CCF,2024-07,20240711,지구단위,변경,41360UTZ202407110019
SEC3A9CCF,2024-07,20240711,지구단위,변경,41360UTZ202407110020
SEC3A9CCF,2024-07,20240711,지구단위,변경,41360UTZ202407110021
SEC3A9CCF,2024-07,20240711,지구단위,변경,41360UTZ202407110022
SEC3A9CCF,2024-07,20240711,지구단위,변경,41360UTZ202407110023
SEC3A9CCF,2024-07,20240711,지구단위,변경,41360UTZ202407110024
SEC3A9CCF,2024-07,20240711,지구단위,변경,41360UTZ202407110025
SEC3A9CCF,2024-07,20240711,지구단위,변경,41360UTZ202407110026
SEC3A9CCF,2024-07,20240711,지구단위,변경,41360UTZ202407110027
SEC3A9CCF,2024-07,20240711,지구단위,변경,41360UTZ202407110028
SEC3A9CCF,2024-08,20240814,지구단위,변경,41360UTZ202408140029
SEC3A9CCF,2024-11,20241128,용도구역,폐지,41360BTZ202411280005
SEC3A9CCF,2024-11,20241128,용도구역,폐지,41360BTZ202411280006
SEC3A9CCF,2024-11,20241128,용도구역,폐지,41360BTZ202411280014
SEC3A9CCF,2024-11,20241128,용도구역,폐지,41360BTZ202411280015
SEC3A9CCF,2024-11,20241128,용도구역,폐지,41360BTZ202411280016
SEC3A9CCF,2024-11,20241128,용도구역,폐지,41360BTZ202411280017
SEC3A9CCF,2024-11,20241128,용도구역,폐지,41360BTZ202411280018
SEC3A9CCF,2024-11,20241128,용도구역,폐지,41360BTZ202411280019
SEC3A9CCF,2024-11,20241128,용도구역,폐지,41360BTZ202411280020
SEC3A9CCF,2024-11,20241128,용도구역,폐지,41360BTZ202411280021
SEC3A9CCF,2024-11,20241128,용도구역,폐지,41360BTZ202411280022
SEC3A9CCF,2024-11,20241128,용도구역,폐지,41360BTZ202411280023
SEC3A9CCF,2024-11,20241128,용도구역,폐지,41360BTZ202411280024
SEC3A9CCF,2024-11,20241128,용도구역,폐지,41360BTZ202411280025
SEC3A9CCF,2025-04,20250424,지구단위,변경,41360UTZ202504250038
SEC3A9CCF,2025-07,20250729,지구단위,변경,41360UTZ202507290043
SEC3A9CCF,2025-07,20250729,지구단위,변경,41360UTZ202507290046
SEC3A9CCF,2025-08,20250814,지구단위,변경,41360UTZ202508140052
SEC3A9CCF,2025-09,20250925,지구단위,변경,41360UTZ202509250095
SEC3A9CCF,2025-09,20250925,지구단위,변경,41360UTZ202509250096
SEC3A9CCF,2025-09,20250925,지구단위,변경,41360UTZ202509250097
SEC3A9CCF,2025-10,20251031,지구단위,변경,41360UTZ202510310001
SEC3A9CCF,2025-10,20251031,지구단위,변경,41360UTZ202510310002
SEC3A9CCF,2025-10,20251031,지구단위,변경,41360UTZ202510310003
SEC3A9CCF,2025-12,20251205,용도지구,폐지,41360DSZ202512050245
SEC3A9CCF,2025-12,20251205,용도지구,폐지,41360DSZ202512050246
SEC3A9CCF,2025-12,20251205,용도지구,폐지,41360DSZ202512050247
SEC3A9CCF,2025-12,20251205,지구단위,폐지,41360UTZ202512050106
SEC3A9CCF,2025-12,20251205,지구단위,폐지,41360UTZ202512050107
SEC3A9CCF,2025-12,20251205,지구단위,신설,41360UTZ202512050108
SEC3A9CCF,2025-12,20251205,지구단위,신설,41360UTZ202512050109
SEC3A9CCF,2025-12,20251205,지구단위,신설,41360UTZ202512050110
SEC3A9CCF,2025-12,20251205,지구단위,신설,41360UTZ202512050111
SEC3A9CCF,2025-12,20251205,지구단위,변경,41360UTZ202512050112
SEC3A9CCF,2025-12,20251205,지구단위,신설,41360UTZ202512050114
SEC3A9CCF,2025-12,20251205,지구단위,신설,41360UTZ202512050115
SEC3A9CCF,2025-12,20251205,지구단위,신설,41360UTZ202512050120
SEC3A9CCF,2025-12,20251205,지구단위,변경,41360UTZ202512050148
SEC3A9CCF,2025-12,20251205,지구단위,변경,41360UTZ202512050149
SEC3A9CCF,2025-12,20251205,지구단위,변경,41360UTZ202512050155
SEC3A9CCF,2025-12,20251215,용도지구,폐지,41360DSZ202512150002
SEC3A9CCF,2025-12,20251215,용도지구,폐지,41360DSZ202512150003
SEC3A9CCF,2025-12,20251215,용도지구,폐지,41360DSZ202512150004
SEC3A9CCF,2025-12,20251215,지구단위,폐지,41360UTZ202512150008
SEC3A9CCF,2025-12,20251215,지구단위,폐지,41360UTZ202512150009
SEC3A9CCF,2025-12,20251215,지구단위,신설,41360UTZ202512150010
SEC3A9CCF,2025-12,20251215,지구단위,신설,41360UTZ202512150011
SEC3A9CCF,2025-12,20251215,지구단위,신설,41360UTZ202512150012
SEC3A9CCF,2025-12,20251215,지구단위,신설,41360UTZ202512150013
SEC3A9CCF,2025-12,20251215,지구단위,변경,41360UTZ202512150014
SEC3A9CCF,2025-12,20251215,지구단위,신설,41360UTZ202512150016
SEC3A9CCF,2025-12,20251215,지구단위,신설,41360UTZ202512150017
SEC3A9CCF,2025-12,20251215,지구단위,신설,41360UTZ202512150023
SEC3A9CCF,2025-12,20251215,지구단위,변경,41360UTZ202512150050
SEC3A9CCF,2025-12,20251215,지구단위,변경,41360UTZ202512150051
SEC3A9CCF,2025-12,20251215,지구단위,변경,41360UTZ202512150057
SEC3A9CCF,2025-12,20251222,지구단위,변경,41360UTZ202512220003
SEC3A9CCF,2025-12,20251222,지구단위,변경,41360UTZ202512220004
SEC3A9CCF,2025-12,20251222,지구단위,변경,41360UTZ202512220012
SEC3A9CCF,2025-12,20251222,지구단위,변경,41360UTZ202512220013
SEC3A9CCF,2025-12,20251222,지구단위,변경,41360UTZ202512220014
SEC3A9CCF,2025-12,20251222,지구단위,변경,41360UTZ202512220015
SEC3A9CCF,2025-12,20251222,지구단위,변경,41360UTZ202512220016
SEC3A9CCF,2025-12,20251222,지구단위,변경,41360UTZ202512220017
SEC3A9CCF,2025-12,20251222,지구단위,변경,41360UTZ202512220018
SEC3A9CCF,2025-12,20251222,지구단위,변경,41360UTZ202512220019
SEC3A9CCF,2025-12,20251222,지구단위,변경,41360UTZ202512220020
SEC3A9CCF,2025-12,20251222,지구단위,변경,41360UTZ202512220022
SEC3A9CCF,2026-03,20260312,지구단위,신설,41360UTZ202603120159
SEC3A9CCF,2026-03,20260326,지구단위,신설,41360UTZ202603260001
SEC3A9CCF,2026-04,20260409,지구단위,변경,41360UTZ202604095417
SEC3A9CCF,2026-05,20260518,지구단위,변경,41360UTZ202605180001
SEC3A9CCF,2026-06,20260624,지구단위,변경,41360UTZ202606240001
SEC57693A,2025-05,20250522,지구단위,신설,41500UTZ202505220001
SEC57693A,2025-05,20250530,용도지구,신설,41500DSZ202505300001
SEC57693A,2025-05,20250530,용도지구,변경,41500DSZ202505300002
SEC57693A,2025-06,20250630,용도구역,신설,41500BTZ202506300003
SEC57693A,2025-06,20250630,용도구역,변경,41500BTZ202506300014
SEC57693A,2025-07,20250731,지구단위,신설,41500UTZ202507310001
SEC57693A,2025-08,20250806,용도지구,변경,41500DSZ202508060002
SEC57693A,2025-08,20250806,지구단위,변경,41500UTZ202508060002
SEC57693A,2025-08,20250822,용도지구,신설,41500DSZ202508220001
SEC57693A,2025-08,20250822,용도지구,변경,41500DSZ202508220002
SEC57693A,2025-08,20250822,지구단위,신설,41500UTZ202508220002
SEC57693A,2025-10,20251002,용도지구,변경,41500DSZ202510020001
SEC57693A,2025-10,20251002,지구단위,변경,41500UTZ202510020003
SEC57693A,2025-10,20251017,지구단위,신설,41500UTZ202510170001
SEC57693A,2025-11,20251106,지구단위,변경,41500UTZ202511060002
SEC57693A,2025-11,20251111,지구단위,변경,41500UTZ202511110001
SED276E9B,2024-12,20241224,용도지구,변경,50110DSZ202412020013
SED276E9B,2024-12,20241224,용도지구,변경,50110DSZ202412020041
SEDCA9B21,2025-01,20250130,지구단위,변경,41630UTZ202501300001
SEDCA9B21,2025-01,20250130,지구단위,변경,41630UTZ202501300002
SEDCA9B21,2025-07,20250710,지구단위,변경,41630UTZ202507100003
SEDD83D1F,2024-05,20240507,지구단위,변경,11620UTZ202402200001
SEDD83D1F,2024-05,20240509,지구단위,변경,11620UTZ202306210002
SEDD83D1F,2024-05,20240529,지구단위,변경,11000UTZ202405290001
SEDD83D1F,2024-06,20240617,지구단위,변경,11620UTZ202402200002
SEDD83D1F,2024-06,20240617,지구단위,변경,11620UTZ202402200003
SEDD83D1F,2024-07,20240726,지구단위,변경,11000UTZ202407260001
SEDD83D1F,2024-08,20240827,지구단위,변경,11000UTZ202408270001
SEDD83D1F,2024-08,20240827,지구단위,변경,11000UTZ202408270002
SEDD83D1F,2024-10,20241014,지구단위,신설,11620UTZ202407040001
SEDD83D1F,2024-11,20241113,지구단위,변경,11620UTZ202306210003
SEDD83D1F,2024-12,20241202,지구단위,변경,11620UTZ202402200004
SEDD83D1F,2024-12,20241216,지구단위,변경,11000UTZ202208080002
SEDD83D1F,2025-04,20250429,지구단위,변경,11000UTZ201411254207
SEDD83D1F,2025-07,20250711,지구단위,변경,11000UTZ202408270008
SEDD83D1F,2025-07,20250730,용도구역,변경,11000BTZ202507300011
SEDD83D1F,2025-07,20250730,용도구역,변경,11000BTZ202507300033
SEDD83D1F,2026-04,20260401,지구단위,신설,11000UTZ202604010001
SEE20F03C,2024-02,20240201,지구단위,신설,48250UTZ202402010006
SEE20F03C,2024-02,20240215,지구단위,신설,48250UTZ202402150002
SEE20F03C,2025-09,20250917,지구단위,변경,48250UTZ202509170033
SEE20F03C,2025-09,20250917,지구단위,변경,48250UTZ202509170038
SEE20F03C,2026-03,20260325,지구단위,변경,48250UTZ202603250013
SEE77D95C,2024-01,20240123,용도구역,폐지,48310BTZ202406190001
SEE77D95C,2024-06,20240619,용도구역,폐지,48310BTZ202406190002
SEE77D95C,2024-07,20240725,용도지구,변경,48310DSZ202407250001
SEE77D95C,2025-02,20250220,지구단위,변경,48310UTZ202502200001
SEE77D95C,2025-11,20251127,지구단위,변경,48310UTZ202511270003
SEF0B950C,2024-12,20241224,용도지구,신설,50130DSZ202412060117
SF029F87B,2024-04,20240405,지구단위,신설,29000UTZ202404050163
SF029F87B,2025-06,20250624,지구단위,신설,29170UTZ202506240001
SF04FC5BE,2024-03,20240313,지구단위,변경,47110UTZ202403130001
SF04FC5BE,2024-03,20240320,지구단위,변경,47110UTZ202403200003
SF04FC5BE,2024-06,20240605,지구단위,변경,47110UTZ202406050001
SF04FC5BE,2024-06,20240619,용도구역,신설,47110BTZ202406190002
SF04FC5BE,2024-06,20240619,용도구역,신설,47110BTZ202406190003
SF04FC5BE,2024-06,20240619,용도구역,실효,47110BTZ202406190006
SF04FC5BE,2024-06,20240619,용도구역,실효,47110BTZ202406190007
SF04FC5BE,2024-06,20240619,지구단위,실효,47110UTZ202406190002
SF04FC5BE,2024-06,20240619,지구단위,실효,47110UTZ202406190003
SF04FC5BE,2024-06,20240619,지구단위,신설,47110UTZ202406190006
SF04FC5BE,2024-06,20240619,지구단위,신설,47110UTZ202406190007
SF04FC5BE,2024-07,20240703,용도구역,신설,47110BTZ202407030001
SF04FC5BE,2024-07,20240703,용도구역,신설,47110BTZ202407030023
SF04FC5BE,2024-07,20240703,용도구역,신설,47110BTZ202407030024
SF04FC5BE,2024-07,20240703,용도구역,신설,47110BTZ202407030085
SF04FC5BE,2024-07,20240703,용도구역,신설,47110BTZ202407030155
SF04FC5BE,2024-07,20240703,용도구역,신설,47110BTZ202407030156
SF04FC5BE,2024-07,20240703,용도구역,신설,47110BTZ202407030157
SF04FC5BE,2024-07,20240703,용도구역,신설,47110BTZ202407030158
SF04FC5BE,2024-07,20240703,용도구역,신설,47110BTZ202407030159
SF04FC5BE,2024-07,20240703,용도구역,신설,47110BTZ202407030160
SF04FC5BE,2024-07,20240703,용도구역,신설,47110BTZ202407030161
SF04FC5BE,2024-07,20240703,용도구역,신설,47110BTZ202407030162
SF04FC5BE,2024-07,20240703,용도구역,신설,47110BTZ202407030163
SF04FC5BE,2024-07,20240703,용도구역,신설,47110BTZ202407030164
SF04FC5BE,2024-07,20240710,지구단위,변경,47110UTZ202407100001
SF04FC5BE,2024-10,20241002,지구단위,변경,47110UTZ202410020001
SF04FC5BE,2024-10,20241007,지구단위,변경,47110UTZ202410070001
SF04FC5BE,2024-11,20241128,지구단위,변경,47110UTZ202411280001
SF04FC5BE,2024-12,20241204,용도구역,신설,47110BTZ202412040001
SF04FC5BE,2024-12,20241204,용도구역,신설,47110BTZ202412040002
SF04FC5BE,2024-12,20241204,지구단위,변경,47110UTZ202412040001
SF04FC5BE,2025-02,20250218,용도구역,신설,47110BTZ202502180001
SF04FC5BE,2025-02,20250218,용도구역,신설,47110BTZ202502180002
SF04FC5BE,2025-02,20250218,지구단위,신설,47110UTZ202502180001
SF04FC5BE,2025-02,20250218,지구단위,신설,47110UTZ202502180002
SF04FC5BE,2025-07,20250724,지구단위,변경,47110UTZ202507240001
SF04FC5BE,2025-07,20250728,지구단위,변경,47110UTZ202507280001
SF04FC5BE,2025-11,20251114,지구단위,폐지,47110UTZ202511140002
SF04FC5BE,2025-11,20251114,지구단위,폐지,47110UTZ202511140004
SF04FC5BE,2025-11,20251114,지구단위,신설,47110UTZ202511140008
SF04FC5BE,2025-11,20251114,지구단위,신설,47110UTZ202511140010
SF04FC5BE,2026-04,20260424,용도지구,변경,47110DSZ202604240001
SF0589982,2024-04,20240408,지구단위,변경,41460UTZ202404082001
SF0589982,2024-08,20240809,지구단위,변경,41460UTZ202408092001
SF0589982,2024-12,20241224,용도지구,폐지,41460DSZ202412241004
SF0589982,2025-09,20250915,지구단위,변경,41460UTZ202509150006
SF11EDC0B,2024-07,20240726,지구단위,신설,41460UTZ202407262001
SF11EDC0B,2025-09,20250915,지구단위,신설,41460UTZ202509150003
SF1F221DE,2024-01,20240103,지구단위,신설,11320UTZ202401030002
SF1F221DE,2024-02,20240215,용도구역,변경,11000BTZ202402150001
SF1F221DE,2024-03,20240326,지구단위,변경,11000UTZ201810310009
SF1F221DE,2024-06,20240626,용도지구,변경,11000DSZ199504061939
SF1F221DE,2024-06,20240626,용도지구,변경,11000DSZ201411066759
SF1F221DE,2024-07,20240703,지구단위,신설,11320UTZ202407030001
SF1F221DE,2024-07,20240724,용도지구,변경,11000DSZ196312131486
SF1F221DE,2024-07,20240729,지구단위,변경,11000UTZ201311184153
SF1F221DE,2024-10,20241017,지구단위,변경,11000UTZ201902120066
SF1F221DE,2025-03,20250307,용도지구,변경,11000DSZ196312131493
SF1F221DE,2025-03,20250324,용도지구,변경,11000DSZ196312131494
SF1F221DE,2025-04,20250414,용도구역,변경,11000BTZ202504140001
SF1F221DE,2025-04,20250421,용도지구,변경,11000DSZ201411066766
SF1F221DE,2025-04,20250422,용도지구,변경,11000DSZ196312131495
SF1F221DE,2025-07,20250730,용도구역,변경,11000BTZ202507300007
SF1F221DE,2025-07,20250730,용도구역,변경,11000BTZ202507300030
SF1F221DE,2025-07,20250730,용도구역,변경,11000BTZ202507300035
SF1F221DE,2025-09,20250911,용도지구,변경,11000DSZ200004170180
SF20A960A,2024-12,20241202,용도지구,변경,50130DSZ202412040004
SF20A960A,2024-12,20241202,용도지구,변경,50130DSZ202412040028
SF20A960A,2024-12,20241202,용도지구,변경,50130DSZ202412040029
SF20A960A,2024-12,20241202,용도지구,변경,50130DSZ202412040030
SF20A960A,2024-12,20241202,용도지구,변경,50130DSZ202412040031
SF20A960A,2024-12,20241202,용도지구,변경,50130DSZ202412040032
SF20A960A,2024-12,20241202,용도지구,변경,50130DSZ202412040033
SF20A960A,2024-12,20241202,용도지구,변경,50130DSZ202412040034
SF20A960A,2024-12,20241202,용도지구,변경,50130DSZ202412040035
SF20A960A,2024-12,20241202,용도지구,변경,50130DSZ202412040036
SF20A960A,2024-12,20241202,용도지구,변경,50130DSZ202412040037
SF20A960A,2024-12,20241202,용도지구,변경,50130DSZ202412040038
SF20A960A,2024-12,20241204,지구단위,신설,50000UTZ202412040001
SF20A960A,2024-12,20241224,용도지구,변경,50130DSZ202412060035
SF20A960A,2024-12,20241224,용도지구,변경,50130DSZ202412060036
SF20A960A,2024-12,20241224,용도지구,변경,50130DSZ202412060037
SF20A960A,2024-12,20241224,용도지구,변경,50130DSZ202412060038
SF20A960A,2024-12,20241224,용도지구,변경,50130DSZ202412060039
SF20A960A,2024-12,20241224,용도지구,변경,50130DSZ202412060040
SF20A960A,2024-12,20241224,용도지구,신설,50130DSZ202412060041
SF20A960A,2024-12,20241224,용도지구,변경,50130DSZ202412060089
SF20A960A,2024-12,20241224,용도지구,변경,50130DSZ202412060123
SF20A960A,2024-12,20241224,용도지구,변경,50130DSZ202412060124
SF20A960A,2024-12,20241224,용도지구,변경,50130DSZ202412060125
SF20A960A,2024-12,20241224,용도지구,변경,50130DSZ202412060126
SF20A960A,2024-12,20241224,용도지구,변경,50130DSZ202412060127
SF20A960A,2024-12,20241224,용도지구,변경,50130DSZ202412060128
SF20A960A,2024-12,20241224,용도지구,변경,50130DSZ202412060129
SF20A960A,2024-12,20241224,용도지구,변경,50130DSZ202412060130
SF20A960A,2024-12,20241224,용도지구,변경,50130DSZ202412060131
SF20A960A,2024-12,20241224,용도지구,변경,50130DSZ202412060132
SF20A960A,2024-12,20241224,용도지구,변경,50130DSZ202412060133
SF20A960A,2024-12,20241224,용도지구,변경,50130DSZ202412060134
SF20A960A,2024-12,20241224,용도지구,변경,50130DSZ202412060135
SF20A960A,2024-12,20241224,용도지구,신설,50130DSZ202412060136
SF20A960A,2024-12,20241224,용도지구,변경,50130DSZ202412060208
SF20A960A,2024-12,20241224,지구단위,변경,50130UTZ202412040002
SF20A960A,2024-12,20241224,지구단위,변경,50130UTZ202412040003
SF20A960A,2025-11,20251118,지구단위,변경,50130UTZ202511180001
SF20AF724,2025-03,20250304,용도지구,변경,30140DSZ202503120001
SF20AF724,2025-03,20250304,용도지구,변경,30140DSZ202503120003
SF20AF724,2025-03,20250304,지구단위,신설,30140UTZ202503040001
SF2584669,2024-04,20240424,지구단위,신설,51830UTZ202404240002
SF2584669,2024-05,20240507,지구단위,신설,51830UTZ202405070001
SF2584669,2024-05,20240513,지구단위,변경,51830UTZ202405130001
SF2584669,2024-07,20240705,용도지구,폐지,51830DSZ202407050005
SF2584669,2024-07,20240705,용도지구,폐지,51830DSZ202407050007
SF2584669,2024-07,20240705,용도지구,폐지,51830DSZ202407050010
SF2584669,2024-07,20240705,용도지구,폐지,51830DSZ202407050012
SF2584669,2024-07,20240705,용도지구,폐지,51830DSZ202407050018
SF2584669,2024-07,20240705,용도지구,폐지,51830DSZ202407050020
SF2584669,2024-07,20240705,용도지구,폐지,51830DSZ202407050023
SF2584669,2024-07,20240705,용도지구,폐지,51830DSZ202407050025
SF2584669,2024-08,20240816,용도지구,폐지,51830DSZ202408160017
SF2584669,2024-08,20240816,용도지구,폐지,51830DSZ202408160019
SF2584669,2024-08,20240816,용도지구,폐지,51830DSZ202408160022
SF2584669,2024-08,20240816,용도지구,폐지,51830DSZ202408160024
SF31DCC23,2025-03,20250319,용도지구,변경,41630DSZ202503190001
SF31DCC23,2025-03,20250319,지구단위,변경,41630UTZ202503190001
SF50B1187,2024-09,20240909,용도지구,변경,43110DSZ202409090001
SF50B1187,2024-09,20240909,용도지구,변경,43110DSZ202409090002
SF50B1187,2024-09,20240909,지구단위,변경,43110UTZ202409090003
SF50B1187,2024-09,20240909,지구단위,변경,43110UTZ202409090007
SF50B1187,2024-09,20240927,지구단위,변경,43110UTZ202409270023
SF50B1187,2024-09,20240927,지구단위,변경,43110UTZ202409270024
SF50B1187,2025-04,20250409,용도지구,변경,43110DSZ202504090001
SF50B1187,2025-04,20250409,용도지구,변경,43110DSZ202504090002
SF50B1187,2025-04,20250409,용도지구,변경,43110DSZ202504090003
SF50B1187,2025-04,20250409,용도지구,변경,43110DSZ202504090006
SF50B1187,2025-04,20250409,지구단위,변경,43110UTZ202504090001
SF50B1187,2025-05,20250509,용도지구,변경,43110DSZ202505090001
SF50B1187,2025-05,20250509,지구단위,변경,43110UTZ202505090001
SF54C40A0,2024-12,20241202,용도지구,변경,50130DSZ202412040018
SF54C40A0,2024-12,20241202,용도지구,변경,50130DSZ202412040019
SF54C40A0,2024-12,20241202,용도지구,변경,50130DSZ202412040074
SF54C40A0,2024-12,20241202,용도지구,변경,50130DSZ202412040077
SF54C40A0,2024-12,20241202,용도지구,변경,50130DSZ202412040078
SF54C40A0,2024-12,20241202,용도지구,변경,50130DSZ202412040079
SF54C40A0,2024-12,20241204,용도지구,변경,50000DSZ202412040004
SF54C40A0,2024-12,20241204,지구단위,변경,50000UTZ202412040002
SF54C40A0,2024-12,20241205,지구단위,변경,50000UTZ202412050001
SF54C40A0,2024-12,20241224,용도지구,변경,50130DSZ202412060064
SF54C40A0,2024-12,20241224,용도지구,변경,50130DSZ202412060065
SF54C40A0,2024-12,20241224,용도지구,변경,50130DSZ202412060066
SF54C40A0,2024-12,20241224,용도지구,변경,50130DSZ202412060067
SF54C40A0,2024-12,20241224,용도지구,변경,50130DSZ202412060068
SF54C40A0,2024-12,20241224,용도지구,변경,50130DSZ202412060074
SF54C40A0,2024-12,20241224,용도지구,변경,50130DSZ202412060192
SF54C40A0,2024-12,20241224,용도지구,변경,50130DSZ202412060193
SF54C40A0,2024-12,20241224,용도지구,변경,50130DSZ202412060196
SF54C40A0,2024-12,20241224,용도지구,변경,50130DSZ202412060197
SF54C40A0,2024-12,20241224,용도지구,변경,50130DSZ202412060198
SF54C40A0,2024-12,20241224,용도지구,변경,50130DSZ202412060199
SF54C40A0,2024-12,20241224,용도지구,변경,50130DSZ202412060200
SF54C40A0,2024-12,20241224,용도지구,신설,50130DSZ202412060201
SF54C40A0,2024-12,20241224,용도지구,변경,50130DSZ202412060212
SF54C40A0,2024-12,20241224,용도지구,변경,50130DSZ202412060213
SF54C40A0,2024-12,20241224,용도지구,변경,50130DSZ202412060215
SF6150AD1,2025-01,20250109,지구단위,신설,46230UTZ202501090001
SF6150AD1,2026-01,20260126,용도구역,신설,46230BTZ202601260196
SF6150AD1,2026-01,20260126,용도구역,신설,46230BTZ202601260197
SF6150AD1,2026-01,20260126,용도구역,신설,46230BTZ202601260258
SF6150AD1,2026-04,20260427,용도구역,폐지,46230BTZ202604270004
SF6150AD1,2026-06,20260602,지구단위,신설,46230UTZ202606020001
SF694D071,2025-10,20251002,지구단위,변경,36110UTZ202510020017
SF6A384E7,2025-10,20251002,지구단위,변경,36110UTZ202510020017
SF701E98D,2024-02,20240229,지구단위,변경,41270UTZ202402290020
SF701E98D,2024-12,20241204,지구단위,변경,41270UTZ202412040045
SF701E98D,2024-12,20241204,지구단위,신설,41270UTZ202412040046
SF701E98D,2024-12,20241204,지구단위,변경,41270UTZ202412040047
SF701E98D,2024-12,20241204,지구단위,신설,41270UTZ202412040048
SF701E98D,2024-12,20241218,지구단위,변경,41270UTZ202412180051
SF701E98D,2024-12,20241218,지구단위,신설,41270UTZ202412180052
SF701E98D,2025-05,20250528,지구단위,변경,41270UTZ202505280006
SF701E98D,2025-06,20250604,지구단위,변경,41270UTZ202506040008
SF701E98D,2025-07,20250723,지구단위,변경,41270UTZ202507230011
SF701E98D,2025-11,20251112,지구단위,변경,41270UTZ202511120033
SF701E98D,2026-05,20260511,지구단위,변경,41270UTZ202605110001
SF71859EB,2024-12,20241202,지구단위,변경,41190UTZ202412020206
SF71859EB,2025-10,20251027,용도구역,변경,41190BTZ202510270006
SF7198301,2024-01,20240119,지구단위,신설,26000UTZ202401190002
SF7198301,2024-04,20240403,지구단위,변경,26000UTZ202404160001
SF7198301,2025-01,20250109,지구단위,변경,26000UTZ202502030002
SF7198301,2025-02,20250204,지구단위,신설,26260UTZ202502040001
SF7198301,2025-02,20250205,지구단위,변경,26260UTZ202503180001
SF7198301,2025-06,20250625,용도지구,변경,26000DSZ202506270001
SF7198301,2026-01,20260108,지구단위,신설,26000UTZ202601130001
SF767C506,2024-05,20240516,지구단위,변경,41150UTZ202405160004
SF767C506,2024-08,20240829,지구단위,변경,41150UTZ202408290009
SF767C506,2024-10,20241008,지구단위,변경,41150UTZ202410080010
SF767C506,2024-12,20241226,지구단위,변경,41150UTZ202412260015
SF767C506,2025-12,20251203,지구단위,변경,41150UTZ202512030036
SF767C506,2026-02,20260202,지구단위,변경,41150UTZ202602020039
SF767C506,2026-05,20260507,지구단위,변경,41150UTZ202605070001
SF767C506,2026-05,20260508,지구단위,변경,41150UTZ202605080001
SF7AE5041,2024-05,20240522,지구단위,변경,50130UTZ202405200001
SF7AE5041,2024-06,20240621,지구단위,변경,50130UTZ202406030001
SF7AE5041,2024-06,20240621,지구단위,신설,50130UTZ202406030002
SF7AE5041,2024-12,20241202,용도지구,변경,50130DSZ202412040017
SF7AE5041,2024-12,20241202,용도지구,변경,50130DSZ202412040061
SF7AE5041,2024-12,20241202,용도지구,변경,50130DSZ202412040062
SF7AE5041,2024-12,20241202,용도지구,변경,50130DSZ202412040063
SF7AE5041,2024-12,20241202,용도지구,변경,50130DSZ202412040064
SF7AE5041,2024-12,20241202,용도지구,변경,50130DSZ202412040065
SF7AE5041,2024-12,20241202,용도지구,변경,50130DSZ202412040066
SF7AE5041,2024-12,20241202,용도지구,변경,50130DSZ202412040067
SF7AE5041,2024-12,20241202,용도지구,변경,50130DSZ202412040068
SF7AE5041,2024-12,20241202,용도지구,변경,50130DSZ202412040069
SF7AE5041,2024-12,20241202,용도지구,변경,50130DSZ202412040070
SF7AE5041,2024-12,20241202,용도지구,변경,50130DSZ202412040071
SF7AE5041,2024-12,20241202,용도지구,변경,50130DSZ202412040072
SF7AE5041,2024-12,20241202,용도지구,변경,50130DSZ202412040073
SF7AE5041,2024-12,20241205,지구단위,변경,50000UTZ202412050003
SF7AE5041,2024-12,20241205,지구단위,변경,50000UTZ202412050004
SF7AE5041,2024-12,20241209,지구단위,신설,50130UTZ202412090001
SF7AE5041,2024-12,20241224,용도지구,변경,50130DSZ202412060061
SF7AE5041,2024-12,20241224,용도지구,변경,50130DSZ202412060062
SF7AE5041,2024-12,20241224,용도지구,신설,50130DSZ202412060063
SF7AE5041,2024-12,20241224,용도지구,변경,50130DSZ202412060172
SF7AE5041,2024-12,20241224,용도지구,폐지,50130DSZ202412060173
SF7AE5041,2024-12,20241224,용도지구,변경,50130DSZ202412060174
SF7AE5041,2024-12,20241224,용도지구,변경,50130DSZ202412060175
SF7AE5041,2024-12,20241224,용도지구,변경,50130DSZ202412060176
SF7AE5041,2024-12,20241224,용도지구,변경,50130DSZ202412060177
SF7AE5041,2024-12,20241224,용도지구,변경,50130DSZ202412060178
SF7AE5041,2024-12,20241224,용도지구,변경,50130DSZ202412060179
SF7AE5041,2024-12,20241224,용도지구,변경,50130DSZ202412060180
SF7AE5041,2024-12,20241224,용도지구,변경,50130DSZ202412060181
SF7AE5041,2024-12,20241224,용도지구,변경,50130DSZ202412060182
SF7AE5041,2024-12,20241224,용도지구,변경,50130DSZ202412060183
SF7AE5041,2024-12,20241224,용도지구,변경,50130DSZ202412060184
SF7AE5041,2024-12,20241224,용도지구,변경,50130DSZ202412060185
SF7AE5041,2024-12,20241224,용도지구,변경,50130DSZ202412060186
SF7AE5041,2024-12,20241224,용도지구,변경,50130DSZ202412060187
SF7AE5041,2024-12,20241224,용도지구,변경,50130DSZ202412060188
SF7AE5041,2024-12,20241224,용도지구,신설,50130DSZ202412060189
SF7AE5041,2024-12,20241224,용도지구,신설,50130DSZ202412060190
SF7AE5041,2024-12,20241224,용도지구,신설,50130DSZ202412060191
SF7AE5041,2025-10,20251002,지구단위,변경,50130UTZ202510020001
SF8C1C94A,2024-03,20240321,지구단위,변경,44130UTZ202403210001
SF8C1C94A,2024-03,20240327,지구단위,변경,44130UTZ202403270001
SF8C1C94A,2024-06,20240611,용도지구,정정,44130DSZ202406110005
SF8C1C94A,2024-09,20240923,지구단위,변경,44130UTZ202409230001
SF8C1C94A,2024-09,20240924,지구단위,변경,44130UTZ202409240001
SF8C1C94A,2024-11,20241101,지구단위,신설,44130UTZ202411010003
SF8C1C94A,2024-11,20241104,지구단위,신설,44130UTZ202411040001
SF8C1C94A,2025-04,20250421,지구단위,변경,44130UTZ202504210001
SF8C1C94A,2025-07,20250707,지구단위,변경,44130UTZ202507070001
SF8C1C94A,2026-05,20260511,지구단위,변경,44130UTZ202605110002
SF8C1C94A,2026-05,20260513,지구단위,변경,44130UTZ202605130002
SF9924889,2025-05,20250530,지구단위,변경,41270UTZ202505300007
SF9924889,2025-11,20251105,지구단위,변경,41270UTZ202511050026
SF9924889,2026-05,20260508,지구단위,변경,41270UTZ202605080013
SFA4F7F53,2025-02,20250224,지구단위,신설,11350UTZ202502240001
SFA4F7F53,2025-07,20250730,용도구역,변경,11000BTZ202507300006
SFA4F7F53,2025-10,20251017,지구단위,변경,11000UTZ202510160001
SFA4F7F53,2025-10,20251017,지구단위,신설,11000UTZ202510160002
SFA4F7F53,2025-10,20251017,지구단위,신설,11000UTZ202510160003
SFA4F7F53,2025-10,20251017,지구단위,신설,11000UTZ202510160004
SFA4F7F53,2025-10,20251017,지구단위,신설,11000UTZ202510160005
SFA4F7F53,2025-10,20251017,지구단위,신설,11000UTZ202510160006
SFA4F7F53,2025-10,20251017,지구단위,신설,11000UTZ202510160007
SFA4F7F53,2025-10,20251017,지구단위,신설,11000UTZ202510160008
SFA4F7F53,2025-10,20251017,지구단위,신설,11000UTZ202510160009
SFA4F7F53,2025-10,20251017,지구단위,신설,11000UTZ202510160010
SFA4F7F53,2025-10,20251017,지구단위,신설,11000UTZ202510160011
SFA4F7F53,2025-10,20251017,지구단위,신설,11000UTZ202510160012
SFA4F7F53,2025-10,20251017,지구단위,신설,11000UTZ202510160013
SFA4F7F53,2025-10,20251017,지구단위,신설,11000UTZ202510160014
SFA4F7F53,2025-10,20251017,지구단위,신설,11000UTZ202510160015
SFA4F7F53,2025-10,20251017,지구단위,신설,11000UTZ202510160016
SFA4F7F53,2025-10,20251017,지구단위,신설,11000UTZ202510160017
SFA4F7F53,2025-10,20251017,지구단위,신설,11000UTZ202510160018
SFA4F7F53,2025-10,20251017,지구단위,신설,11000UTZ202510160019
SFA4F7F53,2025-10,20251017,지구단위,신설,11000UTZ202510160020
SFA4F7F53,2025-10,20251017,지구단위,신설,11000UTZ202510160021
SFA4F7F53,2025-10,20251017,지구단위,신설,11000UTZ202510160022
SFA4F7F53,2025-10,20251017,지구단위,신설,11000UTZ202510160023
SFA4F7F53,2025-10,20251017,지구단위,신설,11000UTZ202510160024
SFA4F7F53,2025-10,20251017,지구단위,신설,11000UTZ202510160025
SFA4F7F53,2025-10,20251017,지구단위,신설,11000UTZ202510160026
SFA4F7F53,2025-10,20251017,지구단위,신설,11000UTZ202510160027
SFAA1A999,2025-10,20251002,지구단위,변경,36110UTZ202510020017
SFACC5941,2024-12,20241230,용도지구,신설,41670DSZ202412300002
SFACC5941,2024-12,20241230,용도지구,변경,41670DSZ202412300058
SFAE0C1E0,2024-12,20241202,용도지구,변경,50110DSZ202412020123
SFB7C6F25,2024-07,20240719,용도지구,변경,41500DSZ202407190003
SFB7C6F25,2024-07,20240719,지구단위,변경,41500UTZ202407190003
SFB7C6F25,2024-12,20241213,지구단위,신설,41500UTZ202412130001
SFB7C6F25,2025-06,20250630,용도구역,신설,41500BTZ202506300005
SFB7C6F25,2025-06,20250630,용도구역,변경,41500BTZ202506300016
SFB7C6F25,2025-06,20250630,용도지구,변경,41500DSZ202506300001
SFB7C6F25,2025-06,20250630,지구단위,변경,41500UTZ202506300001
SFB7C6F25,2025-07,20250702,지구단위,신설,41500UTZ202507020002
SFB7C6F25,2025-07,20250711,지구단위,변경,41500UTZ202507110003
SFB7C6F25,2025-09,20250923,지구단위,변경,41500UTZ202509230003
SFB7C6F25,2025-12,20251231,지구단위,신설,41500UTZ202512310001
SFB7C6F25,2026-01,20260115,지구단위,신설,41500UTZ202601150001
SFB911C45,2024-07,20240718,용도구역,변경,50110BTZ202407090002
SFB911C45,2024-12,20241202,용도지구,변경,50110DSZ202412020111
SFB911C45,2024-12,20241224,용도지구,변경,50110DSZ202412020006
SFB911C45,2024-12,20241224,용도지구,변경,50110DSZ202412020007
SFC4B9F51,2025-10,20251027,용도구역,변경,41190BTZ202510270004
SFCD2E8C0,2025-07,20250710,지구단위,변경,41630UTZ202507100003
SFD923F75,2024-04,20240409,지구단위,변경,29000UTZ202404090164
SFD9336E2,2024-01,20240119,지구단위,신설,26000UTZ202401190002
SFD9336E2,2024-04,20240403,지구단위,변경,26000UTZ202404160001
SFD9336E2,2025-01,20250109,지구단위,변경,26000UTZ202502030002
SFD9336E2,2025-02,20250204,지구단위,신설,26260UTZ202502040001
SFD9336E2,2025-02,20250205,지구단위,변경,26260UTZ202503180001
SFD9336E2,2025-06,20250625,용도지구,변경,26000DSZ202506270001
SFD9336E2,2026-01,20260108,지구단위,신설,26000UTZ202601130001
SFDF2CBC1,2025-10,20251002,지구단위,변경,36110UTZ202510020017
SFE5557D6,2025-08,20250814,용도지구,신설,26000DSZ202509180002
SFE5557D6,2025-08,20250822,용도지구,신설,26000DSZ202508110091
SFE5557D6,2025-09,20250924,용도지구,변경,26350DSZ202509250001
SFE5557D6,2025-09,20250924,지구단위,변경,26350UTZ202509250001
SFE5557D6,2025-10,20251030,지구단위,변경,26000UTZ202511040001
SFE5557D6,2025-10,20251030,용도지구,변경,26350DSZ202510310001
SFE5557D6,2025-10,20251030,지구단위,변경,26350UTZ202510310002
SFE5557D6,2025-11,20251114,지구단위,변경,26350UTZ202509260001
SFEFB9116,2024-12,20241224,용도지구,변경,50110DSZ202412020013
SFEFB9116,2024-12,20241224,용도지구,변경,50110DSZ202412020041
SFF1351D1,2024-09,20240902,지구단위,변경,11530UTZ202110200003
SFF1351D1,2025-02,20250204,지구단위,변경,11530UTZ202110200004
