var1,var2,n,pearson_r,pearson_p,spearman_r,spearman_p,same_block,block1,block2,q_fdr
corp_bond_BBB3y,base_rate_chg_12m,798,0.9726919889913007,0.0,0.961438716327778,0.0,True,rates,rates,0.0
cci_nonresi,cci_plant,798,0.9951744197985039,0.0,0.9753540199332674,0.0,True,cci,cci,0.0
corp_bond_AA3y,corp_bond_BBB3y,798,0.9983608206687522,0.0,0.9921996673701854,0.0,True,rates,rates,0.0
corp_bond_AA3y,ktb_3y,798,0.9947205599087283,0.0,0.9797006141155687,0.0,True,rates,rates,0.0
corp_bond_AA3y,cci_resi,798,0.983205750181818,0.0,0.9287333409310092,0.0,False,rates,cci,0.0
corp_bond_AA3y,cci_civil,798,0.9849969360733005,0.0,0.9164208613852775,0.0,False,rates,cci,0.0
corp_bond_AA3y,base_rate_chg_12m,798,0.9774809175443379,0.0,0.9719100834872358,0.0,True,rates,rates,0.0
yield_office,capret_office,777,0.9837407360791732,0.0,0.9727860376456593,0.0,True,commercial,commercial,0.0
base_rate,nonbank_corp_loan_rate,798,0.961405984550304,0.0,0.9413394295840217,0.0,True,rates,rates,0.0
kiscon_cnt_pub,kiscon_cnt_indiv,798,0.9254010780820402,0.0,0.9318051560404019,0.0,True,kiscon,kiscon,0.0
kiscon_cnt_pub,kiscon_cnt_all,798,0.9720768486037219,0.0,0.9644975650619516,0.0,True,kiscon,kiscon,0.0
kiscon_cnt_pub,kiscon_amt_pub,798,0.9256576559470768,0.0,0.9390598753108098,0.0,True,kiscon,kiscon,0.0
corp_bond_BBB3y,ktb_3y,798,0.998606295671987,0.0,0.9932341614775846,0.0,True,rates,rates,0.0
kiscon_cnt_indiv,kiscon_cnt_all,798,0.9831929147134078,0.0,0.9625055837428287,0.0,True,kiscon,kiscon,0.0
corp_bond_BBB3y,cci_resi,798,0.9856943652707455,0.0,0.9439351600575587,0.0,False,rates,cci,0.0
kiscon_cnt_priv,kiscon_cnt_all,798,0.9850043319151225,0.0,0.9572031206154694,0.0,True,kiscon,kiscon,0.0
corp_bond_BBB3y,cci_civil,798,0.9887789861145004,0.0,0.9276444945500782,0.0,False,rates,cci,0.0
corp_bond_BBB3y,cci_yoy_pct,798,0.9849723117901261,0.0,0.9224840096318035,0.0,False,rates,cci,0.0
rtms_land_dae_med_unit,rtms_land_dae_unit_3m,797,0.9204194625307982,0.0,0.9768665486696801,0.0,True,rtms_land,rtms_land,0.0
kiscon_cnt_all,kiscon_amt_pub,798,0.90927228522243,2.873821376007755e-305,0.9268335112726146,0.0,True,kiscon,kiscon,0.0
rtms_land_med_unit,rtms_land_dae_unit_3m,798,0.6589179807795855,1.584666276216149e-100,0.9348740619458112,0.0,True,rtms_land,rtms_land,0.0
rtms_land_med_unit,rtms_land_dae_med_unit,797,0.7535283982793155,5.711940919042271e-147,0.9264104943054681,0.0,True,rtms_land,rtms_land,0.0
rtms_land_med_unit,rtms_land_unit_3m,798,0.9095348076927482,9.577056510262725e-306,0.9802936983036784,0.0,True,rtms_land,rtms_land,0.0
rtms_fac_n,rtms_fac_n_3m,798,0.9588327025413028,0.0,0.96140119648795,0.0,True,rtms_fac,rtms_fac,0.0
bank_corp_loan_rate,bank_facility_loan_rate,798,0.9535772543830059,0.0,0.9300626702237557,0.0,True,rates,rates,0.0
capret_office,capret_midlarge,777,0.9445159494084151,0.0,0.9226672205117735,0.0,True,commercial,commercial,0.0
cci_resi,cci_civil,798,0.9981261980750924,0.0,0.9286575881526301,0.0,True,cci,cci,0.0
rtms_apt_med_unit,rtms_apt_unit_3m,798,0.9982959060211343,0.0,0.9962266308302791,0.0,True,rtms_apt,rtms_apt,0.0
cci_resi,cci_yoy_pct,798,0.998431714127875,0.0,0.9215632176587657,0.0,True,cci,cci,0.0
rtms_apt_n,rtms_apt_n_3m,798,0.9745375158672421,0.0,0.9873011804808647,0.0,True,rtms_apt,rtms_apt,0.0
yield_midlarge,capret_midlarge,798,0.9556205768752928,0.0,0.9606923205651038,0.0,True,commercial,commercial,0.0
cci_bldg,cci_plant,798,0.994446353335651,0.0,0.9795705706083585,0.0,True,cci,cci,0.0
cci_bldg,cci_nonresi,798,0.9999379813851885,0.0,0.9890500563078695,0.0,True,cci,cci,0.0
rtms_land_dae_n,rtms_land_dae_n_3m,798,0.9472426400388303,0.0,0.9559433205824711,0.0,True,rtms_land,rtms_land,0.0
bank_loan_rate_all,bank_corp_loan_rate,798,0.9945600764265259,0.0,0.9658582050399364,0.0,True,rates,rates,0.0
house_idx_yoy_pct,apt_idx_yoy_pct,737,0.991014284459497,0.0,0.9898062125208342,0.0,True,land_house,land_house,0.0
cci_total,cci_civil,798,0.9996094726892106,0.0,0.9898531121811535,0.0,True,cci,cci,0.0
cci_total,cci_plant,798,0.9959809692181651,0.0,0.9467319791128825,0.0,True,cci,cci,0.0
cci_total,cci_nonresi,798,0.9997731077199469,0.0,0.9127016370172294,0.0,True,cci,cci,0.0
cci_total,cci_resi,798,0.9993583112602771,0.0,0.9189854599874382,0.0,True,cci,cci,0.0
cci_total,cci_bldg,798,0.9997841783105654,0.0,0.9265889402466885,0.0,True,cci,cci,0.0
rtms_land_n,rtms_land_n_3m,798,0.984728783663279,0.0,0.9868165185694064,0.0,True,rtms_land,rtms_land,0.0
house_idx,apt_idx,798,0.9940449600564687,0.0,0.9930873619430007,0.0,True,land_house,land_house,0.0
rtms_nrg_n,rtms_nrg_n_3m,798,0.9088395139851826,1.7458729647474488e-304,0.9491634361648446,0.0,True,rtms_nrg,rtms_nrg,0.0
reactivated,pms_after_exit,499,0.9821455742801144,0.0,0.9821455742801136,0.0,True,exit,exit,0.0
cci_plant,cci_civil,798,0.9973401869048373,0.0,0.9211208630081253,0.0,True,cci,cci,0.0
land_chg_pct,land_chg_cum12_pct,798,0.9700181856247522,0.0,0.9531004503974885,0.0,True,land_house,land_house,0.0
ktb_3y,base_rate_chg_12m,798,0.9660343646011884,0.0,0.9365276346777028,0.0,True,rates,rates,0.0
rtms_land_unit_3m,rtms_land_dae_unit_3m,798,0.6959148239644232,1.3903656732983487e-116,0.9324144166979733,0.0,True,rtms_land,rtms_land,0.0
ktb_3y,cci_civil,798,0.9902471284737948,0.0,0.9483755138804973,0.0,False,rates,cci,0.0
ktb_3y,cci_total,798,0.9878918591676087,0.0,0.9179517976040721,0.0,False,rates,cci,0.0
ktb_3y,cci_resi,798,0.985348463482209,0.0,0.9445409716819406,0.0,False,rates,cci,0.0
ktb_3y,cci_yoy_pct,798,0.9846883360477188,0.0,0.9217139496258999,0.0,False,rates,cci,0.0
kiscon_amt_priv,kiscon_amt_all,798,0.9848261568007239,0.0,0.9784842973903929,0.0,True,kiscon,kiscon,0.0
kiscon_cnt_indiv,kiscon_cnt_priv,798,0.9821658718511075,0.0,0.9117455407971414,8.01174599642557e-310,True,kiscon,kiscon,7.788873789615913e-308
rtms_land_unit_3m,rtms_land_dae_med_unit,797,0.6721798211442146,6.976597583843645e-106,0.9116469929174313,2.98004804818538e-309,True,rtms_land,rtms_land,2.8454137345798623e-307
kiscon_amt_indiv,kiscon_amt_all,798,0.9387844563885882,0.0,0.9028775165707089,4.512104946834207e-294,True,kiscon,kiscon,4.2326710790741234e-292
kiscon_cnt_indiv,kiscon_amt_indiv,798,0.9554651132888868,0.0,0.9023162991465531,3.9772978261412055e-293,True,kiscon,kiscon,3.6666571510994866e-291
cci_resi,base_rate_chg_12m,798,0.9411652730079278,0.0,0.9021175135501658,8.57057226396636e-293,False,cci,rates,7.76726269414036e-291
yield_office,capret_midlarge,777,0.9190153795098108,1.558165637e-315,0.9050226739793178,6.157439597906001e-290,True,commercial,commercial,5.487304921667231e-288
cci_bldg,cci_resi,798,0.9997671775857844,0.0,0.8993941239889699,2.6925673618994877e-288,True,cci,cci,2.360189784274846e-286
corp_bond_BBB3y,cci_total,798,0.9869111769202211,0.0,0.8983218591918245,1.4640916726673473e-286,False,rates,cci,1.262660995766501e-284
bank_loan_rate_all,bank_facility_loan_rate,798,0.9402807541293081,0.0,0.8966978583263543,5.719331015434155e-284,True,rates,rates,4.854168720559751e-282
cci_bldg,cci_civil,798,0.9988146848402825,0.0,0.8960081372365747,6.999134107803847e-283,True,cci,cci,5.847557824129245e-281
rtms_nrg_med_unit,rtms_nrg_unit_3m,797,0.9223383252436452,0.0,0.8954286881804612,1.2724965265710356e-281,True,rtms_nrg,rtms_nrg,1.0467752196269735e-279
cci_civil,cci_yoy_pct,798,0.9962148569406304,0.0,0.8914097978233703,8.062821972980685e-276,True,cci,cci,6.53210743780723e-274
corp_bond_AA3y,cci_yoy_pct,798,0.9812144647918999,0.0,0.8868341096170212,4.208855047061052e-269,False,rates,cci,3.3589176024829023e-267
corp_bond_AA3y,cci_total,798,0.9833219988834947,0.0,0.8865290714554622,1.1525350746772257e-268,False,rates,cci,9.06265447691048e-267
appr_unit_land_mn_m2,minbid_unit_land_mn_m2,498,0.7169886111347811,9.275486901098705e-80,0.9564740538507653,1.8550672887938232e-267,True,valuation,valuation,1.4375427236493584e-265
cci_civil,base_rate_chg_12m,798,0.9458437375769662,0.0,0.8850868812635277,1.2977826036944415e-266,False,cci,rates,9.913205117077398e-265
cci_nonresi,cci_civil,798,0.9988720481283866,0.0,0.8834048608302852,2.961003424704792e-264,True,cci,cci,2.2299275087178202e-262
cci_total,cci_yoy_pct,798,0.9977409312169432,0.0,0.8832669145151341,4.604971257878505e-264,True,cci,cci,3.419830738316162e-262
appr_vs_rtms_dae_3m,appr_vs_rtms_all_3m,765,0.7863647124050728,9.149816982888241e-162,0.8908055704201694,1.3331275103272099e-263,True,valuation,valuation,9.764702462629576e-262
kiscon_cnt_indiv,kiscon_amt_pub,798,0.8776172871021591,2.0705510339495884e-256,0.8800279244491246,1.253118954717141e-259,True,kiscon,kiscon,9.054631149827774e-258
kiscon_cnt_all,kiscon_amt_all,798,0.9429529591474644,0.0,0.8797163888340725,3.2942945217726223e-259,True,kiscon,kiscon,2.348612374389095e-257
kiscon_amt_indiv,kiscon_amt_priv,798,0.9126401265245851,1.671674209554e-311,0.8778566949490861,9.989485048262121e-257,True,kiscon,kiscon,7.0281284938233635e-255
kiscon_cnt_priv,kiscon_amt_all,798,0.9349443671083753,0.0,0.8768342008016186,2.2225386421531775e-255,True,kiscon,kiscon,1.5433654700770182e-253
kiscon_amt_pub,kiscon_amt_all,798,0.9070538042933538,2.7179015993671773e-301,0.87578257347745,5.24886420548141e-254,True,kiscon,kiscon,3.598163705988346e-252
ah_n_pblanc,kiscon_amt_priv,749,0.9206355892206535,2.3871208791278714e-307,0.8867616716714323,1.4589482677562686e-252,False,applyhome,kiscon,9.874678971762997e-251
base_rate_chg_12m,cci_yoy_pct,798,0.9402722723180232,0.0,0.8745941844705013,1.8067598531320732e-252,False,rates,cci,1.2075931168371493e-250
kiscon_cnt_indiv,kiscon_amt_all,798,0.9463709848283574,0.0,0.8719399785474465,4.300055171904677e-249,True,kiscon,kiscon,2.838567284465964e-247
kiscon_cnt_pub,kiscon_cnt_priv,798,0.9192815003141376,0.0,0.871601836412232,1.1434638339140778e-248,True,kiscon,kiscon,7.45622087797387e-247
cci_resi,cci_nonresi,798,0.9994762496038925,0.0,0.8690366328560012,1.7444397513198672e-245,True,cci,cci,1.1237975120852205e-243
cci_resi,cci_plant,798,0.9924158854950045,0.0,0.8685939367511931,6.084552962324667e-245,True,cci,cci,3.873107701136904e-243
yield_midlarge,capret_office,777,0.9130319066278038,4.633291797480293e-304,0.8738077921471328,7.024611410083301e-245,True,commercial,commercial,4.418893789378284e-243
kiscon_cnt_all,kiscon_amt_indiv,798,0.9348723428134222,0.0,0.8677452329261233,6.590331111160991e-244,True,kiscon,kiscon,4.0975000524857935e-242
appr_vs_rtms_all_3m,minbid_vs_rtms_all_3m,498,0.9782352437148328,0.0,0.9439784503184561,5.840630486578702e-241,True,valuation,valuation,3.589638070314519e-239
cci_total,base_rate_chg_12m,798,0.941993096169695,0.0,0.8619615414634255,4.831172084426485e-237,False,cci,rates,2.9354860381168652e-235
kiscon_cnt_priv,kiscon_amt_pub,798,0.8637098659831792,4.387305034740222e-239,0.860352089688619,3.459840154575502e-235,True,kiscon,kiscon,2.0786253153387875e-233
rtms_fac_med_unit,rtms_fac_unit_3m,733,0.8505249757109805,3.4758363888909215e-206,0.8739740421491883,2.7629243568145474e-231,True,rtms_fac,rtms_fac,1.6414840595430428e-229
kiscon_cnt_priv,kiscon_amt_priv,798,0.9092441570429892,3.2322618738013013e-305,0.8561107601639901,2.0808334932899078e-230,True,kiscon,kiscon,1.2226611745737514e-228
yield_office,yield_midlarge,777,0.9110740103634473,1.7423635899574325e-300,0.8598747589833033,1.6693424950134448e-228,True,commercial,commercial,9.702146000909664e-227
cci_bldg,cci_yoy_pct,798,0.9983801190370623,0.0,0.8532953583457329,2.5507326833665604e-227,True,cci,cci,1.46653415677e-225
cci_nonresi,cci_yoy_pct,798,0.9981116962761087,0.0,0.8520901827434626,5.116703959919395e-226,True,cci,cci,2.9105336248605325e-224
cd_91d,spread_AA_KTB,798,0.8227126635976056,1.8854632918822547e-197,0.8508728440647958,1.0297602645523751e-224,True,rates,rates,5.7959243521700525e-223
rtms_land_n_3m,rtms_land_dae_n_3m,798,0.8174097056405885,7.395867338098408e-193,0.8494348812300012,3.4502185285667382e-223,True,rtms_land,rtms_land,1.9216998408589947e-221
kiscon_cnt_priv,kiscon_amt_indiv,798,0.9298197838978894,0.0,0.8486054361206135,2.5723133860322038e-222,True,kiscon,kiscon,1.4179546056818757e-220
appr_vs_rtms_dae_3m,minbid_vs_rtms_dae_3m,498,0.8685310828137001,2.6008647510671145e-153,0.9317335048690267,2.415189998008137e-220,True,valuation,valuation,1.3177572366683172e-218
cci_plant,cci_yoy_pct,798,0.9905051009476762,0.0,0.8451637278121013,9.44973915842617e-219,True,cci,cci,5.103813664657043e-217
base_rate,bank_corp_loan_rate,798,0.9143278383732154,1.006566192e-314,0.8416911060047991,3.057515819986991e-215,True,rates,rates,1.634853708947044e-213
ah_n_pblanc,kiscon_amt_all,749,0.9344270309745756,0.0,0.8530497761834225,3.3717766828037235e-213,False,applyhome,kiscon,1.7850386062328227e-211
bank_corp_loan_rate,nonbank_corp_loan_rate,798,0.9269583143499819,0.0,0.8390668641957507,1.2079065354634003e-212,True,rates,rates,6.332035534434119e-211
rtms_land_n,rtms_land_dae_n_3m,798,0.8013631580372798,8.022766352903974e-180,0.8388376342835973,2.0259710627023795e-212,True,rtms_land,rtms_land,1.0517346866281189e-210
appraisal_mn,min_bid_mn,502,0.8975548515171987,5.89389137313097e-180,0.9248137476754849,5.221855001588386e-212,True,site_price,site_price,2.684736412835875e-210
kiscon_cnt_pub,kiscon_amt_all,798,0.9010037275406273,6.1378339059099445e-291,0.8335053651130511,2.71522898745404e-207,True,kiscon,kiscon,1.3826980377063573e-205
spread_BBB_KTB,base_rate_chg_12m,798,0.8732047301261587,1.0814448004120984e-250,0.8320300431829292,6.611787499102082e-206,True,rates,rates,3.335210165820644e-204
kiscon_cnt_all,kiscon_amt_priv,798,0.9019015335118759,1.9699788536276578e-292,0.830822814993754,8.807703316612094e-205,True,kiscon,kiscon,4.4013822087780245e-203
rtms_land_n,rtms_land_dae_n,798,0.7855598062556215,4.1870343055751746e-168,0.8305536012059405,1.564670491556936e-204,True,rtms_land,rtms_land,7.746567702180498e-203
kiscon_amt_pub,kiscon_amt_indiv,798,0.8518364299401929,9.58782765758385e-226,0.829701654209417,9.578154082445782e-204,True,kiscon,kiscon,4.698567878792441e-202
kiscon_cnt_pub,kiscon_amt_indiv,798,0.8820962671753865,1.9102607613183442e-262,0.8296217012730634,1.1347542226197262e-203,True,kiscon,kiscon,5.515937116679705e-202
kiscon_cnt_indiv,kiscon_amt_priv,798,0.9175909200395008,3.834e-321,0.829546996851483,1.3293958385402e-203,True,kiscon,kiscon,6.403855449256261e-202
ktb_3y,cci_plant,798,0.9879242921294122,0.0,0.8282173572722111,2.1967609175548357e-202,False,rates,cci,1.0487571987647952e-200
ktb_3y,cci_bldg,798,0.9856738935405898,0.0,0.821557292978372,1.946344495687084e-196,False,rates,cci,9.209826564990121e-195
rtms_land_n_3m,rtms_land_dae_n,798,0.7715742136226105,1.5530408348037193e-158,0.8160109236741003,1.1369877497486867e-191,True,rtms_land,rtms_land,5.332871489391429e-190
corp_bond_AA3y,spread_BBB_KTB,798,0.8636099100203116,5.7504180821386365e-239,0.8100034899959174,1.0958212483579643e-186,True,rates,rates,5.095092360843509e-185
ah_n_pblanc,ah_supply_sum,749,0.9087569414031798,1.0036053035864395e-285,0.823307038714754,6.558817638730435e-186,True,applyhome,applyhome,3.02327568226652e-184
corp_bond_BBB3y,cci_plant,798,0.9835700036504454,0.0,0.8070773745690105,2.5315474946198773e-184,False,rates,cci,1.1569388421993576e-182
corp_bond_BBB3y,cci_bldg,798,0.9850340722192445,0.0,0.806604522527415,6.046982355258144e-184,False,rates,cci,2.740102936742822e-182
ktb_3y,cci_nonresi,798,0.9852759876328135,0.0,0.8056081563443447,3.757898021678958e-183,False,rates,cci,1.688527791757764e-181
vac_office,vac_midlarge,777,0.7955106058655251,8.688606197978635e-171,0.8089882524842226,5.200489900684721e-181,True,commercial,commercial,2.317251624913434e-179
rtms_land_dae_unit_3m,rtms_apt_med_unit,798,0.8742183919762416,5.49060207208363e-252,0.7996615468442231,1.6454537218206747e-178,False,rtms_land,rtms_apt,7.271273595516652e-177
rtms_land_dae_unit_3m,rtms_apt_unit_3m,798,0.8751034323095188,3.98348286800796e-253,0.7983035922770806,1.7956329675851048e-177,False,rtms_land,rtms_apt,7.869876621047176e-176
ah_n_pblanc,kiscon_amt_indiv,749,0.9177632025599417,8.006494990572835e-302,0.8101239444472694,2.0842748120481356e-175,False,applyhome,kiscon,9.060664569123074e-174
rtms_land_dae_med_unit,rtms_apt_unit_3m,797,0.8419799429219122,2.917067361370277e-215,0.795517778500344,3.7726547795994716e-175,False,rtms_land,rtms_apt,1.6268052505256753e-173
rtms_land_dae_med_unit,rtms_apt_med_unit,797,0.8409843944915167,2.85972233179572e-214,0.7951097940128803,7.616089392850576e-175,False,rtms_land,rtms_apt,3.257858398685762e-173
minbid_vs_rtms_dae_3m,minbid_vs_rtms_all_3m,498,0.8106404107827552,2.2611905410519636e-117,0.8907310147676507,5.694009266515642e-172,True,valuation,valuation,2.416338694290408e-170
ap_pms_day,months_permit_idle,284,-0.9957662418673817,2.3019508734586083e-294,-0.9683202063267102,5.863018959928875e-172,True,hub,hub,2.468469478640921e-170
bank_loan_rate_all,cd_91d,798,0.8524287469659432,2.2095749729618628e-226,0.7895072430721525,6.165499407144417e-171,True,rates,rates,2.5755410414063436e-169
corp_bond_AA3y,cci_plant,798,0.9765376999433862,0.0,0.7888240961218479,1.9249188592235465e-170,False,rates,cci,7.97871406222349e-169
kiscon_amt_pub,kiscon_amt_priv,798,0.8216568702314028,1.592697068955032e-196,0.7884944644567181,3.329160473530197e-170,True,kiscon,kiscon,1.3693093116896895e-168
corp_bond_AA3y,cci_bldg,798,0.9815889240366598,0.0,0.7874313047131215,1.935579237050611e-169,False,rates,cci,7.900413878251616e-168
corp_bond_BBB3y,cci_nonresi,798,0.9841474413759279,0.0,0.7823828203346597,7.208772708499526e-166,False,rates,cci,2.9200990660868913e-164
ah_supply_sum,kiscon_amt_priv,749,0.8351711502829104,3.8745258972238563e-196,0.7964044238666474,2.5619947406352897e-165,False,applyhome,kiscon,1.029998938208789e-163
yield_midlarge,kiscon_amt_priv,798,0.7204608145159578,1.1589144092891874e-128,0.7785680384704249,3.114529382468735e-163,False,commercial,kiscon,1.2427901946313676e-161
yield_midlarge,kiscon_amt_all,798,0.7080659463087184,2.09368738146954e-122,0.7748197730368795,1.077011331945412e-160,False,commercial,kiscon,4.2657626606756425e-159
base_rate,cci_nonresi,798,-0.5734922494833765,5.685219768639818e-71,-0.7745550059971801,1.620680390449353e-160,False,rates,cci,6.37189562333286e-159
spread_BBB_KTB,spread_AA_KTB,798,0.8202751998395955,2.5448243871864785e-195,0.7735682129825715,7.396558134641183e-160,True,rates,rates,2.8868172515274747e-158
ah_supply_sum,kiscon_amt_all,749,0.8364601091850945,2.679068651722885e-197,0.7854805087369775,7.998507273761221e-158,False,applyhome,kiscon,3.0991317675942934e-156
base_rate,bank_facility_loan_rate,798,0.8328958221331005,1.0193000854903733e-206,0.7676022005545756,6.098418525885851e-156,True,rates,rates,2.3459168243101905e-154
cci_plant,base_rate_chg_12m,798,0.9385538294404946,0.0,0.7669007508089589,1.7295519144469464e-155,False,cci,rates,6.60565291896273e-154
rentidx_office,yield_office,777,0.8954566478863156,1.248673668778637e-274,0.7724834725024884,5.457599505051793e-155,True,commercial,commercial,2.0696301101781517e-153
rentidx_office,capret_office,777,0.8899114933058132,2.0125248291303774e-266,0.7722103222303239,8.18729563416646e-155,True,commercial,commercial,3.08292040534423e-153
kiscon_cnt_pub,kiscon_amt_priv,798,0.8399214853341785,1.744020337996356e-213,0.7658009516158973,8.801234513741068e-155,True,kiscon,kiscon,3.2909231430051394e-153
capret_midlarge,kiscon_amt_priv,798,0.6431683011894714,2.3128840189489282e-94,0.76564560891321,1.1067164014836124e-154,False,commercial,kiscon,4.109453193564497e-153
rtms_land_unit_3m,rtms_apt_med_unit,798,0.5857860638475298,1.0848139161488857e-74,0.7655278808062862,1.3163958561704042e-154,False,rtms_land,rtms_apt,4.854323202029759e-153
rtms_land_med_unit,rtms_apt_med_unit,798,0.5612027419588891,2.0839595198500287e-67,0.7654112265656182,1.56316788793863e-154,False,rtms_land,rtms_apt,5.724834723840997e-153
cd_91d,spread_BBB_KTB,798,0.6523475786057018,6.551035558539211e-98,0.7635078864901185,2.5432231665835274e-153,True,rates,rates,9.250758007974232e-152
rtms_land_unit_3m,rtms_apt_unit_3m,798,0.5971950457398268,2.744430832932837e-78,0.7632610738038267,3.644430775838482e-153,False,rtms_land,rtms_apt,1.3166737404329975e-151
rtms_land_med_unit,rtms_apt_unit_3m,798,0.5710883283259719,2.909218475365091e-70,0.7631580567738836,4.234364555724171e-153,False,rtms_land,rtms_apt,1.519540085869607e-151
cci_bldg,base_rate_chg_12m,798,0.938631697293885,0.0,0.7628292335069875,6.831990976292019e-153,False,cci,rates,2.4353770500155616e-151
corp_bond_BBB3y,spread_BBB_KTB,798,0.8420032771226763,1.4904736225908932e-215,0.7598419349602424,5.088853111878605e-151,True,rates,rates,1.8019932178288016e-149
base_rate,bank_loan_rate_all,798,0.8898189177276733,1.886854783577778e-273,0.7593238373808251,1.0678488713679253e-150,True,rates,rates,3.7564394178975633e-149
corp_bond_AA3y,cci_nonresi,798,0.9802121150210122,0.0,0.7559871640362559,1.2082626880611215e-148,False,rates,cci,4.2226016948122985e-147
bank_loan_rate_all,nonbank_corp_loan_rate,798,0.8933074558397419,1.0754362410935664e-278,0.7557167986578974,1.766489578417352e-148,True,rates,rates,6.133389464803624e-147
bank_facility_loan_rate,nonbank_corp_loan_rate,798,0.8526759885242299,1.1951336085972896e-226,0.7527834313915148,1.0543470883445384e-146,True,rates,rates,3.6371573428246754e-145
capret_midlarge,ah_n_pblanc,749,0.5790740333035187,2.7888482632371256e-68,0.7640484042715575,2.527156619107739e-144,False,commercial,applyhome,8.66199130921095e-143
cci_resi,exited,798,-0.7375421672947005,7.295783318044345e-138,-0.7485758856894856,3.36564284870121e-144,False,cci,exit,1.1462479179621255e-142
land_area_m2,appr_unit_land_mn_m2,765,-0.03366397118149868,0.352453703691138,-0.7581696766749487,7.592651082065764e-144,False,site_price,valuation,2.5694876794813694e-142
cci_yoy_pct,exited,798,-0.7343778248904288,4.1818088977042936e-136,-0.7478945480785577,8.469744111277814e-144,False,cci,exit,2.8482843876102182e-142
land_chg_pct,yield_midlarge,798,0.7547049456896149,7.28669678483176e-148,0.7473434082422687,1.7829523536773582e-143,False,land_house,commercial,5.958403896945522e-142
cci_bldg,exited,798,-0.7392716026437938,7.785343055652088e-139,-0.7459453529261809,1.1679053617058444e-142,False,cci,exit,3.8787515335659314e-141
cci_nonresi,exited,798,-0.7400623549452157,2.782012940578421e-139,-0.7456547692776271,1.7234354019926547e-142,False,cci,exit,5.688400675589336e-141
rtms_apt_unit_3m,rtms_fac_unit_3m,765,0.6832081543976318,2.7681897170503083e-106,0.7540386501207006,1.992330331182515e-141,False,rtms_apt,rtms_fac,6.535576859406693e-140
rtms_apt_med_unit,rtms_fac_unit_3m,765,0.6757612549601562,3.647251485100761e-103,0.7539248273320877,2.3191551709314948e-141,False,rtms_apt,rtms_fac,7.561294328640672e-140
ah_n_pblanc,kiscon_cnt_indiv,749,0.9425687260753919,0.0,0.7589444034493622,2.5523718725769222e-141,False,applyhome,kiscon,8.271231759193213e-140
cci_total,exited,798,-0.7399235427787434,3.3337363271238624e-139,-0.741872904588448,2.5995446358121926e-140,False,cci,exit,8.373352510655298e-139
nonbank_corp_loan_rate,cci_nonresi,798,-0.561853751974712,1.360874093502583e-67,-0.7392729667131009,7.771560092326295e-139,False,rates,cci,2.4882953181837545e-137
land_chg_pct,capret_midlarge,798,0.7536511629597036,3.1642146835833053e-147,0.7386288673784986,1.792016924873737e-138,False,land_house,commercial,5.703520534107067e-137
cci_civil,exited,798,-0.7404041957096645,1.7809490798598345e-139,-0.738547140521571,1.992065607746037e-138,False,cci,exit,6.3027069849811e-137
capret_midlarge,kiscon_amt_all,798,0.6104064400470892,1.2263911888037114e-82,0.7381285949173526,3.423062345987665e-138,False,commercial,kiscon,1.0766537861174145e-136
rtms_land_unit_3m,rtms_fac_unit_3m,765,0.5263033190566493,1.0004470439825639e-55,0.7476889923171275,8.415908084273748e-138,False,rtms_land,rtms_fac,2.631570791029926e-136
corp_bond_AA3y,exited,798,-0.7264448223328374,8.323774340507686e-132,-0.7367970637775438,1.9027642558764836e-137,False,rates,exit,5.915163067541604e-136
corp_bond_BBB3y,exited,798,-0.732379829063617,5.231214740602544e-135,-0.7346121873975237,3.1046065711574964e-136,False,rates,exit,9.595567246230712e-135
rtms_land_med_unit,rtms_fac_unit_3m,765,0.4941220391353584,2.4361542550477507e-48,0.7436154552369818,1.5646340735786714e-135,False,rtms_land,rtms_fac,4.808102523807561e-134
ktb_3y,exited,798,-0.7370820522105356,1.3192302237400254e-137,-0.7328735088651248,2.8080929655945574e-135,False,rates,exit,8.579927478305199e-134
ah_n_pblanc,kiscon_cnt_priv,749,0.9259643517705836,3.55413e-318,0.7472232835372393,1.0731293494083214e-134,False,applyhome,kiscon,3.2602401314126673e-133
rtms_nrg_med_unit,rtms_apt_unit_3m,797,0.8048801250780987,2.3914810094563678e-182,0.7313698563922211,2.728898521012716e-134,False,rtms_nrg,rtms_apt,8.243740334381352e-133
rtms_nrg_med_unit,rtms_apt_med_unit,797,0.8058988595974441,3.731180941188535e-183,0.7309649062966791,4.527784045966869e-134,False,rtms_nrg,rtms_apt,1.3601158030216207e-132
cci_plant,exited,798,-0.7435305685156604,2.9157408654973606e-141,-0.7306102165086287,4.8103908291750875e-134,False,cci,exit,1.436936299642413e-132
rtms_nrg_unit_3m,rtms_apt_med_unit,798,0.8049408819448243,1.2697688816578441e-182,0.7291854489490134,2.8342042813807407e-133,False,rtms_nrg,rtms_apt,8.4191612736349e-132
yield_midlarge,ah_n_pblanc,749,0.6634288073571419,3.555649112154959e-96,0.7446018111430736,2.8985042819389466e-133,False,commercial,applyhome,8.562598008578756e-132
rtms_nrg_unit_3m,rtms_apt_unit_3m,798,0.8044733356435305,2.971737798290726e-182,0.7288706757140296,4.1873540349056e-133,False,rtms_nrg,rtms_apt,1.2302078035516618e-131
capret_office,ah_n_pblanc,738,0.6326399047890576,9.201057425950117e-84,0.747616677041602,5.925521911545224e-133,False,commercial,applyhome,1.731353314810509e-131
appr_vs_rtms_dae_3m,minbid_vs_rtms_all_3m,498,0.7450933676064473,2.7203506332474624e-89,0.8348013773735781,1.1686853411792308e-130,True,valuation,valuation,3.396174195263776e-129
rtms_land_dae_unit_3m,rtms_fac_unit_3m,765,0.6167762320705115,2.272666138286368e-81,0.7345759146513255,1.200880747145771e-130,False,rtms_land,rtms_fac,3.4708699216153716e-129
cci_resi,kiscon_cnt_priv_yoy_pct,798,-0.5808283975759561,3.5835736463334024e-73,-0.7225252103752613,9.746890490362319e-130,False,cci,kiscon,2.801969002793942e-128
base_rate,cci_bldg,798,-0.5651225962443109,1.5787135440713826e-68,-0.721450483103704,3.5467008330007374e-129,False,rates,cci,1.014128842462831e-127
cci_nonresi,base_rate_chg_12m,798,0.9363765976707089,0.0,0.719792470531291,2.570757501575255e-128,False,cci,rates,7.311617213256856e-127
capret_office,kiscon_amt_priv,777,0.6865813525912525,2.1554181492221904e-109,0.7242010982740842,3.193073497125958e-127,False,commercial,kiscon,9.033525920175925e-126
ah_n_pblanc,kiscon_cnt_all,749,0.9275208243358246,1.72e-321,0.7320725928052132,1.1719698181907821e-126,False,applyhome,kiscon,3.298169798876901e-125
yield_midlarge,kiscon_amt_indiv,798,0.6880800082517804,5.555555140751877e-113,0.7152819902264865,5.236459256607339e-126,False,commercial,kiscon,1.465934431679552e-124
ah_supply_sum,kiscon_cnt_indiv,749,0.8055064088455911,6.377041953920221e-172,0.7307065960641848,5.8431868000641635e-126,False,applyhome,kiscon,1.6272666572887023e-124
ktb_3y,spread_BBB_KTB,798,0.8123577595016654,1.2822930525948783e-188,0.7102938429574293,1.662272859666696e-123,True,rates,rates,4.6052709744237436e-122
minbid_vs_rtms_dae_3m,appr_vs_rtms_all_3m,498,0.746127704384028,1.147945129828335e-89,0.8215491568710904,4.026092660701906e-123,True,valuation,valuation,1.1096658482872727e-121
land_chg_pct,capret_office,777,0.7225614462608316,2.2009433562967753e-126,0.7148293115001445,1.6449555873783684e-122,False,land_house,commercial,4.510552577288275e-121
ah_supply_sum,kiscon_cnt_priv,749,0.7982299037652193,1.2923498124066145e-166,0.7222020416022027,1.0379029869703874e-121,False,applyhome,kiscon,2.831462893536052e-120
base_rate_chg_12m,exited,798,-0.695747584954149,1.6642683795663148e-116,-0.7062875290192953,1.5549368880320936e-121,False,rates,exit,4.2204302235063975e-120
base_rate,cci_plant,798,-0.6027266183893938,4.384771869774666e-80,-0.7058858923646408,2.4404412716233504e-121,False,rates,cci,6.590423979479825e-120
ah_supply_sum,kiscon_amt_indiv,749,0.8097415191087963,4.085627616569488e-175,0.7201472563847254,1.0450384631927131e-120,False,applyhome,kiscon,2.807950081754491e-119
rtms_land_dae_med_unit,rtms_fac_unit_3m,764,0.6039180441483986,4.067921405759697e-77,0.7146832232026739,2.0414272517052965e-120,False,rtms_land,rtms_fac,5.45775575743411e-119
rentidx_office,capret_midlarge,777,0.8587214165470356,3.1493357694972934e-227,0.7075622154755044,5.504425908411667e-119,True,commercial,commercial,1.4642868324516011e-117
yield_office,ah_n_pblanc,738,0.6829229947754212,1.792999971089846e-102,0.7201356435906043,5.945381624870516e-119,False,commercial,applyhome,1.5737601756526064e-117
land_chg_cum12_pct,yield_midlarge,798,0.7079278867123753,2.4476420279764234e-122,0.7004419078533328,1.0196904386054176e-118,False,land_house,commercial,2.685854569075452e-117
unsold_total,unsold_completed,761,0.5006972345763967,1.5587033512916016e-49,0.7102433862642942,7.885873196792268e-118,True,unsold,unsold,2.0669492148651106e-116
cci_yoy_pct,kiscon_cnt_priv_yoy_pct,798,-0.5792467324090527,1.080068067747042e-72,-0.6983222649434822,1.0302423689266661e-117,False,cci,kiscon,2.6871736325126265e-116
rtms_land_n_3m,rtms_land_dae_unit_3m,798,-0.3068761417120124,7.29992522265205e-19,-0.6924495316262925,5.627997078143291e-115,True,rtms_land,rtms_land,1.4608204066423387e-113
nonbank_corp_loan_rate,cci_plant,798,-0.6020555606533787,7.273847644630488e-80,-0.6914033627085104,1.702543724496921e-114,False,rates,cci,4.397826712504849e-113
capret_office,kiscon_amt_all,777,0.67756699249019,1.6191809316188388e-105,0.6978490103539478,1.929731992889237e-114,False,commercial,kiscon,4.960710079797475e-113
rtms_land_n,rtms_land_dae_unit_3m,798,-0.2864108944603956,1.5630729550715445e-16,-0.6883334934103036,4.2657643279088104e-113,True,rtms_land,rtms_land,1.0913417158530338e-111
nonbank_corp_loan_rate,cci_yoy_pct,798,-0.5397141359384106,1.5996590748691852e-61,-0.6876627306615105,8.577005762430981e-113,False,rates,cci,2.1838690386532597e-111
rtms_land_n_3m,rtms_land_dae_med_unit,797,-0.32406112554956695,6.0689247104318034e-21,-0.6876539580137615,1.1929158922054104e-112,True,rtms_land,rtms_land,3.0229958652238527e-111
ah_supply_sum,kiscon_cnt_all,749,0.8117927295905744,1.0854583081428778e-176,0.7026192731370098,1.669408256286013e-112,False,applyhome,kiscon,4.210531106774203e-111
nonbank_corp_loan_rate,cci_bldg,798,-0.5530993752412976,3.877752873976405e-65,-0.6866928130956297,2.3469551649606764e-112,False,rates,cci,5.891628763870768e-111
base_rate_chg_12m,kiscon_cnt_priv_yoy_pct,798,-0.5856345741091482,1.2082533687105316e-74,-0.6865228438425695,2.79858203815954e-112,False,rates,kiscon,6.992531849550962e-111
yield_office,kiscon_amt_priv,777,0.7282997154337946,2.4079187978489175e-129,0.6923619798655836,5.927235641140227e-112,False,commercial,kiscon,1.4740897196826414e-110
land_chg_pct,yield_office,777,0.7031111489570336,7.020154704984004e-117,0.6916848266367842,1.1910918102739572e-111,False,land_house,commercial,2.9485036618216894e-110
cci_resi,spread_BBB_KTB,798,0.8194514297941391,1.3130978449592732e-194,0.683999359453417,3.76329967961584e-111,False,cci,rates,9.272978519311474e-110
yield_midlarge,kiscon_cnt_priv,798,0.7597890682381238,5.489124235076831e-151,0.6836693386004206,5.276231649183505e-111,False,commercial,kiscon,1.294128927898358e-109
land_chg_cum12_pct,capret_midlarge,798,0.6960239333908382,1.2363743017975219e-116,0.6836267456922728,5.511249276578599e-111,False,land_house,commercial,1.3456004512267476e-109
corp_bond_BBB3y,kiscon_cnt_priv_yoy_pct,798,-0.5887913942580367,1.2639717670017594e-75,-0.6818807858929987,3.268048164708584e-110,False,rates,kiscon,7.942842516680362e-109
rtms_land_n,rtms_land_dae_med_unit,797,-0.3032105862775968,2.0692703758198513e-18,-0.6808885500497367,1.2210540508897134e-109,True,rtms_land,rtms_land,2.9542877873788675e-108
ah_n_pblanc,kiscon_amt_pub,749,0.8326653719291761,6.535489128425209e-194,0.6930884219560431,2.7228483199196383e-108,False,applyhome,kiscon,6.558139624599237e-107
rentidx_office,yield_midlarge,777,0.838854044783337,6.963245536137805e-207,0.6835407012661138,4.534964237407046e-108,True,commercial,commercial,1.0873746088527117e-106
cci_bldg,kiscon_cnt_priv_yoy_pct,798,-0.5821171667926367,1.451992268102727e-73,-0.6758808140188028,1.3492237027604016e-107,False,cci,kiscon,3.220669258330298e-106
bank_corp_loan_rate,cd_91d,798,0.8039610285506344,7.524926925812838e-182,0.6728479771340143,2.684088229642742e-106,True,rates,rates,6.378586561733218e-105
corp_bond_AA3y,kiscon_cnt_priv_yoy_pct,798,-0.578442822691372,1.8878929983758112e-72,-0.6719075032015999,6.735656375696862e-106,False,rates,kiscon,1.5936086124270408e-104
capret_midlarge,kiscon_amt_indiv,798,0.6015686804440866,1.0493594137717266e-79,0.6699117389621552,4.693052463949042e-105,False,commercial,kiscon,1.1054516090191863e-103
ah_supply_sum,kiscon_amt_pub,749,0.721036837102049,3.8549770642369146e-121,0.6841755853385736,1.690289326356021e-104,False,applyhome,kiscon,3.9640250122919495e-103
ah_n_pblanc,kiscon_cnt_pub,749,0.8731437205457365,2.607324131643743e-235,0.6826330865049692,7.423534770376502e-104,False,applyhome,kiscon,1.7333467431093083e-102
yield_office,kiscon_amt_all,777,0.7310338256692134,8.789696002940349e-131,0.6722899806089436,2.596713253301813e-103,False,commercial,kiscon,6.0367938110455624e-102
base_rate,cci_yoy_pct,798,-0.548670271369478,6.353841390044851e-64,-0.6620628344449434,8.397397079435469e-102,False,rates,cci,1.943761133495301e-100
yield_midlarge,kiscon_cnt_all,798,0.6978059034538204,1.804259644072472e-117,0.6612428736092085,1.812482234506348e-101,False,commercial,kiscon,4.1773028051316563e-100
ktb_3y,kiscon_cnt_priv_yoy_pct,798,-0.5879203609160549,2.362295367572594e-75,-0.6575208296046491,5.778334127655106e-100,False,rates,kiscon,1.3260408832863455e-98
rtms_apt_unit_3m,rtms_fac_med_unit,733,0.5396361442049098,1.2621522492707088e-56,0.6783311586604358,6.144266407151983e-100,False,rtms_apt,rtms_fac,1.4039911315829766e-98
land_chg_cum12_pct,capret_office,777,0.674781497539457,2.393383983059523e-104,0.6637614094464843,7.64080357947094e-100,False,land_house,commercial,1.738526669763026e-98
rtms_land_med_unit,rtms_land_n_3m,798,-0.3381054432104871,8.615418896034242e-23,-0.6559554101027208,2.4421759330950755e-99,True,rtms_land,rtms_land,5.533184200957359e-98
capret_midlarge,kiscon_cnt_priv,798,0.6828506359051556,1.2177224484759698e-110,0.655087862868447,5.408538492942128e-99,False,commercial,kiscon,1.2202301823528084e-97
rtms_apt_med_unit,rtms_fac_med_unit,733,0.5260912336763892,2.0527557646515836e-53,0.6748667493421178,1.4558987608886294e-98,False,rtms_apt,rtms_fac,3.2708784346518914e-97
yield_midlarge,kiscon_cnt_indiv,798,0.7450964715390984,3.634327787261688e-142,0.6516406958029146,1.241407843997902e-97,False,commercial,kiscon,2.7773254150028374e-96
rtms_land_n_3m,rtms_land_unit_3m,798,-0.34341432351808787,1.6637879190671112e-23,-0.6506969583061997,2.9065533595872184e-97,True,rtms_land,rtms_land,6.475558672380357e-96
rtms_land_n,rtms_land_med_unit,798,-0.3272471738294266,2.256147073986148e-21,-0.6500421169410654,5.235613679825839e-97,True,rtms_land,rtms_land,1.1616110517024382e-95
rentidx_office,kiscon_cnt_all,777,0.7564772916545441,4.581030786599087e-145,0.6548700893191429,2.396202989385034e-96,False,commercial,kiscon,5.2944204067114784e-95
rentidx_office,kiscon_cnt_priv,777,0.8017950978003313,1.86399796048305e-175,0.6539208365931459,5.569550666663843e-96,False,commercial,kiscon,1.2255303462819575e-94
yield_midlarge,ah_under_ratio,745,-0.6832933054195488,1.3917446382371936e-103,-0.6637462416504002,8.595249418191693e-96,False,commercial,applyhome,1.8835573212734009e-94
cci_nonresi,kiscon_cnt_priv_yoy_pct,798,-0.5828814298455418,8.481320489536748e-74,-0.6466087193817146,1.1188069525227617e-95,False,cci,kiscon,2.4417390918935534e-94
yield_midlarge,kiscon_amt_pub,798,0.5792314497410982,1.0916110932705074e-72,0.6455361591483771,2.8883974692711288e-95,False,commercial,kiscon,6.278154987070213e-94
rtms_land_n,rtms_land_unit_3m,798,-0.33404327882194335,2.967922388283132e-22,-0.6438313272956788,1.294112397872282e-94,True,rtms_land,rtms_land,2.801465178713802e-93
ah_supply_sum,kiscon_cnt_pub,749,0.7865184411047362,1.6216899228785387e-158,0.6570594486956461,9.414204377013944e-94,False,applyhome,kiscon,2.0297480162860304e-92
vac_office,ah_sale_unit_med,722,-0.5745751846651427,1.1684331875220837e-64,-0.6659624590368145,1.0344218311919207e-93,False,commercial,applyhome,2.221306639109719e-92
capret_office,kiscon_cnt_priv,777,0.7302310801768834,2.332971467504504e-130,0.6406109816279258,5.569187430421159e-91,False,commercial,kiscon,1.1911378076184774e-89
land_chg_cum12_pct,yield_office,777,0.6599064040162197,2.5926349175193906e-98,0.6404139209650925,6.575983482105715e-91,False,land_house,commercial,1.4008678756501696e-89
rtms_apt_unit_3m,ah_sale_unit_med,733,0.722771586836326,2.0356819451809417e-119,0.653323814885951,2.022822968080857e-90,False,rtms_apt,applyhome,4.292077146955691e-89
rtms_land_dae_unit_3m,rtms_fac_med_unit,733,0.4568769562821159,4.407366883183869e-39,0.6513488418690864,1.0453489712702939e-89,False,rtms_land,rtms_fac,2.2092810076609728e-88
rtms_apt_med_unit,ah_sale_unit_med,733,0.7171413820446134,9.636169885778257e-117,0.6505002787406846,2.1091216495503914e-89,False,rtms_apt,applyhome,4.43995018115982e-88
land_chg_pct,kiscon_amt_priv,798,0.5439352677506825,1.206240399878402e-62,0.6295477183137939,2.5682502621589808e-89,False,land_house,kiscon,5.38526829480944e-88
capret_office,ah_under_ratio,737,-0.6831258719863165,2.028701815137689e-102,-0.6479046368078247,5.977603205558759e-89,False,commercial,applyhome,1.2485251695360424e-87
land_chg_pct,kiscon_amt_all,798,0.5275781584894015,2.20982068521435e-58,0.6256068883240277,6.650722991389379e-88,False,land_house,kiscon,1.3837126784030742e-86
bank_loan_rate_all,spread_AA_KTB,798,0.6045706850574046,1.0844044528696023e-80,0.6245550306158495,1.5727325555039455e-87,True,rates,rates,3.259457741968836e-86
cci_plant,kiscon_cnt_priv_yoy_pct,798,-0.600708080604692,2.002548836294705e-79,-0.6245359029252533,1.5974924398173321e-87,False,cci,kiscon,3.297989218418253e-86
bank_facility_loan_rate,cd_91d,798,0.7079419255543677,2.409082556233379e-122,0.6245119088937015,1.6291009713662556e-87,True,rates,rates,3.350308805344373e-86
spread_BBB_KTB,cci_yoy_pct,798,0.8182207593997228,1.500324784118524e-193,0.6239601448630623,2.555168910445088e-87,False,rates,cci,5.234669794693443e-86
rtms_land_dae_med_unit,rtms_nrg_med_unit,796,0.7382928381219732,6.092759218075409e-138,0.6242951691162283,3.1901460011898667e-87,False,rtms_land,rtms_nrg,6.510576590977945e-86
land_chg_cum12_pct,kiscon_amt_all,798,0.5254649405360061,7.555462798490902e-58,0.6231406003173918,4.977762516077587e-87,False,land_house,kiscon,1.0120188659112875e-85
capret_office,kiscon_amt_indiv,777,0.655920593189967,9.388767294103548e-97,0.629063416049861,7.712552776869673e-87,False,commercial,kiscon,1.5620840794667478e-85
land_chg_cum12_pct,kiscon_amt_priv,798,0.5334303905532525,7.013839957034715e-60,0.6218178900618289,1.454271965724657e-86,False,land_house,kiscon,2.934336679520657e-85
rtms_land_unit_3m,rtms_fac_med_unit,733,0.533787353868536,3.2034914414598334e-55,0.6419932909453422,2.1228587069997006e-86,False,rtms_land,rtms_fac,4.2672652279426313e-85
yield_office,kiscon_cnt_priv,777,0.7765470761879991,1.2223184552246599e-157,0.6263190125378912,7.012195698611476e-86,False,commercial,kiscon,1.4042775430889723e-84
rtms_land_unit_3m,ah_sale_unit_med,733,0.5619937849466281,2.948843123277958e-62,0.6404838045862455,7.076532851557108e-86,False,rtms_land,applyhome,1.4118739237789496e-84
capret_midlarge,ah_under_ratio,745,-0.6733708436189352,1.4902543605078143e-99,-0.6362040037274643,9.144891320849971e-86,False,commercial,applyhome,1.8177596242596578e-84
rtms_land_dae_med_unit,rtms_fac_med_unit,733,0.4611423368342121,7.123920218069744e-40,0.6391535444921629,2.0333143703714245e-85,False,rtms_land,rtms_fac,4.026715532731854e-84
land_area_m2,minbid_unit_land_mn_m2,498,-0.03922176254745352,0.3824417843793564,-0.7335860898971139,3.050400898405625e-85,False,site_price,valuation,6.01863232611619e-84
rtms_land_med_unit,rtms_fac_med_unit,733,0.5327502650746172,5.6468490698642e-55,0.6369000536292818,1.2010713102623896e-84,False,rtms_land,rtms_fac,2.3610765794018373e-83
cci_civil,spread_BBB_KTB,798,0.8034622536096818,1.8543377308893303e-181,0.6157318862106748,1.8902498633065298e-84,False,cci,rates,3.70225861505495e-83
rtms_land_med_unit,ah_sale_unit_med,733,0.5436014706053325,1.3585604828617172e-57,0.6334895584843426,1.717141463786007e-83,False,rtms_land,applyhome,3.350932630242255e-82
rtms_land_dae_unit_3m,rtms_nrg_med_unit,797,0.744358683570312,1.4553513225373455e-141,0.6127239748124399,2.55131080075059e-83,False,rtms_land,rtms_nrg,4.9606759460412384e-82
rentidx_office,ah_under_ratio,737,-0.6838256672355386,1.0477507024545925e-102,-0.6304305110419456,6.569552794795255e-83,False,commercial,applyhome,1.2727318403539937e-81
yield_office,rtms_apt_med_unit,777,0.6106017906524079,1.4322878860210707e-80,0.6174874303243999,7.356750665322669e-83,False,commercial,rtms_apt,1.4200919064072313e-81
yield_office,rtms_apt_unit_3m,777,0.6121690036880972,4.364352007333057e-81,0.6162545598745904,1.9088197766568372e-82,False,commercial,rtms_apt,3.671388253879176e-81
yield_office,ah_under_ratio,737,-0.6714285632877864,9.70871239582567e-98,-0.6281041132997313,3.9153567997200465e-82,False,commercial,applyhome,7.503732189284262e-81
capret_midlarge,kiscon_cnt_all,798,0.6020699024961439,7.195678081080269e-80,0.6086257830615899,4.862694566149764e-82,False,commercial,kiscon,9.286009944715281e-81
vac_midlarge,yield_office,777,-0.7015609047967333,3.7196672499592873e-116,-0.6148793372368343,5.501644893017529e-82,True,commercial,commercial,1.0468788342692074e-80
vac_office,rtms_apt_unit_3m,777,-0.462207062014893,2.2108948415611836e-42,-0.6140864661399089,1.0104464093589602e-81,False,commercial,rtms_apt,1.9159067201568653e-80
capret_midlarge,kiscon_cnt_indiv,798,0.6683010975566563,2.2235878943520622e-104,0.6071069820425214,1.5637088737208832e-81,False,commercial,kiscon,2.9544704409136262e-80
rtms_land_dae_unit_3m,appr_unit_land_mn_m2,765,0.22711583719668357,2.088815375741942e-10,0.6155754967450404,5.657147666119466e-81,False,rtms_land,valuation,1.0650974848852389e-79
cci_total,kiscon_cnt_priv_yoy_pct,798,-0.5837174947083665,4.7023554622348075e-74,-0.6051789105650174,6.82643773737585e-81,False,cci,kiscon,1.2807355291841638e-79
capret_midlarge,rtms_apt_med_unit,798,0.6852501973513506,1.0412784814743381e-111,0.6037459829684798,2.0278435525743427e-80,False,commercial,rtms_apt,3.7912165998653885e-79
rtms_land_dae_med_unit,appr_unit_land_mn_m2,764,0.2180141794718241,1.132199888495194e-09,0.6140814531228473,2.2186995176120337e-80,False,rtms_land,valuation,4.133584083857681e-79
vac_office,rtms_apt_med_unit,777,-0.45834659268275474,1.2793596476733305e-41,-0.6093511652212911,3.6797141880865525e-80,False,commercial,rtms_apt,6.831747140173194e-79
land_chg_pct,rentidx_office,777,0.6881658253891475,4.341371672555387e-110,0.6093379103260081,3.716613807269063e-80,False,land_house,commercial,6.876378556217191e-79
rentidx_office,kiscon_cnt_indiv,777,0.8093724626517711,2.5866176469587865e-181,0.6092725718119292,3.903958527071889e-80,False,commercial,kiscon,7.198091808363239e-79
spread_BBB_KTB,exited,798,-0.5581683813883866,1.5000882507542228e-66,-0.6021834556044168,6.605567539726438e-80,False,rates,exit,1.2137446609937205e-78
land_chg_pct,rtms_apt_med_unit,798,0.7056839386666913,3.0603713132434113e-121,0.6020401825374468,7.358604573556282e-80,False,land_house,rtms_apt,1.347481460781008e-78
rentidx_office,kiscon_amt_indiv,777,0.7251036492372509,1.0967600839385792e-127,0.6079713969639392,1.0370426852046155e-79,False,commercial,kiscon,1.892514415627672e-78
rtms_land_dae_med_unit,rtms_nrg_unit_3m,797,0.7156505338484174,4.8774978644445725e-126,0.601824188935311,1.084825866042911e-79,False,rtms_land,rtms_nrg,1.972980920316818e-78
capret_midlarge,rtms_apt_unit_3m,798,0.6883203617673019,4.3245737471518423e-113,0.6009700640060381,1.6452634327165056e-79,False,commercial,rtms_apt,2.9821096863509e-78
rentidx_office,kiscon_cnt_pub,777,0.6420181450580607,1.6939776563091593e-91,0.6054136119140073,6.984564978748298e-79,False,commercial,kiscon,1.2617050318029443e-77
rtms_land_dae_unit_3m,rtms_nrg_unit_3m,798,0.7354103721917657,1.1230735749587948e-136,0.5990197961954743,7.074477662441015e-79,False,rtms_land,rtms_nrg,1.273644177140475e-77
appr_unit_land_mn_m2,appr_vs_rtms_dae_3m,765,0.8268312835307505,7.192862477420927e-193,0.6081901670255354,1.4173989797122226e-78,True,valuation,valuation,2.5432323303762597e-77
yield_office,kiscon_amt_indiv,777,0.7104230224219256,2.324162569603886e-120,0.6043515647261742,1.5341890305139753e-78,False,commercial,kiscon,2.7435815204542563e-77
rtms_land_dae_unit_3m,ah_sale_unit_med,733,0.6306538136946402,1.5288471547002036e-82,0.6171660169517625,3.7035044704838154e-78,False,rtms_land,applyhome,6.600879467892321e-77
capret_office,kiscon_cnt_all,777,0.671045511205731,8.468458117557551e-103,0.6027024103845805,5.175945917666864e-78,False,commercial,kiscon,9.194612233144426e-77
land_chg_cum12_pct,rtms_apt_med_unit,798,0.67216090338653,5.258503128249467e-106,0.5954794777579463,9.739673925596e-78,False,land_house,rtms_apt,1.724438294045093e-76
land_chg_pct,rtms_apt_unit_3m,798,0.701959870391127,1.9215515901696772e-119,0.5941348971291905,2.6143804894222307e-77,False,land_house,rtms_apt,4.613561873577778e-76
rentidx_office,kiscon_amt_pub,777,0.5786754112663435,1.1778780034530306e-70,0.6004197593270569,2.753581208666123e-77,False,commercial,kiscon,4.8432232640584733e-76
cci_civil,kiscon_cnt_priv_yoy_pct,798,-0.5847173764553921,2.3173969522930557e-74,-0.5928408428399976,6.732451451585428e-77,False,cci,kiscon,1.1802759971025338e-75
land_chg_pct,ah_n_pblanc,749,0.47982821115608654,2.1721031560537663e-44,0.6079375391096851,6.918609419486907e-77,False,land_house,applyhome,1.2089478616338724e-75
nonbank_corp_loan_rate,cci_total,798,-0.5548539106785075,1.2659897370344975e-65,-0.5907659810390016,3.0407153223964026e-76,False,rates,cci,5.29599505825849e-75
vac_midlarge,yield_midlarge,798,-0.5844813730592235,2.7392562242141487e-74,-0.5904198960917444,3.9060204232941284e-76,True,commercial,commercial,6.781003637452502e-75
land_chg_cum12_pct,rtms_apt_unit_3m,798,0.667165946455604,6.616956465359071e-104,0.5880056020031349,2.222243168884212e-75,False,land_house,rtms_apt,3.84541560648022e-74
ah_under_ratio,ah_rate_med,730,-0.1515516458796473,3.93175734261597e-05,-0.6059251177790371,2.3012257842306805e-74,True,applyhome,applyhome,3.969243312348855e-73
capret_office,rtms_apt_med_unit,777,0.6324518789577032,4.8999626769900805e-88,0.5904567893812466,3.4737204358070122e-74,False,commercial,rtms_apt,5.972341855389098e-73
rtms_land_med_unit,rtms_nrg_med_unit,797,0.5602124837230534,4.8048026728035626e-67,0.5841397128298357,4.301078128443031e-74,False,rtms_land,rtms_nrg,7.371110497687465e-73
base_rate,cci_total,798,-0.5649830442368498,1.7316318482793417e-68,-0.5837452777510692,4.610953093846441e-74,False,rates,cci,7.876922106324896e-73
rtms_land_dae_med_unit,ah_sale_unit_med,732,0.6092754945686412,1.3715118184865604e-75,0.6040707201661422,5.309193298833688e-74,False,rtms_land,applyhome,9.040846041039404e-73
land_chg_cum12_pct,kiscon_amt_indiv,798,0.5108860006378224,2.890202310660861e-54,0.5835331236887172,5.356310205367072e-74,False,land_house,kiscon,9.092124021618327e-73
yield_office,kiscon_cnt_all,777,0.7261546185144654,3.143059412841589e-128,0.5894110882638608,7.244793467011918e-74,False,commercial,kiscon,1.2258832489909091e-72
base_rate,cci_resi,798,-0.5506711664878029,1.805697873703182e-64,-0.5826917992211069,9.692994118513945e-74,False,rates,cci,1.6349665473720525e-72
capret_office,rtms_apt_unit_3m,777,0.6344256621161035,9.683480072791644e-89,0.5882906583909865,1.587741211793433e-73,False,commercial,rtms_apt,2.669701968383486e-72
capret_office,kiscon_amt_pub,777,0.5602850250396397,2.00870260516422e-65,0.5880422591601132,1.8886202254844195e-73,False,commercial,kiscon,3.1656590425282727e-72
cci_total,spread_BBB_KTB,798,0.8068987992573655,3.518201679102946e-184,0.5795254431582016,8.896337707811124e-73,False,cci,rates,1.486522428864565e-71
rtms_land_unit_3m,rtms_nrg_med_unit,797,0.5665699484006903,7.329486827696596e-69,0.5792100362455376,1.3600512154522606e-72,False,rtms_land,rtms_nrg,2.2654809498514756e-71
rtms_land_med_unit,rtms_nrg_unit_3m,798,0.5362290413370843,1.3150666915917234e-60,0.5786805435938878,1.6007778341840233e-72,False,rtms_land,rtms_nrg,2.658186049497507e-71
capret_midlarge,rtms_land_med_unit,798,0.4837062345736789,4.948035538686288e-48,0.5780803513560524,2.427218254990906e-72,False,commercial,rtms_land,4.01806068403603e-71
rtms_land_med_unit,appr_unit_land_mn_m2,765,0.12701993776865783,0.00042874545320883116,0.5874657215881609,3.6074456860862217e-72,False,rtms_land,valuation,5.953398791204638e-71
land_chg_pct,kiscon_amt_indiv,798,0.509661917491934,5.674225449426378e-54,0.5769627386597739,5.256985816236061e-72,False,land_house,kiscon,8.648954818281299e-71
rtms_land_unit_3m,appr_unit_land_mn_m2,765,0.13976301698697535,0.00010515273590877241,0.5854949518382723,1.3882064146538328e-71,False,rtms_land,valuation,2.2769140181454124e-70
land_chg_pct,kiscon_cnt_priv,798,0.5859958608967473,9.34324399890226e-75,0.5750115815588661,2.01183628086605e-71,False,land_house,kiscon,3.289690701465067e-70
capret_midlarge,kiscon_amt_pub,798,0.4426108802988287,1.304908120972555e-39,0.5737396528860452,4.802233860832173e-71,False,commercial,kiscon,7.828519650570008e-70
capret_midlarge,rtms_land_unit_3m,798,0.5045590823542221,9.172778030949935e-53,0.5735960262343225,5.2967137771190595e-71,False,commercial,rtms_land,8.608367345366447e-70
land_chg_cum12_pct,ah_n_pblanc,749,0.47727128566476723,7.145791180901766e-44,0.5876464306941995,9.543807132938529e-71,False,land_house,applyhome,1.5463859618127973e-69
yield_office,kiscon_amt_pub,777,0.6346055114156297,8.348603914671544e-89,0.5788870013193059,1.0208470719923609e-70,False,commercial,kiscon,1.6490843788347895e-69
rtms_land_unit_3m,rtms_nrg_unit_3m,798,0.5498078435788653,3.110633906741974e-64,0.5720268477847346,1.5404925667157015e-70,False,rtms_land,rtms_nrg,2.481028239225559e-69
rentidx_office,kiscon_amt_all,777,0.7266423207455756,1.756400444858101e-128,0.5772032363621563,3.178284952799016e-70,False,commercial,kiscon,5.103390283067969e-69
yield_midlarge,kiscon_cnt_pub,798,0.5732248283585143,6.822007628885428e-71,0.570118878062125,5.598356782311744e-70,False,commercial,kiscon,8.962399315874519e-69
land_chg_cum12_pct,kiscon_cnt_priv,798,0.584832713895278,2.135416509603411e-74,0.56989455443793,6.511892902380448e-70,False,land_house,kiscon,1.0393758611650226e-68
rtms_nrg_med_unit,ah_sale_unit_med,732,0.6389571833452791,3.0896410804525755e-85,0.5899129745463453,7.929795245254787e-70,False,rtms_nrg,applyhome,1.2619230707255161e-68
land_chg_pct,kiscon_cnt_all,798,0.540822974488921,8.141002360958261e-62,0.5688753508675302,1.292214906310787e-69,False,land_house,kiscon,2.0502887549091332e-68
rentidx_office,kiscon_amt_priv,777,0.7431480726263013,2.263349022977772e-137,0.5749354816211252,1.452057065104858e-69,False,commercial,kiscon,2.2970855405667684e-68
nonbank_corp_loan_rate,cci_civil,798,-0.5569164134782782,3.3669513987205437e-66,-0.5683419502500862,1.8479249402782876e-69,False,rates,cci,2.9147063881026563e-68
land_chg_cum12_pct,kiscon_cnt_all,798,0.5479481066994811,9.984699208093355e-64,0.5677439995043373,2.7573802182072894e-69,False,land_house,kiscon,4.3363858902218755e-68
land_chg_cum12_pct,kiscon_cnt_indiv,798,0.561246000334154,2.0258363925887975e-67,0.5670502072268324,4.3825088656341826e-69,False,land_house,kiscon,6.871928124500286e-68
vac_midlarge,capret_office,777,-0.6601811654283172,2.0202276590665902e-98,-0.5712072165703009,1.7201656876644283e-68,True,commercial,commercial,2.689393547351374e-67
capret_office,kiscon_cnt_indiv,777,0.7285843574453249,1.7091866030161e-129,0.5710630266161434,1.8915395685189254e-68,False,commercial,kiscon,2.9487061436940803e-67
vac_midlarge,capret_midlarge,798,-0.5584255249090126,1.2700319732007155e-66,-0.5640082075787224,3.2991702595569727e-68,True,commercial,commercial,5.1280998191427715e-67
land_chg_pct,kiscon_cnt_indiv,798,0.5672171236981218,3.920616073809169e-69,0.5634506287599514,4.7655095449091896e-68,False,land_house,kiscon,7.38584914105201e-67
land_chg_pct,ah_under_ratio,745,-0.587448077427173,2.5492439263484747e-70,-0.5780010930457561,1.2683410005801458e-67,False,land_house,applyhome,1.9600633902029014e-66
rtms_nrg_med_unit,rtms_fac_unit_3m,764,0.6717921789391679,2.0801262233770707e-101,0.5716308928102631,1.7171795801321007e-67,False,rtms_nrg,rtms_fac,2.646040119586842e-66
vac_midlarge,kiscon_amt_indiv,798,-0.5886105864206954,1.4394047220469515e-75,-0.5611825283912064,2.1116847932025266e-67,False,commercial,kiscon,3.2445915486361806e-66
land_chg_cum12_pct,rentidx_office,777,0.638333944843504,3.771259277045185e-90,0.5672806658332691,2.246457067911707e-67,False,land_house,commercial,3.441778206912291e-66
nonbank_corp_loan_rate,cci_resi,798,-0.537181168126426,7.414015461508593e-61,-0.5605670449391226,3.1565434555097074e-67,False,rates,cci,4.822296530460116e-66
rtms_nrg_unit_3m,rtms_fac_unit_3m,765,0.6321672843559236,1.331023238894685e-86,0.5690659372680473,7.396741821859901e-67,False,rtms_nrg,rtms_fac,1.1267914108685153e-65
rentidx_office,ah_n_pblanc,738,0.7138763954143004,5.374997881754829e-116,0.5753889183281646,2.797202032799021e-66,False,commercial,applyhome,4.249045246981922e-65
bank_corp_loan_rate,cci_nonresi,798,-0.3686040314844399,4.3659677590010144e-27,-0.5560460351021912,5.894678691810178e-66,False,rates,cci,8.928851831475643e-65
yield_office,kiscon_cnt_indiv,777,0.7843509893889427,6.887239778067031e-163,0.5610194959317715,1.2595549254060304e-65,False,commercial,kiscon,1.9024972277248712e-64
base_rate,cci_civil,798,-0.5644864846708832,2.4053137322615356e-68,-0.5537274915887449,2.599396765862068e-65,False,rates,cci,3.915204086497036e-64
capret_office,rtms_land_med_unit,777,0.423167390710676,4.1841185404526737e-35,0.557362115993234,1.2722649374313422e-64,False,commercial,rtms_land,1.9108990506869063e-63
yield_office,rtms_land_med_unit,777,0.3938200296568888,3.140997851243073e-30,0.5573069888121056,1.3171062774365602e-64,False,commercial,rtms_land,1.972707917493918e-63
yield_office,ah_sale_unit_med,722,0.6652051015064462,1.9869002357852593e-93,0.5722304078209243,4.9627419254462945e-64,False,commercial,applyhome,7.412229350659591e-63
bank_facility_loan_rate,cci_nonresi,798,-0.4100010889334022,1.0568934179278036e-33,-0.5488635855021787,5.628705016400266e-64,False,rates,cci,8.383477917184463e-63
apt_idx_yoy_pct,unsold_total,723,-0.45312739730748886,6.803784758472124e-38,-0.5706333704642353,1.0834277938527546e-63,False,land_house,unsold,1.6091912260362997e-62
rtms_nrg_unit_3m,ah_sale_unit_med,733,0.630689655629942,1.4873867698538544e-82,0.5656184428984803,3.279097088057438e-63,False,rtms_nrg,applyhome,4.856878706327735e-62
vac_midlarge,ah_n_pblanc,749,-0.5912367833568662,8.413414771224016e-72,-0.5604015638917814,3.720765219222969e-63,False,commercial,applyhome,5.495837466073264e-62
yield_midlarge,ah_supply_sum,749,0.45651815138606266,7.827159919607824e-40,0.5603121281524817,3.9300804784971596e-63,False,commercial,applyhome,5.789019371494301e-62
rtms_nrg_med_unit,rtms_fac_med_unit,732,0.6118896965866594,2.130592767860498e-76,0.5652187750594091,5.074422895878028e-63,False,rtms_nrg,rtms_fac,7.454104182488961e-62
yield_office,rtms_land_unit_3m,777,0.4149924791052506,1.0684400435107512e-33,0.55114558452598,6.072398334625153e-63,False,commercial,rtms_land,8.895647642531698e-62
rtms_land_dae_med_unit,rtms_land_dae_n_3m,797,-0.23848997194817573,9.044178985991639e-12,-0.5447003721289985,8.973146586779998e-63,True,rtms_land,rtms_land,1.3109129726642802e-61
rtms_fac_n,rtms_fac_n_yoy_pct,737,0.30006638900951316,8.440952364995609e-17,0.5626776440321645,9.093843042062213e-63,True,rtms_fac,rtms_fac,1.3249258513871024e-61
land_chg_cum12_pct,kiscon_amt_pub,798,0.4328183413199506,9.08258170748797e-38,0.5443351889689465,9.424253569287546e-63,False,land_house,kiscon,1.369333799863601e-61
capret_office,rtms_land_unit_3m,777,0.44587303531468325,3.19703750977419e-39,0.5495701964501115,1.596663677063523e-62,False,commercial,rtms_land,2.313647881099907e-61
land_chg_pct,apt_idx_yoy_pct,737,0.6841868278669792,7.444628160141113e-103,0.5607506355654893,2.9175401632779176e-62,True,land_house,land_house,4.216239798120817e-61
base_rate,kiscon_cnt_priv_yoy_pct,798,0.35626158911941863,2.7224520667128586e-25,0.5405685137834725,9.508097115774342e-62,False,rates,kiscon,1.3703448862006848e-60
land_chg_pct,kiscon_amt_pub,798,0.41467074327231607,1.6488901015818187e-34,0.5389933063831001,2.478229800868418e-61,False,land_house,kiscon,3.562122243345008e-60
appr_unit_land_mn_m2,appr_vs_rtms_all_3m,765,0.6575450175029725,6.5936104715654615e-96,0.5478665491110858,3.8735196544349016e-61,True,valuation,valuation,5.552737156102793e-60
rtms_land_dae_n_3m,rtms_land_dae_unit_3m,798,-0.21863785107265407,4.312646152345047e-10,-0.5371813062168571,7.413398257909936e-61,True,rtms_land,rtms_land,1.0598780878354124e-59
spread_BBB_KTB,kiscon_cnt_priv_yoy_pct,798,-0.49627978323376615,7.593503653087631e-51,-0.5353210678577893,2.267570069946103e-60,False,rates,kiscon,3.23325257706715e-59
house_idx_yoy_pct,unsold_total,723,-0.43927116178989645,1.8341953224708602e-35,-0.5578268675392857,2.3131982815113983e-60,False,land_house,unsold,3.289540215755704e-59
nonbank_corp_loan_rate,ktb_3y,798,-0.5179991673475146,5.427958947422e-56,-0.5350667264828763,2.6406548445216054e-60,True,rates,rates,3.74524706993555e-59
ap_pms_day,ap_stcns_day,141,0.9770273864396966,3.285513999454915e-95,0.9249741797862401,2.868679030726906e-60,True,hub,hub,4.057890681824542e-59
capret_midlarge,ah_supply_sum,749,0.35357129781343233,1.7797125431805927e-23,0.5472088275446606,1.0001083210700155e-59,False,commercial,applyhome,1.4072576823056245e-58
land_chg_pct,rtms_land_med_unit,798,0.41549442407106696,1.1845313348474807e-34,0.5328357693058671,9.989528091407244e-60,False,land_house,rtms_land,1.4072576823056245e-58
cd_91d,base_rate_chg_12m,798,0.5045730535153863,9.103737030682722e-53,0.5327967500167338,1.0223812212340294e-59,True,rates,rates,1.4348221495901194e-58
vac_office,yield_office,777,-0.6124265390659482,3.5878281002712617e-81,-0.5383165190735311,1.3752841255113195e-59,True,commercial,commercial,1.9250377536934622e-58
rtms_fac_unit_3m,ah_sale_unit_med,705,0.5897357207114626,2.9114494283002282e-67,0.5598785720223258,2.0702706708405283e-59,False,rtms_fac,applyhome,2.8902708294998186e-58
base_rate,ktb_3y,798,-0.5159741641844505,1.6992160829919497e-55,-0.5281964858477985,1.5396527867535966e-58,True,rates,rates,2.1438863153050733e-57
rtms_land_dae_n,rtms_land_dae_unit_3m,798,-0.2018777760716402,8.755909227997594e-09,-0.5276014898320315,2.179923833594929e-58,True,rtms_land,rtms_land,3.0275461657745673e-57
capret_office,kiscon_cnt_pub,777,0.5440549010032407,4.524930009882299e-61,0.5333830213872673,2.4578224191753073e-58,False,commercial,kiscon,3.4046571179612353e-57
land_chg_pct,house_idx_yoy_pct,737,0.6906566943116313,1.499954537460793e-105,0.5450018788511011,3.0255763495867e-58,True,land_house,land_house,4.180298899545242e-57
land_chg_cum12_pct,rtms_land_med_unit,798,0.36634073562004804,9.443033763616844e-27,0.5268414918805369,3.3954991462469954e-58,False,land_house,rtms_land,4.679312869840898e-57
vac_midlarge,ah_sale_unit_med,733,-0.5354208407114582,1.3065639518416451e-55,-0.545549713870608,4.49482196579447e-58,False,commercial,applyhome,6.178358110823401e-57
rtms_land_n,appr_unit_land_mn_m2,765,-0.14100589814344475,9.107329750066854e-05,-0.5354108867447183,5.780590669454346e-58,False,rtms_land,valuation,7.925338028095485e-57
vac_midlarge,kiscon_amt_priv,798,-0.5732062558315886,6.9088782750685495e-71,-0.5243631566512151,1.429342449444375e-57,False,commercial,kiscon,1.9546532166698397e-56
rtms_land_dae_n,rtms_land_dae_med_unit,797,-0.20559119833367173,4.694367800247587e-09,-0.5242280696126655,1.815766200438951e-57,True,rtms_land,rtms_land,2.4767606820783345e-56
rtms_land_n_3m,appr_unit_land_mn_m2,765,-0.14170077457158853,8.399659565595854e-05,-0.5333551316094521,1.8756838695590119e-57,False,rtms_land,valuation,2.5519800637486095e-56
vac_midlarge,kiscon_amt_all,798,-0.5706183111185721,3.996902615051718e-70,-0.5207042676728699,1.1677210816999064e-56,False,commercial,kiscon,1.5847219857485786e-55
yield_office,kiscon_cnt_pub,777,0.605344114176871,7.354300477501559e-79,0.5262812608049925,1.4358189136837171e-56,False,commercial,kiscon,1.9436262611308444e-55
capret_midlarge,ah_sale_unit_med,733,0.7734135727043745,7.228972955973344e-147,0.5392297769218172,1.5833942233680662e-56,False,commercial,applyhome,2.1379820485729923e-55
yield_midlarge,rtms_apt_med_unit,798,0.5885552637118934,1.4977755891722078e-75,0.5197341106139695,2.0293190477938047e-56,False,commercial,rtms_apt,2.73319117092027e-55
land_chg_cum12_pct,ah_under_ratio,745,-0.557789232931234,3.8620599265890158e-62,-0.5348080150508455,2.404983608958001e-56,False,land_house,applyhome,3.231016923894078e-55
rtms_land_dae_unit_3m,minbid_unit_land_mn_m2,498,0.28861418152886453,5.2133240630216205e-11,0.627347503156247,7.685183489919643e-56,False,rtms_land,valuation,1.0298916320952464e-54
capret_midlarge,kiscon_cnt_pub,798,0.4534738580996301,9.998783577968785e-42,0.5172868929864167,8.116035996300364e-56,False,commercial,kiscon,1.0849111118054511e-54
land_chg_pct,rtms_land_unit_3m,798,0.4341120055257901,5.22668129959824e-38,0.5165058433019879,1.2602166919706644e-55,False,land_house,rtms_land,1.6803936787947987e-54
bank_corp_loan_rate,spread_AA_KTB,798,0.565316380675728,1.3884027569953295e-68,0.5155214340746078,2.1907693952362643e-55,True,rates,rates,2.913941282668733e-54
yield_midlarge,rtms_apt_unit_3m,798,0.5893821303756202,8.261707374491956e-76,0.515441222401224,2.2915538560586707e-55,False,commercial,rtms_apt,3.0404313817235017e-54
land_chg_cum12_pct,apt_idx_yoy_pct,737,0.6436887484449701,1.862923294915039e-87,0.5331668751166715,2.2979500138164975e-55,True,land_house,land_house,3.0413709712566365e-54
rtms_nrg_unit_3m,rtms_fac_med_unit,733,0.5767080495948711,3.3320695726811803e-66,0.5316000728930939,1.0564271530745485e-54,False,rtms_nrg,rtms_fac,1.3947446882690397e-53
rtms_land_dae_med_unit,minbid_unit_land_mn_m2,497,0.2814604755688205,1.674775150247914e-10,0.6215473386872372,1.883703447055196e-54,False,rtms_land,valuation,2.480828160444368e-53
land_chg_cum12_pct,rtms_land_unit_3m,798,0.38346475055360824,2.360869716397649e-29,0.5112557360507337,2.3561307763577257e-54,False,land_house,rtms_land,3.0953885162616116e-53
exited,kiscon_cnt_priv_yoy_pct,798,0.4418245074319261,1.844091501459879e-39,0.5080701482223096,1.3586641320298793e-53,False,exit,kiscon,1.780582625971511e-52
vac_midlarge,rentidx_office,777,-0.6543013186818523,3.973371193077473e-96,-0.5111786986451421,5.991898663631297e-53,True,commercial,commercial,7.833418619666637e-52
rtms_land_med_unit,rtms_land_dae_n_3m,798,-0.15863377065738818,6.708126355191162e-06,-0.5040229916810584,1.225431492390942e-52,True,rtms_land,rtms_land,1.5981419975156992e-51
ah_under_ratio,kiscon_cnt_priv,745,-0.537760627137861,4.586923654174398e-57,-0.5180580671451661,2.145445756804545e-52,False,applyhome,kiscon,2.7911675089133586e-51
vac_midlarge,kiscon_cnt_indiv,798,-0.6253118838564282,8.469261976538311e-88,-0.502599306893646,2.637901681205035e-52,False,commercial,kiscon,3.423509778981389e-51
land_area_m2,rtms_land_dae_unit_3m,786,-0.04479751452040226,0.20963840587478655,-0.5053431665805677,3.5461394529792024e-52,False,site_price,rtms_land,4.591091441907941e-51
vac_midlarge,rtms_apt_unit_3m,798,-0.39220200374988645,9.651118605886931e-31,-0.5017753860950588,4.1043029374197645e-52,False,commercial,rtms_apt,5.3008956054066385e-51
vac_midlarge,rtms_apt_med_unit,798,-0.39031930362656464,1.9378266879201947e-30,-0.501200637204081,5.582784387432168e-52,False,commercial,rtms_apt,7.193047739662604e-51
capret_midlarge,rtms_land_dae_unit_3m,798,0.5572486383141839,2.7177431469182e-66,0.5001764731653736,9.645118878074864e-52,False,commercial,rtms_land,1.2397223711794782e-50
land_area_m2,rtms_land_dae_med_unit,785,-0.04516545716146771,0.20620574211251133,-0.5037144712968276,9.779029735561257e-52,False,site_price,rtms_land,1.2539201917517035e-50
land_chg_cum12_pct,house_idx_yoy_pct,737,0.6504028374736537,7.588920361534943e-90,0.5168117100836216,1.441720553552438e-51,True,land_house,land_house,1.8442296171877714e-50
bank_facility_loan_rate,cci_bldg,798,-0.4016932120606967,2.6808645062488784e-32,-0.49934536459768336,1.5011086441701665e-51,False,rates,cci,1.9156152554601146e-50
land_chg_pct,rtms_land_dae_med_unit,797,0.5777051973750666,3.8580300839339614e-72,0.49934343783048785,1.7354301214646598e-51,False,land_house,rtms_land,2.2093678236836986e-50
yield_office,rtms_land_dae_unit_3m,777,0.4580993584136619,1.4305023650742595e-41,0.5047500080752713,1.8381252577265675e-51,False,commercial,rtms_land,2.3345500601102034e-50
nonbank_corp_loan_rate,corp_bond_BBB3y,798,-0.4804774071998438,2.502396987817494e-47,-0.49825075203071933,2.682982492239667e-51,True,rates,rates,3.399504119906516e-50
corp_bond_AA3y,cd_91d,798,0.3957488326141775,2.563914680117184e-31,0.4982088785978505,2.743137605446449e-51,True,rates,rates,3.467507512132899e-50
land_chg_cum12_pct,rtms_land_dae_med_unit,797,0.5417239298516319,5.587566219614883e-62,0.49815371725391344,3.2594054940785713e-51,False,land_house,rtms_land,4.1103870700089905e-50
land_chg_cum12_pct,kiscon_cnt_pub,798,0.47392762366494257,6.359095087307942e-46,0.4977855371351279,3.431860932812349e-51,False,land_house,kiscon,4.317684801822971e-50
capret_midlarge,rtms_land_dae_med_unit,797,0.5433286306408226,2.0892457587255106e-62,0.49757115513718536,4.433855114163073e-51,False,commercial,rtms_land,5.5652167360164205e-50
bank_corp_loan_rate,cci_bldg,798,-0.35928009464637806,1.007468581748451e-25,-0.49640102432413424,7.124165284809295e-51,False,rates,cci,8.921056622453232e-50
capret_office,ah_sale_unit_med,722,0.7017919816058886,3.798230844342186e-108,0.5181568439564129,7.534929252691947e-51,False,commercial,applyhome,9.413380073398095e-50
vac_midlarge,kiscon_cnt_priv,798,-0.6212880669110956,2.2311292693146108e-86,-0.4957181067219811,1.0201444787185774e-50,False,commercial,kiscon,1.2705749855884195e-49
ah_under_ratio,kiscon_cnt_all,745,-0.4892220679590342,4.34145447713227e-46,-0.5106510334446254,1.0217827637984298e-50,False,applyhome,kiscon,1.2705749855884195e-49
nonbank_corp_loan_rate,kiscon_cnt_priv_yoy_pct,798,0.3539342508128518,5.816641390368391e-25,0.4956022343001006,1.0841350114749967e-50,False,rates,kiscon,1.3449814167881224e-49
rtms_fac_med_unit,ah_sale_unit_med,679,0.4756761371162666,1.2443946609424032e-39,0.5299919253662705,1.9298241581266164e-50,False,rtms_fac,applyhome,2.3886041142368098e-49
rtms_land_med_unit,rtms_land_dae_n,798,-0.12110337412234788,0.0006073758462692592,-0.49280950161579823,4.664836657488339e-50,True,rtms_land,rtms_land,5.760480740782945e-49
rtms_land_unit_3m,rtms_land_dae_n_3m,798,-0.14145669307769992,6.074158085595698e-05,-0.49256594088898836,5.294564282931902e-50,True,rtms_land,rtms_land,6.523049590054581e-49
base_rate,corp_bond_BBB3y,798,-0.48047493544556497,2.5054872993302185e-47,-0.4922322617128893,6.296511262291016e-50,True,rates,rates,7.73964269413105e-49
apt_idx_yoy_pct,rtms_apt_med_unit,737,0.7479704509022356,5.741042367250288e-133,0.5078870627560151,1.3981366331067154e-49,False,land_house,rtms_apt,1.7146414167939468e-48
land_chg_pct,kiscon_cnt_pub,798,0.452159192918237,1.8199890043873452e-41,0.48977604672840047,2.241869847117875e-49,False,land_house,kiscon,2.743084227125693e-48
yield_office,rtms_land_dae_med_unit,776,0.4475984736465957,1.689625965579448e-39,0.49481362010742636,3.6496167531280816e-49,False,commercial,rtms_land,4.4553654746520217e-48
capret_office,rtms_land_dae_unit_3m,777,0.49026308845720507,3.169343724084474e-48,0.4940624049247469,4.646309023516749e-49,False,commercial,rtms_land,5.659183222948533e-48
rtms_land_unit_3m,rtms_land_dae_n,798,-0.11776499708264103,0.0008587763893151638,-0.48829811881131147,4.789668779491392e-49,True,rtms_land,rtms_land,5.820536128168288e-48
apt_idx_yoy_pct,rtms_apt_unit_3m,737,0.7495297762025733,8.125710713461345e-134,0.5052270624783364,5.325775699087381e-49,False,land_house,rtms_apt,6.457352077782363e-48
vac_office,rentidx_midlarge,777,-0.49861064706620295,4.518391030665116e-50,-0.4937479490328439,5.45158184719557e-49,True,commercial,commercial,6.594933967636812e-48
vac_midlarge,kiscon_cnt_all,798,-0.5821042232219771,1.4652561459719934e-73,-0.4878180103625259,6.124366899878261e-49,False,commercial,kiscon,7.39209702339708e-48
land_chg_pct,rtms_land_dae_unit_3m,798,0.5949172247383827,1.4726817410898842e-77,0.4846837951405624,3.0187389100639287e-48,False,land_house,rtms_land,3.635404718944105e-47
vac_office,rtms_nrg_med_unit,776,-0.3887884544239089,2.09376114746188e-29,-0.4895598695937019,5.175346600361194e-48,False,commercial,rtms_nrg,6.218556915085686e-47
land_chg_cum12_pct,rtms_land_dae_unit_3m,798,0.5637093618841478,4.01827310912138e-68,0.48324403800242693,6.246820191995044e-48,False,land_house,rtms_land,7.489181068743833e-47
ah_under_ratio,kiscon_amt_pub,745,-0.3962922868362502,2.0000798821327191e-29,-0.49657231079973524,1.2217534432887625e-47,False,applyhome,kiscon,1.4614576423411662e-46
cci_bldg,spread_BBB_KTB,798,0.8088291673879326,9.845513795339308e-186,0.48171131003569384,1.3497018622896389e-47,False,cci,rates,1.6109053253711381e-46
base_rate,exited,798,0.4680752053914076,1.0797697319443577e-44,0.4809897180827656,1.937169151609091e-47,False,rates,exit,2.3069139094997347e-46
land_chg_pct,ah_supply_sum,749,0.3351302308084871,4.079842423461096e-21,0.49404969495713524,2.394508234092683e-47,False,land_house,applyhome,2.8452078950430167e-46
bank_facility_loan_rate,cci_plant,798,-0.4311043550090089,1.881783209385924e-37,-0.48050326461240456,2.4702948712455617e-47,False,rates,cci,2.9287509260643056e-46
vac_office,rtms_nrg_unit_3m,777,-0.3950062420012539,2.038461109863372e-30,-0.4860572915208968,2.5816631914641485e-47,False,commercial,rtms_nrg,3.054016169194425e-46
yield_midlarge,rtms_land_med_unit,798,0.39220211148866724,9.65073237546269e-31,0.4803294081881665,2.694274825313882e-47,False,commercial,rtms_land,3.180195914117732e-46
vac_midlarge,rtms_fac_unit_3m,765,-0.3032935299897969,9.66869467491091e-18,-0.4891353082194861,2.9000019200475315e-47,False,commercial,rtms_fac,3.4154868428401215e-46
land_area_m2,rtms_land_med_unit,786,-0.03947151374725734,0.26903794972497913,-0.4812356612182964,8.383519894355144e-47,False,site_price,rtms_land,9.852017774750979e-46
ah_under_ratio,kiscon_amt_indiv,745,-0.47491786811027903,3.5430143100249134e-43,-0.4918757884221683,1.2081907285782136e-46,False,applyhome,kiscon,1.4167096109008133e-45
capret_office,rtms_land_dae_med_unit,776,0.4773701258613964,2.0428169072069024e-45,0.4823681876922502,1.8127617407034322e-46,False,commercial,rtms_land,2.1209709031818934e-45
rtms_land_med_unit,minbid_unit_land_mn_m2,498,0.19161033814667824,1.6685872876933833e-05,0.5817783004646626,1.92519308218756e-46,False,rtms_land,valuation,2.2475998712787955e-45
bank_corp_loan_rate,cci_plant,798,-0.39298273689684926,7.218721377191795e-31,-0.4759733938231543,2.3324309034727656e-46,False,rates,cci,2.717104148337446e-45
land_chg_cum12_pct,rtms_nrg_unit_3m,798,0.5525922928591451,5.352368333631534e-65,0.4752263792642334,3.3667079289696555e-46,False,land_house,rtms_nrg,3.9134320209132065e-45
rtms_fac_n_3m,rtms_fac_n_yoy_pct,737,0.1898080059435131,2.0874485969929134e-07,0.49166432559583534,4.0702652515208e-46,True,rtms_fac,rtms_fac,4.720977939236815e-45
land_area_m2,rtms_land_unit_3m,786,-0.041111620315174936,0.2496314159547385,-0.47788350044619754,4.337710241737707e-46,False,site_price,rtms_land,5.0202893209029264e-45
cci_nonresi,rentidx_midlarge,798,-0.23680946326951588,1.2378400977693527e-11,-0.47423041372436237,5.484169521099514e-46,False,cci,commercial,6.333445881062442e-45
rtms_land_unit_3m,minbid_unit_land_mn_m2,498,0.19385405893796018,1.3212650674768744e-05,0.5782334036363225,9.005837293508446e-46,False,rtms_land,valuation,1.0378062932842599e-44
minbid_unit_land_mn_m2,minbid_vs_rtms_dae_3m,498,0.7232118298932368,9.088636256975013e-82,0.5780499114735674,9.749557022165482e-46,True,valuation,valuation,1.1210942236025555e-44
yield_midlarge,rtms_land_unit_3m,798,0.41075646695607715,7.84110897069349e-34,0.47139098975700233,2.1848292193278212e-45,False,commercial,rtms_land,2.506927432563489e-44
capret_office,ah_supply_sum,738,0.37320261419990874,8.355778606519092e-26,0.48564083017051424,6.173159782529307e-45,False,commercial,applyhome,7.068069669632591e-44
vac_office,capret_midlarge,777,-0.5367337421649492,3.4863594482384147e-59,-0.4747550481260354,6.280128549378363e-45,True,commercial,commercial,7.175181058445749e-44
house_idx_yoy_pct,rtms_apt_med_unit,737,0.746453224727262,3.794982827706688e-132,0.48489996211128344,9.999451260193109e-45,False,land_house,rtms_apt,1.1400227268284127e-43
cci_plant,spread_BBB_KTB,798,0.7696493533683826,2.8496411556556032e-157,0.4677033441426074,1.290264410079193e-44,False,cci,rates,1.4678816597220096e-43
vac_office,rtms_fac_unit_3m,744,-0.2973735828231032,1.1732235054807174e-16,-0.4812234472565296,2.189119015561411e-44,False,commercial,rtms_fac,2.48518458093564e-43
house_idx_yoy_pct,rtms_apt_unit_3m,737,0.7466383525660825,3.016079321957294e-132,0.48241346527751794,3.186291137875954e-44,False,land_house,rtms_apt,3.609554812335324e-43
land_chg_cum12_pct,rtms_nrg_med_unit,797,0.5492441371269101,5.30819877217856e-64,0.46502444202536125,5.227191247284202e-44,False,land_house,rtms_nrg,5.9090468497312104e-43
nonbank_corp_loan_rate,exited,798,0.4620825651838303,1.8547188304541707e-43,0.46376140165591334,8.409624777265554e-44,False,rates,exit,9.486553519839435e-43
ah_under_ratio,kiscon_amt_all,745,-0.4231358955806291,1.0163075491907466e-33,-0.4775885278170073,1.0378723196688622e-43,False,applyhome,kiscon,1.1683164827935593e-42
vac_midlarge,ah_under_ratio,745,0.38333003456255543,1.7296445878356407e-27,0.47673296724356967,1.539854834406121e-43,False,commercial,applyhome,1.7297486973885567e-42
land_chg_pct,rtms_nrg_med_unit,797,0.5877675127428643,3.2599858891333076e-75,0.4620428110277147,2.1320890963492644e-43,False,land_house,rtms_nrg,2.389995890603672e-42
cci_bldg,rentidx_midlarge,798,-0.23567481154514133,1.5588636172208172e-11,-0.46168133168739345,2.2391883823738403e-43,False,cci,commercial,2.5047992218729968e-42
yield_midlarge,unsold_completed,761,-0.47049881400407345,3.527614187558613e-43,-0.47105331119683025,2.731660564659666e-43,False,commercial,unsold,3.049308776458295e-42
ah_n_pblanc,ah_under_ratio,745,-0.41076283673863107,1.0835039094224364e-31,-0.4754799948566284,2.738600175496916e-43,True,applyhome,applyhome,3.050686487162919e-42
ah_under_ratio,kiscon_cnt_indiv,745,-0.5195847123208035,9.5617029306816e-53,-0.47310951178466276,8.086629418906865e-43,False,applyhome,kiscon,8.989440229292102e-42
land_chg_pct,rtms_nrg_unit_3m,798,0.5877671195191474,2.636520325665617e-75,0.45865539380710646,9.195908793965548e-43,False,land_house,rtms_nrg,1.0201353593637715e-41
capret_midlarge,rtms_nrg_unit_3m,798,0.571880839185429,1.7008831840756596e-70,0.45790506247348783,1.3024858031796058e-42,False,commercial,rtms_nrg,1.441903020621398e-41
land_chg_cum12_pct,ah_supply_sum,749,0.33684522100439585,2.498926910630123e-21,0.46945922230546155,2.5545257449972306e-42,False,land_house,applyhome,2.822117594731445e-41
apt_idx_yoy_pct,yield_midlarge,737,0.5327085988980064,2.9552727050280668e-55,0.4710025511686235,5.76376389176573e-42,False,land_house,commercial,6.35440114005595e-41
rtms_nrg_n_3m,rtms_nrg_unit_3m,798,0.4502241141525436,4.374067627714535e-41,0.4528450049887218,1.3320320803933802e-41,True,rtms_nrg,rtms_nrg,1.4655093691076965e-40
capret_midlarge,rtms_nrg_med_unit,797,0.5679923048696194,2.839331706344811e-69,0.4527650560457589,1.5503098035924683e-41,False,commercial,rtms_nrg,1.702157396264667e-40
vac_office,capret_office,777,-0.5510960765623814,6.260205305129969e-63,-0.4570466569921599,2.2989810064808826e-41,True,commercial,commercial,2.5189859511584586e-40
bank_loan_rate_all,cci_nonresi,798,-0.2867924507759089,1.4198116670347438e-16,-0.45049023713217934,3.878453014426663e-41,False,rates,cci,4.240917846245269e-40
vac_office,rentidx_office,777,-0.5552220303397436,4.858568474331168e-64,-0.4548764216206589,6.082115768590907e-41,True,commercial,commercial,6.636953676460322e-40
rentidx_office,rtms_apt_med_unit,777,0.5909431668644349,2.4655620597194565e-74,0.45455876236514736,7.008810487496948e-41,False,commercial,rtms_apt,7.632608895447287e-40
cci_plant,rentidx_midlarge,798,-0.24512737734276485,2.201055000904813e-12,-0.44908064428375666,7.324329386551022e-41,False,cci,commercial,7.95999781095291e-40
vac_office,rtms_fac_med_unit,714,-0.2598431358438661,1.7568476632990874e-12,-0.4716105892315298,8.050045353825719e-41,False,commercial,rtms_fac,8.730951826958646e-40
land_area_m2,rtms_land_n_3m,786,0.05014777775702693,0.16014802268147174,0.45137134416204383,1.0288042033221969e-40,False,site_price,rtms_land,1.1135660071181754e-39
capret_midlarge,unsold_completed,761,-0.449325448818074,4.355203774150293e-39,-0.4563964020406578,2.0157644785221664e-40,False,commercial,unsold,2.1774328619511158e-39
ah_under_ratio,kiscon_amt_priv,745,-0.4031464284524801,1.7439429832906636e-30,-0.4604987753634406,2.2300550593550126e-40,False,applyhome,kiscon,2.404053306929688e-39
house_idx_yoy_pct,yield_midlarge,737,0.537823793108676,1.7439191536995729e-56,0.4624628177364332,2.4844824557054045e-40,False,land_house,commercial,2.672943197315251e-39
cci_yoy_pct,rentidx_midlarge,798,-0.2341578716679761,2.117793143820749e-11,-0.44608283242671465,2.803432403728213e-40,False,cci,commercial,3.0100307354889065e-39
rtms_apt_med_unit,ah_n_pblanc,749,0.21051645049868953,5.988702513016253e-09,0.4586472599718558,3.1034308055264496e-40,False,rtms_apt,applyhome,3.325459823076137e-39
rtms_apt_unit_3m,ah_n_pblanc,749,0.20892024646088403,7.835341031146943e-09,0.4585142087986198,3.2887582122710454e-40,False,rtms_apt,applyhome,3.516998032202656e-39
base_rate,rentidx_midlarge,798,0.2046816435074105,5.383930699481139e-09,0.44539413686467616,3.808790839985407e-40,False,rates,commercial,4.064990942395604e-39
land_area_m2,rtms_land_n,786,0.051568494099138815,0.14862125827120062,0.44835751132415147,3.9262339588809e-40,False,site_price,rtms_land,4.18198664903111e-39
yield_office,ah_supply_sum,738,0.4236204646495827,1.6925731635766605e-33,0.45963898190123337,7.478419520881242e-40,False,commercial,applyhome,7.949723494662426e-39
ap_pms_day,ap_useapr_day,99,0.9723079035554156,4.785305900849221e-63,0.9141487701511671,8.092573913095457e-40,True,hub,hub,8.585514427246311e-39
rentidx_office,rtms_apt_unit_3m,777,0.5921243345714624,1.0698123307185659e-74,0.4489522065536605,8.357031053425695e-40,False,commercial,rtms_apt,8.84710999273792e-39
capret_midlarge,rtms_fac_unit_3m,765,0.5192543310989979,4.857108145584433e-54,0.4520814910118862,8.372241736161188e-40,False,commercial,rtms_fac,8.84710999273792e-39
rtms_nrg_n,rtms_nrg_unit_3m,798,0.42632379652061675,1.4041269770154687e-36,0.44259766396331784,1.3125250375103964e-39,True,rtms_nrg,rtms_nrg,1.38423498531915e-38
apt_idx_yoy_pct,capret_midlarge,737,0.57807666926428,6.178735900346042e-67,0.45792969445620746,1.7550512014002763e-39,False,land_house,commercial,1.847295034229779e-38
vac_midlarge,kiscon_amt_pub,798,-0.4766763804888172,1.6498575257208972e-46,-0.4414635504531622,2.1607075111554252e-39,False,commercial,kiscon,2.2698041379465735e-38
apt_idx_yoy_pct,capret_office,737,0.5462833156680031,1.4520612625371567e-58,0.455927077407201,4.124167590717228e-39,False,land_house,commercial,4.323906687757847e-38
spread_AA_KTB,base_rate_chg_12m,798,0.5330916247935024,8.58016527814227e-60,0.43943747853487175,5.2398258416916164e-39,True,rates,rates,5.482847118498056e-38
nonbank_corp_loan_rate,cd_91d,798,0.6096220066539059,2.2523923025942122e-82,0.43839941958204537,8.230453323848269e-39,True,rates,rates,8.595358188011073e-38
house_idx_yoy_pct,capret_office,737,0.5564023598257621,3.938106086983471e-61,0.4539732015006445,9.440273925602814e-39,False,land_house,commercial,9.839599352865155e-38
capret_office,unsold_completed,761,-0.42363203905859226,1.7066693168092959e-34,-0.44545610099508703,2.2706160728584012e-38,False,commercial,unsold,2.3620591715124262e-37
vac_midlarge,kiscon_cnt_pub,798,-0.48976771531926805,2.251507944299082e-49,-0.4356276280097448,2.7273720749165146e-38,False,commercial,kiscon,2.8317006766172043e-37
yield_office,rtms_nrg_unit_3m,777,0.4754997380837521,4.400318727957918e-45,0.4381899582376083,8.568278087787117e-38,False,commercial,rtms_nrg,8.878795142518938e-37
land_area_m2,appr_vs_rtms_dae_3m,765,-0.01577302929252554,0.6631457290944861,-0.43907040108590295,2.150268334060029e-37,False,site_price,valuation,2.2238848708353914e-36
house_idx_yoy_pct,capret_midlarge,737,0.578908851817783,3.625081473021129e-67,0.44638861386282114,2.2344819996229945e-37,False,land_house,commercial,2.3065203189158594e-36
cci_nonresi,spread_BBB_KTB,798,0.8030996852106627,3.5661985531112496e-181,0.43052603733569605,2.403831890750267e-37,False,cci,rates,2.4765489633606313e-36
vac_midlarge,rtms_fac_med_unit,733,-0.25429638176558467,2.7831386989135005e-12,-0.4466542365440903,3.1338817580269916e-37,False,commercial,rtms_fac,3.2224741846481395e-36
corp_bond_BBB3y,cd_91d,798,0.3547295946971817,4.490607232861938e-25,0.42977526821708245,3.3009589872199577e-37,True,rates,rates,3.387759636212114e-36
house_idx_yoy_pct,ah_under_ratio,700,-0.4373807061859153,4.5068974825124525e-34,-0.4554017397686838,3.897283838757914e-37,False,land_house,applyhome,3.992102813379036e-36
apt_idx_yoy_pct,ah_under_ratio,700,-0.4393018755071618,2.1677240846170008e-34,-0.4548560130904571,4.855553221534131e-37,False,land_house,applyhome,4.964176496279732e-36
cci_total,rentidx_midlarge,798,-0.23686546193450025,1.2237951277305576e-11,-0.42834959111984244,6.01510099843481e-37,False,cci,commercial,6.137928442486819e-36
minbid_unit_land_mn_m2,minbid_vs_rtms_all_3m,498,0.6769853042547052,4.928988531525575e-68,0.5268280182246279,6.527356602606711e-37,True,valuation,valuation,6.647957286502492e-36
base_rate,corp_bond_AA3y,798,-0.4421911806134262,1.569619508680619e-39,-0.4268489422799366,1.1277365286816112e-36,True,rates,rates,1.1463892051065731e-35
nonbank_corp_loan_rate,corp_bond_AA3y,798,-0.4383956248692409,8.24402682649033e-39,-0.4259512509609012,1.6399854783799033e-36,True,rates,rates,1.6639473155402928e-35
rtms_apt_unit_3m,appr_unit_land_mn_m2,765,0.21966289315808096,8.210941023793468e-10,0.433900503299422,1.8252714827021003e-36,False,rtms_apt,valuation,1.848433071592449e-35
rtms_apt_med_unit,appr_unit_land_mn_m2,765,0.2205377716106797,7.00959419494503e-10,0.4337777787605966,1.9194734700108232e-36,False,rtms_apt,valuation,1.9401558873625466e-35
nonbank_corp_loan_rate,rentidx_midlarge,798,0.20177283339313767,8.915541044308551e-09,0.4254764222946066,1.99832214449765e-36,False,rates,commercial,2.0160431144582896e-35
land_chg_cum12_pct,rtms_fac_unit_3m,765,0.46699033977799315,1.0731139818790787e-42,0.4336729650707354,2.003734235711642e-36,False,land_house,rtms_fac,2.0176962256779944e-35
vac_office,ah_n_pblanc,738,-0.5057626804997837,3.510678807406708e-49,-0.440700881952238,2.0417826396322092e-36,False,commercial,applyhome,2.052145070322072e-35
yield_office,rtms_nrg_med_unit,776,0.4657054415120087,4.9950950762610936e-43,0.43016376579948584,2.6973141670740552e-36,False,commercial,rtms_nrg,2.7059172328977437e-35
house_idx_yoy_pct,yield_office,737,0.5361548449625175,4.414251174499143e-56,0.43962145454071955,3.5184305381892626e-36,False,land_house,commercial,3.523042713052058e-35
apt_idx_yoy_pct,yield_office,737,0.5251123104940616,1.8090205533947272e-53,0.4394384312167618,3.7875134836870236e-36,False,land_house,commercial,3.7853896443503765e-35
land_chg_pct,rtms_fac_unit_3m,765,0.5201446083511218,2.98947006728157e-54,0.43201475460431266,3.945950735979759e-36,False,land_house,rtms_fac,3.93638033307533e-35
cci_resi,rentidx_midlarge,798,-0.23318291367784774,2.575878905478202e-11,-0.4238269794978727,3.960425077380967e-36,False,cci,commercial,3.94346236289684e-35
rtms_nrg_n_3m,rtms_fac_n_3m,798,0.27934637011063396,9.025145508903963e-16,0.423492674793605,4.5472836342393035e-36,False,rtms_nrg,rtms_fac,4.519391374029285e-35
ap_useapr_day,br_useapr_day,91,0.8310012738496446,2.161560895669612e-24,0.9106350786382641,6.383342966306328e-36,True,hub,hub,6.332418337818169e-35
yield_midlarge,ah_sale_unit_med,733,0.6310574850919946,1.1214934229737132e-82,0.43883169078647377,7.434980493428221e-36,False,commercial,applyhome,7.362007536733463e-35
nonbank_corp_loan_rate,spread_AA_KTB,798,0.48036150920226334,2.65145240835664e-47,0.4222571281680775,7.567592442954506e-36,True,rates,rates,7.479467059607716e-35
appr_unit_land_mn_m2,minbid_vs_rtms_dae_3m,498,0.5988573093010985,8.670444340113671e-50,0.5191693345446666,1.0203004538953562e-35,True,valuation,valuation,1.0065583998115257e-34
rtms_apt_med_unit,ah_under_ratio,745,-0.4817396577381269,1.506313200755449e-44,-0.4307108711712996,5.287885263411319e-35,False,rtms_apt,applyhome,5.207057551281827e-34
rtms_land_dae_n_3m,appr_unit_land_mn_m2,765,-0.12108541195847314,0.0007909690978605969,-0.42425592818896596,8.948266042930397e-35,False,rtms_land,valuation,8.795290171240595e-34
vac_midlarge,rtms_nrg_unit_3m,798,-0.342118777904398,2.4926290241893806e-23,-0.4156670884642218,1.105055735864778e-34,False,commercial,rtms_nrg,1.0841711962695353e-33
rtms_apt_unit_3m,ah_under_ratio,745,-0.4837624765585312,5.824560420818926e-45,-0.42866120305460226,1.185401517295548e-34,False,rtms_apt,applyhome,1.1608684822306401e-33
yield_midlarge,ah_rate_med,730,-0.02161152877515515,0.5599075686426664,0.4316849037584531,1.7058258414274898e-34,False,commercial,applyhome,1.6674681488323197e-33
cci_civil,rentidx_midlarge,798,-0.23839234274769755,8.955585105746275e-12,-0.41416771280406117,2.0170696324696407e-34,False,cci,commercial,1.9681152052582425e-33
vac_office,yield_midlarge,777,-0.495259344027771,2.524807360939408e-49,-0.4192029264794625,2.036324259241493e-34,True,commercial,commercial,1.9832833905581535e-33
ah_under_ratio,kiscon_cnt_pub,745,-0.39694605154898754,1.588747189809845e-29,-0.42725383654355487,2.056823791274574e-34,False,applyhome,kiscon,1.999606693080936e-33
rtms_nrg_n,rtms_fac_n_3m,798,0.27648209708960725,1.8113913837400947e-15,0.4130136270390967,3.1987075526687044e-34,False,rtms_nrg,rtms_fac,3.104081539767616e-33
rtms_apt_med_unit,minbid_unit_land_mn_m2,498,0.28919135849227606,4.7543883467215576e-11,0.5088310288678216,3.741835182873207e-34,False,rtms_apt,valuation,3.624563899062145e-33
rtms_apt_unit_3m,minbid_unit_land_mn_m2,498,0.28723679728635326,6.490106194864525e-11,0.505935463824316,1.0039604704142461e-33,False,rtms_apt,valuation,9.707371854077711e-33
capret_office,rtms_nrg_unit_3m,777,0.5027637781317481,5.21639327422007e-51,0.41490745754664177,1.1045415649084172e-33,False,commercial,rtms_nrg,1.0660620482969869e-32
land_chg_cum12_pct,rtms_apt_n,798,0.34457011369098955,1.1581848994319116e-23,0.40919433086389995,1.4525721300047626e-33,False,land_house,rtms_apt,1.3994420142586425e-32
rtms_land_n_3m,rtms_fac_unit_3m,765,-0.2540167060397324,9.923596917068375e-13,-0.41673891326772655,1.705351252271058e-33,False,rtms_land,rtms_fac,1.640020349980818e-32
rtms_land_dae_n,appr_unit_land_mn_m2,765,-0.11373123680071845,0.0016286011921926432,-0.4166482559433033,1.7662613719855566e-33,False,rtms_land,valuation,1.6955474965900848e-32
unsold_total,unsold_pct_completed,697,-0.3811028641649362,1.6297450318868824e-25,-0.43392308783032835,2.2786854711931635e-33,True,unsold,unsold,2.1835360599408327e-32
bank_corp_loan_rate,cci_yoy_pct,798,-0.3471560887788073,5.121456539727051e-24,-0.40671480586056485,3.839208622866216e-33,False,rates,cci,3.672316369671853e-32
apt_idx_yoy_pct,kiscon_cnt_priv,737,0.3555317285840776,2.216487106818775e-23,0.4210598086505913,4.9492337192676385e-33,False,land_house,kiscon,4.725634410165011e-32
capret_office,rtms_nrg_med_unit,776,0.49550722385810014,2.5627012745326048e-49,0.4111399197055022,5.236471476485695e-33,False,commercial,rtms_nrg,4.990982706732444e-32
vac_midlarge,rentidx_midlarge,798,-0.4214227093276313,1.0661749074166107e-35,-0.4044425707987324,9.288549518808074e-33,True,commercial,commercial,8.837344177414016e-32
rtms_fac_unit_3m,appr_unit_land_mn_m2,735,0.18196632482099082,6.821009476891372e-07,0.4197907803730619,9.7157777607318e-33,False,rtms_fac,valuation,9.227400299579562e-32
rentidx_midlarge,ah_sale_unit_med,733,0.8286614213946817,2.1625635305286394e-186,0.4199631539052711,1.107092089076522e-32,False,commercial,applyhome,1.0495782624631496e-31
yield_office,rtms_fac_unit_3m,744,0.40567166487457795,7.66008868982796e-31,0.4164781779039518,1.4135605120533387e-32,False,commercial,rtms_fac,1.3377536385750799e-31
minbid_unit_land_mn_m2,appr_vs_rtms_dae_3m,498,0.6115159919440304,2.112760920296078e-52,0.4978734099276827,1.4919711608263708e-32,True,valuation,valuation,1.4094646284343824e-31
rtms_nrg_n_3m,rtms_apt_n,798,0.24148958768813567,4.721798069222621e-12,0.40274546421143004,1.7889767123640388e-32,False,rtms_nrg,rtms_apt,1.6870649878325424e-31
rtms_land_n_3m,minbid_unit_land_mn_m2,498,-0.14093402352817141,0.0016164689822902036,-0.4971275944167543,1.9081691204869984e-32,False,rtms_land,valuation,1.7962993463457713e-31
ktb_3y,rentidx_midlarge,798,-0.24313054945437335,3.3515791195637646e-12,-0.40251700521481715,1.953434073540623e-32,False,rates,commercial,1.8356787330793868e-31
rtms_nrg_n_3m,rtms_apt_n_3m,798,0.2567967098420047,1.748565137720197e-13,0.40236978457182154,2.0672621206192245e-32,False,rtms_nrg,rtms_apt,1.939236940166841e-31
base_rate,cd_91d,798,0.611603634032623,4.83350986789365e-83,0.4023636116924094,2.0721758453906305e-32,True,rates,rates,1.9404420744840107e-31
house_idx_yoy_pct,kiscon_cnt_priv,737,0.36522301605231877,1.1296574420320065e-24,0.41691602354756024,2.3495552518068993e-32,False,land_house,kiscon,2.1963412467502605e-31
rtms_land_n,minbid_unit_land_mn_m2,498,-0.1352192023969606,0.0024957509404885153,-0.4963678929404581,2.45015026626828e-32,False,rtms_land,valuation,2.2863793147882188e-31
rtms_land_n,rtms_fac_unit_3m,765,-0.24356149527606186,8.571352477775944e-12,-0.40976295603891405,2.4607307300514345e-32,False,rtms_land,rtms_fac,2.292252127802268e-31
vac_midlarge,rtms_nrg_med_unit,797,-0.32981540257741704,1.1177624861755129e-21,-0.39955886037765903,6.617684012189406e-32,False,commercial,rtms_nrg,6.1538706805524785e-31
house_idx_yoy_pct,rentidx_office,737,0.5442397198122058,4.675009474853788e-58,0.4134104135982365,8.628248303739355e-32,False,land_house,commercial,8.009590916683043e-31
nonbank_corp_loan_rate,base_rate_chg_12m,798,-0.3368764497190686,1.2549967990829063e-22,-0.3984869438929259,9.113370739167986e-32,True,rates,rates,8.445267477007144e-31
land_chg_cum12_pct,rtms_apt_n_3m,798,0.34501464271214566,1.0071522867153925e-23,0.39846613645201795,9.185624217357734e-32,False,land_house,rtms_apt,8.497497005226956e-31
apt_idx_yoy_pct,rtms_land_dae_med_unit,736,0.6098848621244171,3.500756769713945e-76,0.41237052723522866,1.3899078126328196e-31,False,land_house,rtms_land,1.2835642615108267e-30
yield_midlarge,rtms_land_dae_med_unit,797,0.44155200368624453,2.3179511123172838e-39,0.397592768814551,1.394689745115306e-31,False,commercial,rtms_land,1.2857596667468176e-30
rentidx_midlarge,rtms_land_dae_unit_3m,798,0.5883483362657083,1.737762147131894e-75,0.3959303286403226,2.3947313637822523e-31,False,commercial,rtms_land,2.2038947680109646e-30
apt_idx_yoy_pct,rtms_land_dae_unit_3m,737,0.6290043304627694,1.9659438210424803e-82,0.4102905661005169,2.7107939755729634e-31,False,land_house,rtms_land,2.4904837435375663e-30
rtms_nrg_n,rtms_apt_n,798,0.2364884956277733,1.321434065684554e-11,0.3953244970150308,3.0070833453640784e-31,False,rtms_nrg,rtms_apt,2.757954485019164e-30
yield_midlarge,rtms_land_dae_unit_3m,798,0.45263117385308516,1.468292493337041e-41,0.393982639555732,4.9710059640545695e-31,False,commercial,rtms_land,4.55136453592462e-30
land_chg_pct,rtms_apt_n,798,0.3272845563531058,2.2314251255383806e-21,0.39366033887183804,5.606966729130026e-31,False,land_house,rtms_apt,5.124863436009957e-30
apt_idx_yoy_pct,kiscon_amt_priv,737,0.334160359111073,1.102612930685776e-20,0.4081323783516627,5.9424041741916825e-31,False,land_house,kiscon,5.422190293413468e-30
unsold_completed,ah_under_ratio,725,0.40421118424271707,7.16643488012591e-30,0.41100211460225666,6.3950505226821745e-31,False,unsold,applyhome,5.82527004170044e-30
ap_stcns_day,ap_useapr_day,82,0.9644107795704053,5.577120155669434e-48,0.9018660310648944,6.802368719293515e-31,True,hub,hub,6.185759445928984e-30
bank_loan_rate_all,spread_BBB_KTB,798,0.2405102384624048,5.786645395931504e-12,0.3927422757646379,7.894774449123279e-31,True,rates,rates,7.166953986326344e-30
capret_office,rtms_fac_unit_3m,744,0.44884489683895074,3.663759143285984e-38,0.4053395124993632,8.64029769056682e-31,False,commercial,rtms_fac,7.830452839230642e-30
vac_office,rtms_land_dae_unit_3m,777,-0.3060314369782443,2.614181904525435e-18,-0.3965942907986375,1.1395483309699502e-30,False,commercial,rtms_land,1.030992373214268e-29
appraisal_mn,appr_unit_land_mn_m2,765,0.0994057267352945,0.005927794764678091,0.3993823471939122,1.1644218974865977e-30,False,site_price,valuation,1.051716872611628e-29
yield_midlarge,rtms_nrg_unit_3m,798,0.4795234580730131,4.026184589889987e-47,0.3912555065929885,1.3709416543806047e-30,False,commercial,rtms_nrg,1.2361593635705047e-29
corp_bond_BBB3y,rentidx_midlarge,798,-0.23737066279082553,1.1039306870562736e-11,-0.39118142423312047,1.409060486237114e-30,False,rates,commercial,1.2683916531834761e-29
rtms_nrg_n,rtms_apt_n_3m,798,0.24604557266274746,1.8118062275578753e-12,0.3903911990057327,1.8870793551903552e-30,False,rtms_nrg,rtms_apt,1.6958341701181226e-29
rentidx_midlarge,rtms_land_med_unit,798,0.5028331007394726,2.3264140028858325e-52,0.39019456904815153,2.0290979688446424e-30,False,commercial,rtms_land,1.8204004764114603e-29
vac_office,ah_under_ratio,737,0.40953258233770023,3.573527049426271e-31,0.40370115078019336,2.924546618543352e-30,False,commercial,applyhome,2.619355237747287e-29
land_area_m2,rtms_apt_med_unit,786,-0.05483231229494229,0.12454551977241611,-0.3911079528684174,3.949882607940488e-30,False,site_price,rtms_apt,3.5317763051267205e-29
land_area_m2,rtms_apt_unit_3m,786,-0.05678363580916038,0.11167294110978114,-0.3909262327667879,4.2202967821777166e-30,False,site_price,rtms_apt,3.767266593372997e-29
rentidx_midlarge,rtms_land_unit_3m,798,0.5255457313189562,7.209721358331834e-58,0.3879012778514146,4.7126469913750726e-30,False,commercial,rtms_land,4.199753910480419e-29
bank_loan_rate_all,cci_bldg,798,-0.2773299422661553,1.4751027810979233e-15,-0.3878213204819171,4.852575834222324e-30,False,rates,cci,4.317258400264021e-29
rtms_apt_med_unit,rtms_apt_n_yoy_pct,798,0.36912972352114637,3.6465374495560764e-27,0.3877042625543198,5.064886632002412e-30,True,rtms_apt,rtms_apt,4.4986625949031394e-29
land_chg_pct,rtms_apt_n_3m,798,0.332379577726038,4.899513418300102e-22,0.3871780877779197,6.138640817950719e-30,False,land_house,rtms_apt,5.443335398604063e-29
yield_midlarge,rtms_fac_unit_3m,765,0.40957233504554774,2.644591816607018e-32,0.39418511560446484,7.633745107787491e-30,False,commercial,rtms_fac,6.757886604526443e-29
ktb_3y,cd_91d,798,0.3196356378149043,2.060059673808931e-20,0.38548593114165985,1.1365448835704284e-29,True,rates,rates,1.0044802466861291e-28
apt_idx,apt_idx_yoy_pct,737,-0.48860526856307473,1.7467802378987633e-45,-0.3997592712176375,1.1830938128289123e-29,True,land_house,land_house,1.043894821319504e-28
rtms_apt_unit_3m,rtms_apt_n_yoy_pct,798,0.37665192378529844,2.6728416279959206e-28,0.38514810823683765,1.284713232037768e-29,True,rtms_apt,rtms_apt,1.1316905521756087e-28
appr_unit_land_mn_m2,minbid_vs_rtms_all_3m,498,0.5891758750351388,7.234859665543618e-48,0.4766176614652052,1.3137065483228605e-29,True,valuation,valuation,1.155327123993805e-28
yield_office,unsold_completed,761,-0.3783326529231534,2.6338618720160537e-27,-0.3935698666948905,1.335848795371834e-29,False,commercial,unsold,1.1728708553125117e-28
land_chg_cum12_pct,unsold_completed,761,-0.4830217352303936,9.751427316260674e-46,-0.3923344523253905,2.0717775603271375e-29,False,land_house,unsold,1.8160319041097055e-28
ah_n_pblanc,ah_sale_unit_med,733,0.1637723410518338,8.329936888544775e-06,0.3990524275036902,2.1519093635310143e-29,True,applyhome,applyhome,1.8831848390835241e-28
rtms_land_med_unit,ah_n_pblanc,749,0.057387968494114615,0.11658820452379803,0.3947145017895482,2.4728081951943345e-29,False,rtms_land,applyhome,2.160474741781717e-28
rtms_nrg_n_3m,rtms_fac_n,798,0.25401909783272125,3.232956562298423e-13,0.38314942311013295,2.6448641638840365e-29,False,rtms_nrg,rtms_fac,2.307029149149746e-28
corp_bond_AA3y,spread_AA_KTB,798,0.4907729170891102,1.3406544445678757e-49,0.3828511801951833,2.944505457144683e-29,True,rates,rates,2.5642134656926095e-28
rentidx_midlarge,rtms_land_dae_med_unit,797,0.5720835959434447,1.8083796541451687e-70,0.38295697671063067,3.0703723556304106e-29,False,commercial,rtms_land,2.669476583017204e-28
rtms_land_unit_3m,ah_n_pblanc,749,0.07389330084203988,0.04320852508685909,0.3940245136252588,3.151180689815712e-29,False,rtms_land,applyhome,2.735286225396853e-28
apt_idx_yoy_pct,kiscon_amt_all,737,0.29552243493354957,2.551541164668702e-16,0.3960091154900345,4.3947121034390563e-29,False,land_house,kiscon,3.8085130659787087e-28
apt_idx_yoy_pct,rentidx_office,737,0.5292027157760586,1.9994508158207434e-54,0.3955316460687173,5.187623146739521e-29,False,land_house,commercial,4.488385269517188e-28
vac_office,rtms_land_unit_3m,777,-0.26356363884818695,8.181948518558452e-14,-0.3859617541602859,5.269897577759944e-29,False,commercial,rtms_land,4.552203933486659e-28
vac_office,rtms_land_dae_med_unit,776,-0.2998228843980376,1.392230341410676e-17,-0.38582124865340345,6.007241937045954e-29,False,commercial,rtms_land,5.180761715707212e-28
yield_midlarge,rtms_nrg_med_unit,797,0.45940884922322567,7.297181957160052e-43,0.3808719986577733,6.47738424446985e-29,False,commercial,rtms_nrg,5.577226015326939e-28
land_area_m2,rtms_fac_unit_3m,755,-0.05093842076505298,0.1620418696033681,-0.39033982449645444,6.909099408617225e-29,False,site_price,rtms_fac,5.939381758501013e-28
land_area_m2,appr_vs_rtms_all_3m,765,-0.013373547180020266,0.7118998797789178,-0.3876029345678633,7.87589637141797e-29,False,site_price,valuation,6.759617640123898e-28
vac_midlarge,rtms_nrg_n_3m,798,-0.32612261359881556,3.1405374740330136e-21,-0.3797799043059761,8.834708153958689e-29,False,commercial,rtms_nrg,7.570382131284793e-28
yield_midlarge,unsold_total,761,-0.21902193922403035,1.0193625255627937e-09,-0.3879936647230027,9.541345041463975e-29,False,commercial,unsold,8.16281150987326e-28
rtms_nrg_n,rtms_fac_n,798,0.24830174236043973,1.119354013666857e-12,0.37878687584831416,1.2571629700900372e-28,False,rtms_nrg,rtms_fac,1.073809968222273e-27
rentidx_midlarge,rtms_fac_unit_3m,765,0.5899355983150941,6.577034045758498e-73,0.3857726845511519,1.493047870911148e-28,False,commercial,rtms_fac,1.2732578892762215e-27
hug_sago_n,hug_sago_last_yr,335,0.47891306906210407,1.3088160822703055e-20,0.5551177288144058,1.7969542849999895e-28,True,hug,hug,1.5299863952062014e-27
apt_idx_yoy_pct,rtms_land_med_unit,737,0.46399306956041225,1.2756431021662214e-40,0.39177546401987556,1.89490974714016e-28,False,land_house,rtms_land,1.6108239138248705e-27
rtms_land_dae_med_unit,rtms_apt_n,797,0.08954761829803591,0.011433898282005304,0.3777724072848475,1.9456215022119084e-28,False,rtms_land,rtms_apt,1.651307646401123e-27
base_rate,base_rate_chg_12m,798,-0.30731027795134935,6.483839115177826e-19,-0.3773962312200412,2.0561043184197115e-28,True,rates,rates,1.7423121696656412e-27
apt_idx_yoy_pct,rtms_land_unit_3m,737,0.48680251351725967,4.093199370371573e-45,0.3913401312197531,2.199516501144387e-28,False,land_house,rtms_land,1.860888406901746e-27
rtms_land_n_3m,rtms_fac_med_unit,733,-0.19217861985645582,1.5789495806522686e-07,-0.3918588102474113,2.577216298092141e-28,False,rtms_land,rtms_fac,2.176994557014009e-27
rtms_land_n,rtms_fac_med_unit,733,-0.1897289211403304,2.27881185150553e-07,-0.39155542524955306,2.857898198381496e-28,False,rtms_land,rtms_fac,2.4102810199914605e-27
vac_office,rtms_land_med_unit,777,-0.24934022487015006,1.7794986055908562e-12,-0.3810299888545403,2.976027940752441e-28,False,commercial,rtms_land,2.5059561258587876e-27
rtms_nrg_n,rtms_nrg_med_unit,797,0.3698462037909176,3.0709759704934584e-27,0.37630501903539737,3.2613462206211013e-28,True,rtms_nrg,rtms_nrg,2.7418896606385263e-27
house_idx_yoy_pct,kiscon_amt_priv,737,0.34565771823822367,4.1453627682636084e-22,0.38989329331539824,3.60406882715891e-28,False,land_house,kiscon,3.025267820850658e-27
unsold_completed,kiscon_amt_priv,761,-0.33328784692402236,3.3701058243203898e-21,-0.38405094776724913,3.745506350123494e-28,False,unsold,kiscon,3.1390630805815552e-27
house_idx,apt_idx_yoy_pct,737,-0.48987061675748533,9.579421565006868e-46,-0.3896131162983271,3.964612374396096e-28,True,land_house,land_house,3.3174933279962325e-27
land_chg_pct,vac_midlarge,798,-0.3096893537424185,3.3740786578627444e-19,-0.3754289416416039,4.107040400418644e-28,False,land_house,commercial,3.431303909537264e-27
rtms_nrg_n,rtms_apt_med_unit,798,0.3270704982568404,2.3766950823286244e-21,0.3753797840345671,4.178408755056527e-28,False,rtms_nrg,rtms_apt,3.485483871027652e-27
rtms_land_med_unit,kiscon_amt_priv,798,0.16422644398194322,3.1066090377309633e-06,0.3752087826832178,4.436371246366189e-28,False,rtms_land,kiscon,3.6949029679626184e-27
rtms_nrg_n,rtms_apt_unit_3m,798,0.32443496761177215,5.145585131368578e-21,0.3739553391614559,6.87478136318426e-28,False,rtms_nrg,rtms_apt,5.7168671771300525e-27
land_chg_pct,unsold_completed,761,-0.46784016336977186,1.1943509345847071e-42,-0.38139686836036685,9.306026004575455e-28,False,land_house,unsold,7.726602646966608e-27
rtms_nrg_n_3m,rtms_apt_med_unit,798,0.3215594881170882,1.1849152794019244e-20,0.37298653725636943,9.632089654976635e-28,False,rtms_nrg,rtms_apt,7.984927656613963e-27
bank_facility_loan_rate,spread_AA_KTB,798,0.41290567454217925,3.3393827573643275e-34,0.3720576565739836,1.3294781793075516e-27,True,rates,rates,1.1004210255042536e-26
rtms_nrg_med_unit,rtms_nrg_n_3m,797,0.3586054189211927,1.3498664662086247e-25,0.37209432445954266,1.4151235686996552e-27,True,rtms_nrg,rtms_nrg,1.1695001115667784e-26
land_chg_cum12_pct,vac_midlarge,798,-0.2839034218219716,2.929204455934894e-16,-0.3716366340890046,1.538047072089683e-27,False,land_house,commercial,1.2691261874172121e-26
rtms_nrg_n_3m,rtms_apt_unit_3m,798,0.31854978293437153,2.809844843557724e-20,0.37098948347748395,1.9233919371285743e-27,False,rtms_nrg,rtms_apt,1.5846497207744974e-26
pms_after_exit,stcns_after_exit,798,0.37068753398613996,2.1345030435301528e-27,0.37068753398614,2.134503043530244e-27,True,exit,exit,1.7558750421163406e-26
house_idx_yoy_pct,apt_idx,737,-0.46398185323743407,1.281907035661367e-40,-0.38455785983101554,2.1801928613378217e-27,True,land_house,land_house,1.790705257998976e-26
hug_sago_n,hug_sago_amt_mn,335,0.4605128162267727,5.4633931665307235e-19,0.5450869051875599,2.5506808168144002e-27,True,hug,hug,2.0917929950163495e-26
rtms_land_dae_unit_3m,rtms_apt_n,798,0.10012515140462974,0.004638702860741679,0.3700630711865519,2.6465679868407912e-27,False,rtms_land,rtms_apt,2.167105516942988e-26
vac_office,rtms_nrg_n,777,-0.33554650324637625,6.683354728671415e-22,-0.37449028696587006,2.8245123353689175e-27,False,commercial,rtms_nrg,2.3092763696051378e-26
capret_midlarge,unsold_total,761,-0.2552281153587869,8.810327263325965e-13,-0.3775315939684317,3.4508035420946376e-27,False,commercial,unsold,2.8170147388671793e-26
rtms_land_dae_med_unit,rtms_apt_n_3m,797,0.09875465175223326,0.0052641502692695715,0.36942438315745385,3.549082168718175e-27,False,rtms_land,rtms_apt,2.892826578679281e-26
base_rate,ah_rate_med,730,-0.04108730569904961,0.2675666655815665,0.3838229238194178,4.890367369178757e-27,False,rates,applyhome,3.980029577320976e-26
apt_idx_yoy_pct,unsold_completed,723,-0.29506652428553826,5.438920588101158e-16,-0.3850669466323643,5.708832408418495e-27,False,land_house,unsold,4.639077034622142e-26
vac_midlarge,rtms_nrg_n,798,-0.32120747685444784,1.311492612443441e-20,-0.36706553203422015,7.380946240145728e-27,False,commercial,rtms_nrg,5.98875865645815e-26
rtms_land_n_3m,rtms_apt_med_unit,798,-0.2724329299954213,4.783030520526148e-15,-0.36696254684792917,7.644201052163546e-27,False,rtms_land,rtms_apt,6.192961064533103e-26
house_idx,house_idx_yoy_pct,737,-0.46852949955033085,1.733073515394021e-41,-0.3801204177492407,9.500372381790226e-27,True,land_house,land_house,7.685096993257539e-26
rtms_apt_n,rtms_fac_n_3m,798,0.3770362880032896,2.3344097503219304e-28,0.36628992697875795,9.607314702514592e-27,False,rtms_apt,rtms_fac,7.759865817876967e-26
house_idx_yoy_pct,kiscon_amt_all,737,0.30827236718929674,1.0889503669730167e-17,0.3799536959756098,1.0036145408589979e-26,False,land_house,kiscon,8.094007466022718e-26
corp_bond_AA3y,rentidx_midlarge,798,-0.22990063600308122,4.9480135750871256e-11,-0.36420683801095827,1.943336934618795e-26,False,rates,commercial,1.5649130405732978e-25
rtms_land_n_3m,rtms_apt_unit_3m,798,-0.27565808390727914,2.210030840878479e-15,-0.3640258009061073,2.065527948312236e-26,False,rtms_land,rtms_apt,1.660808712725643e-25
bank_loan_rate_all,cci_plant,798,-0.3084859180395479,4.698670544274049e-19,-0.36328585792700796,2.649093748193027e-26,False,rates,cci,2.126832473211429e-25
rtms_land_n,rtms_apt_med_unit,798,-0.25803894860536325,1.3251605531677245e-13,-0.36299126681149774,2.9244399086731315e-26,False,rtms_land,rtms_apt,2.3443748413306197e-25
rtms_land_unit_3m,kiscon_amt_priv,798,0.16388829078881356,3.2570270287215007e-06,0.36283477525728297,3.0820364257016433e-26,False,rtms_land,kiscon,2.4670132886566896e-25
vac_office,rtms_nrg_n_3m,777,-0.3128118534643948,4.237792273700812e-19,-0.3665932072250192,3.996695966513406e-26,False,commercial,rtms_nrg,3.194369705971178e-25
hug_sago_sgg_flag,kiscon_cnt_priv,798,0.3614745087422479,4.857883441718704e-26,0.3617571934630515,4.420375548416421e-26,False,hug,kiscon,3.52772359065412e-25
rtms_land_dae_unit_3m,rtms_apt_n_3m,798,0.11914246003315246,0.0007451998935464886,0.36152237707380525,4.7808960679396924e-26,False,rtms_land,rtms_apt,3.809754288416324e-25
rtms_nrg_med_unit,appr_unit_land_mn_m2,764,0.17706179951428058,8.434462085877419e-07,0.36830397883693294,5.891589759974652e-26,False,rtms_nrg,valuation,4.6878467926464975e-25
house_idx_yoy_pct,unsold_completed,723,-0.2931768187204859,8.486679329022377e-16,-0.3774548954518699,6.735856633108695e-26,False,land_house,unsold,5.351653108058275e-25
rtms_land_n,rtms_apt_unit_3m,798,-0.26224452284342187,5.1265230765194024e-14,-0.3603849381381261,6.983055980483156e-26,False,rtms_land,rtms_apt,5.539822007068759e-25
base_rate_chg_12m,rentidx_midlarge,798,-0.21628307100744398,6.683952730547908e-10,-0.3591543862857461,1.0502773550214996e-25,False,rates,commercial,8.31975261822216e-25
minbid_unit_land_mn_m2,appr_vs_rtms_all_3m,498,0.6100645335988124,4.2705026491463724e-52,0.4458732988718694,1.0682491973058714e-25,True,valuation,valuation,8.449598310642743e-25
rtms_fac_unit_3m,minbid_unit_land_mn_m2,476,0.21738514541116338,1.6871517788952114e-06,0.45464649676474267,1.1720461796687223e-25,False,rtms_fac,valuation,9.256914213720323e-25
rtms_apt_n,rtms_apt_med_unit,798,0.19045165405190276,5.916355293236678e-08,0.35824027826538934,1.4206206146500718e-25,True,rtms_apt,rtms_apt,1.120362599783766e-24
rentidx_midlarge,exited,798,0.20543963625697975,4.715050306680564e-09,0.3579796638846161,1.5480965030391505e-25,False,commercial,exit,1.2190974965758965e-24
rtms_land_unit_3m,rtms_apt_n,798,0.06536094058470122,0.06497157815272289,0.35764148044808786,1.7305103255021763e-25,False,rtms_land,rtms_apt,1.3607409868323732e-24
house_idx_yoy_pct,rtms_land_dae_med_unit,736,0.6003639474868041,2.8099830598723952e-73,0.3703199599144325,2.4401214285859444e-25,False,land_house,rtms_land,1.9159073830615335e-24
rentidx_midlarge,rtms_fac_med_unit,733,0.4803657050854043,1.3922935909626171e-43,0.3707702193703311,2.645196810452725e-25,False,commercial,rtms_fac,2.07388084244732e-24
house_idx_yoy_pct,rtms_land_dae_unit_3m,737,0.6152563429302533,5.726377610476863e-78,0.36894324216449675,3.506076418506145e-25,False,land_house,rtms_land,2.7448009677529072e-24
rtms_nrg_med_unit,minbid_unit_land_mn_m2,497,0.2502740480256101,1.5522296669479942e-08,0.44195472394716434,3.5214719016201064e-25,False,rtms_nrg,valuation,2.7528231371290513e-24
house_idx_yoy_pct,kiscon_cnt_all,737,0.3041003301990034,3.109641520291132e-17,0.3686013306827254,3.9066023982419723e-25,False,land_house,kiscon,3.049431098306544e-24
rtms_land_unit_3m,rtms_land_n_yoy_pct,798,0.24242382169284293,3.885918282844125e-12,0.35478240727660476,4.413999851903514e-25,True,rtms_land,rtms_land,3.44047481168048e-24
apt_idx_yoy_pct,kiscon_cnt_all,737,0.29191726910991733,6.052047259005027e-16,0.3679294938319854,4.829962288488101e-25,False,land_house,kiscon,3.7592151901813504e-24
rtms_apt_med_unit,rtms_apt_n_3m,798,0.1987964447500652,1.482314696452109e-08,0.35391097161770463,5.860793077904107e-25,True,rtms_apt,rtms_apt,4.554892527260649e-24
rtms_apt_n,rtms_apt_unit_3m,798,0.1879123871564301,8.907652893853271e-08,0.3535744156449708,6.5374028887820205e-25,True,rtms_apt,rtms_apt,5.073366218623725e-24
capret_midlarge,ah_rate_med,730,-0.016988182713096933,0.6467786466998371,0.36853433028040206,6.682228486782651e-25,False,commercial,applyhome,5.17824285780099e-24
rtms_land_med_unit,rtms_land_n_yoy_pct,798,0.25521045148374777,2.486038123708783e-13,0.3534773554540714,6.746499926568662e-25,True,rtms_land,rtms_land,5.22048264940125e-24
rtms_apt_n_3m,rtms_fac_n_3m,798,0.36711097822613387,7.267647359235112e-27,0.35197435548027245,1.0969989841840985e-24,False,rtms_apt,rtms_fac,8.476377989064125e-24
rtms_land_med_unit,rtms_apt_n,798,0.039776447127958726,0.26172493978233796,0.3519072017466373,1.1210186244705793e-24,False,rtms_land,rtms_apt,8.649475591694354e-24
land_area_m2,rtms_land_dae_n_3m,786,0.03217132647457367,0.3677249247291741,0.35439431067643945,1.1289626110147068e-24,False,site_price,rtms_land,8.698217696103223e-24
reactivated,stcns_after_exit,499,0.4361922645847469,1.360269197753428e-24,0.43619226458474714,1.3602691977533805e-24,True,exit,exit,1.0465265324298311e-23
rentidx_office,ah_supply_sum,738,0.5013531470896895,3.162428882117844e-48,0.3641664745500976,1.4617023934055353e-24,False,commercial,applyhome,1.1229486634395685e-23
unsold_completed,kiscon_amt_all,761,-0.3274175061890328,1.7895591841989327e-20,-0.35867699222467075,1.6086030324871982e-24,False,unsold,kiscon,1.2340316233441963e-23
capret_office,unsold_total,761,-0.22665815444465603,2.534630299943922e-10,-0.35848133842198415,1.710879435095107e-24,False,commercial,unsold,1.310612083016266e-23
rtms_apt_n_3m,rtms_apt_unit_3m,798,0.1973365476655026,1.8967297219148552e-08,0.35020469782411495,1.937919320447546e-24,True,rtms_apt,rtms_apt,1.4824112455555122e-23
rtms_nrg_unit_3m,appr_unit_land_mn_m2,765,0.1802826263962855,5.183306850202462e-07,0.35705562673926267,2.0330729577000995e-24,False,rtms_nrg,valuation,1.5529773006889187e-23
rtms_land_unit_3m,rtms_apt_n_yoy_pct,798,0.2700640432616986,8.378160178397929e-15,0.3485853718908354,3.2516004210515796e-24,False,rtms_land,rtms_apt,2.4802150429904133e-23
apt_idx,rtms_apt_unit_3m,798,-0.6301498072748395,1.5556814702775364e-89,-0.3484600948788658,3.384004667018829e-24,False,land_house,rtms_apt,2.5775317599073614e-23
rtms_apt_n,rtms_fac_n,798,0.35363766270932917,6.404611889953185e-25,0.34715007101514894,5.131236422370879e-24,False,rtms_apt,rtms_fac,3.902805284554352e-23
rtms_land_unit_3m,rtms_apt_n_3m,798,0.06687171302873174,0.05899848124457205,0.3465515518966099,6.202074500291505e-24,False,rtms_land,rtms_apt,4.71058130015038e-23
apt_idx,rtms_apt_med_unit,798,-0.6230958571295235,5.1620347344099145e-87,-0.34653672643144307,6.2312285536557835e-24,False,land_house,rtms_apt,4.7260112165102804e-23
rtms_land_dae_med_unit,rtms_apt_n_yoy_pct,797,0.29964475913215516,5.358136591827854e-18,0.34551808871620016,9.164860774840585e-24,False,rtms_land,rtms_apt,6.941148804967792e-23
apt_idx_yoy_pct,kiscon_amt_indiv,737,0.28890601173044717,1.2334737982576909e-15,0.3582740609439106,9.646454294140365e-24,False,land_house,kiscon,7.295557441409977e-23
bank_facility_loan_rate,cci_yoy_pct,798,-0.38622199808898716,8.697878745425102e-30,-0.34407875008320177,1.3512644457897257e-23,False,rates,cci,1.0205100270674665e-22
rtms_land_med_unit,rtms_apt_n_yoy_pct,798,0.28549918021210474,1.965517742458109e-16,0.34379045743021597,1.4790164596699664e-23,False,rtms_land,rtms_apt,1.1154162214182385e-22
land_area_m2,rtms_land_dae_n,786,0.032557502646183824,0.361999812775608,0.34605199329890635,1.5729437352790606e-23,False,site_price,rtms_land,1.1845817116249488e-22
rtms_fac_med_unit,appr_unit_land_mn_m2,704,0.1403288016836932,0.00018754741610487835,0.36324678425482626,2.207815714989974e-23,False,rtms_fac,valuation,1.6603643640016022e-22
rentidx_midlarge,rtms_nrg_med_unit,797,0.5839989623172595,4.750734214687167e-74,0.3416383660266861,3.0815292607396693e-23,False,commercial,rtms_nrg,2.314176538929075e-22
rtms_nrg_unit_3m,minbid_unit_land_mn_m2,498,0.24360388448068554,3.67624282686914e-08,0.42472351903432576,3.137520838142479e-23,False,rtms_nrg,valuation,2.3529206061076906e-22
nonbank_corp_loan_rate,ah_rate_med,730,-0.044820195002757496,0.2264678865199687,0.3559303616568412,3.171821025895933e-23,False,rates,applyhome,2.375311908328509e-22
rtms_land_dae_unit_3m,rtms_apt_n_yoy_pct,798,0.27516083631130694,2.4910717033445574e-15,0.3407136231330185,3.856002703883801e-23,False,rtms_land,rtms_apt,2.8836428612121235e-22
rtms_land_med_unit,rtms_apt_n_3m,798,0.03782029171807025,0.2859318970162957,0.34001475723617286,4.786477486222887e-23,False,rtms_land,rtms_apt,3.5744825584963375e-22
vac_midlarge,rtms_land_med_unit,798,-0.25898125641050607,1.0727506580587221e-13,-0.3398259399183308,5.073863947598669e-23,False,commercial,rtms_land,3.7838145784951297e-22
unsold_completed,kiscon_cnt_priv,761,-0.3679288904072864,8.300826845445196e-26,-0.34709695480782976,5.742473075701207e-23,False,unsold,kiscon,4.276462887990857e-22
rentidx_midlarge,rtms_apt_unit_3m,798,0.6562007497714215,1.949479840480905e-99,0.33763414202889436,9.954327183132852e-23,False,commercial,rtms_apt,7.402752079028005e-22
hug_sago_sgg_flag,kiscon_amt_priv,798,0.3562893831933611,2.6977772443758633e-25,0.3373970411638028,1.0703647775178043e-22,False,hug,kiscon,7.94894509081625e-22
land_chg_pct,unsold_total,761,-0.2820349757373014,2.20903446243426e-15,-0.34500059657454224,1.079775174786775e-22,False,land_house,unsold,8.007708543113572e-22
rtms_apt_med_unit,kiscon_amt_priv,798,0.2926712249340157,3.1687208369981155e-17,0.3366306281087675,1.352791018308974e-22,False,rtms_apt,kiscon,1.0018522956922554e-21
rentidx_midlarge,rtms_apt_med_unit,798,0.652024074597103,8.779053378823252e-98,0.3362593154229716,1.5149532843547777e-22,False,commercial,rtms_apt,1.1203949116798057e-21
apt_idx_yoy_pct,ah_n_pblanc,701,0.23518284573082307,2.894651638795551e-10,0.3567356733389475,1.8291805171136299e-22,False,land_house,applyhome,1.3509155006915164e-21
rentidx_office,ah_sale_unit_med,722,0.6318885894057111,9.833428443612757e-82,0.3516810193628327,1.9119401469663854e-22,False,commercial,applyhome,1.4100888228730017e-21
min_bid_mn,minbid_unit_land_mn_m2,498,0.21997845708145086,7.139209626045895e-07,0.41761539224445876,1.9395874377287222e-22,False,site_price,valuation,1.4285088194952449e-21
house_idx_yoy_pct,rtms_land_med_unit,737,0.4526150888477989,1.6734056253237082e-38,0.34817164945237356,1.986134469225435e-22,False,land_house,rtms_land,1.4607786804605777e-21
land_area_m2,rtms_fac_med_unit,723,-0.04240644899382945,0.25478996052444713,-0.35129676494187306,2.000909256352005e-22,False,site_price,rtms_fac,1.4696238727629357e-21
house_idx,rtms_apt_unit_3m,798,-0.6424876915911479,4.191544655414904e-94,-0.33525507035378643,2.0561002214356424e-22,False,land_house,rtms_apt,1.5080888729789272e-21
vac_midlarge,rtms_land_unit_3m,798,-0.27127181250948024,6.299820872444009e-15,-0.335242484604827,2.0639708424280431e-22,False,commercial,rtms_land,1.5117879581455818e-21
house_idx_yoy_pct,rtms_land_unit_3m,737,0.47295143019028396,2.4052879079861552e-42,0.3473451841078546,2.5315315610099563e-22,False,land_house,rtms_land,1.851723564530812e-21
rtms_apt_unit_3m,kiscon_amt_priv,798,0.2918505922033846,3.914940994868237e-17,0.33431485832567226,2.7339380429588045e-22,False,rtms_apt,kiscon,1.997044633292449e-21
house_idx,rtms_apt_med_unit,798,-0.6346414762922354,3.5680840086415827e-91,-0.3342498700760392,2.788214506414559e-22,False,land_house,rtms_apt,2.0339130921962683e-21
apt_idx_yoy_pct,rtms_fac_unit_3m,710,0.5007017824888326,2.5295548471086558e-46,0.3529527899763581,2.952872351759142e-22,False,land_house,rtms_fac,2.1510910715062855e-21
hug_sago_sgg_flag,kiscon_amt_all,798,0.3598486938843612,8.34421972438706e-26,0.333654901391742,3.337278230601511e-22,False,hug,kiscon,2.427813156330106e-21
house_idx_yoy_pct,kiscon_amt_indiv,737,0.2970391497435433,1.7676538365149637e-16,0.34628462882288874,3.452591234965149e-22,False,land_house,kiscon,2.5082887681193822e-21
land_chg_pct,ah_rate_med,730,0.013151062161760922,0.7227929490302384,0.3472403965510151,4.1121065002780734e-22,False,land_house,applyhome,2.983369532834038e-21
rentidx_office,unsold_completed,761,-0.34845614643262246,3.8035060226650405e-23,-0.3402044483164763,4.49734710211796e-22,False,commercial,unsold,3.2584437608434592e-21
rtms_apt_n_3m,rtms_fac_n,798,0.34264229805233104,2.117458171322025e-23,0.3317288215169026,5.955847229275364e-22,False,rtms_apt,rtms_fac,4.3093254580426754e-21
rtms_land_med_unit,ah_under_ratio,745,-0.2787125546983257,9.287115175121693e-15,-0.3415505008997318,8.23465330627557e-22,False,rtms_land,applyhome,5.950093409277767e-21
rtms_fac_unit_3m,ah_n_pblanc,721,0.08282073542257366,0.026160608979191296,0.3457038620767561,1.1445016277452838e-21,False,rtms_fac,applyhome,8.258637251759828e-21
rentidx_office,unsold_total,761,-0.2125066835859714,3.2121651132237106e-09,-0.3352606779090318,1.907270921897827e-21,False,commercial,unsold,1.3744174689201727e-20
ah_rate_med,kiscon_cnt_priv_yoy_pct,730,0.006684476363533991,0.856919315061862,0.3417818529685132,1.974383480519459e-21,False,applyhome,kiscon,1.4208652046214735e-20
capret_midlarge,rtms_fac_med_unit,733,0.40184960814975945,8.059610503199316e-30,0.3404786444270754,2.3712573384850693e-21,False,commercial,rtms_fac,1.7041818533440408e-20
rtms_land_dae_med_unit,rtms_land_n_yoy_pct,797,0.3836187581517646,2.4198853105787267e-29,0.32713327821465826,2.4705173378290665e-21,True,rtms_land,rtms_land,1.773135061123761e-20
rentidx_office,rtms_land_med_unit,777,0.3419803145208501,9.732513935549159e-23,0.3309490833968725,2.575985914351464e-21,False,commercial,rtms_land,1.8463534429004393e-20
unsold_completed,kiscon_amt_indiv,761,-0.32183876618172075,8.459113507947482e-20,-0.33365633177597237,3.0311115750085747e-21,False,unsold,kiscon,2.169659115337463e-20
unsold_total,ah_under_ratio,725,0.19863179098662923,6.932121630306698e-08,0.34115641817930153,3.2244502640138687e-21,False,unsold,applyhome,2.3049646472837105e-20
rentidx_office,rtms_land_unit_3m,777,0.3707475232994133,1.000720301895591e-26,0.3299816907870478,3.411758987039893e-21,False,commercial,rtms_land,2.4356041793995075e-20
rtms_land_dae_n_3m,rtms_fac_unit_3m,765,-0.12613959070804087,0.0004703081884320186,-0.3311229523312356,4.953312768041915e-21,False,rtms_land,rtms_fac,3.531381782762683e-20
rentidx_midlarge,capret_midlarge,798,0.6905011736038991,4.405871441799317e-114,0.32455421559736264,4.96967001621603e-21,True,commercial,commercial,3.53832564270401e-20
rtms_fac_n_3m,kiscon_cnt_indiv,798,0.4246850000919168,2.7759501093590145e-36,0.3241860494943215,5.53283681875912e-21,False,rtms_fac,kiscon,3.9340529880192836e-20
base_rate,spread_AA_KTB,798,0.4292501979889915,4.118734526374272e-37,0.3239892022461457,5.859330702332341e-21,True,rates,rates,4.1606694907531246e-20
cci_yoy_pct,ah_rate_med,730,0.016028194673184996,0.6654916862229603,-0.3377077090174291,6.241050754949098e-21,False,cci,applyhome,4.425848592402232e-20
appr_unit_land_mn_m2,ah_sale_unit_med,706,0.1931590869430242,2.3153405411464866e-07,0.34277822061108476,6.770135902525487e-21,False,valuation,applyhome,4.7946909497753355e-20
house_idx_yoy_pct,vac_midlarge,737,-0.37825193309750405,1.7537966878619992e-26,-0.3354879811512689,7.602057339136649e-21,False,land_house,commercial,5.376746110101013e-20
house_idx_yoy_pct,ah_n_pblanc,701,0.2513407693287504,1.4642944707839754e-11,0.3434478513945739,7.725716216909782e-21,False,land_house,applyhome,5.456988720187135e-20
rtms_land_dae_unit_3m,rtms_land_n_yoy_pct,798,0.40194132606049515,2.4373043816966667e-32,0.32296119521972944,7.89928765189877e-21,True,rtms_land,rtms_land,5.572228373971335e-20
rtms_land_n_3m,ah_sale_unit_med,733,-0.2944599909037444,3.9612440463075375e-16,-0.33585678118080914,8.730664882553564e-21,False,rtms_land,applyhome,6.150575115548605e-20
bank_corp_loan_rate,cci_total,798,-0.3558791559889361,3.085515215283631e-25,-0.3222396206760456,9.735459946472409e-21,False,rates,cci,6.8494084649721e-20
rtms_land_unit_3m,ah_under_ratio,745,-0.296994786689772,1.228492368084365e-16,-0.3326530820026826,1.0442143714826883e-20,False,rtms_land,applyhome,7.336943816449322e-20
ah_sale_unit_med,kiscon_amt_priv,733,0.22305159682646097,1.0237032713170622e-09,0.3340564220765013,1.4420135973969097e-20,False,applyhome,kiscon,1.0118696463623721e-19
land_chg_cum12_pct,appr_unit_land_mn_m2,765,0.12905948756614347,0.00034524300643214704,0.32732696704427083,1.4596651620643434e-20,False,land_house,valuation,1.022913449745484e-19
land_chg_cum12_pct,ah_rate_med,730,0.0016238545009286123,0.96506464391218,0.33443792162896546,1.5525839080788294e-20,False,land_house,applyhome,1.086605517866165e-19
land_chg_cum12_pct,rtms_fac_med_unit,733,0.34689815568552335,3.739205441925923e-22,0.3337684813653638,1.5620296289226495e-20,False,land_house,rtms_fac,1.0917872452090726e-19
apt_idx_yoy_pct,kiscon_cnt_indiv,737,0.3293217021327877,4.210755235457655e-20,0.33285010457383696,1.5886623873240398e-20,False,land_house,kiscon,1.1089527134493003e-19
land_chg_pct,ah_sale_unit_med,733,0.49591811436716404,9.238091415283546e-47,0.3324760654411885,2.2339660795428617e-20,False,land_house,applyhome,1.5573685302888763e-19
cci_plant,kiscon_amt_priv_yoy_pct,798,0.0526003292398692,0.13764988750291604,0.3190492155320192,2.4364037406961183e-20,False,cci,kiscon,1.6962826564455918e-19
land_chg_cum12_pct,unsold_total,761,-0.2591789218066548,3.8008221727388433e-13,-0.32621222075899353,2.510034994197878e-20,False,land_house,unsold,1.7452740070189927e-19
land_chg_pct,rtms_fac_med_unit,733,0.4023204237432058,6.825337539925891e-30,0.3318713972046614,2.6395037274408182e-20,False,land_house,rtms_fac,1.8329125234579293e-19
house_idx_yoy_pct,kiscon_amt_pub,737,0.17383817413543884,2.059502946374988e-06,0.3302416463022595,3.2697822625830615e-20,False,land_house,kiscon,2.2676427701727146e-19
bank_corp_loan_rate,rentidx_midlarge,798,0.15052788413829177,1.9553195210033702e-05,0.3176199111185647,3.66169503300255e-20,False,rates,commercial,2.5361506918995644e-19
rtms_fac_n_3m,ah_supply_sum,749,0.37565443494593076,1.6269639173319257e-26,0.3270646418138008,3.926670873496941e-20,False,rtms_fac,applyhome,2.7161590117190355e-19
apt_idx_yoy_pct,kiscon_amt_pub,737,0.15879064307897173,1.4843489623114112e-05,0.32955324746167886,3.95137944589801e-20,False,land_house,kiscon,2.729719108167527e-19
house_idx_yoy_pct,kiscon_cnt_indiv,737,0.34185315099091895,1.2464638641052085e-21,0.32879550907017957,4.864288872473947e-20,False,land_house,kiscon,3.3560454969184765e-19
capret_midlarge,rtms_apt_n_yoy_pct,798,0.3252233346609356,4.0872731755804025e-21,0.31644322388542095,5.112436918007409e-20,False,commercial,rtms_apt,3.5227062114156724e-19
land_chg_pct,appr_unit_land_mn_m2,765,0.13811503881281134,0.00012699887000571528,0.3216878111122446,7.069428880390687e-20,False,land_house,valuation,4.864895266853153e-19
rtms_land_n,ah_sale_unit_med,733,-0.2849651023146603,3.672531212558542e-15,-0.3272278321106869,9.386589730543538e-20,False,rtms_land,applyhome,6.451169060310579e-19
rtms_nrg_n_3m,rtms_fac_unit_3m,765,0.22786835559269725,1.8142839995162474e-10,0.3206165130082411,9.504201270590662e-20,False,rtms_nrg,rtms_fac,6.523615429248815e-19
yield_office,rtms_fac_med_unit,714,0.30778247694024563,3.9325825166403006e-17,0.33100725952235716,1.0212944308719187e-19,False,commercial,rtms_fac,7.001104258810449e-19
apt_idx_yoy_pct,vac_midlarge,737,-0.369314110897491,3.1174611662210093e-25,-0.32563994661247747,1.1487590790716794e-19,False,land_house,commercial,7.864807677075889e-19
unsold_completed,ah_n_pblanc,726,-0.3017282047667746,9.544374898325457e-17,-0.3277992079396651,1.2024143990549633e-19,False,unsold,applyhome,8.221623774612391e-19
cci_nonresi,kiscon_amt_priv_yoy_pct,798,0.05234051199556955,0.1396068902371614,0.3131900877082189,1.2764476496205702e-19,False,cci,kiscon,8.71668656771544e-19
capret_office,appr_unit_land_mn_m2,745,0.13290737388374022,0.00027505813307102686,0.32349160354533407,1.3106807462522305e-19,False,commercial,valuation,8.939043303840149e-19
vac_midlarge,rtms_land_dae_unit_3m,798,-0.3069016448608034,7.249303095530118e-19,-0.3130502979910552,1.3272984564616915e-19,False,commercial,rtms_land,9.040846938472183e-19
bank_facility_loan_rate,cci_total,798,-0.39796078659989076,1.112575006471799e-31,-0.3129138790004511,1.3788479267903302e-19,False,rates,cci,9.380025272961697e-19
capret_office,rtms_apt_n_yoy_pct,777,0.3412785287929793,1.203526386512283e-22,0.31673416571353497,1.4474528735531077e-19,False,commercial,rtms_apt,9.834219205703261e-19
rtms_fac_n_3m,kiscon_amt_indiv,798,0.42216140134063085,7.871505862409274e-36,0.3123151958611248,1.6294297202578693e-19,False,rtms_fac,kiscon,1.1056549129719322e-18
rtms_fac_med_unit,minbid_unit_land_mn_m2,460,0.17318292355834047,0.00018959290868854228,0.4040186598026529,1.7251447364904093e-19,False,rtms_fac,valuation,1.1691189994948312e-18
yield_office,appr_unit_land_mn_m2,745,0.11409464089666918,0.0018138016081281005,0.32186495283263694,2.0355785036838244e-19,False,commercial,valuation,1.3777516783794187e-18
cci_nonresi,ah_rate_med,730,0.017126273559416413,0.644104736380529,-0.32365812001691424,2.901498693708675e-19,False,cci,applyhome,1.9613544267080007e-18
rtms_fac_n,kiscon_cnt_indiv,798,0.4054415588788632,6.304005634250119e-33,0.3099067729240485,3.177613328547225e-19,False,rtms_fac,kiscon,2.145290210573486e-18
rtms_nrg_n,rtms_fac_unit_3m,765,0.23185611773821216,8.527429801493202e-11,0.316169025674153,3.2062868911179614e-19,False,rtms_nrg,rtms_fac,2.1619187902657934e-18
hug_sago_sgg_flag,kiscon_cnt_all,798,0.34616252044824325,7.013671858909922e-24,0.30900330131020715,4.075915179891364e-19,False,hug,kiscon,2.7448260033852797e-18
rentidx_office,rtms_land_dae_unit_3m,777,0.43617753352374966,1.9996753012360925e-37,0.31294594252611335,4.086064002251688e-19,False,commercial,rtms_land,2.748199272960978e-18
yield_office,unsold_total,761,-0.19175531676645866,9.785957833429472e-08,-0.31577119985311947,4.417334020866341e-19,False,commercial,unsold,2.9672719861271763e-18
house_idx_yoy_pct,rtms_fac_unit_3m,710,0.49614004430651537,2.1735644528393323e-45,0.32618306652355833,4.610901281015221e-19,False,land_house,rtms_fac,3.093411436585745e-18
cci_bldg,kiscon_amt_priv_yoy_pct,798,0.051470688281623975,0.14631435237979662,0.30825837495426983,5.001421938222166e-19,False,cci,kiscon,3.3512033964503656e-18
unsold_completed,kiscon_cnt_all,761,-0.33473951401826696,2.2176753081334256e-21,-0.3152547257182452,5.075821091706279e-19,False,unsold,kiscon,3.396797919568645e-18
rtms_land_med_unit,kiscon_amt_all,798,0.11804151206509841,0.0008347656815073287,0.3080121896193953,5.3506564340399605e-19,False,rtms_land,kiscon,3.576244994101459e-18
unsold_completed,ah_rate_med,710,-0.11713430459166699,0.0017695513099828001,-0.32559780605085875,5.372306434950739e-19,False,unsold,applyhome,3.586232522806692e-18
rtms_land_dae_n_3m,rtms_fac_med_unit,733,-0.013226018107681814,0.7207284785596134,-0.31982824762500706,6.777584407525739e-19,False,rtms_land,rtms_fac,4.518671300129691e-18
yield_office,rtms_apt_n_yoy_pct,777,0.34053520972876933,1.5062184558394217e-22,0.310818257714585,7.27125302121963e-19,False,commercial,rtms_apt,4.8417671113899584e-18
rtms_fac_n_3m,ah_n_pblanc,749,0.41189539713767476,4.898708744485825e-32,0.31582131682291736,8.250489378389313e-19,False,rtms_fac,applyhome,5.486985908737271e-18
rentidx_midlarge,kiscon_cnt_priv_yoy_pct,798,0.17446907161709604,7.088841694121058e-07,0.3064031465167216,8.304530297966043e-19,False,commercial,kiscon,5.5160650314564514e-18
land_chg_pct,hug_sago_sgg_flag,798,0.238806488795835,8.225229417746893e-12,0.30608634055598904,9.05240157966058e-19,False,land_house,hug,6.005358715439841e-18
rtms_land_dae_unit_3m,ah_n_pblanc,749,0.06564539195881247,0.07257238545922658,0.3152563476395797,9.582226780337296e-19,False,rtms_land,applyhome,6.34896735990874e-18
rtms_land_n_3m,rtms_nrg_med_unit,797,-0.2654542450105673,2.5478506084856136e-14,-0.3057284862328507,1.0485403500036626e-18,False,rtms_land,rtms_nrg,6.938793628056416e-18
rtms_nrg_unit_3m,ah_n_pblanc,749,0.12536140184972594,0.0005844758886559009,0.31476984610185105,1.089722306194218e-18,False,rtms_nrg,applyhome,7.20240441436401e-18
ap_stcns_day,br_useapr_day,78,0.7603555723408122,6.784025406825514e-16,0.8008219784548813,1.356970886376307e-18,True,hub,hub,8.957683122782855e-18
corp_bond_BBB3y,spread_AA_KTB,798,0.44313336360966565,1.0364879217783318e-39,0.30440467781429537,1.428179711724657e-18,True,rates,rates,9.416124437227792e-18
land_chg_pct,minbid_unit_land_mn_m2,498,0.2173199738871571,9.773625068971827e-07,0.3801133422009983,1.4499560930517137e-18,False,land_house,valuation,9.547925159541272e-18
rtms_land_dae_n_3m,rtms_apt_med_unit,798,-0.22473666688552346,1.3545178339759652e-10,-0.304156705503387,1.527120274839448e-18,False,rtms_land,rtms_apt,1.0043680331570144e-17
rtms_land_dae_n_3m,rtms_apt_unit_3m,798,-0.2239979388945882,1.5612996178782334e-10,-0.30401655030131036,1.5859990345904508e-18,False,rtms_land,rtms_apt,1.0418104223532114e-17
unsold_total,kiscon_amt_priv,761,-0.11172458501271157,0.0020241750026579815,-0.31085637523843107,1.6392581801091374e-18,False,unsold,kiscon,1.0754740477354059e-17
rtms_land_dae_n_3m,minbid_unit_land_mn_m2,498,-0.10545937657555612,0.018568809121947853,-0.3795228787494242,1.6537357559729243e-18,False,rtms_land,valuation,1.0836427802925523e-17
capret_midlarge,appr_unit_land_mn_m2,765,0.15565091476850929,1.5292364924172273e-05,0.3099832710763342,1.6820539852492028e-18,False,commercial,valuation,1.100849774679007e-17
capret_office,ah_rate_med,722,-0.025186489931509265,0.499233032392172,0.31833247308301116,1.8204630039990206e-18,False,commercial,applyhome,1.1899774672839564e-17
land_area_m2,minbid_vs_rtms_dae_3m,498,-0.018023157746858257,0.6882543964435497,-0.3789088223188125,1.895553306384168e-18,False,site_price,valuation,1.237548660468394e-17
rtms_land_dae_n_3m,unsold_total,761,0.3368203915804807,1.2124962224347131e-21,0.3102037072741686,1.947481420950062e-18,False,rtms_land,unsold,1.269900385099998e-17
bank_corp_loan_rate,exited,798,0.3150825994055425,7.506331186920753e-20,0.3029491556858502,2.114149136813036e-18,False,rates,exit,1.3769007837441295e-17
rtms_fac_n,ah_supply_sum,749,0.3643543248935329,6.252285932966131e-25,0.3121628722600437,2.161915397338676e-18,False,rtms_fac,applyhome,1.406297035227482e-17
vac_midlarge,ah_supply_sum,749,-0.4153102795816203,1.3607460289080612e-32,-0.31182891836545573,2.359057391615609e-18,False,commercial,applyhome,1.5326707014542723e-17
land_area_m2,rtms_nrg_unit_3m,786,-0.048781093261620556,0.1718609585758435,-0.3045232856271463,2.498456993093872e-18,False,site_price,rtms_nrg,1.6212681483098223e-17
rentidx_midlarge,ah_rate_med,730,-0.03078574533761936,0.40622422205873476,0.3145627975580404,3.136164811909512e-18,False,commercial,applyhome,2.032614939306686e-17
rentidx_office,rtms_land_dae_med_unit,776,0.4099231310969299,8.360973395087418e-33,0.30549685351285777,3.1645637692760917e-18,False,commercial,rtms_land,2.048537829820734e-17
rtms_land_dae_n,rtms_fac_unit_3m,765,-0.11045702634695583,0.002217356233542107,-0.3073100257584756,3.401726641821435e-18,False,rtms_land,rtms_fac,2.199399317269554e-17
unsold_total,kiscon_amt_indiv,761,-0.11098147998035506,0.002169404850374612,-0.3079011673296906,3.564197283493846e-18,False,unsold,kiscon,2.3016621829518838e-17
yield_office,ah_rate_med,722,-0.047820276998415796,0.1993374315545359,0.31481583116567474,4.485063467549296e-18,False,commercial,applyhome,2.8928388855230504e-17
rtms_land_n,rtms_nrg_med_unit,797,-0.25153600191006964,5.753933694165124e-13,-0.30006009431027136,4.799334879734992e-18,False,rtms_land,rtms_nrg,3.091812482161808e-17
rtms_land_dae_n,rtms_apt_unit_3m,798,-0.21176702420116716,1.527310470549712e-09,-0.29945089180484447,5.378327152035627e-18,False,rtms_land,rtms_apt,3.460639624781528e-17
land_area_m2,rtms_nrg_med_unit,785,-0.055624936339269904,0.11941980821667321,-0.3017587474178682,5.454443696917119e-18,False,site_price,rtms_nrg,3.505397890314403e-17
rtms_fac_n_3m,kiscon_cnt_priv,798,0.4115762559736814,5.666205254452065e-34,0.2993225637602421,5.564392754638595e-18,False,rtms_fac,kiscon,3.57176567335565e-17
rtms_fac_n,kiscon_amt_indiv,798,0.4124780763279493,3.959465544042144e-34,0.29916680061787415,5.798773714133135e-18,False,rtms_fac,kiscon,3.717750965164253e-17
rtms_nrg_unit_3m,rtms_apt_n_3m,798,0.1496477626501691,2.189045374648886e-05,0.2991479852631466,5.827735974291582e-18,False,rtms_nrg,rtms_apt,3.7318448209026454e-17
rtms_land_dae_med_unit,ah_n_pblanc,748,0.06299215486949089,0.08513505629632444,0.3084294369903591,5.9950097374121954e-18,False,rtms_land,applyhome,3.8343680700888765e-17
rtms_land_dae_n,rtms_apt_med_unit,798,-0.21159644374931497,1.575172938099628e-09,-0.2990348777716231,6.004868697351405e-18,False,rtms_land,rtms_apt,3.836085176193305e-17
rtms_fac_n_3m,kiscon_cnt_pub,798,0.3910537692548327,1.4772240562156835e-30,0.2989290821424035,6.175346508634847e-18,False,rtms_fac,kiscon,3.9402837448294183e-17
rtms_land_dae_n,minbid_unit_land_mn_m2,498,-0.09706629568467365,0.030326769054328316,-0.3731669894055465,6.697255924085962e-18,False,rtms_land,valuation,4.268203507281006e-17
bank_corp_loan_rate,ah_rate_med,730,-0.04715169531331162,0.20319790378217203,0.31154927259329324,6.778761514796116e-18,False,rates,applyhome,4.315004502335099e-17
land_chg_cum12_pct,ah_sale_unit_med,733,0.4239931946872427,2.4168345873762158e-33,0.31069960642488464,7.208385462332076e-18,False,land_house,applyhome,4.5830246215326533e-17
vac_office,kiscon_amt_indiv,777,-0.4812137391068807,2.7885426978492323e-46,-0.30185956932412356,7.822978407878153e-18,False,commercial,kiscon,4.9678700174494634e-17
rentidx_midlarge,rtms_nrg_unit_3m,798,0.576750512746508,6.085886099275713e-72,0.2978795928044337,8.146931656388849e-18,False,commercial,rtms_nrg,5.167454752872026e-17
rtms_land_unit_3m,kiscon_amt_all,798,0.11963218444736212,0.0007082953777695309,0.2972631105718223,9.581829379415943e-18,False,rtms_land,kiscon,6.070384086698702e-17
rtms_land_n_3m,rtms_fac_n_3m,798,0.12148236696781275,0.0005836343212182574,0.29694365526769106,1.0420539570658491e-17,False,rtms_land,rtms_fac,6.593920128320823e-17
bank_corp_loan_rate,cci_resi,798,-0.3436541999247986,1.5434817385697744e-23,-0.2966516001735039,1.125035721537008e-17,False,rates,cci,7.110598112362153e-17
rtms_land_dae_n,rtms_fac_med_unit,733,-0.008188970866781702,0.8248329193685975,-0.30890136299979876,1.1374420456043094e-17,False,rtms_land,rtms_fac,7.18052257124704e-17
rtms_fac_n,ah_n_pblanc,749,0.4001750245964095,3.5576346866596556e-30,0.3055846793944634,1.1817763539667569e-17,False,rtms_fac,applyhome,7.451601609269161e-17
ah_rate_med,kiscon_amt_indiv,730,-0.08003292918869825,0.030607832630912747,0.3093439951777409,1.1849323293911924e-17,False,applyhome,kiscon,7.462701019145708e-17
land_chg_cum12_pct,hug_sago_sgg_flag,798,0.24698743990684896,1.4827070432234373e-12,0.29621551488280173,1.2611938098988718e-17,False,land_house,hug,7.933650942975608e-17
hug_sago_sgg_flag,kiscon_cnt_indiv,798,0.338396740984213,7.878566991832143e-23,0.2961813865706647,1.2725099379050253e-17,False,hug,kiscon,7.995429656848614e-17
rentidx_midlarge,yield_office,777,0.5609765012334504,1.2944840897123906e-65,0.2995584439974163,1.421224648843699e-17,True,commercial,commercial,8.919352344327767e-17
rtms_nrg_med_unit,ah_n_pblanc,748,0.11846321717933674,0.001170643200652571,0.30498818186353416,1.4454213017442737e-17,False,rtms_nrg,applyhome,9.06057174727624e-17
ap_pms_day,kfb_understated,419,-0.42143199969150535,1.805068679551579e-19,-0.399637315204431,1.6909929609099324e-17,False,hub,exit,1.0587516817313125e-16
apt_idx,rtms_nrg_med_unit,797,-0.47036234058372944,4.074490701609309e-45,-0.2949217330700375,1.851428703371631e-17,False,land_house,rtms_nrg,1.1578466990559196e-16
rtms_land_n,rtms_fac_n_3m,798,0.11616192462678827,0.0010110380228795424,0.294462359530447,1.9924577283493587e-17,False,rtms_land,rtms_fac,1.2445877889584138e-16
vac_midlarge,rtms_land_dae_med_unit,797,-0.2965885147358607,1.198421067442876e-17,-0.2945599746034548,2.033956689281334e-17,False,commercial,rtms_land,1.2690275866496257e-16
vac_office,kiscon_amt_priv,777,-0.4563100445484554,3.201005049716523e-41,-0.29787899491636854,2.18996714494167e-17,False,commercial,kiscon,1.3647732312357937e-16
rtms_land_dae_med_unit,ah_under_ratio,744,-0.34597156873599594,2.410027977315684e-22,-0.3033754397023554,2.644700834586058e-17,False,rtms_land,applyhome,1.6462416021573516e-16
rentidx_office,rtms_nrg_unit_3m,777,0.43870165091097213,6.900995530059993e-38,0.2969772787337782,2.758974061849609e-17,False,commercial,rtms_nrg,1.7153760824081233e-16
min_bid_mn,appr_unit_land_mn_m2,499,0.11939913443281086,0.007584148241529364,0.36594587359018327,2.939578002531308e-17,False,site_price,valuation,1.8255428083083513e-16
rtms_fac_n_3m,kiscon_cnt_all,798,0.41438781786143997,1.8468860389832207e-34,0.29272308626742033,3.126582296092876e-17,False,rtms_fac,kiscon,1.939424076242298e-16
vac_office,kiscon_cnt_indiv,777,-0.5339956616923962,1.722588767667142e-58,-0.2963841293024639,3.210245665178205e-17,False,commercial,kiscon,1.9890131601051985e-16
apt_idx_yoy_pct,rtms_nrg_unit_3m,737,0.5591494588415838,7.641238502215194e-62,0.3039339254583892,3.241415180215347e-17,False,land_house,rtms_nrg,2.0060008065522524e-16
apt_idx_yoy_pct,rtms_nrg_med_unit,736,0.564805621530883,3.016636267372132e-63,0.3036054813206539,3.694568495950034e-17,False,land_house,rtms_nrg,2.283798583565876e-16
rtms_land_dae_n_3m,ah_sale_unit_med,733,-0.24764326167982698,1.0503212434210977e-11,-0.30417990653131793,3.711696180255497e-17,False,rtms_land,applyhome,2.2917366600261136e-16
cci_bldg,ah_rate_med,730,0.016705298153243602,0.6522704619180503,-0.3046653082839367,3.8152811729205064e-17,False,cci,applyhome,2.352976751050282e-16
bldg_area_m2,appraisal_mn,279,0.33213520052638706,1.307789161991043e-08,0.4754725488401408,3.827083270280685e-17,True,site_price,site_price,2.357536203478206e-16
rtms_land_dae_n,unsold_total,761,0.30534669630517375,6.925715788434019e-18,0.29847340550629875,4.0060435022990026e-17,False,rtms_land,unsold,2.4649383897344957e-16
land_chg_cum12_pct,minbid_unit_land_mn_m2,498,0.2070864555232232,3.157138597681021e-06,0.36409518802924845,4.676899515581726e-17,False,land_house,valuation,2.8744116907833898e-16
ap_useapr_day,kfb_understated,99,-0.6009693097389106,4.8141237237764515e-11,-0.7191637236062433,5.122345668855121e-17,False,hub,exit,3.144567427252392e-16
rtms_fac_n_3m,kiscon_amt_all,798,0.3980067478243462,1.0933680623355251e-31,0.2907127021963776,5.2429800482149666e-17,False,rtms_fac,kiscon,3.2149328346107143e-16
capret_office,rtms_fac_med_unit,714,0.34050642059683967,7.684103822705232e-21,0.30652505917740536,5.349008366279239e-17,False,commercial,rtms_fac,3.276191034879163e-16
yield_midlarge,rtms_apt_n_yoy_pct,798,0.30767769053981653,5.863970844539488e-19,0.29058605637111556,5.415783939091276e-17,False,commercial,rtms_apt,3.313294819487535e-16
bank_facility_loan_rate,ah_rate_med,730,-0.04187087316525027,0.2585413138147048,0.30297066680898876,5.797189990420964e-17,False,rates,applyhome,3.542579986146388e-16
hug_sago_sgg_flag,ah_n_pblanc,749,0.32809721265282027,2.9495939137961747e-20,0.29844732881857483,7.112654240531578e-17,False,hug,applyhome,4.34147970595004e-16
rtms_land_dae_unit_3m,ah_under_ratio,745,-0.35903967267393255,4.37334017648045e-24,-0.2991113664417831,7.29397708349905e-17,False,rtms_land,applyhome,4.447080440760481e-16
rtms_nrg_n_3m,rtms_fac_med_unit,733,0.18744801661574745,3.1931077300711403e-07,0.30140101156934535,7.371165382871245e-17,False,rtms_nrg,rtms_fac,4.48902292735906e-16
bank_corp_loan_rate,kiscon_cnt_priv_yoy_pct,798,0.21949483676119158,3.6724202124105916e-10,0.2891544466171704,7.804847304932583e-17,False,rates,kiscon,4.747726796299718e-16
rtms_fac_n,kiscon_cnt_pub,798,0.37373836088157475,7.41488485869487e-28,0.2889719315431518,8.175838738045988e-17,False,rtms_fac,kiscon,4.967751105946806e-16
hug_sago_sgg_flag,kiscon_amt_pub,798,0.3253000235404596,3.99659624582817e-21,0.28894237469071204,8.237529153703036e-17,False,hug,kiscon,4.999553732673114e-16
bank_facility_loan_rate,rentidx_midlarge,798,0.14018019764776257,7.086495927135857e-05,0.2883695532586147,9.527760327291706e-17,False,rates,commercial,5.776069667803713e-16
house_idx,rtms_nrg_med_unit,797,-0.4835355669236039,6.164961478593646e-48,-0.2885365601725128,9.543827581069144e-17,False,land_house,rtms_nrg,5.779257766248778e-16
unsold_total,kiscon_amt_all,761,-0.09208889709253239,0.011034263445407881,-0.2944363631030474,1.0989516957098567e-16,False,unsold,kiscon,6.647165969412447e-16
rtms_land_med_unit,kiscon_amt_indiv,798,0.12378331407580224,0.00045704052915372586,0.28779576167266074,1.1019116005421423e-16,False,rtms_land,kiscon,6.657538223840491e-16
rtms_apt_med_unit,kiscon_amt_indiv,798,0.2596206233427029,9.290105528695761e-14,0.28754941666934836,1.1727809772616909e-16,False,rtms_apt,kiscon,7.077719960968692e-16
rtms_nrg_unit_3m,rtms_apt_n,798,0.13433826606516763,0.00014110441726940574,0.2870422572029783,1.333101396690345e-16,False,rtms_nrg,rtms_apt,8.036181700229172e-16
rtms_apt_med_unit,kiscon_amt_all,798,0.2497453638746707,8.204452524150591e-13,0.2861479735403064,1.6699747436642002e-16,False,rtms_apt,kiscon,1.005557990357261e-15
hug_sago_sgg_flag,ah_supply_sum,749,0.31220802226885314,2.1365398566027985e-18,0.2949312565793258,1.6909295751895434e-16,False,hug,applyhome,1.0170304205330134e-15
rtms_land_n,rtms_fac_n,798,0.11402433689422223,0.001252963326749208,0.2853111374879558,2.0604079387400057e-16,False,rtms_land,rtms_fac,1.237865308813799e-15
rtms_nrg_n,rtms_fac_med_unit,733,0.18671595636898647,3.555136238716474e-07,0.2971357452692603,2.082822433113959e-16,False,rtms_nrg,rtms_fac,1.2499272222065476e-15
rtms_fac_unit_3m,rtms_apt_n_yoy_pct,765,0.17111338860285852,1.934263446661782e-06,0.2910343041429303,2.1229750261774212e-16,False,rtms_fac,rtms_apt,1.2725950072837075e-15
bank_facility_loan_rate,kiscon_cnt_priv_yoy_pct,798,0.2781792737270673,1.1999543814662734e-15,0.28499086554339376,2.232504956831894e-16,False,rates,kiscon,1.3367529679932964e-15
rtms_land_dae_n,ah_sale_unit_med,733,-0.24020421680932386,4.4313635622269814e-11,-0.2958725993900489,2.823648182544131e-16,False,rtms_land,applyhome,1.6888195561592248e-15
rtms_land_n_3m,rtms_fac_n,798,0.11913908813981666,0.0007454600597291581,0.2838557056144116,2.9642424242422943e-16,False,rtms_land,rtms_fac,1.7709278483154804e-15
exited,kiscon_amt_priv_yoy_pct,798,-0.043337808841669226,0.22136721340120438,-0.2834226697283239,3.3016654442289675e-16,False,exit,kiscon,1.9703130725772643e-15
rtms_apt_unit_3m,kiscon_amt_indiv,798,0.2589893318447478,1.0708058473086885e-13,0.28294689102576953,3.716030969165303e-16,False,rtms_apt,kiscon,2.2151190180743453e-15
rtms_apt_unit_3m,kiscon_amt_all,798,0.24859485936570297,1.0510966324037337e-12,0.28287627072904853,3.781745353325751e-16,False,rtms_apt,kiscon,2.2517808913399543e-15
rtms_fac_n_3m,kiscon_amt_priv,798,0.38418589821136284,1.8199081939772334e-29,0.28237909370992187,4.2778647106205437e-16,False,rtms_fac,kiscon,2.5443540164280367e-15
rtms_apt_n,rtms_apt_n_yoy_pct,798,0.4039523084813723,1.1229202927124361e-32,0.2822273562575368,4.441649583267088e-16,True,rtms_apt,rtms_apt,2.638833369081013e-15
hug_sago_sgg_flag,kiscon_amt_indiv,798,0.32308659390356453,7.617082918272473e-21,0.28149670807001803,5.320775489222106e-16,False,hug,kiscon,3.157623367466216e-15
land_chg_pct,rtms_land_n_yoy_pct,798,0.30178674180849685,2.8873114292323215e-18,0.2814020516194282,5.44651531126401e-16,False,land_house,rtms_land,3.2286604622315587e-15
rtms_land_dae_n_3m,rtms_nrg_med_unit,797,-0.19819744862674232,1.6746630933401948e-08,-0.28125016703798,5.895853982742477e-16,False,rtms_land,rtms_nrg,3.4911551767136242e-15
house_idx,unsold_total,761,0.3008886621079907,2.1736103555390285e-17,0.28734068413793146,6.230758614195201e-16,False,land_house,unsold,3.6853834413829356e-15
cci_plant,ah_rate_med,730,0.019069509041684467,0.6069768341924408,-0.2929953343173067,6.437943075225885e-16,False,cci,applyhome,3.803721726324067e-15
yield_midlarge,rtms_fac_med_unit,733,0.3106818766074357,7.240986619964267e-18,0.29117316420187866,8.644934830385716e-16,False,commercial,rtms_fac,5.102038249235367e-15
apt_idx,rtms_apt_n_yoy_pct,798,-0.38859744128326934,3.651549681428003e-30,-0.27938572021769076,8.938669485917289e-16,False,land_house,rtms_apt,5.269577259228196e-15
bank_facility_loan_rate,exited,798,0.33820752235874163,8.349764896570637e-23,0.2792856419114183,9.16021907531878e-16,False,rates,exit,5.394239140498846e-15
ktb_3y,ah_rate_med,730,0.015723295951725672,0.671479558004297,-0.29137099202955985,9.443861013921822e-16,False,rates,applyhome,5.555151247683166e-15
ah_supply_sum,ah_under_ratio,745,-0.20421153974785905,1.8669423981610286e-08,-0.28849059529870846,9.555702554388903e-16,True,applyhome,applyhome,5.614762808606315e-15
rtms_fac_n,kiscon_cnt_priv,798,0.3890969417138699,3.0396426947481942e-30,0.27881266972307267,1.0282503068247667e-15,False,rtms_fac,kiscon,6.035185939178954e-15
bank_corp_loan_rate,cci_civil,798,-0.35116684801824843,1.422879549527009e-24,-0.27880694223230623,1.029688991585112e-15,False,rates,cci,6.037003331146485e-15
kiscon_amt_priv,kiscon_amt_priv_yoy_pct,798,0.018255456366295844,0.6066012512487641,0.2783668329619466,1.146366494434282e-15,True,kiscon,kiscon,6.713714836517092e-15
unsold_completed,kiscon_amt_pub,761,-0.2646832974706619,1.1503011522548391e-13,-0.2843666434006918,1.2708428950919573e-15,False,unsold,kiscon,7.434569978180193e-15
rentidx_midlarge,yield_midlarge,798,0.5559813386062997,6.144840344800702e-66,0.2778666658699592,1.294793920136973e-15,True,commercial,commercial,7.566407749696607e-15
unsold_total,kiscon_cnt_priv,761,-0.11144986376757288,0.0020767950803022807,-0.28424948476903744,1.3068045124689536e-15,False,unsold,kiscon,7.628257345165388e-15
capret_midlarge,hug_sago_sgg_flag,798,0.20159301360818382,9.195659081327229e-09,0.2773620279060345,1.4636623629438711e-15,False,commercial,hug,8.534572142487327e-15
apt_idx,rtms_land_dae_med_unit,797,-0.5101551893536574,5.031743145261718e-54,-0.27712874646473196,1.6129937860351418e-15,False,land_house,rtms_land,9.395073827810352e-15
rtms_fac_n,kiscon_cnt_all,798,0.3941300969067108,4.704402053541676e-31,0.2769252779450697,1.6271593299049359e-15,False,rtms_fac,kiscon,9.46726978999096e-15
rtms_nrg_med_unit,rtms_apt_n_yoy_pct,797,0.27273371021736736,4.6309531023181075e-15,0.2769895206889389,1.6682830848292156e-15,False,rtms_nrg,rtms_apt,9.695988754980235e-15
rtms_fac_n_3m,kiscon_amt_pub,798,0.3683513380228688,4.760129461991705e-27,0.2763387829326492,1.8752438899740388e-15,False,rtms_fac,kiscon,1.0887002258079463e-14
hug_sago_last_yr,ah_sale_unit_med,317,-0.2782645561228376,4.789236398384506e-07,-0.4260866797601343,2.0570557047805096e-15,False,hug,applyhome,1.192958443976289e-14
cd_91d,cci_civil,798,0.24977983953967467,8.143612602685477e-13,0.2758772817799652,2.096269486911036e-15,False,rates,cci,1.2143827677695895e-14
rtms_fac_unit_3m,kiscon_amt_priv,765,0.12914488376798194,0.0003421023492572642,0.28144123372039553,2.1488085625458405e-15,False,rtms_fac,kiscon,1.2434717947979015e-14
apt_idx,unsold_total,761,0.3106134378842238,1.7479179897134262e-18,0.2818814948880481,2.290489971957638e-15,False,land_house,unsold,1.3225971792718672e-14
unsold_completed,kiscon_cnt_indiv,761,-0.3241992902738849,4.4015484259433043e-20,-0.28188279858809334,2.2897857937787586e-15,False,unsold,kiscon,1.3225971792718672e-14
rtms_land_unit_3m,kiscon_amt_indiv,798,0.12824033671313553,0.0002812600414278769,0.27529890068503243,2.4096950362209885e-15,False,rtms_land,kiscon,1.3899287334060005e-14
corp_bond_BBB3y,ah_rate_med,730,0.013096444924845463,0.7238971080801357,-0.2871963880835717,2.499855984578441e-15,False,rates,applyhome,1.440380382493634e-14
appraisal_mn,minbid_unit_land_mn_m2,498,0.1097948932969296,0.014228924752790608,0.3443831483471239,2.591956785203752e-15,False,site_price,valuation,1.491839927931589e-14
land_chg_pct,vac_office,777,-0.25636846246849004,3.978027297553505e-13,-0.2769076542779411,3.825709150220678e-15,False,land_house,commercial,2.1995770780892434e-14
cci_resi,ah_rate_med,730,0.015966587340121775,0.6666998863014133,-0.2850213350074661,4.124835221395834e-15,False,cci,applyhome,2.369011163136791e-14
land_chg_cum12_pct,rtms_nrg_n_3m,798,0.17960772069059255,3.2670078746756534e-07,0.272088735227352,5.190679376047173e-15,False,land_house,rtms_nrg,2.97795736306054e-14
capret_office,hug_sago_sgg_flag,777,0.22958038829660893,9.426288174791644e-11,0.2755924279058179,5.213239603310707e-15,False,commercial,hug,2.9876947651556644e-14
appraisal_mn,appr_vs_rtms_dae_3m,765,0.005011757754063808,0.8899301701274271,0.27704734799649877,6.022571070198714e-15,False,site_price,valuation,3.4478252154553024e-14
rtms_land_unit_3m,appr_vs_rtms_all_3m,765,-0.05317343769359888,0.1417407886541793,-0.2769168524411001,6.20801168232692e-15,False,rtms_land,valuation,3.5501859321285603e-14
hug_sago_sgg_flag,kiscon_cnt_pub,798,0.3155412808883562,6.59620060861527e-20,0.2710752169015254,6.59972119819841e-15,False,hug,kiscon,3.7701612443127025e-14
rtms_apt_med_unit,unsold_total,761,-0.2613930026930752,2.3580130468359276e-13,-0.27724638330445367,6.7648417756518454e-15,False,rtms_apt,unsold,3.8603638179733635e-14
rtms_land_n,unsold_total,761,0.2905596026752,2.853143195456415e-16,0.2765581605879864,7.931162282202738e-15,False,rtms_land,unsold,4.521100716731134e-14
cd_91d,cci_resi,798,0.25402073410470427,3.231793273817244e-13,0.27010328592620636,8.301093026699217e-15,False,rates,cci,4.726937637248212e-14
vac_office,kiscon_amt_all,777,-0.4542710340771599,7.968466336775523e-41,-0.273088900266651,9.352512898996668e-15,False,commercial,kiscon,5.319987922439913e-14
rtms_land_n_3m,unsold_total,761,0.29278153345123803,1.6543360294406536e-16,0.27524675988947034,1.0725756461056876e-14,False,rtms_land,unsold,6.094646099603731e-14
rtms_fac_n,kiscon_amt_all,798,0.37879413545646734,1.2539306679583894e-28,0.2688315039061205,1.1190968309528179e-14,False,rtms_fac,kiscon,6.352240716671675e-14
apt_idx,rtms_nrg_unit_3m,798,-0.4664072560187733,2.396200847911577e-44,-0.26876055607284494,1.137849095513728e-14,False,land_house,rtms_nrg,6.451833630659495e-14
house_idx,rtms_apt_n_yoy_pct,798,-0.39460352014622807,3.9405947339488486e-31,-0.26874638049348754,1.1416326735681998e-14,False,land_house,rtms_apt,6.466429984713098e-14
house_idx_yoy_pct,kiscon_cnt_pub,737,0.20555921518159231,1.7891838264719363e-08,0.27914445714025243,1.170267940273731e-14,False,land_house,kiscon,6.621611298035598e-14
capret_midlarge,rtms_land_n_yoy_pct,798,0.3202333613440934,1.735562135347773e-20,0.2686206164209422,1.1757457823936528e-14,False,commercial,rtms_land,6.645573677017824e-14
rtms_apt_unit_3m,unsold_total,761,-0.26183100576598217,2.144364304023061e-13,-0.2744647747315325,1.2831033049719733e-14,False,rtms_apt,unsold,7.24472372934017e-14
unsold_total,kiscon_cnt_all,761,-0.08598991145953541,0.017661758746112883,-0.2742973274512519,1.3332011559688153e-14,False,unsold,kiscon,7.519648292157442e-14
rtms_land_dae_n,rtms_nrg_med_unit,797,-0.18514117488499732,1.408577436557341e-07,-0.2681339657040252,1.3683477504398253e-14,False,rtms_land,rtms_nrg,7.709752815175707e-14
land_area_m2,ah_sale_unit_med,723,-0.049209301408045185,0.18627357602213546,-0.28082039933353065,1.4355440144925927e-14,False,site_price,applyhome,8.079846153149361e-14
rtms_nrg_unit_3m,ah_under_ratio,745,-0.33902014250507384,1.7101419716487832e-21,-0.2760160993648373,1.7116432716089398e-14,False,rtms_nrg,applyhome,9.623718794209254e-14
yield_office,hug_sago_sgg_flag,777,0.24627652125057098,3.3706589788784826e-12,0.2704255262992869,1.7301581249292436e-14,False,commercial,hug,9.717600308820027e-14
house_idx_yoy_pct,rtms_nrg_unit_3m,737,0.5588542149284501,9.120492312283278e-62,0.2773461749590773,1.7543794580877745e-14,False,land_house,rtms_nrg,9.843302164108426e-14
appraisal_mn,appr_vs_rtms_all_3m,765,0.003418041408056942,0.924804094108517,0.2723188874671004,1.7886790886758752e-14,False,site_price,valuation,1.002522755466447e-13
rtms_land_dae_unit_3m,kiscon_amt_priv,798,0.1701983055087363,1.326772458308007e-06,0.26657644131626534,1.8932714661913368e-14,False,rtms_land,kiscon,1.0600337727460814e-13
house_idx_yoy_pct,rtms_nrg_med_unit,736,0.5628158799115172,1.0123003945689869e-62,0.27715285918559773,1.9080566948834322e-14,False,land_house,rtms_nrg,1.0671944715001791e-13
cci_total,kiscon_amt_priv_yoy_pct,798,0.05064679114158922,0.15289202029453158,0.26638754363079564,1.9780742216324117e-14,False,cci,kiscon,1.1051998811983809e-13
apt_idx,rtms_land_dae_unit_3m,798,-0.5086332087352687,9.981683146309017e-54,-0.2663789100787092,1.9820379819101177e-14,False,land_house,rtms_land,1.1062585688176827e-13
bank_loan_rate_all,cci_yoy_pct,798,-0.26607073801268655,2.1287462875785115e-14,-0.2661040161721101,2.1124040727104514e-14,False,rates,cci,1.177791926671823e-13
rentidx_office,rtms_nrg_med_unit,776,0.42593561520910606,1.5136208261429284e-35,0.26963945013526974,2.1529549059476733e-14,False,commercial,rtms_nrg,1.1991510293856469e-13
vac_office,kiscon_cnt_priv,777,-0.49621321630405485,1.550192645563161e-49,-0.26825481270838897,2.8421516753001297e-14,False,commercial,kiscon,1.5813720091394165e-13
rtms_apt_unit_3m,rtms_land_n_yoy_pct,798,0.3904431257545691,1.851247883234116e-30,0.2643026491834315,3.200913433730177e-14,False,rtms_apt,rtms_land,1.7791355644652035e-13
ah_under_ratio,ah_sale_unit_med,729,-0.49198778506548363,1.0620704534379949e-45,-0.2760166909680316,3.260290189848271e-14,True,applyhome,applyhome,1.8083788013608617e-13
land_area_m2,minbid_vs_rtms_all_3m,498,-0.015341956381059127,0.7327049866122516,-0.3311990140805879,3.258163175779776e-14,False,site_price,valuation,1.8083788013608617e-13
vac_office,appr_vs_rtms_dae_3m,745,0.07686207334648024,0.035948700946133255,0.2730899788414041,3.2980527815954095e-14,False,commercial,valuation,1.8274288314187206e-13
rtms_apt_med_unit,rtms_land_n_yoy_pct,798,0.39730157025037405,1.427817073464877e-31,0.2640813115140943,3.367886437886336e-14,False,rtms_apt,rtms_land,1.864191385442882e-13
rtms_land_n_3m,rtms_nrg_unit_3m,798,-0.2294614374476649,5.3956072977324745e-11,-0.2638853552819929,3.522827086160485e-14,False,rtms_land,rtms_nrg,1.9479375832161441e-13
cci_total,ah_rate_med,730,0.016484722855132874,0.6565657408921781,-0.2752216067123082,3.732084166782654e-14,False,cci,applyhome,2.0615138470854185e-13
rtms_land_n,rtms_nrg_unit_3m,798,-0.2197384412713666,3.5080121020971394e-10,-0.2636079603906502,3.754185682454031e-14,False,rtms_land,rtms_nrg,2.0715821304521883e-13
rtms_fac_n,kiscon_amt_priv,798,0.36456555919430345,1.7219580422433552e-26,0.26337265961942696,3.962076025797095e-14,False,rtms_fac,kiscon,2.1840433515399039e-13
bank_facility_loan_rate,cci_resi,798,-0.3881795284172861,4.2561401741792235e-30,-0.2633273707498397,4.003366374423098e-14,False,rates,cci,2.204531411332678e-13
rtms_land_dae_med_unit,kiscon_amt_priv,797,0.170459436559034,1.2971794301476128e-06,0.2634332993898942,4.052983987784554e-14,False,rtms_land,kiscon,2.2295581669427995e-13
cci_civil,ah_rate_med,730,0.01616686811639461,0.6627752921678003,-0.2747580503300398,4.1329365874120783e-14,False,cci,applyhome,2.271203693000245e-13
rtms_fac_unit_3m,ah_under_ratio,717,-0.28123025962639736,1.6840423435377903e-14,-0.27705872947858473,4.2147836745225614e-14,False,rtms_fac,applyhome,2.313803727687078e-13
apt_idx_yoy_pct,kiscon_cnt_pub,737,0.1915044725571618,1.617555510195688e-07,0.2733391431228621,4.2786751367317005e-14,False,land_house,kiscon,2.3464693288312207e-13
land_chg_pct,apt_idx,798,-0.41790579292220914,4.4741857855174625e-35,-0.2629958189556021,4.3187819197215225e-14,True,land_house,land_house,2.366037594749076e-13
corp_bond_AA3y,ah_rate_med,730,0.010690225606255847,0.7730809334556555,-0.2738075121734291,5.09153338614378e-14,False,rates,applyhome,2.786533164351156e-13
bank_facility_loan_rate,cci_civil,798,-0.3926088434329048,8.296600063315554e-31,-0.26212172782333537,5.271942633244158e-14,False,rates,cci,2.882318738236862e-13
rtms_fac_n,kiscon_amt_pub,798,0.3506007835810875,1.7067091006321448e-24,0.26208297304526246,5.3186726223345904e-14,False,rtms_fac,kiscon,2.9048970900534275e-13
apt_idx,rtms_fac_unit_3m,765,-0.35078169716192076,1.435016458776794e-23,-0.2673750501668643,5.457782495111429e-14,False,land_house,rtms_fac,2.9778329593225316e-13
minbid_unit_land_mn_m2,ah_sale_unit_med,471,0.25344719022641254,2.4449400457131758e-08,0.3369733159848808,5.706990790241352e-14,False,valuation,applyhome,3.11062994448731e-13
land_chg_cum12_pct,rtms_nrg_n,798,0.17173167234798625,1.0612732002347997e-06,0.261727987866248,5.766064695753696e-14,False,land_house,rtms_nrg,3.139628098594197e-13
house_idx,rtms_nrg_unit_3m,798,-0.478900169483477,5.488945004512333e-47,-0.2610343847718226,6.749351752922808e-14,False,land_house,rtms_nrg,3.6675593315933184e-13
rtms_nrg_med_unit,kiscon_amt_priv,797,0.19031654003179632,6.163668451280892e-08,0.2611932820056276,6.748730720877821e-14,False,rtms_nrg,kiscon,3.6675593315933184e-13
rentidx_midlarge,capret_office,777,0.6043931286862335,1.48774624143162e-78,0.2641612649726144,7.159117261458267e-14,True,commercial,commercial,3.88627411137232e-13
base_rate_chg_12m,ah_rate_med,730,0.008456018135149014,0.819582816645659,-0.27209505315007404,7.398762087085532e-14,False,rates,applyhome,4.0122901500655515e-13
ap_pms_day,reactivated,288,0.28086342456172936,1.2755567837601407e-06,0.4213025437022361,8.068705991464569e-14,False,hub,exit,4.371162202265557e-13
land_chg_pct,house_idx,798,-0.4242305524025787,3.3512552735442646e-36,-0.2600877241041486,8.361188558132659e-14,True,land_house,land_house,4.5250278563092435e-13
apt_idx,rtms_land_med_unit,798,-0.3944513228429095,4.171681294694876e-31,-0.2600744533914724,8.386275931179884e-14,False,land_house,rtms_land,4.5340159154720766e-13
rtms_apt_n,hug_sago_sgg_flag,798,0.23221628726803092,3.125105784825072e-11,0.2597920755189305,8.937940837360976e-14,False,rtms_apt,hug,4.827390874481731e-13
ah_sale_unit_med,kiscon_amt_all,733,0.16708214024140775,5.419335219226553e-06,0.27064223402463405,9.027003944460226e-14,False,applyhome,kiscon,4.870574176693121e-13
land_area_m2,rentidx_midlarge,786,-0.06301086421709327,0.07748038663432653,-0.2610141614131072,1.043056532815131e-13,False,site_price,commercial,5.622200888067042e-13
rtms_fac_med_unit,rtms_apt_n_yoy_pct,733,0.17046324182813594,3.463062835696269e-06,0.2696165424354156,1.1272507636460427e-13,False,rtms_fac,rtms_apt,6.069899127105127e-13
land_chg_pct,rtms_apt_n_yoy_pct,798,0.24810011004694657,1.1688087563661046e-12,0.25761622855297855,1.456518582149883e-13,False,land_house,rtms_apt,7.835014948446101e-13
ah_rate_med,kiscon_cnt_priv,730,-0.09683669673516615,0.008843254903974057,0.26873451713378826,1.528798492501481e-13,False,applyhome,kiscon,8.21556335618635e-13
ap_pms_day,pms_after_exit,425,0.23612658343608772,8.50847320655521e-07,0.3473668202644992,1.6957182422272502e-13,False,hub,exit,9.103419117659746e-13
cci_yoy_pct,kiscon_amt_priv_yoy_pct,798,0.052472582301942086,0.13860945213162898,0.2562942410932278,1.9552610916828598e-13,False,cci,kiscon,1.0486239776557925e-12
rentidx_office,hug_sago_sgg_flag,777,0.24008591334844237,1.1936716455273366e-11,0.25955013009308175,1.9886804166885253e-13,False,commercial,hug,1.0654783755544633e-12
apt_idx,capret_midlarge,798,-0.3940391304459407,4.867145854533083e-31,-0.25604881358379794,2.0647490463283917e-13,False,land_house,commercial,1.1051264415133042e-12
rtms_nrg_unit_3m,kiscon_amt_priv,798,0.1964948952012026,2.1845522469251643e-08,0.2558193901502662,2.1725217197008528e-13,False,rtms_nrg,kiscon,1.161647363524046e-12
apt_idx,rtms_land_unit_3m,798,-0.39443214078387,4.201742841812195e-31,-0.2554152379596365,2.375946778506926e-13,False,land_house,rtms_land,1.2691495928747786e-12
house_idx,ah_under_ratio,745,0.38595140947716977,7.131795403437517e-28,0.2637567399313892,2.535305389356345e-13,False,land_house,applyhome,1.3529219477932511e-12
house_idx,capret_midlarge,798,-0.40271224690613494,1.8120068990511602e-32,-0.2542366062005464,3.081865835926039e-13,False,land_house,commercial,1.6429448279856957e-12
apt_idx_yoy_pct,rtms_fac_med_unit,683,0.3958917553649095,4.740990296044932e-27,0.27399510152263507,3.1585906847218323e-13,False,land_house,rtms_fac,1.682169760080442e-12
rtms_land_med_unit,appr_vs_rtms_all_3m,765,-0.05064100327036364,0.16173250029122263,-0.2590984299580919,3.3567271687748683e-13,False,rtms_land,valuation,1.7859124548695741e-12
unsold_total,kiscon_cnt_indiv,761,-0.10543494513001642,0.003592477800837954,-0.25965721764692457,3.4296874674173045e-13,False,unsold,kiscon,1.822916390485122e-12
vac_midlarge,ah_rate_med,730,0.28276543364600765,6.902126683203344e-15,-0.26421486034861563,3.9934245744307146e-13,False,commercial,applyhome,2.1204410327190697e-12
apt_idx,ah_under_ratio,745,0.3784375820236694,8.846638653911647e-27,0.26152033317896817,4.0847975871345413e-13,False,land_house,applyhome,2.166806815318293e-12
rentidx_midlarge,minbid_unit_land_mn_m2,498,0.25329318476255747,9.925330535089446e-09,0.3163607865370746,4.879245416712819e-13,False,commercial,valuation,2.585661570184682e-12
ktb_3y,spread_AA_KTB,798,0.39876977717820883,8.185329386055361e-32,0.2513838276595482,5.752849922523034e-13,True,rates,rates,3.0455929243297687e-12
rtms_apt_n_3m,hug_sago_sgg_flag,798,0.23366611913219665,2.3378943577428143e-11,0.2508032519214839,6.525851982118822e-13,False,rtms_apt,hug,3.4514075715518636e-12
vac_office,rtms_fac_n_3m,777,-0.2762289915080134,4.489018071718336e-15,-0.25400523606526004,6.616998669149705e-13,False,commercial,rtms_fac,3.4961553245003434e-12
unsold_total,ah_n_pblanc,726,-0.05535091095178651,0.13623242051698065,-0.26248971993128917,6.631250788173733e-13,False,unsold,applyhome,3.5002268474200347e-12
house_idx,rtms_land_dae_med_unit,797,-0.5241760523551433,1.8710455670912468e-57,-0.2507716212296619,6.79178078564562e-13,False,land_house,rtms_land,3.581425232825161e-12
rtms_land_dae_n,rtms_nrg_n,798,0.24551009314158623,2.0297571798208325e-12,0.2504077883348744,7.109742539993615e-13,False,rtms_land,rtms_nrg,3.74539836072373e-12
cci_civil,kiscon_amt_priv_yoy_pct,798,0.049499037126910006,0.16242633807362525,0.2502717599420505,7.322181106223499e-13,False,cci,kiscon,3.853514013285143e-12
rtms_apt_n,appr_unit_land_mn_m2,765,0.0034568719381232235,0.9239524057355385,0.25520613084114985,7.716269285311602e-13,False,rtms_apt,valuation,4.056921520999129e-12
rtms_fac_unit_3m,rtms_land_n_yoy_pct,765,0.2717945313757806,2.0155402192539872e-14,0.2543023155548633,9.34295020308303e-13,False,rtms_fac,rtms_land,4.907343294291254e-12
land_area_m2,land_chg_cum12_pct,786,-0.05331868091720052,0.1353038578040627,-0.2509566074718107,9.394537450867266e-13,False,site_price,land_house,4.929596835111607e-12
capret_office,rtms_apt_n,777,0.22644268902470568,1.7141778527822468e-10,0.2514343686800379,1.1442301228102996e-12,False,commercial,rtms_apt,5.998233790849679e-12
min_bid_mn,discount_ratio,499,0.15056651229793758,0.0007402494066501354,0.3103458649753568,1.331000376110971e-12,True,site_price,site_price,6.970478953051284e-12
apt_idx_yoy_pct,rtms_land_n_yoy_pct,737,0.2739743152273213,3.7184286062435164e-14,0.2571754723691648,1.3463177127456312e-12,False,land_house,rtms_land,7.0437972701085026e-12
vac_office,rtms_fac_n,777,-0.2695468256209438,2.1163126818054556e-14,-0.25035396447759195,1.4377311630264884e-12,False,commercial,rtms_fac,7.514710194235223e-12
min_bid_mn,minbid_vs_rtms_dae_3m,498,-0.020014554772077114,0.655911266189115,0.3098836704711327,1.5183594898776167e-12,False,site_price,valuation,7.928386906616813e-12
bank_loan_rate_all,rentidx_midlarge,798,0.13070919845123669,0.00021348732717862,0.2466681511725991,1.5871126776308383e-12,False,rates,commercial,8.279308768089847e-12
rtms_land_unit_3m,minbid_vs_rtms_all_3m,498,-0.06465615564552595,0.14965725269347363,-0.3092933905460482,1.681545424113361e-12,False,rtms_land,valuation,8.763375616699942e-12
land_chg_cum12_pct,rtms_land_n_yoy_pct,798,0.2815072919985769,5.306894723988697e-16,0.24608545861460926,1.796521699168702e-12,False,land_house,rtms_land,9.35345815526295e-12
rtms_apt_n_3m,appr_unit_land_mn_m2,765,0.011771244996189117,0.7451391255661667,0.25042753724709516,2.1036488536681728e-12,False,rtms_apt,valuation,1.0941838930509455e-11
min_bid_mn,minbid_vs_rtms_all_3m,498,-0.01301831249765346,0.7719709549368399,0.3072487906464433,2.3905956086614973e-12,False,site_price,valuation,1.242226892080955e-11
apt_idx_yoy_pct,appr_unit_land_mn_m2,708,0.15408552183395857,3.8330768147272685e-05,0.25924741816413716,2.4511752517900016e-12,False,land_house,valuation,1.2724693273127318e-11
appr_vs_rtms_all_3m,ah_sale_unit_med,706,-0.0668216797100814,0.07600800254753243,-0.25951644397619905,2.4938867060469832e-12,False,valuation,applyhome,1.2933862480342598e-11
rentidx_midlarge,appr_unit_land_mn_m2,765,0.1642387564836006,4.965658280780776e-06,0.24911613335725258,2.7601191568220187e-12,False,commercial,valuation,1.4300733654580749e-11
capret_midlarge,minbid_unit_land_mn_m2,498,0.23354088725793523,1.3520069692733175e-07,0.3061968181595989,2.8619400501105747e-12,False,commercial,valuation,1.4813933637890844e-11
land_area_m2,yield_office,765,-0.06001736942092811,0.09716024048493391,-0.24827763458526755,3.2808908780722436e-12,False,site_price,commercial,1.6966076910108594e-11
yield_midlarge,rtms_land_n_yoy_pct,798,0.2596730272382277,9.181047230126708e-14,0.24313518589630806,3.348322916462295e-12,False,commercial,rtms_land,1.729805085441922e-11
land_area_m2,land_chg_pct,786,-0.0546361953439113,0.12590068157206188,-0.24475112180015296,3.4778195413723046e-12,False,site_price,land_house,1.7949711474630996e-11
unsold_completed,unsold_pct_completed,697,0.23410584715364816,3.9339722751030415e-10,0.25919405029354764,3.6593848173135216e-12,True,unsold,unsold,1.8868592688693734e-11
house_idx,rtms_fac_unit_3m,765,-0.3621948016295365,3.968862668241507e-25,-0.24761621457364433,3.758445312871613e-12,False,land_house,rtms_fac,1.936070047006215e-11
bank_loan_rate_all,ah_rate_med,730,-0.045852177917395744,0.215944009420857,0.2522607743276335,4.639610181364578e-12,False,rates,applyhome,2.3876800423249663e-11
rtms_nrg_med_unit,rtms_apt_n_3m,797,0.11466674672652072,0.0011836148047735028,0.24096845056239663,5.425069820523576e-12,False,rtms_nrg,rtms_apt,2.7892161856095732e-11
land_chg_cum12_pct,apt_idx,798,-0.4113644095005152,6.162947817385081e-34,-0.24075478770798395,5.500591869412024e-12,True,land_house,land_house,2.8253280236067333e-11
bank_corp_loan_rate,spread_BBB_KTB,798,0.17031652120283175,1.304220803516873e-06,0.2406521165811321,5.618962602553838e-12,True,rates,rates,2.88335825679994e-11
house_idx,rtms_land_dae_unit_3m,798,-0.5201019587394827,1.64603145195782e-56,-0.24026173623635308,6.0922172895975314e-12,False,land_house,rtms_land,3.1232105318770856e-11
rtms_land_dae_n,rtms_nrg_n_3m,798,0.22988738900863737,4.960967399283039e-11,0.2402496905448927,6.107423733299766e-12,False,rtms_land,rtms_nrg,3.128007155359564e-11
land_area_m2,capret_midlarge,786,-0.06982175620109449,0.05037400105933382,-0.24191759612773545,6.2474962144797934e-12,False,site_price,commercial,3.1966853836194697e-11
ah_sale_unit_med,kiscon_cnt_priv_yoy_pct,733,-0.09880265651903467,0.007429179456060368,-0.24998074072165644,6.615807232246077e-12,False,applyhome,kiscon,3.3819045191988314e-11
rtms_land_n_yoy_pct,rtms_apt_n_yoy_pct,798,0.16261179530253275,3.890139578129556e-06,0.2397080035179077,6.830998308431508e-12,False,rtms_land,rtms_apt,3.4885719154902836e-11
vac_office,appr_vs_rtms_all_3m,745,0.08801678467076612,0.01626021701454601,0.2476964329131751,7.053272273203724e-12,False,commercial,valuation,3.598649508093541e-11
exited,ah_rate_med,730,-0.053127642068463946,0.15157717175491922,0.24930019815961124,8.354080510262472e-12,False,exit,applyhome,4.258271543219584e-11
land_chg_pct,rtms_nrg_n_3m,798,0.17350118952402072,8.181904470334847e-07,0.23862857546800342,8.53155410007463e-12,False,land_house,rtms_nrg,4.3445923593427664e-11
rtms_nrg_med_unit,ah_under_ratio,744,-0.321566638518015,2.331375062441126e-19,-0.24683792447470287,8.644305975363514e-12,False,rtms_nrg,applyhome,4.397821508113102e-11
capret_midlarge,rtms_apt_n,798,0.18493416011841649,1.4292811117717282e-07,0.23851134063142743,8.739473428249494e-12,False,commercial,rtms_apt,4.442011827077001e-11
land_area_m2,capret_office,765,-0.06145270092230315,0.08940892827470583,-0.24329386472615333,9.045979376751573e-12,False,site_price,commercial,4.593433212487242e-11
rtms_fac_unit_3m,kiscon_amt_indiv,765,0.09523086961689946,0.00839785867342631,0.24275030514432905,1.0090387813826726e-11,False,rtms_fac,kiscon,5.118909263807543e-11
yield_midlarge,appr_unit_land_mn_m2,765,0.10265572108332655,0.004480535714528072,0.2427111203618317,1.0170076139109197e-11,False,commercial,valuation,5.154445224248045e-11
rtms_land_n_yoy_pct,unsold_completed,761,-0.16130881958520027,7.752602105216637e-06,-0.24325821338454187,1.0319313888030791e-11,False,rtms_land,unsold,5.225129863570137e-11
yield_office,minbid_unit_land_mn_m2,490,0.16087535153548632,0.00034976385667613726,0.3008760091588427,1.0361360910160115e-11,False,commercial,valuation,5.2414566496335033e-11
rtms_land_med_unit,unsold_completed,761,-0.19979236983273868,2.719552818523298e-08,-0.2431544259368089,1.0535913272426049e-11,False,rtms_land,unsold,5.324719117926473e-11
rtms_land_dae_n_3m,rtms_nrg_unit_3m,798,-0.15978015552974728,5.741062892586388e-06,-0.23727123883718357,1.1265749861680643e-11,False,rtms_land,rtms_nrg,5.688193060472747e-11
land_chg_pct,rtms_nrg_n,798,0.17873745683752781,3.7308796313370556e-07,0.23696504437187108,1.199202845174937e-11,False,land_house,rtms_nrg,6.049186427500367e-11
rentidx_office,rtms_apt_n,777,0.24525152446938994,4.165743392486238e-12,0.2398601189314854,1.249190497517687e-11,False,commercial,rtms_apt,6.295402064304498e-11
ah_rate_med,kiscon_cnt_all,730,-0.10535512863402466,0.0043774951869434,0.24696006393877395,1.3226903794847226e-11,False,applyhome,kiscon,6.659534330607168e-11
land_chg_cum12_pct,house_idx,798,-0.4147135618743305,1.62081795973427e-34,-0.2361023479367215,1.4293378575330263e-11,True,land_house,land_house,7.189717332294536e-11
capret_office,minbid_unit_land_mn_m2,490,0.17906826460922876,6.720105628472511e-05,0.29805094873647486,1.645530426175963e-11,False,commercial,valuation,8.269409011995182e-11
house_idx,rtms_land_med_unit,798,-0.4125977639698027,3.775222423709663e-34,-0.2353864006287099,1.6526485322101416e-11,False,land_house,rtms_land,8.289598219256687e-11
capret_office,rtms_apt_n_3m,777,0.2124662657540827,2.2133225030921053e-09,0.23846844305038037,1.6514888073594444e-11,False,commercial,rtms_apt,8.289598219256687e-11
rtms_apt_n_3m,rtms_apt_n_yoy_pct,798,0.31689517095485675,4.4981393354823393e-20,0.23515949087687746,1.7302901571646555e-11,True,rtms_apt,rtms_apt,8.670910468940406e-11
discount_ratio,minbid_vs_rtms_dae_3m,495,0.048518440659934096,0.2813138194793397,0.2958444949929429,1.862574826928345e-11,False,site_price,valuation,9.325082022084139e-11
vac_midlarge,rtms_fac_n_3m,798,-0.2835921627678759,3.165318567079608e-16,-0.23474758552374136,1.8804421275140992e-11,False,commercial,rtms_fac,9.405728770643487e-11
rtms_nrg_unit_3m,rtms_apt_n_yoy_pct,798,0.26225351033373945,5.116035638044903e-14,0.23433766674922796,2.042485876636798e-11,False,rtms_nrg,rtms_apt,1.0206702787268185e-10
rtms_land_dae_n,rtms_nrg_unit_3m,798,-0.15191051857521826,1.635409412157502e-05,-0.23427758080315755,2.0673570419587757e-11,False,rtms_land,rtms_nrg,1.0321342766903431e-10
rtms_nrg_med_unit,rtms_apt_n,797,0.10221475515039506,0.0038685761384841377,0.23357085883474552,2.4523142003962047e-11,False,rtms_nrg,rtms_apt,1.2231832117088159e-10
rtms_land_unit_3m,hug_sago_last_yr,335,-0.07971703291271509,0.14541320154275642,-0.3538525798158461,2.5691383862415448e-11,False,rtms_land,hug,1.280259361717944e-10
rtms_land_dae_n_3m,rtms_nrg_n_3m,798,0.22928607762888645,5.585155699884764e-11,0.2329957145547279,2.6743024636037665e-11,False,rtms_land,rtms_nrg,1.331424140864929e-10
rentidx_office,rtms_apt_n_3m,777,0.2425719187867626,7.2139742229459896e-12,0.23563668328088017,2.898930574537899e-11,False,commercial,rtms_apt,1.4419145843771298e-10
rtms_land_unit_3m,hug_sago_sgg_flag,798,0.07311799269948598,0.03892022989016518,0.23233521454520703,3.051810513544956e-11,False,rtms_land,hug,1.516545614862907e-10
land_area_m2,appraisal_mn,765,0.020792054582537054,0.5658314493861549,0.23702797002260229,3.136867089504126e-11,True,site_price,site_price,1.557365675726886e-10
rtms_land_med_unit,minbid_vs_rtms_all_3m,498,-0.06055478839395531,0.17727981600313894,-0.2917230568898455,3.165741138720982e-11,False,rtms_land,valuation,1.5702428449667058e-10
rtms_nrg_med_unit,hug_sago_last_yr,335,-0.23114881921376518,1.929382682740387e-05,-0.3517346615619499,3.433213233921256e-11,False,rtms_nrg,hug,1.7013337499329896e-10
rtms_fac_unit_3m,kiscon_amt_all,765,0.0914918178008585,0.011350707323487424,0.23653532040144623,3.4539139551396165e-11,False,rtms_fac,kiscon,1.7100072146418083e-10
yield_office,rtms_apt_n,777,0.23600222617551378,2.6969356706346774e-11,0.2346301027820995,3.534616399046975e-11,False,commercial,rtms_apt,1.748343560194651e-10
minbid_vs_rtms_all_3m,ah_sale_unit_med,471,-0.06978238366232224,0.13046407140626973,-0.2987878129841839,3.615922936399204e-11,False,valuation,applyhome,1.7869075730985715e-10
rtms_land_n_3m,rtms_land_n_yoy_pct,798,-0.22572422852439442,1.119341536748027e-10,-0.23102913900036187,3.957694663205583e-11,True,rtms_land,rtms_land,1.9539975405503464e-10
yield_midlarge,hug_sago_sgg_flag,798,0.21200874748053433,1.4619013768764808e-09,0.2309980691402797,3.98216608966834e-11,False,commercial,hug,1.9642658746731193e-10
land_chg_cum12_pct,rtms_apt_n_yoy_pct,798,0.24532148497094386,2.112477825603312e-12,0.23082173019238483,4.123880121832906e-11,False,land_house,rtms_apt,2.0322937337733224e-10
rtms_land_dae_n_3m,rtms_nrg_n,798,0.22863582620013811,6.34645491317531e-11,0.23069889649086675,4.225492965029934e-11,False,rtms_land,rtms_nrg,2.080452199264738e-10
house_idx_yoy_pct,rtms_fac_med_unit,683,0.39255907413512,1.378947623818278e-26,0.24880925426888648,4.2664351952636727e-11,False,land_house,rtms_fac,2.0986779198780918e-10
unsold_total,kiscon_amt_pub,761,-0.025326480679274087,0.4854114231292469,-0.23578957304770617,4.4896366886598396e-11,False,unsold,kiscon,2.2064418542522207e-10
vac_office,kiscon_cnt_all,777,-0.43139511465094793,1.4648167546447883e-36,-0.23310661810002492,4.763330462901965e-11,False,commercial,kiscon,2.3387996313256943e-10
nonbank_corp_loan_rate,kiscon_amt_priv_yoy_pct,798,-0.08777123492131136,0.013125644164275328,-0.22971809178455752,5.1294622848852626e-11,False,rates,kiscon,2.5162600768148166e-10
cci_resi,spread_AA_KTB,798,0.42026673039937334,1.7115120809839205e-35,0.22967121085809683,5.17710058024041e-11,False,cci,rates,2.5373012651279076e-10
months_permit_idle,pms_after_exit,284,-0.24501988238751093,2.9831655363615264e-05,-0.3766891676242636,5.2585242080895746e-11,False,hub,exit,2.5748469725874503e-10
house_idx,rtms_land_unit_3m,798,-0.4122872492295003,4.271823429714616e-34,-0.22948904442775186,5.366344575273887e-11,False,land_house,rtms_land,2.625237369074975e-10
cci_resi,kiscon_amt_priv_yoy_pct,798,0.05009950617071211,0.15738389025152097,0.22910659278006731,5.7858915359293e-11,False,cci,kiscon,2.8278941538038365e-10
cci_plant,ah_under_ratio,745,0.22755850822028245,3.314087078965193e-10,0.23577677585933732,7.185221889402239e-11,False,cci,applyhome,3.508619309829568e-10
capret_midlarge,rtms_apt_n_3m,798,0.18480740157622375,1.4580903601601046e-07,0.2275631125258516,7.82915407577177e-11,False,commercial,rtms_apt,3.819569967440844e-10
rtms_land_unit_3m,unsold_completed,761,-0.20053051729770272,2.411306758060022e-08,-0.23284734191023132,7.904684079266172e-11,False,rtms_land,unsold,3.8529029874053073e-10
land_area_m2,apt_idx_yoy_pct,725,-0.042844456988643566,0.24925499822609212,-0.23824062976872185,8.164423139709602e-11,False,site_price,land_house,3.9758807402574903e-10
house_idx_yoy_pct,rtms_land_n_yoy_pct,737,0.2701905790857672,8.53271776083171e-14,0.23632307932649912,8.194041973834933e-11,False,land_house,rtms_land,3.986673560882201e-10
cci_nonresi,ah_under_ratio,745,0.22564273383935338,4.693825975527025e-10,0.23498672441783558,8.343740153103582e-11,False,cci,applyhome,4.055816236240441e-10
rtms_land_dae_unit_3m,hug_sago_last_yr,335,-0.2022570166398225,0.00019403280075368346,-0.3433408794030662,1.0606369086049906e-10,False,rtms_land,hug,5.150976884932683e-10
rtms_land_dae_unit_3m,rtms_nrg_n,798,0.3046356417593948,1.3417223128498309e-18,0.2254912235832986,1.170950184393688e-10,False,rtms_land,rtms_nrg,5.681552301227813e-10
rtms_nrg_unit_3m,kiscon_amt_indiv,798,0.1615101346007508,4.529701676695579e-06,0.22541011295764707,1.189454539161132e-10,False,rtms_nrg,kiscon,5.766104642696802e-10
rtms_apt_n_yoy_pct,ah_n_pblanc,749,0.15212533227187952,2.9055195923761097e-05,0.23225104217891998,1.2447303358397434e-10,False,rtms_apt,applyhome,6.028598827658612e-10
house_idx,capret_office,777,-0.35158496124412153,5.0362689524073816e-24,-0.2280589250005344,1.2611055456946232e-10,False,land_house,commercial,6.102381314777511e-10
rtms_fac_med_unit,ah_n_pblanc,694,0.04111559679901347,0.2794084244549572,0.240590220838603,1.3519898059433539e-10,False,rtms_fac,applyhome,6.536247280632109e-10
rtms_land_dae_med_unit,rtms_nrg_n,797,0.2749645140500931,2.717809668710581e-15,0.2248052429662762,1.372677031733888e-10,False,rtms_land,rtms_nrg,6.63026566276522e-10
unsold_completed,kiscon_cnt_pub,761,-0.2860497872810934,8.49879133652368e-16,-0.2296315634146027,1.454194006596611e-10,False,unsold,kiscon,7.017667286346642e-10
rtms_apt_med_unit,unsold_completed,761,-0.22022124130264792,8.219590653708566e-10,-0.22927108346939884,1.5561581667781321e-10,False,rtms_apt,unsold,7.502955561553356e-10
rentidx_office,rtms_apt_n_yoy_pct,777,0.26511118617937424,5.785908656459337e-14,0.22681157148852474,1.598526723949807e-10,False,commercial,rtms_apt,7.700290444107764e-10
ah_n_pblanc,kiscon_cnt_priv_yoy_pct,749,-0.21850242966676164,1.511564130043296e-09,-0.23057437856094126,1.702463197336682e-10,False,applyhome,kiscon,8.193583002843598e-10
unsold_completed,ah_supply_sum,726,-0.23346821827848485,1.914763555575738e-10,-0.23410463842434745,1.7041147860895147e-10,False,unsold,applyhome,8.194156260090499e-10
rtms_apt_med_unit,appr_vs_rtms_all_3m,765,-0.057080602907866186,0.11468601028755471,-0.2277665712944165,1.8492471726539552e-10,False,rtms_apt,valuation,8.884029319120125e-10
rtms_land_med_unit,unsold_total,761,-0.2108276780071309,4.292460445839039e-09,-0.2279595751969956,1.98937277397657e-10,False,rtms_land,unsold,9.548632156600288e-10
rtms_apt_n_yoy_pct,minbid_unit_land_mn_m2,498,0.10788485632826841,0.016016798725982852,0.27994129002835705,2.0303616518243498e-10,False,rtms_apt,valuation,9.736631167986367e-10
kiscon_amt_all,kiscon_amt_priv_yoy_pct,798,-0.020126100168407407,0.5702343758556748,0.22224466911541152,2.183052931813948e-10,True,kiscon,kiscon,1.0459483894631883e-09
ah_rate_med,kiscon_cnt_indiv,730,-0.09051500878873844,0.014428546585664025,0.23200800090635026,2.2309513531738672e-10,False,applyhome,kiscon,1.0679406343259328e-09
vac_midlarge,rtms_fac_n,798,-0.2732401959340893,3.946335420823361e-15,-0.22191210624028349,2.3256322923319257e-10,False,commercial,rtms_fac,1.1122679666456893e-09
months_permit_idle,reactivated,191,-0.27061522490992534,0.00015289483683264378,-0.4373771217058589,2.5068003962568116e-10,False,hub,exit,1.1978428703114542e-09
apt_idx,capret_office,777,-0.3413197694650696,1.1886176314481786e-22,-0.22429294082051246,2.5692276568057535e-10,False,land_house,commercial,1.2265768107982466e-09
rtms_land_med_unit,hug_sago_last_yr,335,-0.06373591119600991,0.24467471940410626,-0.3355339141376915,2.9392965410989943e-10,False,rtms_land,hug,1.4019998755804034e-09
rtms_apt_unit_3m,hug_sago_last_yr,335,-0.25387752673408664,2.5177030008739533e-06,-0.3355035355512994,2.9508143678882203e-10,False,rtms_apt,hug,1.4062392535738246e-09
rtms_apt_n_yoy_pct,ah_under_ratio,745,-0.25531321841935556,1.4991628326143755e-12,-0.22804927319336088,3.0298557909195934e-10,False,rtms_apt,applyhome,1.4426214527201305e-09
rtms_land_dae_med_unit,hug_sago_last_yr,335,-0.16304160009822494,0.0027620504112129754,-0.33486982248922337,3.2013334879664504e-10,False,rtms_land,hug,1.5229119359569937e-09
rtms_land_dae_unit_3m,rtms_nrg_n_3m,798,0.3027724313123282,2.216939474310087e-18,0.2199082405921507,3.397680359041481e-10,False,rtms_land,rtms_nrg,1.6148797226484267e-09
appraisal_mn,rtms_apt_n,768,0.1652020953162605,4.176164865335182e-06,0.2239662765015819,3.4621905668592245e-10,False,site_price,rtms_apt,1.6440793038184967e-09
rtms_apt_unit_3m,unsold_completed,761,-0.21861527156198662,1.0962359525311103e-09,-0.22466026179615242,3.6657836197074274e-10,False,rtms_apt,unsold,1.7392142870075967e-09
cd_91d,yield_office,777,0.18438367611826373,2.2692575882068723e-07,0.2223355415344301,3.7006577043562585e-10,False,rates,commercial,1.7542036121624924e-09
rtms_apt_n,kiscon_amt_all,798,0.27665135373413463,1.7387291231543466e-15,0.21933121863050917,3.787035552907817e-10,False,rtms_apt,kiscon,1.7935588220901771e-09
discount_ratio,minbid_unit_land_mn_m2,495,0.14050876852779184,0.001725706053840914,0.27648441249054806,3.8934414007242665e-10,False,site_price,valuation,1.8423213424489074e-09
appraisal_mn,rtms_apt_n_3m,768,0.16987416214307238,2.1962328664496634e-06,0.22313993660077439,4.03244616967073e-10,False,site_price,rtms_apt,1.9064093429911047e-09
rtms_land_dae_unit_3m,unsold_total,761,-0.22722487374781422,2.2813053033326406e-10,-0.2240923264363708,4.0686159251861254e-10,False,rtms_land,unsold,1.9218100134249304e-09
rtms_apt_med_unit,hug_sago_last_yr,335,-0.254498747498621,2.37471231695611e-06,-0.33287062992248057,4.1347197757868415e-10,False,rtms_apt,hug,1.9513103831537725e-09
rtms_apt_unit_3m,appr_vs_rtms_all_3m,765,-0.05727775291932087,0.11343662147677618,-0.22331317334516615,4.2251907640811883e-10,False,rtms_apt,valuation,1.9922482377021262e-09
land_chg_cum12_pct,vac_office,777,-0.19070288818908887,8.486638235090797e-08,-0.22159210334167967,4.2470234390678466e-10,False,land_house,commercial,2.00077835495117e-09
cd_91d,cci_total,798,0.24373132906316536,2.954449085131942e-12,0.2185598036608948,4.376083296035214e-10,False,rates,cci,2.0597638542165746e-09
appraisal_mn,rtms_land_dae_unit_3m,768,0.14380688808092265,6.344726549732747e-05,0.221884966582116,5.077369145278657e-10,False,site_price,rtms_land,2.3877478293583976e-09
house_idx,yield_midlarge,798,-0.3367220261730233,1.315581257178042e-22,-0.21768915030017905,5.1483610572591e-10,False,land_house,commercial,2.419005850014447e-09
rtms_land_dae_med_unit,rtms_nrg_n_3m,797,0.26220474883120604,5.3640121523377514e-14,0.21777162387460405,5.197643123332291e-10,False,rtms_land,rtms_nrg,2.440017364394887e-09
apt_idx,yield_midlarge,798,-0.32823654419038484,1.6846133983574424e-21,-0.2176012038616837,5.233380100943832e-10,False,land_house,commercial,2.45463889471462e-09
cci_bldg,ah_under_ratio,745,0.22441524351450087,5.856918268617147e-10,0.22471947703620757,5.544879272154888e-10,False,cci,applyhome,2.5984635817889733e-09
ah_rate_med,kiscon_amt_all,730,-0.08658439065252986,0.019295731353345686,0.22693050152957298,5.57834723734163e-10,False,applyhome,kiscon,2.611858378114334e-09
ah_rate_med,kiscon_amt_priv,730,-0.08623433854741205,0.01979173199877749,0.22663889705467616,5.875970368845308e-10,False,applyhome,kiscon,2.7488025863705912e-09
bank_loan_rate_all,exited,798,0.2531292645549228,3.930361294525426e-13,0.2168630966377704,6.002921936044056e-10,False,rates,exit,2.805736327974438e-09
house_idx_yoy_pct,appr_unit_land_mn_m2,708,0.14347293327947963,0.00012780209797923876,0.22862512323963666,7.542839269702458e-10,False,land_house,valuation,3.5224071244627983e-09
land_chg_pct,rentidx_midlarge,798,0.4662411165231906,2.5935926782665116e-44,0.21537478329711063,7.904116533227257e-10,False,land_house,commercial,3.6878980020214783e-09
yield_midlarge,rtms_apt_n,798,0.20945939654470236,2.3134579964391274e-09,0.21513925046408913,8.25437417923699e-10,False,commercial,rtms_apt,3.847963272570199e-09
rtms_land_unit_3m,unsold_total,761,-0.2108527836966679,4.273968235361373e-09,-0.2201876070188062,8.269497288761032e-10,False,rtms_land,unsold,3.8516552267426165e-09
rtms_land_dae_med_unit,unsold_total,760,-0.22900866155816893,1.6804277828158974e-10,-0.2202609697414181,8.371752233185685e-10,False,rtms_land,unsold,3.8958885283589086e-09
rtms_land_med_unit,hug_sago_sgg_flag,798,0.04844815202414527,0.1715424776165055,0.21478758726831496,8.805608236271445e-10,False,rtms_land,hug,4.0942249773342105e-09
rtms_apt_n_3m,minbid_unit_land_mn_m2,498,0.050038523812234725,0.26504434643889196,0.26995052937238334,9.177545776158515e-10,False,rtms_apt,valuation,4.263452412260606e-09
rtms_land_n_yoy_pct,unsold_total,761,-0.1690036043711476,2.7552155418669855e-06,-0.21923003367106847,9.82081353036979e-10,False,rtms_land,unsold,4.558323780111742e-09
rtms_apt_n,kiscon_amt_priv,798,0.28212379165516027,4.556962575578023e-16,0.21308716690339546,1.2018062859607677e-09,False,rtms_apt,kiscon,5.573337563774696e-09
rtms_nrg_med_unit,rtms_land_n_yoy_pct,797,0.34366903325083614,1.6369868976829267e-23,0.21312713300842362,1.221876186029998e-09,False,rtms_nrg,rtms_land,5.6615008376970534e-09
rtms_fac_unit_3m,appr_vs_rtms_all_3m,735,-0.04618661549805061,0.21104532088145248,-0.22161547267068182,1.2503860345494604e-09,False,rtms_fac,valuation,5.788583659511658e-09
yield_office,rtms_apt_n_3m,777,0.21263810095472196,2.1470220089281736e-09,0.21558593604756257,1.2691434659459715e-09,False,commercial,rtms_apt,5.870337467485389e-09
appraisal_mn,rtms_land_dae_med_unit,767,0.14498203643096175,5.57754638287163e-05,0.21680866564900148,1.3033869576084861e-09,False,site_price,rtms_land,6.023517772111128e-09
rtms_apt_med_unit,appr_vs_rtms_dae_3m,765,-0.07545826566772962,0.03692111734061488,-0.21693505201490654,1.338915272115266e-09,False,rtms_apt,valuation,6.18236611398992e-09
vac_midlarge,unsold_total,761,0.10852761486398675,0.002719316857218649,0.2174712717666786,1.343996643447329e-09,False,commercial,unsold,6.200474592332069e-09
base_rate,kiscon_amt_priv_yoy_pct,798,-0.07416187415131248,0.03620728571788902,-0.21228101169855626,1.3914895092932838e-09,False,rates,kiscon,6.414046901888956e-09
unsold_total,kiscon_cnt_pub,761,-0.04479445862301863,0.21709170027978184,-0.2169552689395738,1.472834836227904e-09,False,unsold,kiscon,6.78315923282567e-09
rtms_apt_n,minbid_unit_land_mn_m2,498,0.03982696036120881,0.37513625166743914,0.26654933085049254,1.5126300988264179e-09,False,rtms_apt,valuation,6.960441599332924e-09
bldg_area_m2,min_bid_mn,218,0.19632361190816253,0.003609720547475607,0.394536798324413,1.55535019179865e-09,True,site_price,site_price,7.150866273041601e-09
rtms_nrg_n_3m,ah_n_pblanc,749,0.14347989713112844,8.128275731628138e-05,0.21822302482037095,1.5875921567495363e-09,False,rtms_nrg,applyhome,7.292830981219735e-09
cci_total,ah_under_ratio,745,0.22472745838919805,5.536915056783726e-10,0.21840035783197795,1.70128425731845e-09,False,cci,applyhome,7.808383625649571e-09
land_area_m2,unsold_total,750,-0.014170008494652253,0.6984350480278624,0.2173028869414762,1.819459181609319e-09,False,site_price,unsold,8.34360912870071e-09
rtms_apt_n_3m,ah_n_pblanc,749,0.26180977214058776,3.3240748237131986e-13,0.21721458916288375,1.8941833001714927e-09,False,rtms_apt,applyhome,8.678832995730053e-09
corp_bond_AA3y,kiscon_amt_priv_yoy_pct,798,0.03562644391923235,0.31482504298910535,0.21046003082840964,1.933383377680972e-09,False,rates,kiscon,8.850856952448763e-09
apt_idx,rtms_land_n_yoy_pct,798,-0.22771600722536844,7.598822545678816e-11,-0.21034797122973029,1.972722618131332e-09,False,land_house,rtms_land,9.023223130152465e-09
corp_bond_BBB3y,kiscon_amt_priv_yoy_pct,798,0.03840396270302412,0.2785561090179363,0.20987020688453875,2.149357658071989e-09,False,rates,kiscon,9.82274820317173e-09
rtms_land_n_3m,kiscon_amt_pub,798,0.25119810804647974,5.989815001896147e-13,0.20964996508205086,2.2358736543418094e-09,False,rtms_land,kiscon,1.020940771115769e-08
rtms_apt_n_3m,kiscon_amt_priv,798,0.2844455561100758,2.558632579623539e-16,0.20964408625509487,2.238228775201434e-09,False,rtms_apt,kiscon,1.0211441348977872e-08
rtms_apt_unit_3m,appr_vs_rtms_dae_3m,765,-0.07571786951206619,0.03627470889881138,-0.21363900579947087,2.396815414412618e-09,False,rtms_apt,valuation,1.0916330511809429e-08
rtms_nrg_med_unit,kiscon_amt_all,797,0.1434961164881228,4.7874811044355864e-05,0.20939058435069455,2.3966399695516224e-09,False,rtms_nrg,kiscon,1.0916330511809429e-08
rentidx_office,rtms_fac_unit_3m,744,0.36776353737521883,3.0462516064089033e-25,0.21647067753441931,2.4391939975906708e-09,False,commercial,rtms_fac,1.109988962137644e-08
rtms_nrg_unit_3m,kiscon_amt_all,798,0.1515852627273932,1.705848740288717e-05,0.20910031394240736,2.4668217156286443e-09,False,rtms_nrg,kiscon,1.1216067783559831e-08
ah_sale_unit_med,kiscon_amt_indiv,733,0.17393151827486053,2.1676280569432812e-06,0.21795017214128445,2.4836230742101185e-09,False,applyhome,kiscon,1.1282865401700514e-08
capret_office,rtms_land_dae_n,777,-0.15592625358695636,1.2646423678081043e-05,-0.21147262088648636,2.6375652515339255e-09,False,commercial,rtms_land,1.19720385398573e-08
vac_midlarge,appr_vs_rtms_dae_3m,765,0.05344246379802192,0.1397335792787993,0.21308124457533595,2.642572412510305e-09,False,commercial,valuation,1.1984592612122648e-08
rentidx_midlarge,rtms_land_n_3m,798,-0.22887438760838524,6.056066551182994e-11,-0.20854241405547733,2.7248943665509277e-09,False,commercial,rtms_land,1.2347466252498144e-08
capret_office,rtms_land_n_yoy_pct,777,0.27275892884670566,1.0096882934002384e-14,0.21128040080876812,2.728305846122948e-09,False,commercial,rtms_land,1.235245669705284e-08
yield_office,rtms_land_dae_n,777,-0.13712416807905994,0.0001259378240978468,-0.2111668610878677,2.7833219405746674e-09,False,commercial,rtms_land,1.2590881908843271e-08
appraisal_mn,rtms_land_unit_3m,768,0.05540370148348591,0.1250124456801568,0.21236094055129007,2.7908130661495235e-09,False,site_price,rtms_land,1.2614097603297973e-08
rtms_nrg_unit_3m,hug_sago_last_yr,335,-0.12165492460613003,0.02597372945243525,-0.3173298167211911,2.8395113847017266e-09,False,rtms_nrg,hug,1.282336771452714e-08
apt_idx,rtms_fac_med_unit,733,-0.30528580300201763,2.819028821427082e-17,-0.21702652629581834,2.9092175671225262e-09,False,land_house,rtms_fac,1.3127077072914893e-08
rtms_apt_n_3m,kiscon_amt_all,798,0.26929112145108974,1.0047598792156199e-14,0.20800096290271605,3.000355761133111e-09,False,rtms_apt,kiscon,1.3526899034383428e-08
ah_rate_med,kiscon_amt_pub,730,-0.07587419077813638,0.040418170124539986,0.2172554740099104,3.013868795362104e-09,False,applyhome,kiscon,1.3576374430329545e-08
house_idx_yoy_pct,hug_sago_amt_mn,328,0.3630577046300705,1.1771574293494523e-11,0.3196368187724776,3.163850596801773e-09,False,land_house,hug,1.423999085951101e-08
rtms_nrg_n,rtms_nrg_n_yoy_pct,797,0.2470863214282764,1.4991222017513874e-12,0.20776909437917224,3.1980841440371592e-09,True,rtms_nrg,rtms_nrg,1.4381964607373162e-08
apt_idx_yoy_pct,ah_sale_unit_med,685,0.5293596950015956,9.830643341981823e-51,0.22327521436483605,3.4684112085362533e-09,False,land_house,applyhome,1.558453338827172e-08
rtms_apt_n,ah_n_pblanc,749,0.2695073021859008,6.247855333952069e-14,0.21368921461325832,3.487977361894437e-09,False,rtms_apt,applyhome,1.5659290473593245e-08
rtms_land_n_yoy_pct,minbid_unit_land_mn_m2,498,0.11570130975979206,0.009761197241682099,0.26063630734881466,3.5464500509835904e-09,False,rtms_land,valuation,1.59084466632628e-08
rtms_nrg_n_3m,ah_sale_unit_med,733,0.20184383446031484,3.543358647243794e-08,0.21578422284530574,3.594869346124867e-09,False,rtms_nrg,applyhome,1.6112126063478343e-08
base_rate_chg_12m,kiscon_amt_priv_yoy_pct,798,0.030417247563812838,0.3908343586056258,0.20660332415365873,3.842447581958838e-09,False,rates,kiscon,1.720734273093292e-08
rtms_land_n_yoy_pct,appr_unit_land_mn_m2,765,0.08255200529224374,0.022404433831021524,0.21057089772787485,4.086894124137979e-09,False,rtms_land,valuation,1.8286713708590605e-08
ktb_3y,kiscon_amt_priv_yoy_pct,798,0.039165639139411804,0.26912679548691526,0.20606215395443805,4.226738239315568e-09,False,rates,kiscon,1.8896629904364837e-08
appraisal_mn,rtms_land_med_unit,768,0.059146530016819784,0.1014465278883184,0.2098386648200145,4.3255808483370085e-09,False,site_price,rtms_land,1.9322373263206335e-08
discount_ratio,minbid_vs_rtms_all_3m,495,0.024360962120468396,0.5887094375511139,0.2598554318095281,4.413467846363866e-09,False,site_price,valuation,1.9698507992076455e-08
land_area_m2,house_idx_yoy_pct,725,-0.043820153319543774,0.23862765074727285,-0.21536711316955845,4.69019419087536e-09,False,site_price,land_house,2.091615374362848e-08
rtms_apt_n_yoy_pct,kiscon_amt_priv,798,0.17423195338748415,7.342849782713051e-07,0.20527607280982418,4.852181469630738e-09,False,rtms_apt,kiscon,2.1620511931762965e-08
house_idx,rtms_land_n_yoy_pct,798,-0.2281158767955687,7.027250689320014e-11,-0.2048908658323364,5.190617459048549e-09,False,land_house,rtms_land,2.3109268570801492e-08
base_rate,vac_midlarge,798,-0.10956948744683562,0.0019371541559334833,-0.20470987958388362,5.3574393155536365e-09,False,rates,commercial,2.3812325868882205e-08
rtms_apt_n,ah_under_ratio,745,-0.17746709157179313,1.090741864872623e-06,-0.21173358264265785,5.353693342705001e-09,False,rtms_apt,applyhome,2.3812325868882205e-08
capret_midlarge,appr_vs_rtms_all_3m,765,-0.04723604435854935,0.1918667700683438,-0.20874918746670987,5.589209798653241e-09,False,commercial,valuation,2.4821847835048903e-08
rtms_nrg_n,ah_sale_unit_med,733,0.22223918220625605,1.1805929110086581e-09,0.2128695399611657,5.876928602661538e-09,False,rtms_nrg,applyhome,2.605633270185012e-08
apt_idx_yoy_pct,hug_sago_amt_mn,328,0.3684444309412026,5.52946003862066e-12,0.31438376442834404,5.876762025889828e-09,False,land_house,hug,2.605633270185012e-08
cci_civil,spread_AA_KTB,798,0.39468186512360787,3.826632691884589e-31,0.20364205248894426,6.4529436860251196e-09,False,cci,rates,2.858648706642611e-08
apt_idx_yoy_pct,ah_supply_sum,701,0.09471933977601837,0.012107519651871611,0.21667831687269012,6.807175871016115e-09,False,land_house,applyhome,3.013076935622779e-08
rentidx_midlarge,ah_under_ratio,745,-0.431682461126056,3.599607849548461e-35,-0.2093464509032783,7.998576739378922e-09,False,commercial,applyhome,3.53750122625799e-08
house_idx,yield_office,777,-0.3387507441446823,2.5746363893276042e-22,-0.20505579782129155,8.018360263814389e-09,False,land_house,commercial,3.543320027323598e-08
rtms_nrg_med_unit,kiscon_amt_indiv,797,0.15996422343777666,5.6750927526613956e-06,0.2021235235310126,8.574856279749402e-09,False,rtms_nrg,kiscon,3.786107062578039e-08
rtms_apt_n_yoy_pct,kiscon_amt_all,798,0.16469438362652367,2.909390987485292e-06,0.20184928653786527,8.798969227496058e-09,False,rtms_apt,kiscon,3.881855483450612e-08
rtms_apt_n_yoy_pct,ah_sale_unit_med,733,0.28431585917845614,4.263498001408363e-15,0.2103634472004965,8.918155230792899e-09,False,rtms_apt,applyhome,3.9311934063519894e-08
rtms_land_dae_unit_3m,kiscon_amt_all,798,0.12167409880820904,0.0005719547549182956,0.20151341122091887,9.322370904374344e-09,False,rtms_land,kiscon,4.105989886794861e-08
rtms_land_n_3m,kiscon_cnt_pub,798,0.262631792714476,4.6932090142457366e-14,0.200981031485882,1.021443535034172e-08,False,rtms_land,kiscon,4.495192248417875e-08
rtms_apt_n,rtms_fac_unit_3m,765,0.028572559062500162,0.43002622376842126,0.20484705557427285,1.0825551677998168e-08,False,rtms_apt,rtms_fac,4.760215857093438e-08
rtms_land_n,kiscon_amt_pub,798,0.25063592977738613,6.766928579122739e-13,0.20044977428982608,1.118692940414049e-08,False,rtms_land,kiscon,4.915079007718916e-08
cci_civil,ah_under_ratio,745,0.2250609608821966,5.213905222228459e-10,0.20636563949939907,1.311764953664575e-08,False,cci,applyhome,5.758626606933072e-08
rtms_land_n_3m,rtms_apt_n_yoy_pct,798,-0.18256680771369657,2.0701018773465173e-07,-0.19945737217544077,1.3249617513756488e-08,False,rtms_land,rtms_apt,5.8117887486510206e-08
house_idx,unsold_completed,761,0.18722243897564705,1.967952464904002e-07,0.20404287808021446,1.3518806878469316e-08,False,land_house,unsold,5.92500494911274e-08
rtms_apt_n_3m,ah_supply_sum,749,0.25888458220465993,6.185910783171409e-13,0.20553901038112302,1.3749138554207853e-08,False,rtms_apt,applyhome,6.021019152280868e-08
rtms_land_n,rtms_nrg_n_3m,798,0.1501462162678123,2.0536035627378053e-05,0.19912051034524164,1.403021873086252e-08,False,rtms_land,rtms_nrg,6.139081796556619e-08
land_area_m2,min_bid_mn,499,0.009103739538585157,0.8392473294357545,0.2503152875130245,1.4440777571383454e-08,True,site_price,site_price,6.313559907946633e-08
apt_idx,yield_office,777,-0.3268224374706904,8.481599750806631e-21,-0.20129619656732137,1.5130480180834266e-08,False,land_house,commercial,6.60969587638242e-08
rtms_land_med_unit,ah_rate_med,730,-0.03314467688996598,0.37119835051341127,0.20755066580431483,1.5151055753972765e-08,False,rtms_land,applyhome,6.613281233999378e-08
yield_office,rtms_land_n_yoy_pct,777,0.24994065515330863,1.568517090659783e-12,0.20111816345906156,1.5587665190362277e-08,False,commercial,rtms_land,6.798307159287691e-08
nonbank_corp_loan_rate,vac_midlarge,798,-0.11305341596624927,0.0013795850452548264,-0.19846820548182212,1.5670511856395836e-08,False,rates,commercial,6.828869347689368e-08
discount_ratio,excess_pp_med,191,0.3144615391980239,9.408950410946843e-06,0.3946369523284652,1.6123471113128482e-08,False,site_price,excess,7.020537462695276e-08
vac_midlarge,appr_vs_rtms_all_3m,765,0.05934414251723787,0.10097615532655119,0.20241911180669397,1.622784653774494e-08,False,commercial,valuation,7.060235592947291e-08
apt_idx_yoy_pct,unsold_pct_completed,678,0.235040204079434,5.799436201735296e-10,0.21470513930729734,1.639897167236377e-08,False,land_house,unsold,7.128886303425128e-08
rtms_apt_n_3m,rtms_fac_unit_3m,765,0.04621758393894158,0.20163498500218904,0.20231999645759557,1.6496510095302074e-08,False,rtms_apt,rtms_fac,7.165462183556473e-08
rtms_land_dae_n,rtms_fac_n_3m,798,0.025340465348448922,0.4747123706589942,0.19803481121063282,1.6861555085978125e-08,False,rtms_land,rtms_fac,7.318079143240669e-08
apt_idx_yoy_pct,minbid_unit_land_mn_m2,463,0.18492565980814724,6.255849120364211e-05,0.2579832374479161,1.7839874401247087e-08,False,land_house,valuation,7.736399709932537e-08
apt_idx,rtms_land_n_3m,798,0.21156831094228623,1.5832055026708477e-09,0.19743484057804847,1.8656162421266483e-08,False,land_house,rtms_land,8.082365423451429e-08
yield_office,rtms_land_dae_n_3m,777,-0.12793365691423386,0.0003501289246119528,-0.20003623584528132,1.8667890963086804e-08,False,commercial,rtms_land,8.082365423451429e-08
house_idx,rtms_fac_med_unit,733,-0.3286886275209282,6.31242894448286e-20,-0.20549189628548714,1.976949929358194e-08,False,land_house,rtms_fac,8.552387760742932e-08
rtms_land_dae_n,rtms_fac_n,798,0.037243037144220066,0.29335505715195687,0.1969443726840227,2.0259497560833242e-08,False,rtms_land,rtms_fac,8.757278371687578e-08
apt_idx,rtms_land_n,798,0.19770504964464042,1.7826120773611856e-08,0.19667331924073597,2.1202039856599578e-08,False,land_house,rtms_land,9.157294597192079e-08
capret_office,rtms_land_dae_n_3m,777,-0.14749272240050448,3.67059822386548e-05,-0.19899293730149992,2.2192303782267417e-08,False,commercial,rtms_land,9.577259751717827e-08
rtms_apt_n_3m,ah_under_ratio,745,-0.17017168203057698,2.995990177286085e-06,-0.2031415940885866,2.2215004274201703e-08,False,rtms_apt,applyhome,9.579324826948106e-08
rentidx_midlarge,rtms_land_n,798,-0.21323675466433953,1.1694909293451098e-09,-0.19637945607390547,2.227189022743886e-08,False,commercial,rtms_land,9.596115797430746e-08
bank_corp_loan_rate,ktb_3y,798,-0.2769445439888461,1.619582696461379e-15,-0.19612137775857408,2.3254449648767828e-08,True,rates,rates,1.0011396318193364e-07
rtms_land_n_3m,rtms_nrg_n_3m,798,0.1486781852829712,2.477180343128691e-05,0.19582581665169843,2.4431331241544764e-08,False,rtms_land,rtms_nrg,1.0509600011950108e-07
rtms_land_dae_n_3m,unsold_completed,761,0.22168257766987337,6.312778360487984e-10,0.20040838496123375,2.4598604568442613e-08,False,rtms_land,unsold,1.0573049728895712e-07
rtms_land_n,rtms_nrg_n,798,0.15327175366973778,1.3695286940052051e-05,0.1957080525972301,2.4916150487537617e-08,False,rtms_land,rtms_nrg,1.0700936277659729e-07
land_area_m2,yield_midlarge,786,-0.06731591612044525,0.05924312237176871,-0.19709208756407362,2.52471121409025e-08,False,site_price,commercial,1.0834374688395318e-07
rtms_land_dae_med_unit,kiscon_amt_all,797,0.12270391586550433,0.0005170436684512538,0.19559048219282824,2.5925282837999046e-08,False,rtms_land,kiscon,1.1116478535267113e-07
spread_BBB_KTB,rentidx_midlarge,798,-0.1376098608204202,9.627223996506856e-05,-0.1954352490783065,2.6075316151863063e-08,False,rates,commercial,1.1171852200641971e-07
yield_midlarge,rtms_apt_n_3m,798,0.1935401678897729,3.5697726722009076e-08,0.19524320178762908,2.6922492869963177e-08,False,commercial,rtms_apt,1.1525586018870545e-07
rtms_nrg_unit_3m,hug_sago_sgg_flag,798,0.07355906350188621,0.037753596373620024,0.19511264200732617,2.7513588056689627e-08,False,rtms_nrg,hug,1.1769212427129555e-07
capret_midlarge,rtms_land_dae_n,798,-0.18011568878647594,3.0224857095279697e-07,-0.19499007306722993,2.8079931589672993e-08,False,commercial,rtms_land,1.2001870040765907e-07
rtms_land_dae_n_3m,rtms_fac_n_3m,798,0.041067094580889967,0.24654980933450632,0.19475245788783171,2.9210190934863725e-08,False,rtms_land,rtms_fac,1.247499128823613e-07
rentidx_office,ah_rate_med,722,-0.06791057106849172,0.06819668695691444,0.20455964349682754,2.9269368578870668e-08,False,commercial,applyhome,1.249028841111105e-07
rtms_apt_n,kiscon_cnt_priv,798,0.2344581335818063,1.9934991032795008e-11,0.1946793577777786,2.9566679748874616e-08,False,rtms_apt,kiscon,1.2607100208710733e-07
rtms_apt_n,ah_supply_sum,749,0.2540162307440905,1.7095831460992837e-12,0.20040400210807813,3.171763247784447e-08,False,rtms_apt,applyhome,1.3513480546536602e-07
rtms_apt_n,kiscon_amt_pub,798,0.22841315442392157,6.629740531873226e-11,0.1942448247911252,3.17743516508818e-08,False,rtms_apt,kiscon,1.3526867697234476e-07
rtms_land_dae_n,unsold_completed,761,0.23134010494075935,1.0530699052484463e-10,0.19848999102328024,3.3588932072455736e-08,False,rtms_land,unsold,1.4287988845777312e-07
rtms_land_dae_unit_3m,unsold_completed,761,-0.21149340928730967,3.827433805503954e-09,-0.19833944686616248,3.441566674718367e-08,False,rtms_land,unsold,1.462802623984031e-07
rtms_apt_n_yoy_pct,appr_unit_land_mn_m2,765,0.05739514721668836,0.1126977628503554,0.19779570662040877,3.4600895326575455e-08,False,rtms_apt,valuation,1.4695074448864095e-07
unsold_total,ah_rate_med,710,-0.024900707808909007,0.5076934134590767,-0.20401910263131695,4.1472186210998596e-08,False,unsold,applyhome,1.7599347592873767e-07
capret_midlarge,rtms_land_dae_n_3m,798,-0.182805511401689,1.9946424213990162e-07,-0.19248453814037167,4.2465724137722894e-08,False,commercial,rtms_land,1.8006679378620485e-07
rtms_land_n_3m,hug_sago_n,335,0.19100573306263735,0.0004392070138941308,0.29374212928862037,4.3119398158387046e-08,False,rtms_land,hug,1.826936782511058e-07
land_chg_cum12_pct,rentidx_midlarge,798,0.3956462783445522,2.664693822903588e-31,0.19234424843559592,4.3453729248464485e-08,False,land_house,commercial,1.839644420360567e-07
rtms_land_dae_unit_3m,kiscon_amt_indiv,798,0.13404964766525423,0.00014588469981111044,0.19226478569971064,4.4023184102079556e-08,False,rtms_land,kiscon,1.8622782072295837e-07
min_bid_mn,rtms_apt_n_3m,502,0.184926025825293,3.0591829905794435e-05,0.24098649267819106,4.584951957811926e-08,False,site_price,rtms_apt,1.9380030133138632e-07
exited,ah_under_ratio,745,-0.20782473271791896,1.0305995760915317e-08,-0.19832725986293595,4.801685569440738e-08,False,exit,applyhome,2.0280104849762736e-07
appr_vs_rtms_dae_3m,ah_sale_unit_med,706,-0.06510496066754426,0.08387161841501536,-0.2034802237207033,4.9198194810064205e-08,False,valuation,applyhome,2.0762647801847932e-07
house_idx,rtms_fac_n_3m,798,0.07190705242055348,0.04228139352051315,0.19157064186936504,4.9314442039122224e-08,False,land_house,rtms_fac,2.0795293500251303e-07
ap_useapr_day,stcns_delay_days,81,0.29861819910509746,0.006771586080276619,0.5609680377733851,5.122462776557695e-08,True,hub,hub,2.1583773417063827e-07
rtms_land_n,hug_sago_n,335,0.19748947162199615,0.00027580620981539284,0.2920425278538194,5.197416379945479e-08,False,rtms_land,hug,2.188235069572321e-07
rtms_land_n,kiscon_cnt_pub,798,0.26106042824812686,6.70962233748408e-14,0.19121665054828044,5.224467143357536e-08,False,rtms_land,kiscon,2.197893455195338e-07
spread_AA_KTB,exited,798,-0.23364299888032103,2.3487750653745555e-11,-0.1910514979601636,5.366870921068766e-08,False,rates,exit,2.256026636395809e-07
house_idx_yoy_pct,ah_sale_unit_med,685,0.5183570917265694,2.2807249407906206e-48,0.20591806842533295,5.390299319984957e-08,False,land_house,applyhome,2.2640950875066433e-07
appraisal_mn,minbid_vs_rtms_all_3m,498,-0.01601595913121646,0.7214395890489225,0.24052590719892855,5.5091347002347196e-08,False,site_price,valuation,2.3121933471079315e-07
spread_AA_KTB,kiscon_cnt_priv_yoy_pct,798,-0.17748793446243308,4.509324650517577e-07,-0.19087323865400532,5.52478854939481e-08,False,rates,kiscon,2.3169446567540433e-07
house_idx_yoy_pct,ah_supply_sum,701,0.11110421263708684,0.003224182027434187,0.20331307750918462,5.6288598872462206e-08,False,land_house,applyhome,2.3587393273593685e-07
bank_loan_rate_all,cci_total,798,-0.2729813388170931,4.197612670664443e-15,-0.19073109600594074,5.6539227434082624e-08,False,rates,cci,2.367386445497571e-07
rtms_nrg_n,ah_n_pblanc,749,0.140019803047306,0.00012075038508435723,0.1966611148161748,5.75400204890382e-08,False,rtms_nrg,applyhome,2.407406021556238e-07
vac_office,minbid_vs_rtms_dae_3m,490,0.05556555241492745,0.2195208398673159,0.2420902833784517,5.7588828917411716e-08,False,commercial,valuation,2.4075642550539517e-07
ap_stcns_day,kfb_understated,140,-0.45794905766254,1.2775705016039818e-08,-0.438726737437123,5.8936341418871674e-08,False,hub,exit,2.461973574739897e-07
house_idx_yoy_pct,unsold_pct_completed,678,0.2168570064874304,1.1688220902579233e-08,0.2060125200358212,6.214809485825042e-08,False,land_house,unsold,2.594112905597697e-07
rtms_land_dae_med_unit,unsold_completed,760,-0.2154793936825655,1.9584559017355174e-09,-0.19373219308892778,7.320691163953635e-08,False,rtms_land,unsold,3.05333351432606e-07
apt_idx_yoy_pct,ah_rate_med,685,-0.01578165003495417,0.6801073676520887,0.20372830905029524,7.496210580068308e-08,False,land_house,applyhome,3.1241027257696995e-07
min_bid_mn,rtms_land_dae_unit_3m,502,0.23439419539689538,1.0796363455785002e-07,0.23689781101609364,7.821808505709927e-08,False,site_price,rtms_land,3.257259352027335e-07
min_bid_mn,rtms_land_dae_med_unit,501,0.23452830730418078,1.0927304492013236e-07,0.23692858701039662,8.026589968434595e-08,False,site_price,rtms_land,3.339935919161072e-07
house_idx,rtms_fac_n,798,0.05982231362650818,0.09126201688947033,0.18809799350026646,8.64680392631746e-08,False,land_house,rtms_fac,3.5952146651648104e-07
rtms_apt_med_unit,kiscon_cnt_indiv,798,0.3145329175338842,8.761321635132637e-20,0.18793806601133836,8.871116085034421e-08,False,rtms_apt,kiscon,3.6856144294233914e-07
base_rate,ah_supply_sum,749,-0.20405189689271214,1.7554225834008868e-08,-0.19355221491856914,9.354918814772812e-08,False,rates,applyhome,3.883598672561353e-07
rtms_land_dae_n_3m,rtms_fac_n,798,0.049171519880260486,0.16522745736227296,0.1875912581516064,9.377027607336485e-08,False,rtms_land,rtms_fac,3.8897569136096343e-07
vac_office,ah_supply_sum,738,-0.3293622528296535,3.929189585809545e-20,-0.1948138925797772,9.577323621921761e-08,False,commercial,applyhome,3.969763519877183e-07
bank_facility_loan_rate,ah_supply_sum,749,-0.25251725540024217,2.3279126574664176e-12,-0.1933864232495703,9.598422199100759e-08,False,rates,applyhome,3.9754270719280987e-07
spread_AA_KTB,yield_office,777,0.1558439566897833,1.2782117278700012e-05,0.1896820512247946,9.970681691360043e-08,False,rates,commercial,4.1264113779955227e-07
yield_midlarge,appr_vs_rtms_all_3m,765,-0.05190516180858508,0.1515023129172306,-0.19100515790796266,1.0185190126618037e-07,False,commercial,valuation,4.2119266517421997e-07
appr_unit_land_mn_m2,hug_sago_last_yr,319,-0.004087748526644022,0.9420263687912664,-0.29260091326529236,1.0238542444714655e-07,False,valuation,hug,4.230717654705507e-07
minbid_vs_rtms_dae_3m,ah_sale_unit_med,471,-0.0612758935083486,0.18432472614702963,-0.24205312650503652,1.0462688998538872e-07,False,valuation,applyhome,4.3199998513658184e-07
house_idx_yoy_pct,ah_rate_med,685,-0.018624791520277913,0.6265351731540935,0.20119617656244024,1.0927152266947835e-07,False,land_house,applyhome,4.5082934545810244e-07
spread_BBB_KTB,yield_office,777,0.14518900199782098,4.862701649376244e-05,0.18840466811053283,1.2183358614813263e-07,False,rates,commercial,5.022699962483155e-07
rtms_nrg_med_unit,hug_sago_sgg_flag,797,0.05339582704270869,0.13203219452993353,0.1859403023729191,1.2416798352925e-07,False,rtms_nrg,hug,5.114993897772726e-07
rtms_land_unit_3m,ah_rate_med,730,-0.03375932529425786,0.36238849471365125,0.1939981330087426,1.2720592478347527e-07,False,rtms_land,applyhome,5.23610531037138e-07
rtms_land_med_unit,rtms_nrg_n,798,0.22055512158225465,3.0075023376096635e-10,0.18541138594583295,1.3256682449974123e-07,False,rtms_land,rtms_nrg,5.452575466154741e-07
land_area_m2,vac_midlarge,786,0.0620743989700126,0.0819984500177498,0.186501581222647,1.3893191796107895e-07,False,site_price,commercial,5.70998436078316e-07
rtms_land_n_3m,rtms_nrg_n,798,0.1459037843703577,3.5138741416584724e-05,0.18474912949941225,1.4715215631432138e-07,False,rtms_land,rtms_nrg,6.043184176748667e-07
unsold_completed,hug_sago_last_yr,324,0.3001269813037659,3.610389743966557e-08,0.28664358136339757,1.5191596386304554e-07,False,unsold,hug,6.234034219307019e-07
land_area_m2,ap_stcns_day,141,-0.20026840077149555,0.01726283602840637,-0.4241673115000892,1.592694329114372e-07,False,site_price,hub,6.530779584182935e-07
cci_yoy_pct,ah_n_pblanc,749,0.14368771675294645,7.935037346233738e-05,0.1900530566668484,1.6014664106686627e-07,False,cci,applyhome,6.561717163099877e-07
appr_vs_rtms_all_3m,ah_n_pblanc,720,-0.025750563909721594,0.4902734331057729,-0.1937055188546565,1.6203960508920767e-07,False,valuation,applyhome,6.634194245114804e-07
rtms_apt_med_unit,ah_supply_sum,749,0.022355868657458373,0.5412744832049114,0.1895142050024328,1.7381563116690867e-07,False,rtms_apt,applyhome,7.110881253630151e-07
appr_unit_land_mn_m2,kiscon_amt_priv,765,0.03339854121488583,0.3562653127266998,0.18752478662713692,1.7451799222359224e-07,False,valuation,kiscon,7.134156761617337e-07
rtms_apt_n_3m,kiscon_cnt_priv,798,0.22828593740882802,6.79708924155585e-11,0.18346235159656107,1.8004456654717458e-07,False,rtms_apt,kiscon,7.35445605292393e-07
rtms_apt_unit_3m,kiscon_cnt_indiv,798,0.31394957678390567,1.0319759566063509e-19,0.18343013198614116,1.8095303044137245e-07,False,rtms_apt,kiscon,7.385922547862737e-07
rtms_land_med_unit,kiscon_cnt_priv,798,0.15336624118592268,1.3526890199417313e-05,0.18333988062660436,1.8352136588341968e-07,False,rtms_land,kiscon,7.485039995260451e-07
rtms_land_n_3m,hug_sago_last_yr,335,0.16979814921917424,0.0018154097513953076,0.28011164367023617,1.8637611101633422e-07,False,rtms_land,hug,7.595678853691609e-07
house_idx,rtms_land_n_3m,798,0.2073525095740916,3.365985817437063e-09,0.1832036898366971,1.8746372572104556e-07,False,land_house,rtms_land,7.634185387893607e-07
appraisal_mn,minbid_vs_rtms_dae_3m,498,-0.0240806689654688,0.5918829006711561,0.23088765968529587,1.8875839585893527e-07,False,site_price,valuation,7.681058924335821e-07
bank_facility_loan_rate,spread_BBB_KTB,798,0.0634722517788917,0.07313016962034936,0.18303104884256358,1.9257877948254825e-07,True,rates,rates,7.83056071401662e-07
min_bid_mn,rtms_apt_n,502,0.17253497764553305,0.00010222667509676738,0.22980444071911468,1.9311428037213614e-07,False,site_price,rtms_apt,7.846368215424103e-07
rtms_land_dae_med_unit,kiscon_amt_indiv,797,0.13506740979517326,0.00013094849049284733,0.18282458548469788,2.024014346007083e-07,False,rtms_land,kiscon,8.217467508048499e-07
rtms_apt_med_unit,kiscon_cnt_priv,798,0.3147210911125182,8.309991894140081e-20,0.1826820662019941,2.0333286182598414e-07,False,rtms_apt,kiscon,8.249019819298461e-07
bank_corp_loan_rate,ah_supply_sum,749,-0.22885188275036805,2.3426266410688085e-10,-0.18829925659296493,2.0888933990061773e-07,False,rates,applyhome,8.468015924553473e-07
rtms_nrg_n_3m,kiscon_amt_indiv,798,0.14485560907699652,4.0034954374439005e-05,0.1824911388266811,2.0945920042037364e-07,False,rtms_nrg,kiscon,8.484684429149529e-07
apt_idx,unsold_completed,761,0.18158492137190685,4.583103446693356e-07,0.18673886659962335,2.1181171984683168e-07,False,land_house,unsold,8.573484224231711e-07
rtms_land_n,rtms_apt_n_yoy_pct,798,-0.15601420792272752,9.534992873551723e-06,-0.18208645498071138,2.2303852587690525e-07,False,rtms_land,rtms_apt,9.021081678243663e-07
cci_total,spread_AA_KTB,798,0.3997111995732874,5.720819494238345e-32,0.18200116892542906,2.260067496352731e-07,False,cci,rates,9.134225928192028e-07
house_idx,rtms_land_n,798,0.19370977368609854,3.47126153171858e-08,0.18190315831616058,2.294648798195894e-07,False,land_house,rtms_land,9.266984232593236e-07
rtms_apt_unit_3m,ah_supply_sum,749,0.019759699470219043,0.5892451065837739,0.18712601487776365,2.4917915612874543e-07,False,rtms_apt,applyhome,1.0055554323172844e-06
rtms_land_n_yoy_pct,hug_sago_sgg_flag,798,0.009633626764545822,0.7858380805158297,0.1810426040612804,2.621000406826723e-07,False,rtms_land,hug,1.0568996361464922e-06
capret_office,rtms_land_n,777,-0.10856270600353038,0.002443567088400459,-0.18307366419083354,2.7708873785118735e-07,False,commercial,rtms_land,1.1164984787417474e-06
apt_idx,ah_sale_unit_med,733,-0.39103786393891227,3.4082325809829655e-28,-0.1882264579271507,2.8471751617873746e-07,False,land_house,applyhome,1.1463739149154437e-06
rtms_nrg_unit_3m,rtms_land_n_yoy_pct,798,0.3241544938979576,5.583939620353358e-21,0.1801057127285778,3.0271134815590203e-07,False,rtms_nrg,rtms_land,1.2179063796761538e-06
rtms_land_n_3m,kiscon_cnt_all,798,0.21576365424700503,7.357255588153983e-10,0.17989503563724804,3.126454046026111e-07,False,rtms_land,kiscon,1.25692855519561e-06
apt_idx_yoy_pct,rtms_apt_n_yoy_pct,737,0.29198889524896177,5.94979332213866e-16,0.1870360139384737,3.150999977299499e-07,False,land_house,rtms_apt,1.2658449946371466e-06
vac_office,minbid_vs_rtms_all_3m,490,0.07985939544204325,0.07738415650116147,0.22853675033436235,3.157643961321165e-07,False,commercial,valuation,1.2675617313201405e-06
rtms_apt_unit_3m,kiscon_cnt_priv,798,0.3142728473974609,9.42513373356711e-20,0.17982050426369123,3.1623443892919273e-07,False,rtms_apt,kiscon,1.2684962827864918e-06
rtms_nrg_n_3m,minbid_unit_land_mn_m2,498,0.1280360550151009,0.00421177849716221,0.22666391050314671,3.184520817398442e-07,False,rtms_nrg,valuation,1.2764342436753724e-06
appr_unit_land_mn_m2,ap_useapr_day,96,0.13211019692020368,0.1994618855249013,0.49306994496278644,3.330631616900339e-07,False,valuation,hub,1.3339990453607574e-06
rtms_apt_unit_3m,hug_sago_sgg_flag,798,0.05078766705880079,0.1517516817029728,0.17941677430015826,3.3637653851606476e-07,False,rtms_apt,hug,1.346261490602843e-06
rtms_land_unit_3m,kiscon_cnt_priv,798,0.1660331449507813,2.4091857372798597e-06,0.1791203894905091,3.519441709810694e-07,False,rtms_land,kiscon,1.4075134496901856e-06
rtms_land_n_3m,ah_supply_sum,749,0.2892963063917892,6.608289696577443e-16,0.1847154187287191,3.567595392957779e-07,False,rtms_land,applyhome,1.4257049750482245e-06
house_idx_yoy_pct,minbid_unit_land_mn_m2,463,0.17841693615961468,0.00011352207471972874,0.23366134484590034,3.680964639975474e-07,False,land_house,valuation,1.4699117199364347e-06
rtms_fac_med_unit,rtms_land_n_yoy_pct,733,0.16846692652272094,4.5159866511922e-06,0.18621509825388433,3.8252717575434536e-07,False,rtms_fac,rtms_land,1.5263976184764812e-06
house_idx,ah_sale_unit_med,733,-0.40042449221742626,1.3308280061229156e-29,-0.1861014737105423,3.8892499551257816e-07,False,land_house,applyhome,1.550769538408468e-06
cci_yoy_pct,ah_under_ratio,745,0.22128884096814244,1.0233814489909469e-09,0.18456699865669138,3.9183203931273994e-07,False,cci,applyhome,1.5611966573809391e-06
min_bid_mn,appr_vs_rtms_dae_3m,499,-0.015402651517906098,0.7314279633356372,0.22453427437085333,4.020391748384734e-07,False,site_price,valuation,1.6006727236495288e-06
nonbank_corp_loan_rate,ah_n_pblanc,749,-0.09975480317530978,0.0062887316064371875,-0.1836904550638867,4.149849271248267e-07,False,rates,applyhome,1.6509854206372386e-06
minbid_unit_land_mn_m2,hug_sago_last_yr,210,-0.2437373235962329,0.0003639634319111321,-0.34070870846433654,4.19074728955925e-07,False,valuation,hug,1.6660167849273839e-06
appr_vs_rtms_dae_3m,br_useapr_day,218,0.12178367996015954,0.07273945814149708,0.33463941605445774,4.212353565588962e-07,False,valuation,hub,1.6733621482321083e-06
min_bid_mn,appr_vs_rtms_all_3m,499,-0.016021791098794196,0.721073058274871,0.22399169500087404,4.294402841286857e-07,False,site_price,valuation,1.7046898286830604e-06
rtms_apt_med_unit,hug_sago_sgg_flag,798,0.04883065066471645,0.16818114897143338,0.17779648353637412,4.303703984193101e-07,False,rtms_apt,hug,1.7071146293383168e-06
rtms_apt_n_yoy_pct,hug_sago_sgg_flag,798,0.13696096879150121,0.00010392740223743795,0.177730353459681,4.346999063640831e-07,False,rtms_apt,hug,1.7230099327863251e-06
rtms_apt_n,kiscon_amt_indiv,798,0.25422190552818175,3.0918556740964847e-13,0.17768514372173097,4.3768387236422285e-07,False,rtms_apt,kiscon,1.7335523448381477e-06
rtms_fac_med_unit,appr_vs_rtms_all_3m,704,-0.03928743185794225,0.29789277426488314,-0.1889838426267943,4.3954758415410257e-07,False,rtms_fac,valuation,1.7396453978327065e-06
rtms_land_med_unit,rtms_nrg_n_3m,798,0.17690245775196145,4.925790397031322e-07,0.17764842989219867,4.40121587428156e-07,False,rtms_land,rtms_nrg,1.740628792883395e-06
unsold_total,appr_unit_land_mn_m2,734,-0.04434254250176552,0.23018200349636145,-0.18512015736973939,4.406016966029261e-07,False,unsold,valuation,1.741239668688726e-06
bldg_area_m2,appr_vs_rtms_dae_3m,278,-0.024024952263522192,0.6900194335721097,0.29732619036588964,4.424090037330766e-07,False,site_price,valuation,1.7470907998233092e-06
rtms_land_n_yoy_pct,kiscon_amt_priv,798,0.09112681197540742,0.01000788074356266,0.17728926073863244,4.6466945929028045e-07,False,rtms_land,kiscon,1.8336439843727894e-06
min_bid_mn,land_chg_pct,502,0.25905611377932813,3.84727590206221e-09,0.2226247272249252,4.6815588258675727e-07,False,site_price,land_house,1.8460394573682826e-06
rtms_nrg_n,minbid_unit_land_mn_m2,498,0.1297962093312361,0.0037135067511765356,0.22315845516978372,4.877954384555663e-07,False,rtms_nrg,valuation,1.9220650032585945e-06
rtms_land_dae_unit_3m,appr_vs_rtms_all_3m,765,-0.043116780859636744,0.23359269394282114,-0.18041916246633008,5.080032484681243e-07,False,rtms_land,valuation,2.0002160306031373e-06
cci_resi,ah_under_ratio,745,0.222107321775052,8.849797055817854e-10,0.18254895698039722,5.26319742347383e-07,False,cci,applyhome,2.0708106418921685e-06
bank_loan_rate_all,kiscon_cnt_priv_yoy_pct,798,0.17478632378048392,6.762177670810046e-07,0.17627030157410808,5.416980252422229e-07,False,rates,kiscon,2.1297495154192397e-06
vac_midlarge,unsold_completed,761,0.10009160995378215,0.005717565984349838,0.18035874358797116,5.489399416600664e-07,False,commercial,unsold,2.156636199894471e-06
ah_n_pblanc,ah_rate_med,730,-0.0754486171819283,0.04155779340986031,0.18387291195658842,5.668903220288984e-07,True,applyhome,applyhome,2.2255231658506017e-06
cd_91d,yield_midlarge,798,0.13633885587808464,0.00011180207013203546,0.17590659845587206,5.720595535779222e-07,False,rates,commercial,2.2441690630822818e-06
appr_vs_rtms_all_3m,br_useapr_day,218,0.04665093679647846,0.4932139087494464,0.330949063933347,5.735308315612645e-07,False,valuation,hub,2.2482913169780655e-06
vac_office,rtms_apt_n_yoy_pct,777,-0.1923972107722944,6.482321099712936e-08,-0.17788344484574903,6.027939974534989e-07,False,commercial,rtms_apt,2.361274362185977e-06
rtms_land_dae_med_unit,hug_sago_sgg_flag,797,0.0036313068229890735,0.9184744689402787,0.17561028557442354,6.077955675696771e-07,False,rtms_land,hug,2.379123645530793e-06
min_bid_mn,land_chg_cum12_pct,502,0.24786654952371684,1.825755471609952e-08,0.22025520123484374,6.230624858461182e-07,False,site_price,land_house,2.4370995697287447e-06
house_idx_yoy_pct,vac_office,737,-0.2614914907704618,5.484534419681362e-13,-0.18228039050643993,6.296388487292838e-07,False,land_house,commercial,2.4610226053768136e-06
capret_office,rtms_land_n_3m,777,-0.11007314207224995,0.002121603958823796,-0.17696478093812779,6.900892407214964e-07,False,commercial,rtms_land,2.695330292284763e-06
rtms_land_n,rtms_land_n_yoy_pct,798,-0.19345521637809598,3.620126459486335e-08,-0.17456421817028792,6.989312022645425e-07,True,rtms_land,rtms_land,2.7278723638748237e-06
rtms_land_unit_3m,rtms_nrg_n,798,0.24025890907810032,6.095782955770456e-12,0.17449831549532063,7.058106452971956e-07,False,rtms_land,rtms_nrg,2.7527129981065685e-06
apt_idx,rtms_fac_n_3m,798,0.07310319870364472,0.03895988404862962,0.1744247244320025,7.135696188337882e-07,False,land_house,rtms_fac,2.780945154449173e-06
ktb_3y,ah_under_ratio,745,0.21520345319129391,2.961669620514957e-09,0.180091444247271,7.505908106166057e-07,False,rates,applyhome,2.9230947300560746e-06
rtms_fac_med_unit,kiscon_amt_priv,733,0.09245063442805751,0.012276371411128424,0.181469621663159,7.58163851801683e-07,False,rtms_fac,kiscon,2.950438220948762e-06
land_chg_cum12_pct,rtms_nrg_n_yoy_pct,797,-0.08347313116967257,0.018425154218559767,-0.17405991953451447,7.653840505352239e-07,False,land_house,rtms_nrg,2.9763698314267944e-06
nonbank_corp_loan_rate,ah_supply_sum,749,-0.20529919892890072,1.4303420925238923e-08,-0.1792160889417409,7.949995749239767e-07,False,rates,applyhome,3.089289772615192e-06
rtms_land_n,hug_sago_last_yr,335,0.1726712311961921,0.001511578070191262,0.2656293504826399,8.116902656318834e-07,False,rtms_land,hug,3.151857552893014e-06
base_rate,ah_n_pblanc,749,-0.09439645744927702,0.009741045547632318,-0.17893543913647916,8.276455709610697e-07,False,rates,applyhome,3.2114810362328298e-06
cd_91d,cci_yoy_pct,798,0.2495937129794823,8.477403604186183e-13,0.1733967143219292,8.309145890502845e-07,False,rates,cci,3.2218276342653164e-06
apt_idx_yoy_pct,rtms_land_n,737,-0.14886790707023995,4.966538031355098e-05,-0.18025753620385138,8.406666266820191e-07,False,land_house,rtms_land,3.25727858903533e-06
capret_midlarge,minbid_vs_rtms_all_3m,498,-0.035339804536865825,0.43133804311647056,-0.21838959896715415,8.617453914996565e-07,False,commercial,valuation,3.336533387652906e-06
rtms_land_n,kiscon_cnt_all,798,0.21553989677239788,7.667250397209002e-10,0.17299954328080033,8.810447631452607e-07,False,rtms_land,kiscon,3.40878896420963e-06
cci_nonresi,vac_midlarge,798,0.08528322441635795,0.015962502119795226,0.1726696442520758,9.248820535808277e-07,False,cci,commercial,3.5758093568305757e-06
yield_midlarge,minbid_unit_land_mn_m2,498,0.1653631439872852,0.00021013971110990954,0.2176823549335272,9.366180632646876e-07,False,commercial,valuation,3.6185670406620548e-06
base_rate,ah_under_ratio,745,-0.2087299291191016,8.865651983525161e-09,-0.17820457089096536,9.82534244278576e-07,False,rates,applyhome,3.7932206528213326e-06
apt_idx,rtms_fac_n,798,0.062334083185185754,0.07843829115392165,0.17174894961144138,1.0585946488422027e-06,False,land_house,rtms_fac,4.08391456519427e-06
rtms_land_n,ah_supply_sum,749,0.28596755467279755,1.457458987124031e-15,0.17703497209223956,1.0851229864648857e-06,False,rtms_land,applyhome,4.183239083365353e-06
rtms_land_unit_3m,rtms_nrg_n_3m,798,0.2161240299743803,6.883469150510662e-10,0.17140999068161122,1.1123499072417714e-06,False,rtms_land,rtms_nrg,4.285111638344201e-06
house_idx_yoy_pct,rtms_apt_n_yoy_pct,737,0.2852000682641644,2.9284114209630504e-15,0.1777861998242318,1.1914967168827766e-06,False,land_house,rtms_apt,4.586704784141257e-06
appr_unit_land_mn_m2,ah_n_pblanc,720,0.005431185780450761,0.8843304311178513,0.17982413047740275,1.1951146692993507e-06,False,valuation,applyhome,4.597322400534984e-06
spread_BBB_KTB,ah_rate_med,730,-0.015759988281253776,0.6707578496118886,-0.1784999357395164,1.2125891296158456e-06,False,rates,applyhome,4.661189127286791e-06
br_useapr_day,stcns_delay_days,77,0.2977218273067485,0.008546309060655602,0.5202610784012541,1.2367362598264097e-06,True,hub,hub,4.7505953888590605e-06
apt_idx_yoy_pct,rtms_land_n_3m,737,-0.1540223676626865,2.6768827352233702e-05,-0.17749414958971804,1.2412388005396642e-06,False,land_house,rtms_land,4.764467958711834e-06
vac_office,kiscon_amt_pub,777,-0.3754458123764407,2.039546493123016e-27,-0.17245812512769484,1.3263822854425814e-06,False,commercial,kiscon,5.087637073358309e-06
cci_nonresi,ah_supply_sum,749,0.19466057409843784,7.873792238568479e-08,0.17491632110485106,1.4626762826453323e-06,False,cci,applyhome,5.60640149340831e-06
yield_office,rtms_land_n,777,-0.06945928226048882,0.05294382664740099,-0.17168223613096753,1.4818055806628224e-06,False,commercial,rtms_land,5.675655042839621e-06
rtms_fac_unit_3m,minbid_vs_rtms_all_3m,476,-0.05265824801766887,0.25152946064732695,-0.21839234665536147,1.506146026753196e-06,False,rtms_fac,valuation,5.764755050142691e-06
rtms_land_dae_unit_3m,hug_sago_sgg_flag,798,0.01401960597750617,0.6925204179924166,0.16922107471690973,1.5280863072148402e-06,False,rtms_land,hug,5.8445475569941e-06
cd_91d,kiscon_cnt_priv_yoy_pct,798,-0.11979248589841393,0.0006965885319768763,-0.16885804116500033,1.610092082160578e-06,False,rates,kiscon,6.153797257550116e-06
corp_bond_BBB3y,ah_under_ratio,745,0.21109140158475465,5.96707284150776e-09,0.17460757521245013,1.6288880290553098e-06,False,rates,applyhome,6.221188779541958e-06
corp_bond_AA3y,ah_under_ratio,745,0.20855298434820724,9.13090788848392e-09,0.1745585956718981,1.640023583318857e-06,False,rates,applyhome,6.259247751610227e-06
rtms_land_n_3m,rtms_fac_n_yoy_pct,737,0.12687460515732482,0.0005554709788023926,0.17547209180430348,1.6445316475391134e-06,False,rtms_land,rtms_fac,6.271976262048245e-06
rtms_apt_med_unit,ah_rate_med,730,0.01640111715275311,0.6581967755984057,0.17622992264190787,1.660720985422934e-06,False,rtms_apt,applyhome,6.329205352142856e-06
yield_office,appr_vs_rtms_all_3m,745,-0.04603955541078389,0.20940948520024802,-0.17436592130269082,1.6845411060664876e-06,False,commercial,valuation,6.415414027163468e-06
rentidx_midlarge,rtms_land_dae_n_3m,798,-0.16394201726686647,3.2326711234331734e-06,-0.1684445581151964,1.7086376108704668e-06,False,commercial,rtms_land,6.502551818736218e-06
rtms_apt_n,kiscon_cnt_all,798,0.22736775693180772,8.13338644084876e-11,0.16843656125203255,1.7105993852340593e-06,False,rtms_apt,kiscon,6.505387562479741e-06
vac_midlarge,minbid_vs_rtms_all_3m,498,0.054478997974297075,0.22490245115090995,0.2123666549761855,1.7364766357530473e-06,False,commercial,valuation,6.599104883704011e-06
rtms_land_n,rtms_fac_n_yoy_pct,737,0.12362029204016514,0.0007703783870569468,0.17500493326997835,1.7541793892778448e-06,False,rtms_land,rtms_fac,6.6616457347078375e-06
capret_office,appr_vs_rtms_all_3m,745,-0.04172211345285944,0.2553814921983641,-0.17405371911510928,1.7591461203376075e-06,False,commercial,valuation,6.675766008122915e-06
bank_loan_rate_all,kiscon_amt_pub,798,0.1768965592701271,4.930168850374857e-07,0.16812794213094864,1.7879817770309067e-06,False,rates,kiscon,6.78038195871224e-06
apt_idx,minbid_unit_land_mn_m2,498,-0.16209836455694604,0.000280870289135518,-0.21198780464818456,1.8135027870439768e-06,False,land_house,valuation,6.872288733043333e-06
apt_idx_yoy_pct,vac_office,737,-0.2540915743646779,2.531795418361504e-12,-0.17471117028144653,1.8266836465719643e-06,False,land_house,commercial,6.917335310354315e-06
min_bid_mn,rtms_land_unit_3m,502,0.10751914147023214,0.01595299369148059,0.2109880676249342,1.848942600536556e-06,False,site_price,rtms_land,6.996670973155672e-06
bldg_area_m2,appr_vs_rtms_all_3m,278,-0.017674404270604755,0.7692268727575874,0.28127741204408596,1.8861496093745212e-06,False,site_price,valuation,7.1324200575145445e-06
rtms_land_med_unit,kiscon_cnt_indiv,798,0.14813086086149468,2.655373313342143e-05,0.16772597943548445,1.8938146853826812e-06,False,rtms_land,kiscon,7.156344256354202e-06
spread_AA_KTB,yield_midlarge,798,0.12313573205922732,0.000489804604506572,0.16771470124472623,1.8968690841124204e-06,False,rates,commercial,7.162824147421689e-06
bank_corp_loan_rate,kiscon_amt_priv_yoy_pct,798,-0.10343127785698894,0.0034435923018270643,-0.16769248210924395,1.9029003741458014e-06,False,rates,kiscon,7.180528087902329e-06
rtms_apt_n_3m,unsold_total,761,0.19760776367958588,3.872252473456872e-08,0.17151839735234933,1.944790592428809e-06,False,rtms_apt,unsold,7.333424046344741e-06
vac_midlarge,minbid_vs_rtms_dae_3m,498,0.02347167283116319,0.6012891432093985,0.21132964247052538,1.9551622464421414e-06,False,commercial,valuation,7.36733793638205e-06
rtms_apt_n_3m,kiscon_amt_pub,798,0.19983621119067202,1.2422031905392695e-08,0.16742147424217993,1.977960348291889e-06,False,rtms_apt,kiscon,7.4479957621948804e-06
rentidx_office,appr_unit_land_mn_m2,745,0.10209176571701106,0.005284257014579388,0.1730744342302796,2.014277643090471e-06,False,commercial,valuation,7.57941066685767e-06
apt_idx,appr_unit_land_mn_m2,765,-0.11658575617018915,0.0012363801352190194,-0.1708101915756242,2.0180038673204645e-06,False,land_house,valuation,7.588091897723294e-06
cci_bldg,vac_midlarge,798,0.08424306893558318,0.017299700605370633,0.167264782598876,2.022645249120304e-06,False,cci,commercial,7.60019968169098e-06
bank_facility_loan_rate,kiscon_amt_priv_yoy_pct,798,-0.1127917967625182,0.0014156636686688412,-0.16704329619182634,2.087462248593466e-06,False,rates,kiscon,7.838244833728415e-06
cci_plant,vac_midlarge,798,0.09033125285900753,0.010680597479285523,0.16701673734981373,2.0953669713753733e-06,False,cci,commercial,7.862405049785349e-06
rtms_nrg_med_unit,unsold_total,760,-0.17488345113546327,1.2302799397325383e-06,-0.17101804845268168,2.1176721942663743e-06,False,rtms_nrg,unsold,7.940528206691656e-06
ah_supply_sum,ah_sale_unit_med,733,-0.04975151090492874,0.17846203724436022,0.17398085898260865,2.153083737277979e-06,True,applyhome,applyhome,8.06765153694839e-06
min_bid_mn,rtms_land_med_unit,502,0.11053457005903276,0.01321248516952408,0.2091798919903902,2.273401084860253e-06,False,site_price,rtms_land,8.512517927694518e-06
appraisal_mn,rtms_land_n,768,-0.07387921516835655,0.04067146001014868,-0.16956734747552718,2.2921406899668806e-06,False,site_price,rtms_land,8.57668038436173e-06
hug_sago_n,kiscon_cnt_priv,335,0.2147550159107608,7.423209827827785e-05,0.2543862188502054,2.4000246137912267e-06,False,hug,kiscon,8.974078048910272e-06
rtms_land_n_3m,unsold_completed,761,0.1565433171036582,1.4371083484187169e-05,0.16995247481588627,2.417311361296818e-06,False,rtms_land,unsold,9.03239961485261e-06
rtms_apt_n,unsold_total,761,0.18507623175348054,2.7234322601438026e-07,0.16973013499313344,2.4927311887952334e-06,False,rtms_apt,unsold,9.307705074363207e-06
hug_sago_n,ah_supply_sum,328,0.20138294954824548,0.00024164571138789807,0.2563382905442148,2.556349178637208e-06,False,hug,applyhome,9.538589712612109e-06
cci_yoy_pct,ah_sale_unit_med,733,0.02661520907584979,0.47184699745386166,0.17246504944353158,2.645523067653439e-06,False,cci,applyhome,9.864443404981129e-06
apt_idx_yoy_pct,rtms_land_dae_n,737,-0.14212124174113694,0.000108216596650795,-0.17167969661049456,2.7635754576678507e-06,False,land_house,rtms_land,1.0297448064216026e-05
rtms_land_dae_unit_3m,appr_vs_rtms_dae_3m,765,-0.05792916417074467,0.10938442979303886,-0.16850909466749486,2.7769531764267282e-06,False,rtms_land,valuation,1.034008957824075e-05
cd_91d,exited,798,-0.1330187357294889,0.00016423120241057735,-0.16495740814186619,2.803860318495927e-06,False,rates,exit,1.0433014003477887e-05
rtms_land_n,unsold_completed,761,0.1563190235967806,1.4788150415017272e-05,0.16878473285366208,2.8393458254084966e-06,False,rtms_land,unsold,1.0557706626188617e-05
yield_office,rtms_land_n_3m,777,-0.07015836808416571,0.05059420186230109,-0.1669470396149166,2.882987296723381e-06,False,commercial,rtms_land,1.0712531671702514e-05
bank_loan_rate_all,cci_resi,798,-0.26176293957433794,5.720424600544663e-14,-0.16450628684283405,2.9871806558691017e-06,False,rates,cci,1.109198261592506e-05
vac_office,kiscon_cnt_pub,777,-0.2897457286205297,1.7078112158201647e-16,-0.16664367075667214,3.0067025434316014e-06,False,commercial,kiscon,1.1156723455745158e-05
rtms_land_unit_3m,kiscon_cnt_indiv,798,0.16230786591245755,4.0573833714935e-06,0.16361923836098938,3.3816629900678884e-06,False,rtms_land,kiscon,1.2539356454849513e-05
rtms_apt_unit_3m,ah_rate_med,730,0.016837237652511605,0.6497066730191894,0.1706767489786391,3.524803426601827e-06,False,rtms_apt,applyhome,1.3061069939043637e-05
ah_rate_med,kiscon_cnt_pub,730,-0.11612313828512799,0.0016737694809737034,0.1703639861875297,3.674822242323378e-06,False,applyhome,kiscon,1.3607530837744531e-05
rtms_apt_n,kiscon_cnt_indiv,798,0.23895053865963847,7.98511347657976e-12,0.16292896181660352,3.722652839679802e-06,False,rtms_apt,kiscon,1.3775103621984709e-05
capret_midlarge,rtms_land_n,798,-0.1493878565948495,2.262992611574907e-05,-0.16219139566818885,4.1232787648747585e-06,False,commercial,rtms_land,1.5247006608426923e-05
rtms_nrg_unit_3m,appr_vs_rtms_dae_3m,765,-0.06894891862093747,0.056626425128095494,-0.1655521418939124,4.159309038330112e-06,False,rtms_nrg,valuation,1.536960983272364e-05
land_area_m2,unsold_completed,750,-0.007404561684663178,0.8395674301852102,0.1671139736955962,4.197289970427564e-06,False,site_price,unsold,1.549924687284267e-05
capret_midlarge,rtms_land_n_3m,798,-0.15804033565895775,7.267983556267025e-06,-0.16205439490494636,4.202100136114333e-06,False,commercial,rtms_land,1.5506300502279737e-05
appraisal_mn,rtms_land_n_3m,768,-0.07246034998659776,0.044701910329558635,-0.1649273145212207,4.334659924398095e-06,False,site_price,rtms_land,1.5984432148797664e-05
bank_loan_rate_all,yield_office,777,0.1442848336333376,5.423974454851871e-05,0.163668577410924,4.521903394274534e-06,False,rates,commercial,1.6663416574214976e-05
rtms_nrg_n,kiscon_amt_indiv,798,0.144915536873583,3.9738432344184215e-05,0.16144533060804828,4.570297559477938e-06,False,rtms_nrg,kiscon,1.6830152238656014e-05
unsold_completed,appr_unit_land_mn_m2,734,0.007324181614215358,0.842971224977214,-0.16799795219138525,4.733185276929796e-06,False,unsold,valuation,1.7417991518061678e-05
rtms_apt_n_yoy_pct,kiscon_amt_indiv,798,0.16503046356148537,2.7752058655952568e-06,0.16113068817320284,4.772397439766987e-06,False,rtms_apt,kiscon,1.7550212593145856e-05
bank_facility_loan_rate,ah_n_pblanc,749,-0.1101531401762703,0.0025376779020941345,-0.16610477703917467,4.874336399684083e-06,False,rates,applyhome,1.791276751141635e-05
rtms_nrg_unit_3m,appr_vs_rtms_all_3m,765,-0.054788729868288935,0.13001550457065264,-0.1643130248181016,4.916331569123015e-06,False,rtms_nrg,valuation,1.8054687431387886e-05
rtms_apt_n_3m,kiscon_amt_indiv,798,0.23996267139433797,6.480939519064846e-12,0.16088440728416434,4.936520030487227e-06,False,rtms_apt,kiscon,1.8116384765281536e-05
cci_yoy_pct,pms_after_exit,798,-0.1330698319729651,0.00016327304315708773,-0.16069012175990277,5.069785577271186e-06,False,cci,exit,1.8592691002516482e-05
appr_unit_land_mn_m2,ah_under_ratio,716,-0.07798138143243333,0.036963107653998704,-0.16928977457545985,5.241386858206823e-06,False,valuation,applyhome,1.9208838609206227e-05
yield_office,rtms_nrg_n,777,0.18179681764371636,3.3617131448591885e-07,0.16227960997377533,5.457532235061256e-06,False,commercial,rtms_nrg,1.998727730196749e-05
rentidx_midlarge,rtms_land_n_yoy_pct,798,0.3483520908339826,3.5024222279644544e-24,0.16013786889152595,5.467629525466572e-06,False,commercial,rtms_land,2.001055104221065e-05
rtms_land_dae_n,hug_sago_n,335,0.20319469252629452,0.00018089229586777238,0.24502854614953748,5.6965487617963894e-06,False,rtms_land,hug,2.0834094548102116e-05
yield_midlarge,minbid_vs_rtms_all_3m,498,-0.03885116130771664,0.38695805413603385,-0.20132196322050516,5.959113616025581e-06,False,commercial,valuation,2.1779480864585634e-05
rtms_land_dae_n_3m,hug_sago_n,335,0.1925741724063664,0.0003929905276909776,0.24416444952038804,6.159298159356421e-06,False,rtms_land,hug,2.249574266262212e-05
rtms_land_unit_3m,ah_supply_sum,749,-0.06450907951207123,0.0776705317237295,0.16375532539753093,6.6501204885786995e-06,False,rtms_land,applyhome,2.4271804950464372e-05
rtms_land_med_unit,ah_supply_sum,749,-0.06387312410339566,0.08064852473716716,0.16371385781523878,6.6864239241904935e-06,False,rtms_land,applyhome,2.4387659428817577e-05
cci_bldg,ah_supply_sum,749,0.19367046519547348,9.184898906896253e-08,0.16356576744874662,6.817622474599266e-06,False,cci,applyhome,2.4849234745523024e-05
rtms_fac_unit_3m,appr_vs_rtms_dae_3m,735,-0.05133552707400467,0.16443795041681394,-0.16466609589282546,7.212774532087829e-06,False,rtms_fac,valuation,2.6271597699641435e-05
min_bid_mn,rtms_land_n_yoy_pct,502,0.09126914651309026,0.04094486063838548,0.19852945082372547,7.4043473641133235e-06,False,site_price,rtms_land,2.6951017941398187e-05
rtms_land_n_yoy_pct,kiscon_amt_all,798,0.06479220738423097,0.0673454594747893,0.15778418806972383,7.523176518648892e-06,False,rtms_land,kiscon,2.73649148606909e-05
rtms_apt_n,unsold_pct_completed,697,-0.12289039080368498,0.001150379187470141,-0.16844230267779983,7.785227910720377e-06,False,rtms_apt,unsold,2.829885359525619e-05
rtms_land_n_yoy_pct,ah_sale_unit_med,733,0.3295140253338832,5.0398944551318304e-20,0.16383108805839694,8.26722359688536e-06,False,rtms_land,applyhome,3.003046506287094e-05
rtms_apt_n_3m,kiscon_cnt_all,798,0.21865941291558916,4.295279161875514e-10,0.1570499663099201,8.302911770302208e-06,False,rtms_apt,kiscon,3.0139626093554585e-05
vac_midlarge,pms_after_exit,798,-0.13267747776089373,0.00017076715474703845,-0.1568676130444275,8.508198465836038e-06,False,commercial,exit,3.086386512674714e-05
cci_nonresi,ah_n_pblanc,749,0.13964013413766363,0.00012604054207542936,0.16151354474510948,8.908730450419685e-06,False,cci,applyhome,3.229490285992818e-05
appraisal_mn,rtms_apt_n_yoy_pct,768,0.11238068214619225,0.0018134402466815406,0.1593880548965378,9.06722749205896e-06,False,site_price,rtms_apt,3.28471987805144e-05
bank_corp_loan_rate,corp_bond_BBB3y,798,-0.24078332745080838,5.468123697247173e-12,-0.15612958612810207,9.38956954505735e-06,True,rates,rates,3.399189462249266e-05
cci_total,vac_midlarge,798,0.08489596846337104,0.016449360245505664,0.15611011584695772,9.4139607519399e-06,False,cci,commercial,3.405713676632114e-05
appr_unit_land_mn_m2,br_useapr_day,218,0.16237026750213776,0.016416119077919837,0.29497293479652886,9.461310200250374e-06,False,valuation,hub,3.4205291170208755e-05
bank_corp_loan_rate,ah_n_pblanc,749,-0.09335705661224927,0.010579164548433155,-0.16066332559899504,9.943337647875387e-06,False,rates,applyhome,3.592366648864168e-05
bank_corp_loan_rate,vac_midlarge,798,-0.09777776627714582,0.0057025750926001754,-0.1554984345219063,1.0211742559942418e-05,False,rates,commercial,3.686845879001493e-05
apt_idx_yoy_pct,rtms_land_dae_n_3m,737,-0.1410421950114187,0.0001221861242096321,-0.1616989330497794,1.027176925012707e-05,False,land_house,rtms_land,3.706015531742877e-05
rtms_fac_unit_3m,unsold_total,730,-0.15757775910360902,1.8945550242870354e-05,-0.162216149417058,1.0601227429928645e-05,False,rtms_fac,unsold,3.822303645841434e-05
bank_corp_loan_rate,kiscon_amt_pub,798,0.16834050595502775,1.7343329669972945e-06,0.15515767945968628,1.0683707453573861e-05,False,rates,kiscon,3.8494463446266465e-05
rtms_land_dae_n_3m,rtms_land_n_yoy_pct,798,-0.1565789150378828,8.843136355510023e-06,-0.15513386704683546,1.0717454660311396e-05,True,rtms_land,rtms_land,3.859005391830642e-05
rtms_land_dae_med_unit,appr_vs_rtms_all_3m,764,-0.04274797831833373,0.2379276486784325,-0.1584084711058276,1.0868421070540787e-05,False,rtms_land,valuation,3.910729977401184e-05
cci_yoy_pct,ah_supply_sum,749,0.196377459371341,6.016862776111155e-08,0.15983502305668068,1.1060731985989607e-05,False,cci,applyhome,3.977251777342733e-05
rtms_nrg_unit_3m,kiscon_cnt_indiv,798,0.21189299670471837,1.49287555600875e-09,0.1548862422307526,1.107446566098138e-05,False,rtms_nrg,kiscon,3.979513971052919e-05
land_chg_cum12_pct,pms_after_exit,798,0.16517585788568528,2.7190103560471484e-06,0.15447128852964423,1.169825906047262e-05,False,land_house,exit,4.200845614261054e-05
yield_office,minbid_vs_rtms_all_3m,490,-0.03876785861057214,0.3918355643916173,-0.19654530572470125,1.1736741684243067e-05,False,commercial,valuation,4.211836092996489e-05
spread_BBB_KTB,yield_midlarge,798,0.11734574103349614,0.0008964035656094694,0.15426826595707857,1.2015520260027568e-05,False,rates,commercial,4.308986373599424e-05
yield_midlarge,rtms_nrg_n_3m,798,0.15146817296924558,1.7319056053327058e-05,0.1540293633960258,1.2399349350033388e-05,False,commercial,rtms_nrg,4.443654220819606e-05
rtms_fac_med_unit,appr_vs_rtms_dae_3m,704,-0.04115955256995241,0.2754454673540636,-0.1638109166425516,1.2526814081390581e-05,False,rtms_fac,valuation,4.4863278562086694e-05
rtms_land_dae_unit_3m,minbid_vs_rtms_all_3m,498,-0.04967177442512993,0.26856703703366996,-0.1941782989672107,1.2771618026004813e-05,False,rtms_land,valuation,4.5709398651303705e-05
land_area_m2,ah_under_ratio,734,0.03783014400095786,0.3060571824349653,0.16029401618160685,1.2793965431319101e-05,False,site_price,applyhome,4.5758751278436954e-05
unsold_completed,hug_sago_amt_mn,324,0.09400846774531449,0.09115131848758169,0.23953322740212182,1.309272813545518e-05,False,unsold,hug,4.679600089590832e-05
cci_resi,ah_n_pblanc,749,0.14006015827757387,0.00012020054311389322,0.15845706221376937,1.3189112274641626e-05,False,cci,applyhome,4.710900690214347e-05
cd_91d,kiscon_amt_pub,798,0.19591560504962546,2.406783672693209e-08,0.15347410832449465,1.3337058240848836e-05,False,rates,kiscon,4.760564113072012e-05
rtms_land_unit_3m,minbid_vs_rtms_dae_3m,498,-0.06524350915180102,0.14598537486463256,-0.19375126856749111,1.3355464460000989e-05,False,rtms_land,valuation,4.7639538670864095e-05
house_idx,minbid_unit_land_mn_m2,498,-0.16240528810565422,0.00027337663877091695,-0.19349656698456613,1.3715691844777719e-05,False,land_house,valuation,4.889186952935097e-05
capret_office,minbid_vs_rtms_all_3m,490,-0.03720900160375225,0.411169472887457,-0.19404829240838156,1.5207910364556277e-05,False,commercial,valuation,5.417501446987503e-05
min_bid_mn,rtms_apt_n_yoy_pct,502,0.13209130436331434,0.0030250813380486015,0.19168744305134727,1.5302883995918384e-05,False,site_price,rtms_apt,5.447704442488389e-05
rtms_nrg_unit_3m,kiscon_cnt_priv,798,0.22147808213786674,2.525429337792949e-10,0.1521383984075671,1.587716397171512e-05,False,rtms_nrg,kiscon,5.648382951214952e-05
yield_midlarge,rtms_nrg_n,798,0.15959360463660688,5.888795802285801e-06,0.1520914561729752,1.597431409443576e-05,False,commercial,rtms_nrg,5.679166054717287e-05
land_chg_pct,rtms_fac_n_3m,798,0.20096804844632732,1.0237192654244008e-08,0.15184615949550997,1.649124022548822e-05,False,land_house,rtms_fac,5.8590472747963795e-05
rtms_nrg_n_3m,unsold_total,761,0.14425140839276368,6.5045612681908e-05,0.15544602474800523,1.652375614407305e-05,False,rtms_nrg,unsold,5.866701467620093e-05
rtms_land_dae_unit_3m,minbid_vs_rtms_dae_3m,498,-0.06291165354260711,0.16097740023252474,-0.19169236816427085,1.6544887629606277e-05,False,rtms_land,valuation,5.870306181519891e-05
yield_midlarge,reactivated,499,0.20072286570901232,6.224041179935307e-06,0.1914212018177792,1.6685289461606574e-05,False,commercial,exit,5.916196468913153e-05
rtms_nrg_n,unsold_total,761,0.12655680103549238,0.0004660157516059247,0.15527501725806356,1.688569819088998e-05,False,rtms_nrg,unsold,5.983288815552599e-05
apt_idx,ah_n_pblanc,749,-0.05670036911568094,0.12103984800420968,-0.15646296268002835,1.6970381777700272e-05,False,land_house,applyhome,6.009313335454527e-05
hug_sago_n,kiscon_cnt_all,335,0.2127309468535379,8.7065603740918e-05,0.23259049548220315,1.7055706135436333e-05,False,hug,kiscon,6.0355301592440814e-05
yield_office,rtms_nrg_n_3m,777,0.16690799436319792,2.898632373119523e-06,0.1535001820430311,1.7282959247543754e-05,False,commercial,rtms_nrg,6.111302536733973e-05
rtms_nrg_unit_3m,unsold_completed,761,-0.1736540835826883,1.4410076468164682e-06,-0.15508684094807215,1.729268886867122e-05,False,rtms_nrg,unsold,6.111302536733973e-05
base_rate_chg_12m,ah_under_ratio,745,0.18501726141961156,3.667030870290402e-07,0.15670565950555873,1.7342046324487328e-05,False,rates,applyhome,6.124697602181886e-05
rtms_land_med_unit,minbid_vs_rtms_dae_3m,498,-0.06153298367046492,0.17037075228528054,-0.19100528452785523,1.776160378562284e-05,False,rtms_land,valuation,6.26873237239111e-05
land_chg_pct,pms_after_exit,798,0.16367720782617712,3.3544293129399957e-06,0.15083783484651095,1.8788102734785902e-05,False,land_house,exit,6.626648108370727e-05
base_rate_chg_12m,ah_sale_unit_med,733,0.038823831002087125,0.2938481434011861,0.15714673491382675,1.920771276831587e-05,False,rates,applyhome,6.770180630994394e-05
hug_sago_n,kiscon_amt_all,335,0.19016062828075672,0.0004661557208976421,0.23116411965975808,1.926867517758566e-05,False,hug,kiscon,6.787194082644963e-05
cci_bldg,ah_n_pblanc,749,0.13971207921398907,0.00012502163644834366,0.15537679971293536,1.9442866637409234e-05,False,cci,applyhome,6.844042653734508e-05
rtms_fac_n_3m,rtms_land_n_yoy_pct,798,0.02243811693118925,0.5267740819414916,-0.1503048823951388,2.01218809214616e-05,False,rtms_fac,rtms_land,7.078401137306261e-05
rtms_apt_n_3m,unsold_pct_completed,697,-0.12756176883097003,0.0007368664024259928,-0.1606787208414134,2.0247031761261154e-05,False,rtms_apt,unsold,7.117743512653741e-05
land_chg_pct,hug_sago_amt_mn,335,0.3429626288906207,1.1150650531249188e-10,0.2302714811758626,2.0789255335269526e-05,False,land_house,hug,7.30158207655863e-05
rtms_land_n_yoy_pct,ah_rate_med,730,-0.014691510277679915,0.6918956001298879,0.1568204358355304,2.0797287268746576e-05,False,rtms_land,applyhome,7.30158207655863e-05
rtms_nrg_med_unit,unsold_completed,760,-0.1825020475290686,4.072134050627726e-07,-0.15364140748284763,2.1006831995227407e-05,False,rtms_nrg,unsold,7.370310411973815e-05
rentidx_midlarge,rtms_land_dae_n,798,-0.150459281073729,1.9726495038254984e-05,-0.14993389728032924,2.1102922865927475e-05,False,commercial,rtms_land,7.399169086171423e-05
land_chg_cum12_pct,hug_sago_amt_mn,335,0.3537861776332114,2.592683209094257e-11,0.22959437042742437,2.2017820780492467e-05,False,land_house,hug,7.71489434556312e-05
cci_plant,ah_supply_sum,749,0.18738582205985646,2.396578867807952e-07,0.15430484362938673,2.2216147796505593e-05,False,cci,applyhome,7.779288950092691e-05
hug_sago_n,kiscon_amt_pub,335,0.18163268927856335,0.0008383256649707584,0.22923718071645516,2.2693322088363848e-05,False,hug,kiscon,7.941177565869208e-05
rentidx_midlarge,pms_after_exit,798,0.14402103138118613,4.438851251008585e-05,0.1492799910144605,2.2943735372902912e-05,False,commercial,exit,8.023554809608364e-05
rtms_land_n_3m,kiscon_cnt_indiv,798,0.17204526362429348,1.013654479246748e-06,0.14927033541363632,2.297202671305119e-05,False,rtms_land,kiscon,8.028197832332334e-05
unsold_completed,ah_sale_unit_med,710,-0.16464927387557948,1.0355486432807828e-05,-0.15806180717369608,2.32768189603438e-05,False,unsold,applyhome,8.129402415477354e-05
land_chg_pct,reactivated,499,0.20819766456392635,2.723829247484638e-06,0.18813027660299916,2.33900140558881e-05,False,land_house,exit,8.163603469767212e-05
rtms_apt_n_3m,kiscon_cnt_indiv,798,0.2285431999213837,6.462829983529537e-11,0.14898925029179863,2.3810291690843782e-05,False,rtms_apt,kiscon,8.304868210759408e-05
rtms_nrg_med_unit,appr_vs_rtms_all_3m,764,-0.06153097953757915,0.08921070699709757,-0.15218000887280608,2.399210498405203e-05,False,rtms_nrg,valuation,8.362828249656205e-05
bank_loan_rate_all,ah_supply_sum,749,-0.22054249256755543,1.054256106295991e-09,-0.15356416328076106,2.4347625928741864e-05,False,rates,applyhome,8.481221878891384e-05
land_area_m2,hug_sago_last_yr,328,-0.05644666533368724,0.3081067823675193,0.23074330555267333,2.442269625061448e-05,False,site_price,hug,8.501833128387736e-05
rtms_nrg_n_3m,kiscon_amt_all,798,0.12965246909454886,0.00024036948509417524,0.1486238403967508,2.494352382062396e-05,False,rtms_nrg,kiscon,8.677490037012123e-05
land_area_m2,vac_office,765,0.05133464397810222,0.15605660821009124,0.1516449040276406,2.5332896542213286e-05,False,site_price,commercial,8.807217022835789e-05
minbid_vs_rtms_all_3m,excess_pp_med,190,0.08332552220679307,0.2530499662281226,0.30011241017027734,2.5895496220771998e-05,False,valuation,excess,8.996960252921889e-05
land_chg_cum12_pct,reactivated,499,0.20256946881230004,5.0890785727328045e-06,0.18710579091495166,2.595298096162742e-05,False,land_house,exit,9.01107722089752e-05
ah_supply_sum,kiscon_cnt_priv_yoy_pct,749,-0.22367958757035333,6.016277482058217e-10,-0.15280533893948156,2.6731847725712383e-05,False,applyhome,kiscon,9.275482789706952e-05
ktb_3y,pms_after_exit,798,-0.13555527156522523,0.0001225210414027964,-0.14805904754793742,2.6796371213694697e-05,False,rates,exit,9.291841561584017e-05
yield_midlarge,pms_after_exit,798,0.15681453184833255,8.568859404981283e-06,0.14788454516496058,2.7394767899838262e-05,False,commercial,exit,9.493183665614724e-05
cci_civil,rtms_apt_n_yoy_pct,798,-0.016641201915505718,0.6387900716534546,0.14776140720986605,2.782463624069393e-05,False,cci,rtms_apt,9.635902200711816e-05
kiscon_cnt_priv_yoy_pct,kiscon_amt_priv_yoy_pct,798,-0.0558073037962379,0.11519849033550454,-0.14769513634598455,2.8058626159447586e-05,True,kiscon,kiscon,9.710645571169336e-05
house_idx,appr_unit_land_mn_m2,765,-0.11677723734546179,0.0012134745977229672,-0.15079125971596477,2.816363732226456e-05,False,land_house,valuation,9.740683619802626e-05
rtms_land_dae_med_unit,ah_rate_med,729,-0.03227452024143532,0.38422206145798354,0.15415301910391435,2.915105615835048e-05,False,rtms_land,applyhome,0.0001007567532506141
min_bid_mn,rtms_apt_med_unit,502,0.25121575913671923,1.1545270663705386e-08,0.18537992960142988,2.9224173953110288e-05,False,site_price,rtms_apt,0.00010094422359643457
rtms_land_dae_n,hug_sago_last_yr,335,0.18591398952471283,0.0006263758643220008,0.22595206182040195,2.9896721624524716e-05,False,rtms_land,hug,0.00010320062655024767
land_chg_cum12_pct,rtms_fac_n_3m,798,0.19504401837048937,2.7829293824846588e-08,0.14695095386345444,3.0817683130760706e-05,False,land_house,rtms_fac,0.00010631106561301774
rtms_fac_med_unit,ah_under_ratio,690,-0.1989940441935245,1.3607747400895203e-07,-0.1578726901638938,3.105245644557754e-05,False,rtms_fac,applyhome,0.00010705189207898332
appraisal_mn,rtms_nrg_med_unit,767,0.1636401558095928,5.230465694909825e-06,0.14967450201202118,3.156030104947209e-05,False,site_price,rtms_nrg,0.00010873255780381913
rtms_apt_med_unit,minbid_vs_rtms_all_3m,498,-0.05729555853996323,0.20180058041595397,-0.18532662023698618,3.1624305738678285e-05,False,rtms_apt,valuation,0.00010888291228893289
bank_corp_loan_rate,apt_idx,798,-0.027992876486298,0.4297129334580595,0.1466266656808499,3.20988109125854e-05,False,rates,land_house,0.00011044552249008632
rtms_land_dae_unit_3m,ah_rate_med,730,-0.03178104161208117,0.39121194905032286,0.15299011492040068,3.3111023447883116e-05,False,rtms_land,applyhome,0.00011385507548284953
base_rate_chg_12m,yield_office,777,0.12432803583507007,0.0005136884178899655,0.14828141722920626,3.33043945154216e-05,False,rates,commercial,0.00011444639940485815
rtms_land_dae_n_3m,hug_sago_last_yr,335,0.18285123981427812,0.0007720908112103115,0.22422197135749625,3.451209498864867e-05,False,rtms_land,hug,0.00011852034162126169
apt_idx_yoy_pct,rtms_apt_n,737,0.14693569536932297,6.229264663598718e-05,0.15174172966363397,3.527526925446757e-05,False,land_house,rtms_apt,0.00012106345616408093
vac_office,minbid_unit_land_mn_m2,490,-0.10487415704416149,0.02023478893649035,-0.1855585463295319,3.581061321665968e-05,False,commercial,valuation,0.00012282190434219326
minbid_vs_rtms_all_3m,ah_n_pblanc,481,-0.008406744043841587,0.8540936122666921,-0.18722353673878045,3.595538290777284e-05,False,valuation,applyhome,0.0001232393797486291
rentidx_office,rtms_fac_n_3m,777,0.2853372130767472,5.058478118631727e-16,0.1475661162515863,3.637605394025112e-05,False,commercial,rtms_fac,0.0001246013839964912
rtms_land_dae_n_3m,rtms_apt_n_yoy_pct,798,-0.1379606337355631,9.235857229649272e-05,-0.1455759830487131,3.660541231573083e-05,False,rtms_land,rtms_apt,0.0001253067475366279
rtms_apt_n,kiscon_cnt_pub,798,0.20255943449788616,7.784521912758013e-09,0.14555251469410166,3.671261155423258e-05,False,rtms_apt,kiscon,0.00012559330389026334
rtms_apt_unit_3m,minbid_vs_rtms_all_3m,498,-0.057896311929052216,0.19710466324361478,-0.18362784502826088,3.745670719704266e-05,False,rtms_apt,valuation,0.00012805691392748538
bank_loan_rate_all,apt_idx,798,-0.014695165481362259,0.6785124871863145,0.1453721786770275,3.754633667023299e-05,False,rates,land_house,0.00012828131768417622
rtms_nrg_med_unit,appr_vs_rtms_dae_3m,764,-0.07768030284051639,0.03180479518146608,-0.1482990987423057,3.869579216839111e-05,False,rtms_nrg,valuation,0.00013212413839360618
rtms_land_n,kiscon_cnt_indiv,798,0.17228556983545115,9.785602811901196e-07,0.14511922248175155,3.8746074423151125e-05,False,rtms_land,kiscon,0.00013221139753707024
cd_91d,capret_office,777,0.11529855518559601,0.0012842180214262756,0.14704019959460402,3.8803700467802455e-05,False,rates,commercial,0.00013232358826616056
rtms_land_unit_3m,appr_vs_rtms_dae_3m,765,-0.05548917332986825,0.12517077663583095,-0.1481471415131473,3.895927675855654e-05,False,rtms_land,valuation,0.00013276944093562894
minbid_vs_rtms_dae_3m,excess_pp_med,190,0.11931039757619763,0.10109050626186553,0.29335030420728964,3.997785355561285e-05,False,valuation,excess,0.00013615387449800122
land_area_m2,br_useapr_day,225,-0.12949843089686805,0.05239997717793571,-0.2701059633627149,4.03278169150229e-05,False,site_price,hub,0.00013725833039123327
vac_midlarge,reactivated,499,-0.1640009187763815,0.000233915361664841,-0.18264224914185173,4.05612289483585e-05,False,commercial,exit,0.0001379649435030998
hug_sago_sgg_flag,ah_under_ratio,745,-0.1272481418268307,0.0004985609780772244,-0.14959932911297494,4.140411370569488e-05,False,hug,applyhome,0.0001407424004986335
rtms_fac_n_3m,unsold_total,761,0.047336577329063476,0.19208961673157826,0.14797216133030233,4.169825148016673e-05,False,rtms_fac,unsold,0.0001416521922899946
land_chg_pct,rtms_nrg_n_yoy_pct,797,-0.08705048076476048,0.013957729645185551,-0.1445428134156619,4.2082639160939597e-05,False,land_house,rtms_nrg,0.0001427572843973272
rtms_fac_med_unit,kiscon_amt_all,733,0.05765607004939094,0.1188515186492098,0.15066801488802803,4.210365391707219e-05,False,rtms_fac,kiscon,0.0001427572843973272
min_bid_mn,rtms_apt_unit_3m,502,0.2489577883193314,1.5736485135343677e-08,0.18172663129584757,4.2098315133371346e-05,False,site_price,rtms_apt,0.0001427572843973272
rtms_fac_med_unit,unsold_pct_completed,650,0.08693974564193202,0.02665939414584104,0.15978673320690504,4.271920330897462e-05,False,rtms_fac,unsold,0.00014475258561032146
rtms_nrg_n_3m,kiscon_cnt_indiv,798,0.15964298697497611,5.849339472597668e-06,0.14423019925286865,4.325713084297651e-05,False,rtms_nrg,kiscon,0.0001464825070407824
rtms_land_dae_med_unit,appr_vs_rtms_dae_3m,764,-0.05750648916624043,0.1122359537683931,-0.14732085224434316,4.3569789155420945e-05,False,rtms_land,valuation,0.00014744788773040238
bank_facility_loan_rate,apt_idx,798,-0.02748431542070135,0.43814413824475923,0.14406301814173525,4.415918403279609e-05,False,rates,land_house,0.00014934798040693275
apt_idx_yoy_pct,rentidx_midlarge,737,0.48937260089190265,1.2138199314932622e-45,0.14985249982809234,4.4203051679000384e-05,False,land_house,commercial,0.00014940184407561
bank_corp_loan_rate,house_idx,798,-0.04433422669440247,0.21091812059194465,0.14400694965899696,4.446567795206867e-05,False,rates,land_house,0.00015019455464921743
unsold_total,ah_sale_unit_med,710,-0.19923240191239525,8.64535269600035e-08,-0.15257546628104965,4.459985848478633e-05,False,unsold,applyhome,0.00015055267886247
rtms_land_med_unit,appr_vs_rtms_dae_3m,765,-0.05423937588892978,0.13391584284750332,-0.1469431375425797,4.508104710857833e-05,False,rtms_land,valuation,0.00015208098352654153
house_idx_yoy_pct,rentidx_midlarge,737,0.4887573307544538,1.6253340839798863e-45,0.14936262417262572,4.68455344018101e-05,False,land_house,commercial,0.00015793384139122231
corp_bond_BBB3y,pms_after_exit,798,-0.13083329870243132,0.00021052218592406254,-0.14343629337636338,4.7701820290499876e-05,False,rates,exit,0.00016071936552823117
rentidx_office,reactivated,485,0.18430763179043885,4.435947647306027e-05,0.1834455082188017,4.822172514428861e-05,False,commercial,exit,0.00016236874329125388
land_area_m2,ap_useapr_day,99,-0.16671027736898478,0.0990978710497483,-0.39607658817302077,4.9468008620549595e-05,False,site_price,hub,0.00016646031598116973
apt_idx_yoy_pct,rtms_apt_n_3m,737,0.14544829056160957,7.401896866588146e-05,0.14864979696918384,5.0958933018665294e-05,False,land_house,rtms_apt,0.00017136944330239205
bank_loan_rate_all,kiscon_amt_priv_yoy_pct,798,-0.10152203906725105,0.004094214595414405,-0.14285741200416194,5.12115165636239e-05,False,rates,kiscon,0.0001721106090922043
rentidx_office,appr_vs_rtms_dae_3m,745,-0.04378290169403554,0.2326319698248375,-0.14767875935626817,5.203728761130314e-05,False,commercial,valuation,0.000174775990488466
rtms_apt_n_yoy_pct,kiscon_amt_pub,798,0.11707258056902231,0.0009217335195630679,0.14266495738305232,5.2431484004369034e-05,False,rtms_apt,kiscon,0.00017598941931661093
bank_loan_rate_all,house_idx,798,-0.03009984281275428,0.39579961118140494,0.142630749259864,5.265118591369804e-05,False,rates,land_house,0.00017661599189494568
vac_midlarge,unsold_pct_completed,697,-0.16099047271925032,1.9501074197540752e-05,-0.152393924634353,5.3516905844751816e-05,False,commercial,unsold,0.00017940745802626202
rtms_fac_n,unsold_completed,761,-0.04238810032596663,0.24283475598546958,0.14573032324725607,5.4578608385450055e-05,False,rtms_fac,unsold,0.0001828520169404771
rtms_fac_n_yoy_pct,unsold_total,705,0.17829151278192912,1.8999411194265986e-06,0.15115418813230916,5.5901944129989845e-05,False,rtms_fac,unsold,0.00018716825000817514
vac_office,pms_after_exit,777,-0.14344002714836307,6.0032968390607236e-05,-0.1439347013150349,5.657351149210955e-05,False,commercial,exit,0.00018929822650081964
hug_sago_n,kiscon_amt_priv,335,0.18061060395210388,0.000897886296748842,0.21811389813386511,5.678373253948139e-05,False,hug,kiscon,0.0001898828129384659
appr_unit_land_mn_m2,kiscon_amt_all,765,0.01577810103081452,0.6630440839885926,0.14495109116332902,5.725129049931158e-05,False,valuation,kiscon,0.0001913266564373869
cci_nonresi,pms_after_exit,798,-0.1326208562472424,0.00017187494004471693,-0.1417960733608114,5.8289615177100575e-05,False,cci,exit,0.00019467493588504482
nonbank_corp_loan_rate,ah_under_ratio,745,-0.1925795375196242,1.1756982081308201e-07,-0.1466129106652184,5.900403978021971e-05,False,rates,applyhome,0.00019693795299927268
rtms_fac_med_unit,hug_sago_amt_mn,316,0.10301626830497018,0.067419285094875,0.2239251179481772,5.921496881725829e-05,False,rtms_fac,hug,0.00019751867639792892
apt_idx,rtms_land_dae_n_3m,798,0.1663499561828501,2.303490115410398e-06,0.1414719729905464,6.062912184857045e-05,False,land_house,rtms_land,0.0002021096723966996
land_chg_cum12_pct,rtms_land_dae_n,798,-0.14014480444891134,7.116715256102954e-05,-0.1413409750283071,6.159967901836782e-05,False,land_house,rtms_land,0.0002052171238076092
nonbank_corp_loan_rate,apt_idx,798,-0.07626379151327842,0.031230094041811023,0.14130590232759876,6.186201176153082e-05,False,rates,land_house,0.00020596275024215772
hug_sago_n,kiscon_cnt_indiv,335,0.18780748478661347,0.000549498247170972,0.21699648880166852,6.210642138031946e-05,False,hug,kiscon,0.00020657850326027637
house_idx,ah_n_pblanc,749,-0.05608104149617828,0.12516209186044033,-0.14578570898697601,6.212422540537206e-05,False,land_house,applyhome,0.00020657850326027637
cci_civil,vac_midlarge,798,0.08573576755877037,0.015409627195280917,0.1411830899533985,6.278895431317984e-05,False,cci,commercial,0.000208659129094203
vac_office,reactivated,485,-0.17720999345475416,8.720964800673631e-05,-0.18063712701663961,6.312516632009996e-05,False,commercial,exit,0.0002096461269028413
minbid_vs_rtms_all_3m,kiscon_amt_priv,498,-0.011411278170724033,0.7994789945842656,-0.1782755810241041,6.321516147854508e-05,False,valuation,kiscon,0.00020981469176026103
min_bid_mn,rtms_nrg_med_unit,501,0.23891572993059912,6.201810661959475e-08,0.17772182377313187,6.336873939384415e-05,False,site_price,rtms_nrg,0.0002101939513268515
ah_sale_unit_med,kiscon_cnt_indiv,733,0.25721918517294984,1.5340261829085515e-12,0.14703315293495994,6.449967775503632e-05,False,applyhome,kiscon,0.0002138126329548538
land_area_m2,cci_nonresi,786,0.0230093465577113,0.5194836328315316,0.14196264891474025,6.498667433019351e-05,False,site_price,cci,0.0002152935239427167
bank_loan_rate_all,cci_civil,798,-0.26702847277648845,1.7045648951208374e-14,-0.14088311948221344,6.51085004990152e-05,False,rates,cci,0.00021556356171407694
rtms_fac_n_3m,unsold_completed,761,-0.05690058995356031,0.11679638946243844,0.14417419060476117,6.564115302813765e-05,False,rtms_fac,unsold,0.00021719260225337378
rtms_fac_n,unsold_total,761,0.06331409402724485,0.08090178943940239,0.14415942888361055,6.575558727260238e-05,False,rtms_fac,unsold,0.0002174366884023531
bank_facility_loan_rate,house_idx,798,-0.04376444834461002,0.21684873130424898,0.1405115783447547,6.809375416194618e-05,False,rates,land_house,0.0002250292357873462
rentidx_office,rtms_fac_n,777,0.27105165230349826,1.4981166698608555e-14,0.14227517296845216,6.89854842561072e-05,False,commercial,rtms_fac,0.00022783532076430213
yield_office,appr_vs_rtms_dae_3m,745,-0.050764773405496046,0.1663050105156586,-0.14522958042039716,6.936574204928385e-05,False,commercial,valuation,0.00022894976712192639
vac_office,rtms_fac_n_yoy_pct,719,-0.03246912364199579,0.3846572706923721,-0.14780379154100423,6.94358406200535e-05,False,commercial,rtms_fac,0.0002290397531125392
rtms_land_dae_med_unit,minbid_vs_rtms_all_3m,497,-0.05060356935547203,0.2601607011509889,-0.17736174340702282,7.019619785295341e-05,False,rtms_land,valuation,0.00023140509859416884
rentidx_midlarge,unsold_completed,761,-0.15305308810578244,2.232972066982978e-05,-0.1434719531099983,7.12986345229803e-05,False,commercial,unsold,0.0002348945155849511
rtms_fac_med_unit,kiscon_amt_indiv,733,0.05631149188746139,0.1277130237942242,0.14607887059198543,7.202430220906128e-05,False,rtms_fac,kiscon,0.0002371391280245386
apt_idx,kiscon_amt_priv,798,-0.1272972748973231,0.0003120975984513651,-0.1400034434486341,7.23862946210919e-05,False,land_house,kiscon,0.00023818431836244823
cci_plant,ah_n_pblanc,749,0.13294613423458998,0.0002636912159935751,0.14444272689473403,7.268858029353052e-05,False,cci,applyhome,0.0002390318811989592
cci_yoy_pct,vac_midlarge,798,0.0826214117064705,0.019580180010231808,0.13995857336678574,7.277737292656005e-05,False,cci,commercial,0.00023917677506964756
land_area_m2,cci_bldg,786,0.0227176432085404,0.5247938364041878,0.14091795374470803,7.362941276009337e-05,False,site_price,cci,0.00024182829854313222
cci_total,rtms_apt_n_yoy_pct,798,-0.02546800813714025,0.47249106790677753,0.13973240784757096,7.477913605174757e-05,False,cci,rtms_apt,0.0002454536773902359
appraisal_mn,rtms_land_n_yoy_pct,768,0.04883794165281603,0.17636281348026653,0.14227174809541904,7.606513080962488e-05,False,site_price,rtms_land,0.0002495216284902234
rtms_land_dae_med_unit,minbid_vs_rtms_dae_3m,497,-0.06245078251974716,0.16449918445157252,-0.176420759054205,7.679458061344415e-05,False,rtms_land,valuation,0.00025176003834462653
yield_office,minbid_vs_rtms_dae_3m,490,-0.0274118723393766,0.5449453537007646,-0.17746916039418276,7.821322720551492e-05,False,commercial,valuation,0.00025625375359551977
rtms_land_unit_3m,rtms_fac_n_yoy_pct,737,-0.12332530998916158,0.000793257591674506,-0.14488172600298765,7.901076212748474e-05,False,rtms_land,rtms_fac,0.0002587082333715009
rtms_nrg_n_3m,kiscon_amt_priv,798,0.13928174437125812,7.892385676770301e-05,0.13919134732669133,7.978092264929285e-05,False,rtms_nrg,kiscon,0.0002610701306032857
cci_plant,pms_after_exit,798,-0.13680490658237926,0.00010585220780507263,-0.13913880492457015,8.028311155322646e-05,False,cci,exit,0.00026255278133033755
house_idx_yoy_pct,rtms_land_n,737,-0.12347808400268617,0.0007813308115763866,-0.14471764717544483,8.051467907852065e-05,False,land_house,rtms_land,0.0002631491375506418
ktb_3y,ah_n_pblanc,749,0.12531718242648843,0.0005871208735035166,0.14342838223867513,8.17685816555656e-05,False,rates,applyhome,0.0002670840599342146
cci_civil,pms_after_exit,798,-0.1327904477907326,0.00016857692457497632,-0.13888930832549137,8.270871986052431e-05,False,cci,exit,0.00026998994205996546
rtms_land_n_3m,kiscon_cnt_priv,798,0.18065513992894383,2.7821448042720895e-07,0.1386687493348036,8.49104095679997e-05,False,rtms_land,kiscon,0.0002770079072361772
land_area_m2,apt_idx,786,0.021419454005046072,0.5487579887449533,0.13969488779458886,8.512523174347403e-05,False,site_price,land_house,0.0002775393988611925
ah_under_ratio,kiscon_cnt_priv_yoy_pct,745,-0.13547481637165484,0.0002083719015463103,-0.1432783038073623,8.693353495594901e-05,False,applyhome,kiscon,0.00028326240792776313
nonbank_corp_loan_rate,pms_after_exit,798,0.14157461536091873,5.987876685987379e-05,0.13828938975444455,8.882713040104835e-05,False,rates,exit,0.00028925619138514346
rtms_nrg_unit_3m,unsold_total,761,-0.1186251465487102,0.001043144353166813,-0.1413434720399202,9.139040078864292e-05,False,rtms_nrg,unsold,0.00029742207730789634
capret_midlarge,reactivated,499,0.19242810255247705,1.5029640945669546e-05,0.17415539831990745,9.210393041230748e-05,False,commercial,exit,0.00029956187099428717
yield_office,pms_after_exit,777,0.14802349419874805,3.438247453528805e-05,0.13966545772002387,9.38258338285968e-05,False,commercial,exit,0.0003049767376787277
land_chg_pct,hug_sago_n,335,0.19807657257646397,0.0002642328123352152,0.21150785968706756,9.580317817143745e-05,False,land_house,hug,0.000311152607496863
rentidx_office,pms_after_exit,777,0.1405034237519283,8.505281639478401e-05,0.13948333310452563,9.584221891665109e-05,False,commercial,exit,0.000311152607496863
rtms_fac_n,rtms_land_n_yoy_pct,798,0.040983294489978034,0.24751602588379726,-0.13748801195075488,9.76679380495687e-05,False,rtms_fac,rtms_land,0.00031688741793145866
rtms_nrg_n,ah_under_ratio,745,-0.13435112088330908,0.00023543892021278992,-0.14220115890364426,9.834993867878229e-05,False,rtms_nrg,applyhome,0.0003189066841209514
rentidx_midlarge,kiscon_amt_priv_yoy_pct,798,-0.05792626377356327,0.1020153058647844,-0.13735208860768627,9.924734057363877e-05,False,commercial,kiscon,0.00032162153336196756
appr_vs_rtms_all_3m,kiscon_amt_priv,765,-0.024111271928442417,0.5054806868122879,-0.1402447327131765,9.946851676887943e-05,False,valuation,kiscon,0.00032214304007462043
appraisal_mn,rtms_nrg_unit_3m,768,0.16115304910281425,7.186244203073186e-06,0.1399370241025792,9.987631409238947e-05,False,site_price,rtms_nrg,0.0003232679488208272
nonbank_corp_loan_rate,house_idx,798,-0.09428217377831956,0.007695836383457428,0.1371750383041043,0.0001013407383204803,False,rates,land_house,0.0003278093937081719
yield_office,reactivated,485,0.1801160413882736,6.633024421287576e-05,0.17549997384897717,0.00010224244891124122,False,commercial,exit,0.000330526223898674
exited,pms_after_exit,798,0.136928913298885,0.00010432005035762439,0.13692891329888496,0.00010432005035762693,True,exit,exit,0.00033703885756026055
capret_midlarge,pms_after_exit,798,0.15980951822344708,5.718135028352192e-06,0.13691026384714874,0.00010454913025071075,False,commercial,exit,0.00033757499966820677
rtms_apt_med_unit,minbid_vs_rtms_dae_3m,498,-0.07061497785544432,0.11552376732757041,-0.17291727332005744,0.00010516173251613403,False,rtms_apt,valuation,0.00033934808917547896
house_idx_yoy_pct,rtms_land_n_3m,737,-0.12903402990972546,0.00044520417422910807,-0.14231675416007272,0.00010585217831251071,False,land_house,rtms_land,0.0003413700828932417
corp_bond_AA3y,yield_office,777,0.10687597244317837,0.0028554153291154433,0.13853461009846055,0.0001070232771983103,False,rates,commercial,0.00034493879637092535
rtms_fac_unit_3m,ah_supply_sum,721,-0.04291702234707746,0.249767286600966,0.14375793450708546,0.00010726239290503989,False,rtms_fac,applyhome,0.00034550121377304116
unsold_completed,kiscon_cnt_priv_yoy_pct,761,-0.08847550340816074,0.01462708577338821,-0.13989571239659046,0.0001079872768670556,False,unsold,kiscon,0.0003476267124672765
bank_facility_loan_rate,ktb_3y,798,-0.3005615491618203,4.004060705722986e-18,-0.13654399611825005,0.00010914534948504248,True,rates,rates,0.0003511433114900855
rtms_apt_unit_3m,minbid_vs_rtms_dae_3m,498,-0.07153820664784,0.11083033858256601,-0.1724960773391707,0.00010938503214135694,False,rtms_apt,valuation,0.0003515480958502452
appraisal_mn,rtms_land_dae_n,768,-0.08394107091198366,0.01998862352356026,-0.13914782848392687,0.00010940266158496504,False,site_price,rtms_land,0.0003515480958502452
land_chg_cum12_pct,rtms_land_dae_n_3m,798,-0.13294931318735714,0.00016554148020489983,-0.13645559733614177,0.00011028280723324895,False,land_house,rtms_land,0.0003541634656313406
cci_total,pms_after_exit,798,-0.13228891950339317,0.00017850609099913747,-0.13644645517696774,0.00011040107732090112,False,cci,exit,0.0003543304684482943
minbid_unit_land_mn_m2,ah_n_pblanc,481,0.030381408447233044,0.5062192988056189,0.1753789038778013,0.00011047252149460654,False,valuation,applyhome,0.00035434707404418786
spread_BBB_KTB,kiscon_amt_priv_yoy_pct,798,0.024003585033522103,0.49833656424308564,0.1361625628285155,0.00011413372660236287,False,rates,kiscon,0.00036587112478587183
rtms_nrg_n_yoy_pct,ah_supply_sum,749,-0.0812291777187111,0.026213730918582923,-0.1404775013076445,0.000114650725545765,False,rtms_nrg,applyhome,0.00036730822617927225
appraisal_mn,land_chg_cum12_pct,768,0.1671662173286695,3.1942959604370057e-06,0.13866826575320043,0.0001156026790068439,False,site_price,land_house,0.0003701362423051463
corp_bond_BBB3y,ah_n_pblanc,749,0.1259675484233633,0.0005493176805191934,0.14020499849489168,0.00011824642894894603,False,rates,applyhome,0.0003783744198623665
hug_sago_n,kiscon_cnt_pub,335,0.2136343224337828,8.109937779230324e-05,0.20836393532309064,0.00012219513830474167,False,hug,kiscon,0.0003907759596384292
house_idx_yoy_pct,hug_sago_n,328,0.2065554697181812,0.00016502097559053762,0.21006413053958006,0.0001267190219972689,False,land_house,hug,0.00040500096271332744
bank_loan_rate_all,vac_midlarge,798,-0.09148127346939125,0.00972047829589916,-0.13513943177804535,0.00012859512453478316,False,rates,commercial,0.0004107515716173749
min_bid_mn,rtms_nrg_unit_3m,502,0.2356328263785238,9.209270409988116e-08,0.1698799126456333,0.0001310029119658262,False,site_price,rtms_nrg,0.00041819257927240165
house_idx,pms_after_exit,798,-0.2023132499983076,8.122624487930947e-09,-0.13480624400533048,0.00013366515982648515,False,land_house,exit,0.00042643652123640574
land_chg_pct,rtms_land_dae_n,798,-0.12971228029348145,0.0002387670012953072,-0.13479401928958426,0.0001338547083499843,False,land_house,rtms_land,0.00042678659841822666
pms_after_exit,ah_under_ratio,745,-0.14781938260998836,5.117847741685406e-05,-0.13945809728778105,0.00013412989496552953,False,exit,applyhome,0.00042740914682996807
capret_midlarge,appr_vs_rtms_dae_3m,765,-0.05657450184513171,0.11794279060154438,-0.1375084312380557,0.00013606518856172235,False,commercial,valuation,0.00043331778632491334
base_rate_chg_12m,yield_midlarge,798,0.11935142748757088,0.0007292397913103837,0.13455419871961868,0.00013762472227918919,False,rates,commercial,0.0004380234464445384
bank_facility_loan_rate,vac_midlarge,798,-0.0829941263917095,0.019034041626146126,-0.1345106258441225,0.00013832032279470702,False,rates,commercial,0.00043997547054330663
ap_stcns_day,stcns_delay_days,141,0.1194907963273785,0.158154376757494,0.31514809031334184,0.0001410463976611855,True,hub,hub,0.0004483799573688222
appr_unit_land_mn_m2,ap_pms_day,412,0.08590786868418915,0.08156752639948547,0.1863774977577757,0.0001418346121399665,False,valuation,hub,0.0004506177487298877
rtms_apt_unit_3m,reactivated,499,0.20142165977779303,5.7687316279038206e-06,0.16948944906820512,0.00014228061286930497,False,rtms_apt,exit,0.00045176629276257345
base_rate_chg_12m,ah_n_pblanc,749,0.1128809712641615,0.001974471513498338,0.13849325356646147,0.00014337546322389297,False,rates,applyhome,0.0004549724640107749
ah_sale_unit_med,kiscon_cnt_priv,733,0.25985867830771187,8.900229616033721e-13,0.1399481360455319,0.00014399278553700595,False,applyhome,kiscon,0.0004566603939895438
rtms_nrg_n_yoy_pct,kiscon_cnt_indiv,797,-0.09397671288517567,0.00793583690228244,-0.13411235580517508,0.00014623586726010015,False,rtms_nrg,kiscon,0.00046349921887359544
kiscon_cnt_priv,kiscon_cnt_priv_yoy_pct,798,-0.009623413297281582,0.786059618574258,0.13397781495811312,0.00014709787387574803,True,kiscon,kiscon,0.00046595517275688664
house_idx_yoy_pct,rtms_land_dae_n,737,-0.11997082363272729,0.001101610745386834,-0.13936907305444327,0.00014724353591529502,False,land_house,rtms_land,0.00046614043015931467
rtms_apt_unit_3m,pms_after_exit,798,0.16659439340492893,2.224992325975926e-06,0.1338905742091271,0.00014858402291080617,False,rtms_apt,exit,0.00046988959895441734
bank_corp_loan_rate,rtms_nrg_unit_3m,798,-0.08410753895731513,0.017480962111298355,-0.13388943196624192,0.00014860357430931733,False,rates,rtms_nrg,0.00046988959895441734
cci_civil,ah_n_pblanc,749,0.13513339699138957,0.00020794642048962077,0.13799526994627126,0.0001515796765883921,False,cci,applyhome,0.0004790168621265559
hug_sago_n,ah_sale_unit_med,317,-0.11868241110259894,0.034669007797679265,-0.21118811643423172,0.00015183115405999214,False,hug,applyhome,0.00047952816347240283
minbid_vs_rtms_all_3m,kiscon_amt_all,498,-0.01212965268051739,0.7871494826651728,-0.16891679546518526,0.00015228791022017685,False,valuation,kiscon,0.0004806298861499268
apt_idx,pms_after_exit,798,-0.1996103703680247,1.2909145534202406e-08,-0.13367256346275197,0.00015235976379729307,False,land_house,exit,0.0004806298861499268
ah_n_pblanc,kiscon_amt_priv_yoy_pct,749,-0.06593490136593268,0.07131813571734279,0.1376599017097059,0.0001573511857915479,False,applyhome,kiscon,0.0004960830132237068
rtms_land_n_yoy_pct,rtms_fac_n_yoy_pct,737,-0.11407325886719213,0.0019240946724637395,-0.1387463059750938,0.00015774689831435086,False,rtms_land,rtms_fac,0.000497037516374092
corp_bond_AA3y,pms_after_exit,798,-0.1249306640027033,0.0004039513877592796,-0.13317345135141853,0.00016134606294508825,False,rates,exit,0.000508078562171606
hug_sago_n,kiscon_amt_indiv,335,0.18725183546743163,0.000571098600248141,0.20464700942646782,0.00016217297339798752,False,hug,kiscon,0.0005103819239311591
rtms_land_n,kiscon_cnt_priv,798,0.1815004944224576,2.442152391837546e-07,0.13309824991907124,0.0001627424227534355,False,rtms_land,kiscon,0.0005118727849780115
land_area_m2,rtms_land_n_yoy_pct,786,-0.02729448796515066,0.4447812153237331,-0.13402200952022691,0.00016427542576429288,False,site_price,rtms_land,0.0005163907710533063
ah_supply_sum,kiscon_amt_priv_yoy_pct,749,-0.04515008638381861,0.21711828561935384,0.1372279113321512,0.000165089936892079,False,applyhome,kiscon,0.0005183416867656761
rtms_apt_n_yoy_pct,unsold_completed,761,-0.16716336566940493,3.5437857806366947e-06,-0.13615085008751868,0.00016504231222032214,False,rtms_apt,unsold,0.0005183416867656761
appraisal_mn,capret_office,748,0.11982881628996775,0.001024807046534754,0.1372383344266756,0.0001665738856283225,False,site_price,commercial,0.0005226939943982631
rtms_nrg_n_3m,ah_under_ratio,745,-0.10340972892785132,0.004722535113420703,-0.1374646441968114,0.0001674610920736959,False,rtms_nrg,applyhome,0.0005251697708610276
house_idx,rtms_land_dae_n_3m,798,0.15706883432765545,8.28194268699256e-06,0.13258307549543244,0.0001726178594209041,False,land_house,rtms_land,0.0005410244398145218
land_chg_pct,rtms_land_dae_n_3m,798,-0.12704509073701256,0.000320863845599898,-0.13251812758491338,0.0001739020426869953,False,land_house,rtms_land,0.0005444111371471686
rtms_apt_med_unit,reactivated,499,0.203902552603689,4.39561830805464e-06,0.16729474394465,0.00017389660564730882,False,rtms_apt,exit,0.0005444111371471686
rtms_fac_med_unit,minbid_vs_rtms_all_3m,460,-0.040650418061984356,0.3843868744641047,-0.17382726393151435,0.00017925020957582042,False,rtms_fac,valuation,0.00056063008723509
appraisal_mn,rtms_land_dae_n_3m,768,-0.07808553299385293,0.030483574370701937,-0.13479362546482132,0.00017929258447204114,False,site_price,rtms_land,0.00056063008723509
rtms_apt_med_unit,kiscon_cnt_all,798,0.23972204500076066,6.811224622773246e-12,0.13187259822965766,0.00018716258326481667,False,rtms_apt,kiscon,0.0005848967461817503
minbid_vs_rtms_all_3m,kiscon_amt_indiv,498,-0.01686482353674349,0.7073370603875715,-0.16663877699637472,0.00018734140393066552,False,valuation,kiscon,0.000584914162291706
land_area_m2,cci_plant,786,0.025560833440155074,0.474243271672973,0.13285910602615258,0.00018738693847123475,False,site_price,cci,0.000584914162291706
yield_office,kiscon_cnt_priv_yoy_pct,777,-0.1376842271744384,0.00011807888113798554,-0.1335828711034509,0.00018820890477997345,False,commercial,kiscon,0.0005871371142698471
bank_facility_loan_rate,kiscon_amt_pub,798,0.14493751190798773,3.9630222357385195e-05,0.13171537749831416,0.00019053291617739197,False,rates,kiscon,0.0005940405264142943
cci_resi,ah_supply_sum,749,0.19240686843508437,1.1167031262194826e-07,0.13585512944646164,0.00019212117620677374,False,cci,applyhome,0.000598643315371573
capret_office,rtms_nrg_n,777,0.1641228169237919,4.250729251211805e-06,0.13339135925960818,0.00019228938728150952,False,commercial,rtms_nrg,0.0005988184937648406
appraisal_mn,yield_office,748,0.11161024784108954,0.002236051421483483,0.135888762935974,0.00019331954247631442,False,site_price,commercial,0.0006016761313276212
cd_91d,apt_idx,798,0.06110074827931857,0.08453922870583264,0.1315636733854523,0.00019383889096649855,False,rates,land_house,0.0006029415648620522
rtms_apt_med_unit,pms_after_exit,798,0.1680619747786303,1.8049523789059046e-06,0.1315214718699291,0.00019476807792925404,False,rtms_apt,exit,0.0006054796003998379
bank_loan_rate_all,rtms_nrg_unit_3m,798,-0.08469289065422118,0.016709836225090355,-0.13125091534314196,0.00020082511646478038,False,rates,rtms_nrg,0.0006239464832871475
cd_91d,house_idx,798,0.05402770011375075,0.12727300910110043,0.13122130427760972,0.00020149864768483807,False,rates,land_house,0.0006256755337809693
capret_office,minbid_vs_rtms_dae_3m,490,-0.029598080671944253,0.5133364747629108,-0.1671547899346603,0.00020171332518287077,False,commercial,valuation,0.0006259786127410389
yield_midlarge,appr_vs_rtms_dae_3m,765,-0.05577093844894669,0.12326198268513903,-0.13393588617914423,0.00020306129006802232,False,commercial,valuation,0.0006297962401355658
rtms_apt_n_3m,kiscon_cnt_pub,798,0.1923974147409222,4.30767099764382e-08,0.13111028310188808,0.00020404283236457555,False,rtms_apt,kiscon,0.0006324736374802235
cci_plant,rtms_apt_n_yoy_pct,798,-0.009147088196199488,0.7964104003479056,0.13083301266803055,0.00021052897557148864,False,cci,rtms_apt,0.0006522007140097044
land_area_m2,rentidx_office,765,-0.041382346692133296,0.2529567040743346,-0.1334374980651584,0.0002145589502039693,False,site_price,commercial,0.0006643003513263601
capret_office,pms_after_exit,777,0.13794980386150807,0.00011451573842977177,0.1323994332172347,0.00021478533430749474,False,commercial,exit,0.0006646164250822769
rentidx_office,minbid_unit_land_mn_m2,490,0.14927379770992996,0.0009181851382771016,0.16618115755302135,0.000219969605278574,False,commercial,valuation,0.0006802645919170244
base_rate,kiscon_amt_pub,798,0.14688061704564534,3.109136636967492e-05,0.13038804515715974,0.0002213434124495213,False,rates,kiscon,0.0006841174718887806
apt_idx_yoy_pct,reactivated,460,0.19321505574017972,3.0179923797133872e-05,0.17129620291350212,0.00022318447596263616,False,land_house,exit,0.0006894092391520598
capret_office,appr_vs_rtms_dae_3m,745,-0.047286460289263116,0.19732050500724982,-0.1346955766128583,0.00022681051657605822,False,commercial,valuation,0.000700205445803801
apt_idx_yoy_pct,pms_after_exit,737,0.14056997861110568,0.0001288186052470406,0.13501545818057056,0.00023693071059033323,False,land_house,exit,0.0007310262605461696
ktb_3y,vac_midlarge,798,0.08558248105837564,0.015594984506036823,0.12976759377499042,0.00023729393153129762,False,rates,commercial,0.0007317247127438572
rtms_land_dae_unit_3m,rtms_fac_n_yoy_pct,737,-0.15939003702626503,1.3766143161744403e-05,-0.1348929207168991,0.00024007555390768406,False,rtms_land,rtms_fac,0.0007398754966826437
capret_midlarge,rtms_nrg_n_3m,798,0.152139785535699,1.5874301785154864e-05,0.12965721649063006,0.0002402419240522623,False,commercial,rtms_nrg,0.0007399617326655798
rtms_nrg_med_unit,kiscon_cnt_indiv,797,0.20011924035425813,1.208826346512268e-08,0.12970624993766822,0.00024109833995329466,False,rtms_nrg,kiscon,0.0007421720343870273
rtms_nrg_unit_3m,ah_rate_med,730,-0.013479280398321235,0.716169786116159,0.1354233391640941,0.000242945227255557,False,rtms_nrg,applyhome,0.0007474270023794381
reactivated,kiscon_amt_indiv,499,0.1822865913613264,4.201133610280466e-05,0.16340410941745737,0.00024667859427234543,False,exit,kiscon,0.0007584763907844917
cci_resi,pms_after_exit,798,-0.13013376199644275,0.00022775500573560703,-0.12932672862869504,0.00024927507972169146,False,cci,exit,0.0007660194547539565
corp_bond_BBB3y,yield_office,777,0.10015635678197973,0.0052001775298321186,0.1310203052075668,0.0002501837947251487,False,rates,commercial,0.0007683703333689661
rtms_fac_n_3m,hug_sago_sgg_flag,798,0.0951244667079296,0.007165599609690327,0.1292576612869254,0.0002512026185455257,False,rtms_fac,hug,0.0007710564875791767
rtms_nrg_med_unit,kiscon_cnt_priv,797,0.20269783761108168,7.76623013409807e-09,0.12929212795422426,0.0002524980850524798,False,rtms_nrg,kiscon,0.0007745882161650083
land_area_m2,exited,786,-0.06355787621485649,0.07493631408220747,-0.13014674595261527,0.0002536778317146938,False,site_price,exit,0.0007777611044601306
bank_facility_loan_rate,rtms_nrg_unit_3m,798,-0.08800145021826622,0.012887140976778847,-0.12914692271913625,0.00025432226622313845,False,rates,rtms_nrg,0.0007792900616017886
bank_loan_rate_all,rtms_nrg_med_unit,797,-0.09452128537557541,0.007579694460990649,-0.12912465784245472,0.00025724982947823136,False,rates,rtms_nrg,0.0007878091856930716
rtms_nrg_n,kiscon_amt_all,798,0.1270656288315405,0.0003201414000023949,0.1290115221993236,0.0002581859493992507,False,rtms_nrg,kiscon,0.0007902233952133907
rtms_fac_unit_3m,minbid_vs_rtms_dae_3m,476,-0.05637152065896649,0.21958811523374686,-0.16668034775198884,0.0002596420427477589,False,rtms_fac,valuation,0.0007942254019292146
land_area_m2,cci_total,786,0.023108743115554182,0.5176805486004291,0.12988671922866835,0.00026107281755126133,False,site_price,cci,0.0007981454290718092
cci_resi,vac_midlarge,798,0.08222161320185989,0.02018114322339299,0.12886876736617014,0.0002623189373462296,False,cci,commercial,0.0008014967759944513
cci_total,ah_n_pblanc,749,0.13781443881426986,0.0001546665053275385,0.1325435327446635,0.00027536683759191074,False,cci,applyhome,0.0008408831985173882
bank_corp_loan_rate,rtms_nrg_med_unit,797,-0.09069575951918231,0.010415775719454613,-0.12848244690719512,0.00027625858839587703,False,rates,rtms_nrg,0.0008431248128725769
house_idx_yoy_pct,reactivated,460,0.18291257215905982,7.956695685908227e-05,0.16857774178733473,0.00028147655894818587,False,land_house,exit,0.0008585597037626639
rentidx_office,minbid_vs_rtms_dae_3m,490,-0.022195994981181886,0.6240385033709025,-0.1633188407377253,0.00028299667082831817,False,commercial,valuation,0.0008627042183118684
rtms_land_n_yoy_pct,kiscon_cnt_priv,798,0.0994062774403422,0.004943694641890708,0.12809412251507962,0.00028584675276652986,False,rtms_land,kiscon,0.0008708960609929545
exited,ah_sale_unit_med,733,-0.010593032013798569,0.7746376127596171,-0.13358593147474157,0.0002869592726392447,False,exit,applyhome,0.0008737877168576547
land_area_m2,rtms_apt_n,786,-0.06757410958786145,0.05827325527272692,-0.1290161966023339,0.00028732429954341626,False,site_price,rtms_apt,0.0008744012690145969
vac_office,hug_sago_sgg_flag,777,-0.16426299962581503,4.1702316462476006e-06,-0.12967188216687803,0.0002900147061588567,False,commercial,hug,0.0008820868224296967
house_idx_yoy_pct,pms_after_exit,737,0.12776466107442974,0.0005072589417689816,0.1328504872768005,0.0002986004703984445,False,land_house,exit,0.0009076843179195467
appr_vs_rtms_all_3m,kiscon_amt_indiv,765,-0.02480320568751372,0.49333990709213693,-0.13030379300224218,0.0003020348270593461,False,valuation,kiscon,0.0009176023978899566
rtms_apt_unit_3m,kiscon_cnt_all,798,0.23855612845006013,8.659462508923105e-12,0.1275390616918923,0.00030390337823127866,False,rtms_apt,kiscon,0.0009227548911996859
rtms_nrg_n,kiscon_cnt_indiv,798,0.1608700978447015,4.946219896631347e-06,0.1275268484617904,0.0003043124186650325,False,rtms_nrg,kiscon,0.0009234724759375305
base_rate,pms_after_exit,798,0.1426395038483885,5.259487675122554e-05,0.1275175292068176,0.0003046248813496863,False,rates,exit,0.000923896336118419
unsold_total,ah_supply_sum,726,0.0007196310429627376,0.9845566253549821,-0.1336473762566452,0.0003049562315500113,False,unsold,applyhome,0.0009243769671756862
apt_idx_yoy_pct,hug_sago_n,328,0.20490580339140163,0.00018655700917198835,0.19808793318286416,0.00030659634471214714,False,land_house,hug,0.0009288219009494905
cci_total,ah_supply_sum,749,0.1905854228315282,1.4766400269174716e-07,0.13133095055425636,0.00031351998147328503,False,cci,applyhome,0.0009492589699533721
vac_office,unsold_pct_completed,697,-0.1590896131970201,2.449004231586276e-05,-0.1361078443751156,0.0003137390295088678,False,commercial,unsold,0.0009493846014623182
cci_bldg,pms_after_exit,798,-0.13183022979441963,0.0001880652854792336,-0.12713589900345568,0.00031768106339885094,False,cci,exit,0.0009607695961502578
capret_midlarge,rtms_nrg_n,798,0.16518689484488924,2.7147893295829014e-06,0.12712420741897923,0.0003180891864395211,False,commercial,rtms_nrg,0.0009614600790797736
spread_BBB_KTB,ah_sale_unit_med,733,0.0541020036397324,0.14337760345995187,0.13247935422804696,0.0003225465366123233,False,rates,applyhome,0.0009743821080599395
capret_office,reactivated,485,0.16501403127920655,0.0002625165189051417,0.1625973434787213,0.00032370714403826326,False,commercial,exit,0.0009773360243775233
unsold_total,minbid_unit_land_mn_m2,484,-0.08034064920736358,0.07743288706236207,-0.162724096214552,0.00032481564833832904,False,unsold,valuation,0.0009801293858154882
minbid_unit_land_mn_m2,ap_useapr_day,70,0.08342645115515651,0.49231826618540775,0.417150005702304,0.0003274667035508317,False,valuation,hub,0.0009875716096369414
spread_AA_KTB,house_idx,798,0.05269564036893218,0.13693729870115584,0.1266983198028368,0.0003332941249833729,False,rates,land_house,0.0010045793045581144
house_idx,kiscon_amt_priv,798,-0.12625971215514528,0.00034966077285189794,-0.12667369146908958,0.0003341938363588418,False,land_house,kiscon,0.0010067236298651986
bank_facility_loan_rate,rtms_nrg_med_unit,797,-0.08484321886674744,0.01658474564323788,-0.1266159621972312,0.0003392289183503573,False,rates,rtms_nrg,0.0010213158932541443
appr_unit_land_mn_m2,months_permit_idle,275,-0.1457641313604254,0.015556877575491393,-0.21449880982579606,0.00034013018163007026,False,valuation,hub,0.0010234530563736554
corp_bond_BBB3y,ah_sale_unit_med,733,0.019623785351380825,0.5958081671403958,0.13195543908074495,0.00034079655454472663,False,rates,applyhome,0.0010248814269688713
spread_BBB_KTB,capret_office,777,0.11840156114007724,0.0009439011461637925,0.12817528604713263,0.0003411273559506072,False,rates,commercial,0.0010252995909319264
rtms_nrg_n_3m,kiscon_amt_pub,798,0.08321840617567555,0.018711851202450724,0.12646986137945135,0.0003417276129367876,False,rtms_nrg,kiscon,0.0010265267114455074
house_idx_yoy_pct,ap_pms_day,403,0.1291284703379268,0.009457524414613259,0.1773347224199209,0.00034715563584631026,False,land_house,hub,0.0010422465945369012
vac_midlarge,appr_unit_land_mn_m2,765,-0.05407769847072386,0.13508076745873457,-0.12894506359590877,0.0003494934420187631,False,commercial,valuation,0.001048676450322293
spread_AA_KTB,kiscon_amt_pub,798,0.16210181665286214,4.174655040187163e-06,0.1261527928371162,0.0003537626675440859,False,rates,kiscon,0.0010608911852822362
rtms_fac_n_yoy_pct,unsold_completed,705,0.06979871103733801,0.06398925013526377,0.13413478372618412,0.00035513779542367045,False,rtms_fac,unsold,0.0010644180449161243
appraisal_mn,land_chg_pct,768,0.1685237271076825,2.649325157031611e-06,0.12851801259360726,0.0003561487521090278,False,site_price,land_house,0.0010668500714436817
rtms_fac_unit_3m,kiscon_cnt_indiv,765,0.14814119903678763,3.898745852567059e-05,0.1287402458467266,0.00035722389535438915,False,rtms_fac,kiscon,0.001069471538891332
rtms_land_n_yoy_pct,ah_under_ratio,745,-0.14870239345304337,4.6084640764805976e-05,-0.1299890100764795,0.0003748933764104853,False,rtms_land,applyhome,0.0011217430798359624
rentidx_office,rtms_nrg_n,777,0.18989791455570829,9.637333407390526e-08,0.12720983374770034,0.0003784386695668624,False,commercial,rtms_nrg,0.0011317178781733853
capret_office,rtms_nrg_n_3m,777,0.15037483597933185,2.5665913398240255e-05,0.12699911934665808,0.00038707286400408233,False,commercial,rtms_nrg,0.0011568913380826317
rtms_apt_n_yoy_pct,ah_rate_med,730,0.02329900888732927,0.5296691739710824,0.13073528373007592,0.00039796470549704354,False,rtms_apt,applyhome,0.0011887806035154704
rentidx_office,rtms_fac_med_unit,714,0.27870541043439334,3.325587044399975e-14,0.13208982376078104,0.0004018342523209715,False,commercial,rtms_fac,0.0011996693172307284
land_area_m2,rtms_apt_n_3m,786,-0.07041934675128293,0.04843139266744304,-0.12590284391516446,0.00040279734966667825,False,site_price,rtms_apt,0.0012018735651047592
reactivated,kiscon_cnt_indiv,499,0.16948313981088448,0.00014236321823881562,0.15767073311754307,0.0004071551262009265,False,exit,kiscon,0.0012141988063560257
nonbank_corp_loan_rate,kiscon_amt_pub,798,0.13640796393908416,0.00011090034114072661,0.1245735537085443,0.0004198250085938543,False,rates,kiscon,0.0012512844598390963
rtms_land_n_yoy_pct,kiscon_amt_indiv,798,0.06961818874553621,0.04930557331436116,0.12452743156592258,0.0004219170244320961,False,rtms_land,kiscon,0.0012568191251467508
rtms_land_dae_med_unit,rtms_fac_n_yoy_pct,737,-0.15760182253500282,1.7222153236444596e-05,-0.12950266460088986,0.0004241387873354613,False,rtms_land,rtms_fac,0.001262733906393492
capret_midlarge,minbid_vs_rtms_dae_3m,498,-0.02413041625063048,0.5911175143859749,-0.15732331092775864,0.00042514970152776046,False,commercial,valuation,0.0012650392064935644
spread_AA_KTB,apt_idx,798,0.055692095459184944,0.11595191418850812,0.12435621388463854,0.0004297684278765672,False,rates,land_house,0.0012780710699977782
house_idx_yoy_pct,rtms_land_dae_n_3m,737,-0.119852489534729,0.0011142807030977112,-0.1291884926888298,0.0004381556426943104,False,land_house,rtms_land,0.00130228917258837
ah_supply_sum,ah_rate_med,730,-0.07406699878346013,0.04544639815924825,0.12964275673115394,0.0004454488706955064,True,applyhome,applyhome,0.0013232306175604848
land_chg_cum12_pct,hug_sago_n,335,0.13765233022888843,0.011667280233754651,0.1906445034686727,0.0004505437117816008,False,land_house,hug,0.0013376220027186117
appr_vs_rtms_all_3m,ah_supply_sum,720,-0.013329203706056236,0.7210510100762647,-0.13014233036877088,0.00046366007788959735,False,valuation,applyhome,0.0013757993543150261
corp_bond_AA3y,ah_sale_unit_med,733,0.020217255101374017,0.5847338956175523,0.1289769665595786,0.0004642287103182654,False,rates,applyhome,0.0013767226367563865
ktb_3y,yield_office,777,0.09404776795605262,0.008712072565692376,0.12525816199655634,0.00046576968278153497,False,rates,commercial,0.0013805268812820772
apt_idx_yoy_pct,ap_pms_day,403,0.12881969367606155,0.009631121488541804,0.17336886813107485,0.000472191785373063,False,land_house,hub,0.0013987864135123367
appr_vs_rtms_all_3m,kiscon_amt_all,765,-0.022076722550318548,0.5420686387020468,-0.12602409364603068,0.00047603122477489425,False,valuation,kiscon,0.0014093792684780509
rtms_nrg_n_yoy_pct,ah_n_pblanc,749,-0.10267908576213469,0.00491042996700467,-0.12711983198798196,0.0004878420808886367,False,rtms_nrg,applyhome,0.0014435482050423577
rtms_apt_n_yoy_pct,unsold_total,761,-0.13799806595096742,0.0001340624349486025,-0.12593158077201055,0.0004974267183746658,False,rtms_apt,unsold,0.001471095499529501
land_area_m2,kiscon_amt_priv,786,-0.030439887726003985,0.39407945230956576,-0.12376882562893486,0.0005055422419487618,False,site_price,kiscon,0.0014942699655610997
reactivated,kiscon_amt_all,499,0.17221090840986253,0.00011055614635860159,0.1550934194929537,0.0005072539764453757,False,exit,kiscon,0.0014985011116317257
unsold_pct_completed,ah_rate_med,650,-0.10615260857482019,0.006752313339451416,-0.1359818326543669,0.0005082749675287828,False,unsold,applyhome,0.0015006881564750974
pms_after_exit,kiscon_cnt_indiv,798,0.12695356945420944,0.0003241017423852318,0.12267192921649168,0.0005145999581870831,False,exit,kiscon,0.001518407100275094
reactivated,kiscon_amt_priv,499,0.1883918958901517,2.27750920285266e-05,0.15491784203692396,0.0005148442253223762,False,exit,kiscon,0.001518407100275094
rtms_land_n_yoy_pct,hug_sago_last_yr,335,-0.13208367610917277,0.01555896785386289,-0.18871299659550994,0.0005159141021212206,False,rtms_land,hug,0.0015207236516219219
apt_idx,rtms_land_dae_n,798,0.13175643846604174,0.00018964724326149665,0.12263941845356877,0.0005163810920257673,False,land_house,rtms_land,0.0015212615421827977
min_bid_mn,nonbank_corp_loan_rate,502,-0.13790843189832663,0.0019549314902175025,-0.15436235403826437,0.0005190150780961338,False,site_price,rates,0.0015281793075881207
land_area_m2,house_idx,786,0.02249060424782347,0.5289459957558514,0.12344436925152087,0.0005231483898135185,False,site_price,land_house,0.0015395016182349385
vac_office,hug_sago_last_yr,335,0.15269161091205347,0.005099026569949532,0.18839525835024296,0.0005274754288364798,False,commercial,hug,0.0015513812530190635
corp_bond_AA3y,ah_n_pblanc,749,0.12309119762515565,0.0007355783856349957,0.12616494035413928,0.0005382996367175565,False,rates,applyhome,0.0015823464307469898
rentidx_midlarge,appr_vs_rtms_all_3m,765,-0.04973502517941658,0.16937838302254896,-0.12472550791607483,0.0005449976914380511,False,commercial,valuation,0.0016011553055600325
min_bid_mn,bank_corp_loan_rate,502,-0.1235395931626256,0.005576903082631065,-0.1532653740852307,0.0005694048009701773,False,site_price,rates,0.001671942597906391
corp_bond_AA3y,yield_midlarge,798,0.1033871085130791,0.0034575155489942203,0.12168126343110143,0.000571522553284823,False,rates,commercial,0.0016772398970438796
ap_pms_day,stcns_after_exit,425,0.10398537987775534,0.032095992789062625,0.16630178492761993,0.0005767862555620596,False,hub,exit,0.001691758699117023
rentidx_office,rentidx_midlarge,777,0.5468014671477291,8.623995770212944e-62,0.12300231016602674,0.0005899543995587063,True,commercial,commercial,0.0017294332096712732
ap_stcns_day,reactivated,98,0.2180851519435239,0.03098459028051298,0.34090941544793296,0.0005924778086189958,False,hub,exit,0.0017358788179100114
min_bid_mn,bank_loan_rate_all,502,-0.11862084242507206,0.007802101601839946,-0.15275591065861394,0.0005943193530700911,False,site_price,rates,0.0017403206905069973
ap_stcns_day,stcns_after_exit,142,0.18076988394778026,0.03133039898711003,0.2845092214374235,0.000600138820869869,False,hub,exit,0.001755438881395618
ap_stcns_day,pms_after_exit,142,0.18076988394778026,0.03133039898711003,0.2845092214374235,0.000600138820869869,False,hub,exit,0.001755438881395618
cd_91d,rtms_nrg_med_unit,797,-0.09634128239816675,0.00649089891461455,-0.12121881806883919,0.0006048416216536379,False,rates,rtms_nrg,0.0017682275292411165
rtms_nrg_n,appr_unit_land_mn_m2,765,0.048889097889907585,0.17675877441740234,0.12366644383519527,0.0006080039098231747,False,rtms_nrg,valuation,0.0017765010414341612
corp_bond_BBB3y,vac_midlarge,798,0.08169328736590258,0.020999904998283806,0.12104702595878272,0.0006109813566414065,False,rates,commercial,0.001784225731273403
rtms_nrg_n,kiscon_amt_priv,798,0.1373816785528562,9.890147556115889e-05,0.12097381280062018,0.0006156956929658619,False,rtms_nrg,kiscon,0.0017970113920788555
rentidx_midlarge,hug_sago_last_yr,335,-0.150085242531013,0.005916927406025613,-0.1859319709512738,0.0006256011385524614,False,commercial,hug,0.001824925961723956
appr_unit_land_mn_m2,kfb_understated,414,-0.0579539095430498,0.23935063093681624,-0.16718306240232264,0.0006367553225185549,False,valuation,exit,0.0018564507685423733
yield_midlarge,rtms_land_dae_n_3m,798,-0.1037414034611973,0.0033472588984396617,-0.12061109487321271,0.0006395541333434358,False,commercial,rtms_land,0.001863594523698829
rtms_fac_med_unit,hug_sago_sgg_flag,733,-0.004956762797106442,0.8934254657459432,0.1258020662404567,0.0006408243538591162,False,rtms_fac,hug,0.0018662787691093106
land_chg_pct,rtms_fac_n,798,0.17075323422555794,1.2240588683657073e-06,0.12044292696458218,0.0006509044361236482,False,land_house,rtms_fac,0.001894603168183531
yield_midlarge,minbid_vs_rtms_dae_3m,498,-0.017330471539017116,0.699643008783195,-0.1521753274473409,0.000656181810519151,False,commercial,valuation,0.0019089249950195323
vac_midlarge,rtms_apt_n_yoy_pct,798,-0.07278700596045896,0.039815639425210506,-0.12029590564122561,0.0006609803748918529,False,commercial,rtms_apt,0.0019218390780569535
rtms_nrg_unit_3m,ap_pms_day,425,0.10227194625521327,0.03505607740856842,0.16410825359699927,0.0006831149965297089,False,rtms_nrg,hub,0.0019851173295893226
minbid_vs_rtms_all_3m,ah_under_ratio,479,0.03699679107833069,0.419162348827849,0.15458642941797227,0.000686591556908223,False,valuation,applyhome,0.0019941363687062835
rentidx_office,rtms_nrg_n_3m,777,0.16916803518002058,2.114738889528728e-06,0.12109313049556227,0.0007184044357259398,False,commercial,rtms_nrg,0.002084932632543345
cci_civil,ah_supply_sum,749,0.18622837764031766,2.849630315826376e-07,0.12332302045637415,0.0007186330356793313,False,cci,applyhome,0.002084932632543345
land_area_m2,rtms_nrg_n_3m,786,-0.04625264145319182,0.1951980170316916,-0.12037501517106663,0.0007203097161664121,False,site_price,rtms_nrg,0.0020875317356866155
bank_loan_rate_all,rtms_fac_n_yoy_pct,737,0.01844783000943427,0.6170684351754646,0.12430049117282856,0.0007199317080298004,False,rates,rtms_fac,0.0020875317356866155
min_bid_mn,bank_facility_loan_rate,502,-0.1202678557638992,0.00698150797701594,-0.15039341573690432,0.0007236360005393003,False,site_price,rates,0.0020960355876942787
ktb_3y,ah_sale_unit_med,733,0.01596241173048136,0.6661369637266221,0.12455751014295821,0.0007256994877671675,False,rates,applyhome,0.0021008744781218433
pms_after_exit,kiscon_amt_indiv,798,0.13381662310675985,0.0001498548202572297,0.11926971516777254,0.0007354425389069052,False,exit,kiscon,0.0021279281685796657
appraisal_mn,capret_midlarge,768,0.1281349539325528,0.0003710238590143677,0.12146473401872838,0.0007431520785422183,False,site_price,commercial,0.0021490720194511847
unsold_completed,ap_pms_day,411,-0.09441045386271554,0.055819767707582346,-0.16567271057375196,0.0007467717664297861,False,unsold,hub,0.002158372235189225
appr_vs_rtms_dae_3m,ah_n_pblanc,720,-0.020092648455682583,0.5903976227877232,-0.12535971763767612,0.0007483683813093846,False,valuation,applyhome,0.00216181833325839
months_permit_idle,kfb_understated,280,0.30724272874858644,1.5579249480660593e-07,0.19996546481295693,0.0007650354160131374,False,hub,exit,0.00220877125778739
rtms_nrg_n_yoy_pct,kiscon_amt_all,797,-0.08421356176662202,0.01740952938852771,-0.11887349087445498,0.0007721146576709049,False,rtms_nrg,kiscon,0.0022280070558911647
min_bid_mn,base_rate,502,-0.13288258913331663,0.0028534555882315407,-0.14958494026442967,0.0007735671341862238,False,site_price,rates,0.0022309943184971623
rentidx_midlarge,rtms_apt_n_yoy_pct,798,0.2210309520120788,2.7487343716962506e-10,0.11876518419166168,0.0007748374520551939,False,commercial,rtms_apt,0.002233453291719203
land_area_m2,hug_sago_n,328,-0.036819160001053716,0.5063684376282468,0.18465371180619222,0.0007783075901399062,False,site_price,hug,0.0022422471360334473
rtms_nrg_n_yoy_pct,kiscon_cnt_pub,797,-0.06687003560992806,0.05916435575621272,-0.11877605639551841,0.000779913984065665,False,rtms_nrg,kiscon,0.002245665090360318
appraisal_mn,rtms_apt_med_unit,768,0.15121751795559626,2.5757459914824257e-05,0.12097415884968771,0.0007810659364002151,False,site_price,rtms_apt,0.002247771561857885
spread_AA_KTB,cci_yoy_pct,798,0.4080766983326818,2.253401669384304e-33,0.11858458889606498,0.0007894076378947241,False,rates,cci,0.0022705554813464714
bldg_area_m2,minbid_vs_rtms_dae_3m,216,-0.03678926301744573,0.5907605187043502,0.22617910710862582,0.0008129459536121416,False,site_price,valuation,0.002337001082776409
rtms_land_med_unit,rtms_fac_n_yoy_pct,737,-0.12688567798818098,0.0005548458737225422,-0.12305501484065817,0.000814773004438847,False,rtms_land,rtms_fac,0.002340994763425317
land_area_m2,cci_civil,786,0.023629177980395953,0.5082927389968092,0.11914357851845413,0.0008172515779582138,False,site_price,cci,0.0023468550952430553
bldg_area_m2,cci_plant,286,0.21292106211191852,0.00028703717205796686,0.19662718923803776,0.0008275783706834408,False,site_price,cci,0.0023752343253056135
bank_corp_loan_rate,ah_under_ratio,745,-0.16386139359935414,6.942129848350737e-06,-0.12222626346790487,0.0008285763017401577,False,rates,applyhome,0.0023768226853029093
appraisal_mn,rtms_apt_unit_3m,768,0.14933026607667255,3.253737999071205e-05,0.12031695730985621,0.0008346687355796571,False,site_price,rtms_apt,0.0023930154043669844
bank_corp_loan_rate,yield_office,777,0.13210070767545487,0.0002220291599708642,0.11954657275958282,0.0008409773420251712,False,rates,commercial,0.0024098102078288267
base_rate,rtms_nrg_unit_3m,798,-0.0706716093630188,0.045959922846504325,-0.11786985921959252,0.0008495966029597151,False,rates,rtms_nrg,0.0024332046256162814
vac_office,kiscon_cnt_priv_yoy_pct,777,0.14859112465164467,3.2052198513824286e-05,0.11929558787420372,0.0008626060155436441,False,commercial,kiscon,0.002469140452415345
appr_vs_rtms_dae_3m,ap_useapr_day,96,-0.01920085898306114,0.8526942008220033,0.33436540911970847,0.0008698320206779832,False,valuation,hub,0.002488492142624492
cci_resi,ah_sale_unit_med,733,0.023460886937135873,0.5259616175820875,0.12242069244459047,0.0008961267400294752,False,cci,applyhome,0.0025623474218917667
yield_midlarge,rtms_land_dae_n,798,-0.09989864254588607,0.004732915342673163,-0.11725223464966777,0.0009050009355548402,False,commercial,rtms_land,0.0025863388575156233
vac_office,ah_rate_med,722,0.17804580791444194,1.4769525739692554e-06,-0.12318976091980986,0.0009098219989164554,False,commercial,applyhome,0.0025987276860076317
rtms_land_dae_n,rtms_apt_n_yoy_pct,798,-0.09222072610747209,0.009144443553475151,-0.11709998725543955,0.000919162560867055,False,rtms_land,rtms_apt,0.002623328760996719
minbid_unit_land_mn_m2,kiscon_amt_priv,498,0.06162092014218041,0.1697596452084947,0.14806073160806438,0.0009194161395376569,False,valuation,kiscon,0.002623328760996719
bank_facility_loan_rate,rtms_fac_n_yoy_pct,737,0.007890040741135949,0.8306745147819585,0.12164758489688972,0.0009358005824073199,False,rates,rtms_fac,0.0026686537142037014
appr_unit_land_mn_m2,hug_sago_sgg_flag,765,0.011540933472808334,0.7499577386314827,0.11939701623463839,0.0009369633991497488,False,valuation,hug,0.0026705454665531484
rtms_nrg_n_3m,appr_unit_land_mn_m2,765,0.05288986450202398,0.1438803885831541,0.11919942021985416,0.0009555890818658845,False,rtms_nrg,valuation,0.002722181577377136
minbid_unit_land_mn_m2,ah_under_ratio,479,-0.093773493714121,0.04021893651951549,-0.15038320495823246,0.0009617219801290282,False,valuation,applyhome,0.0027381935185036817
rentidx_midlarge,ah_supply_sum,749,-0.19337063330652546,9.62193015929349e-08,-0.1202094905663925,0.000979524910881872,False,commercial,applyhome,0.002787397391423826
rtms_fac_unit_3m,hug_sago_sgg_flag,765,-0.017958431622529532,0.6199413663513319,0.11875231463222924,0.0009990042505224632,False,rtms_fac,hug,0.002841316876352984
bldg_area_m2,cci_civil,286,0.21071771726481786,0.0003328079549219937,0.19348591695755132,0.0010056272459643396,False,site_price,cci,0.0028586331122654567
appraisal_mn,cci_civil,768,0.10251925316936114,0.004455583724080745,0.11815543397838943,0.0010359240280098823,False,site_price,cci,0.0029431911677836563
rtms_nrg_med_unit,ah_rate_med,730,-0.013519321391191002,0.7153632380069055,0.12098092183352671,0.0010560213409786274,False,rtms_nrg,applyhome,0.002997105154040722
rtms_nrg_n_3m,unsold_completed,761,0.12961670974895523,0.00033721827813366,0.11850385129268284,0.0010556925961703542,False,rtms_nrg,unsold,0.002997105154040722
corp_bond_BBB3y,yield_midlarge,798,0.09786903813205731,0.005657416284674969,0.11560200315828494,0.001069847837243536,False,rates,commercial,0.0030347354831518234
appr_unit_land_mn_m2,kiscon_amt_indiv,765,0.015872154954403014,0.6611602285395205,0.11800264367174379,0.0010759096404625846,False,valuation,kiscon,0.003050312220335864
rtms_fac_unit_3m,hug_sago_amt_mn,325,0.06630094009819862,0.23327542860692577,0.18044653030002708,0.0010855041003593026,False,rtms_fac,hug,0.0030758825779656548
spread_AA_KTB,capret_office,777,0.0915254838794179,0.010695319842750616,0.11695149321545385,0.0010909541836319754,False,rates,commercial,0.003089688569851786
land_chg_cum12_pct,rtms_fac_n,798,0.16145786105974397,4.562420938629006e-06,0.11534309331538499,0.0010980959040697222,False,land_house,rtms_fac,0.0031082682896033903
rentidx_office,appr_vs_rtms_all_3m,745,-0.03212247089677483,0.3812874761571374,-0.11935105236436852,0.0010990826199316916,False,commercial,valuation,0.003109415221573945
yield_office,hug_sago_last_yr,335,-0.21325539498350424,8.355352931583811e-05,-0.17730969548867342,0.0011179367374298133,False,commercial,hug,0.003161082884736759
appraisal_mn,ah_sale_unit_med,709,0.11608313803302531,0.0019616996960730836,0.12206726197558374,0.0011269850482944596,False,site_price,applyhome,0.003184983643356488
bldg_area_m2,minbid_vs_rtms_all_3m,216,-0.04013305562440624,0.5574408378726708,0.22012103054642865,0.0011284783452480205,False,site_price,valuation,0.0031875191294459407
house_idx,reactivated,499,-0.1904328184173536,1.8478021647618832e-05,-0.14482102636426558,0.0011783846391947056,False,land_house,exit,0.0033267279122355287
bldg_area_m2,cci_total,286,0.20870939476597627,0.0003803594710989565,0.19088082540661083,0.0011793531898277546,False,site_price,cci,0.003327705280215833
appr_unit_land_mn_m2,ap_stcns_day,138,0.027396076699033864,0.7497541486045807,0.272983611351154,0.0011977431941391722,False,valuation,hub,0.0033778126893787733
rtms_apt_n_yoy_pct,appr_vs_rtms_all_3m,765,-0.022843861771016216,0.5281195490098152,-0.1168878843207382,0.0012004176729457055,False,rtms_apt,valuation,0.0033835705309650434
rtms_land_dae_n,rtms_nrg_n_yoy_pct,797,0.030563311398520136,0.38886051333156596,0.11446574734291784,0.0012076061526691733,False,rtms_land,rtms_nrg,0.0034020390402118386
appraisal_mn,cci_total,768,0.10075893626678228,0.005191883562485999,0.11646737630850801,0.0012232991958901537,False,site_price,cci,0.003444434334083545
rtms_apt_n,rtms_fac_med_unit,733,-0.02420251894584026,0.5129598559686572,0.11913441668654126,0.0012316284989794648,False,rtms_apt,rtms_fac,0.0034660618863385255
hug_sago_sgg_flag,ah_sale_unit_med,733,0.028292329338959178,0.4443718386380766,0.1190408443963403,0.001242690495812536,False,hug,applyhome,0.00349535301478676
bank_loan_rate_all,ah_n_pblanc,749,-0.08515454431208895,0.019761770208131895,-0.1175977319216575,0.001263175772940472,False,rates,applyhome,0.003551104552004576
land_chg_pct,appr_vs_rtms_all_3m,765,-0.05758928301705809,0.1114842202865333,-0.11631282338696018,0.0012697184759590363,False,land_house,valuation,0.0035676220131124364
spread_AA_KTB,rtms_apt_n_yoy_pct,798,-0.07650495694990803,0.03069839624818696,-0.113736656680494,0.0012893168837635229,False,rates,rtms_apt,0.003620786437753969
rtms_apt_med_unit,kiscon_amt_pub,798,0.10470533860507204,0.003063266450491376,0.11369793835149139,0.0012942831564712956,False,rtms_apt,kiscon,0.0036328252166152324
apt_idx,reactivated,499,-0.18849796528854462,2.253017814658663e-05,-0.14359199360869895,0.0012988213337170884,False,land_house,exit,0.003643650404714203
appraisal_mn,ktb_3y,768,0.10181577984986502,0.004737684913760031,0.11579426099319096,0.0013063689340327784,False,site_price,rates,0.0036629023021883932
house_idx,rtms_land_dae_n,798,0.12218528462758632,0.0005418684149030535,0.11345144247377474,0.0013263158433418998,False,land_house,rtms_land,0.003716881978170408
rtms_fac_n_3m,br_useapr_day,230,0.1673356788106931,0.011025408202418692,0.210405617793742,0.0013292954129311343,False,rtms_fac,hub,0.003723280551567719
cci_plant,rtms_nrg_n_yoy_pct,797,0.04546740637745532,0.19975585506622512,0.11343558691892264,0.001337757254547445,False,cci,rtms_nrg,0.003745019916264496
pms_after_exit,kiscon_cnt_priv,798,0.12521320234348807,0.00039179096119274436,0.113267159578339,0.0013507390386977485,False,exit,kiscon,0.0037793833803855892
bldg_area_m2,cci_nonresi,286,0.2078758246380937,0.0004018919382847081,0.18843293474932984,0.001367325104562277,False,site_price,cci,0.003823790446702142
land_chg_cum12_pct,exited,798,0.09880911076762515,0.005210689083553576,0.1129352899404913,0.0013957691194990771,False,land_house,exit,0.0039012950768225643
rtms_apt_med_unit,hug_sago_amt_mn,335,0.12979493994061253,0.017462586010623095,0.1738410565299994,0.0014018176307953765,False,rtms_apt,hug,0.003916154060534419
capret_office,kiscon_cnt_priv_yoy_pct,777,-0.12388519746775455,0.0005380796453411313,-0.11439099335477163,0.0014032914570663,False,commercial,kiscon,0.003918224240696348
pms_after_exit,kiscon_cnt_all,798,0.11596083809277016,0.0010318059904077504,0.11280191388360532,0.001414252479774094,False,exit,kiscon,0.0039467682721044265
cci_resi,unsold_completed,761,0.05457120739511135,0.13256590725897938,0.11546903023580768,0.0014188066740210051,False,cci,unsold,0.003957412251429481
cci_civil,ah_sale_unit_med,733,0.02047157015227319,0.5800177371660464,0.1174139897173993,0.0014502489984804191,False,cci,applyhome,0.004043003855513452
apt_idx_yoy_pct,hug_sago_sgg_flag,737,0.09465083024314347,0.010141442769963248,0.11707464653624519,0.001453188627594025,False,land_house,hug,0.0040490878539579216
yield_midlarge,rtms_fac_n_3m,798,0.24165980136314696,4.557404096615953e-12,0.11248756301320605,0.00145870996103773,False,commercial,rtms_fac,0.004062355292535803
hug_sago_n,ah_n_pblanc,328,0.1726158578210436,0.0017018738602801308,0.1749473071652422,0.0014681792404330153,False,hug,applyhome,0.004086597812907514
minbid_vs_rtms_dae_3m,ah_under_ratio,479,0.03716909376292597,0.41699800244876406,0.14487103111394914,0.0014770244881359524,False,valuation,applyhome,0.004109079052061882
appraisal_mn,ap_stcns_day,139,-0.06823495901355925,0.4247866350833439,-0.26678314569603023,0.0015000896584649094,False,site_price,hub,0.004171076133027494
nonbank_corp_loan_rate,rtms_nrg_unit_3m,798,-0.07120713272380849,0.04433362273631683,-0.11218253045460824,0.0015030751562349074,False,rates,rtms_nrg,0.004177205228891918
corp_bond_AA3y,kiscon_cnt_indiv,798,0.012129861387845081,0.7322525913841168,-0.11181844505282597,0.00155765217551132,False,rates,kiscon,0.004326631783095599
vac_office,appr_unit_land_mn_m2,745,-0.04897565470764264,0.18176772159501162,-0.11553165410144553,0.0015848097261557008,False,commercial,valuation,0.004399780688346071
rtms_apt_unit_3m,hug_sago_amt_mn,335,0.1235590024822508,0.023714624394057488,0.1717451833342834,0.0016039945967537207,False,rtms_apt,hug,0.004450731244858404
land_chg_cum12_pct,rtms_land_n,798,-0.08212250606673109,0.020332579315883247,-0.11144503867832592,0.0016155133160594209,False,land_house,rtms_land,0.0044803681021627195
base_rate,apt_idx,798,-0.09195400553358518,0.009348615151497878,0.11141124744510564,0.0016208456827785124,False,rates,land_house,0.004492826265327478
reactivated,ah_n_pblanc,462,0.12477345796297785,0.0072499618411627255,0.14621183946721786,0.0016263380896791523,False,exit,applyhome,0.00450571490441162
ktb_3y,yield_midlarge,798,0.09431442746766473,0.0076749029759976845,0.11136400757107859,0.0016283273929040395,False,rates,commercial,0.004507112650721828
cci_bldg,unsold_completed,761,0.05543041277298136,0.1265678752270863,0.11402924260738348,0.00162852845356173,False,cci,unsold,0.004507112650721828
rtms_nrg_n,unsold_completed,761,0.13409539589800404,0.0002073632954995815,0.11397655292483425,0.0016367176682738802,False,rtms_nrg,unsold,0.004527433715602916
unsold_total,months_permit_idle,277,0.10367386002719736,0.08501188730054829,0.18794103677650012,0.0016787747204449598,False,unsold,hub,0.0046413694054907965
apt_idx,kiscon_amt_all,798,-0.1170784479731111,0.0009211825529164932,-0.11098267392177505,0.001689893505004907,False,land_house,kiscon,0.004669695385664723
rtms_apt_n_3m,rtms_fac_med_unit,733,-0.016200846737775942,0.6614577283201465,0.11562219781855798,0.001715430211473146,False,rtms_apt,rtms_fac,0.004737812676005637
unsold_completed,minbid_unit_land_mn_m2,484,-0.05696793267220867,0.21090892954529264,-0.14212378651716193,0.0017210946812366058,False,unsold,valuation,0.004751003232097125
reactivated,kiscon_cnt_all,499,0.15343060713005285,0.0005835026193995451,0.13981823145719874,0.0017429408228867862,False,exit,kiscon,0.004808825892660292
minbid_vs_rtms_all_3m,br_useapr_day,153,0.042328700166034794,0.6034007583322827,0.2510692692115977,0.0017457708259721277,False,valuation,hub,0.004814149874405862
bank_facility_loan_rate,rtms_apt_n_3m,798,-0.1238559283151633,0.0004534967558137223,-0.11062602461315825,0.0017494012883089083,False,rates,rtms_apt,0.004821674581746254
vac_midlarge,rtms_fac_n_yoy_pct,737,-0.03850231474822219,0.2965483822645667,-0.1150924554281991,0.0017504304547594227,False,commercial,rtms_fac,0.004822025575269774
corp_bond_BBB3y,kiscon_cnt_indiv,798,0.010096849141013553,0.7758088839780694,-0.11052024922724821,0.0017674163864240039,False,rates,kiscon,0.0048663107199841136
appr_vs_rtms_all_3m,excess_pp_med,200,0.06661467574378369,0.3486503868048884,0.2193564839120978,0.0018034649084678804,False,valuation,excess,0.004963009194841872
rtms_nrg_n_yoy_pct,kiscon_amt_pub,797,-0.06465655209728235,0.06809530238818186,-0.1103079014187589,0.0018161536416075473,False,rtms_nrg,kiscon,0.004995356749833105
rtms_fac_unit_3m,ah_rate_med,702,-0.02201893034453285,0.560277934514417,0.11732526897126248,0.001847030702734936,False,rtms_fac,applyhome,0.005077672579703703
rtms_nrg_med_unit,kiscon_cnt_priv_yoy_pct,797,-0.0625849997709569,0.07742821660611802,-0.11004691789604873,0.0018624448646740008,False,rtms_nrg,kiscon,0.005117416593736835
rtms_fac_med_unit,minbid_vs_rtms_dae_3m,460,-0.04097937485984847,0.3805481650806533,-0.14466937926509785,0.001866126917402087,False,rtms_fac,valuation,0.005123108498269935
corp_bond_AA3y,vac_midlarge,798,0.07747624223812404,0.028634830305959057,0.10995595845161557,0.0018664326453394116,False,rates,commercial,0.005123108498269935
rtms_nrg_n_3m,kiscon_cnt_pub,798,0.09554590128434445,0.006912787652882878,0.10977146237236525,0.0018998934580694094,False,rtms_nrg,kiscon,0.005212278255668102
discount_ratio,spread_BBB_KTB,499,-0.09057435039905193,0.04313897510007632,-0.13859310084748283,0.0019146652951133787,False,site_price,rates,0.005250110427164736
bank_loan_rate_all,yield_midlarge,798,0.080137637146458,0.023580702398798704,0.10968166555174216,0.0019163774667402002,False,rates,commercial,0.0052521118988517945
rtms_land_med_unit,kiscon_cnt_all,798,0.09811342377587327,0.00553808198252815,0.10958421406277828,0.0019344148939398492,False,rtms_land,kiscon,0.005298830142364945
appraisal_mn,kfb_understated,416,-0.12812716250505315,0.008890933799468825,-0.15141541648490475,0.0019558088061755624,False,site_price,exit,0.0053546900597136364
rentidx_office,rtms_land_n_yoy_pct,777,0.2154924457665946,1.290632453204535e-09,0.11089423648397319,0.001963343295250073,False,commercial,rtms_land,0.0053725673488751995
vac_midlarge,minbid_unit_land_mn_m2,498,-0.09905714038124945,0.027075022912955896,-0.13836965734913537,0.001968221194396286,False,commercial,valuation,0.0053831604738807885
rtms_fac_n,hug_sago_sgg_flag,798,0.07940460218520352,0.02488916210047146,0.10937016233274033,0.001974581472304777,False,rtms_fac,hug,0.005397795057471187
corp_bond_BBB3y,months_permit_idle,284,0.03793460071609743,0.5243235299329314,0.18273207204430678,0.0019884725781372497,False,rates,hub,0.005432990738528295
rtms_nrg_unit_3m,kiscon_cnt_all,798,0.15011848392775884,2.0609250024704125e-05,0.10928510924138968,0.001990752648454499,False,rtms_nrg,kiscon,0.005436442498103272
ktb_3y,months_permit_idle,284,0.03876706443213693,0.5152546970926684,0.18267645798055587,0.0019948938306326995,False,rates,hub,0.005443525127413229
cci_plant,unsold_completed,761,0.06026692173745199,0.0966503104194645,0.11187768787228343,0.001995382317136699,False,cci,unsold,0.005443525127413229
house_idx_yoy_pct,appr_vs_rtms_dae_3m,708,-0.05719252211591385,0.12842311859889136,-0.11591478264018452,0.00200655005836957,False,land_house,valuation,0.005471199980674192
rtms_nrg_n_3m,kiscon_cnt_all,798,0.12910940536413565,0.0002553873764739013,0.10914191362771433,0.0020182527952244157,False,rtms_nrg,kiscon,0.005500304636118732
rtms_land_n_yoy_pct,appr_vs_rtms_all_3m,765,-0.03173126901195105,0.38079680388025416,-0.11133531452989347,0.002042789249353605,False,rtms_land,valuation,0.005564337298162877
rtms_nrg_n,kiscon_amt_pub,798,0.07866162786001052,0.026278937165686175,0.10877318773394083,0.0020906742713787244,False,rtms_nrg,kiscon,0.005691871348809593
discount_ratio,rtms_land_n_yoy_pct,499,0.0476461109579462,0.2881142049554924,0.13739088771539643,0.0020981055363803558,False,site_price,rtms_land,0.005709196082964764
land_area_m2,ah_n_pblanc,738,-0.02737466986320099,0.4577583392187708,-0.11302047200243587,0.002105132436674718,False,site_price,applyhome,0.005725403427721118
reactivated,kiscon_cnt_priv,499,0.16247758667366843,0.00026778981514629345,0.13733117174391066,0.0021076231129812267,False,exit,kiscon,0.00572926323594846
rtms_apt_unit_3m,kiscon_amt_pub,798,0.10277765585953696,0.0036549215692124716,0.10856093597082521,0.0021334339069096894,False,rtms_apt,kiscon,0.00579647921760473
minbid_vs_rtms_dae_3m,ah_n_pblanc,481,0.012689488780165875,0.7813276561243833,-0.13957029052313433,0.0021543825170723357,False,valuation,applyhome,0.005850423219291914
rtms_nrg_n_yoy_pct,kiscon_amt_priv,797,-0.0864391734831001,0.014645817008095403,-0.10849385831987653,0.0021610225770193853,False,rtms_nrg,kiscon,0.005865475999656169
minbid_vs_rtms_dae_3m,br_useapr_day,153,0.1087159565916267,0.18099993518411892,0.24594113281421942,0.002181173719480687,False,valuation,hub,0.005917166858479571
cci_total,ah_sale_unit_med,733,0.02168106506646328,0.5578354256590339,0.11278153114187191,0.0022282365235002325,False,cci,applyhome,0.006041775198354839
minbid_vs_rtms_dae_3m,kiscon_amt_indiv,498,-0.0004834881244312715,0.9914130397157135,-0.13652025894934455,0.002263959018193447,False,valuation,kiscon,0.006135524009265262
discount_ratio,bank_loan_rate_all,499,-0.063707170391194,0.15532108467823003,-0.13633209848434427,0.0022728234488983068,False,site_price,rates,0.006156427042177936
spread_BBB_KTB,minbid_vs_rtms_all_3m,498,-0.07295055896741201,0.10394231944707753,-0.13624694904454512,0.002310953299031105,False,rates,valuation,0.006256540399959149
rtms_land_dae_n_3m,kiscon_cnt_pub,798,0.12894038935914115,0.0002602376845541557,0.10760122911358562,0.0023369441835784264,False,rtms_land,kiscon,0.006323704731575833
bank_corp_loan_rate,rtms_fac_n_yoy_pct,737,0.01325214521396642,0.7194672045186731,0.11181447820083812,0.002366599369243696,False,rates,rtms_fac,0.006400711597038969
min_bid_mn,yield_office,494,0.15433979679124682,0.000576724705648862,0.13645867885507165,0.0023697756741245897,False,site_price,commercial,0.006406061946180071
reactivated,kiscon_amt_pub,499,0.11039707764499523,0.013608097797242775,0.13575065608660186,0.0023743284972409357,False,exit,kiscon,0.006415126061014291
cci_yoy_pct,kiscon_amt_priv,798,0.21302742352771337,1.2149539835012373e-09,0.10738248658566207,0.0023857456081121074,False,cci,kiscon,0.006442718063926989
cci_nonresi,rtms_nrg_n_yoy_pct,797,0.026553194886418205,0.45410816667210335,0.10741915235500812,0.0023926194162646975,False,cci,rtms_nrg,0.006458019191704865
land_chg_cum12_pct,ap_stcns_day,142,0.22886622127157225,0.006151192454201597,0.2528220157571138,0.0024008379884022015,False,land_house,hub,0.0064769327568045265
base_rate,house_idx,798,-0.10903977942872506,0.0020380793782385125,0.10728230496476363,0.0024084055098797714,False,rates,land_house,0.006494071740457457
rtms_apt_med_unit,ap_pms_day,425,0.11282881088762725,0.019986097194623107,0.1467210201029794,0.0024273909774065764,False,rtms_apt,hub,0.006541965502113389
cci_yoy_pct,months_permit_idle,284,0.017580133719399274,0.7680077492038878,0.1789252787330985,0.002474325186955476,False,cci,hub,0.006665096611914827
appr_vs_rtms_all_3m,kiscon_cnt_priv_yoy_pct,765,0.010284449710545318,0.7764132997135132,0.10926439752154342,0.0024762626236107844,False,valuation,kiscon,0.0066669568219772735
land_chg_pct,n_rounds_m,201,-0.1338894854082582,0.05810393107563691,-0.2119087087101195,0.0025280838810182275,False,land_house,site_price,0.0068030520945165885
rtms_nrg_n_3m,ah_supply_sum,749,0.09313373080811241,0.010767383817135573,0.11014222829732212,0.002540199161077661,False,rtms_nrg,applyhome,0.006832215751651033
minbid_unit_land_mn_m2,br_useapr_day,153,0.09919779441138689,0.22248082625446253,0.2421834033338798,0.0025604170316257317,False,valuation,hub,0.006883132160936545
discount_ratio,spread_AA_KTB,499,-0.09979359527874418,0.025800830529689046,-0.13468349764562934,0.0025714589829442026,False,site_price,rates,0.006909342302413393
rtms_apt_unit_3m,ap_pms_day,425,0.10884676566018736,0.024832675821315583,0.1458414058633412,0.0025793619933135344,False,rtms_apt,hub,0.006927096222123288
apt_idx,kiscon_cnt_priv,798,-0.19737995268294112,1.8829288590737505e-08,-0.10647340817579741,0.002598698031815897,False,land_house,kiscon,0.0069755212731524106
house_idx,rtms_fac_n_yoy_pct,737,0.07440325104970405,0.0434611079345093,0.11068385275217561,0.0026213811541304977,False,land_house,rtms_fac,0.0070328775871228155
land_area_m2,rtms_nrg_n,786,-0.043774989470651116,0.22023759163015685,-0.10713122757479814,0.0026351276318992635,False,site_price,rtms_nrg,0.0070628392179293755
cci_nonresi,unsold_completed,761,0.05581054048197965,0.12398247183677023,0.10887182579784271,0.002635190618995531,False,cci,unsold,0.0070628392179293755
cci_total,rtms_nrg_n_yoy_pct,797,0.028847339342044517,0.4160542595210955,0.1063728203082254,0.002639676041701554,False,cci,rtms_nrg,0.0070713165305502056
base_rate_chg_12m,kiscon_cnt_indiv,798,0.002349481214971201,0.9471658142699165,-0.10627299458427308,0.002647919135233763,False,rates,kiscon,0.0070862981061536184
land_area_m2,nonbank_corp_loan_rate,786,-0.03217088948866313,0.367731434818253,-0.10708392920448277,0.0026467284765773215,False,site_price,rates,0.0070862981061536184
appraisal_mn,corp_bond_BBB3y,768,0.0975341024558509,0.006830573842160001,0.1082774377337329,0.0026591054618714622,False,site_price,rates,0.007112674789708208
house_idx_yoy_pct,rtms_apt_n,737,0.1291766540477716,0.0004386921695623611,0.1104513552140523,0.002676779508007387,False,land_house,rtms_apt,0.0071563700146577485
unsold_pct_completed,hug_sago_sgg_flag,697,0.11766552841450284,0.001860140659436976,0.11356077568620082,0.0026783621989477377,False,unsold,hug,0.0071570228274730405
ktb_3y,kiscon_cnt_indiv,798,0.008485746715385996,0.8108407835968612,-0.1061405572629172,0.002680910586711997,False,rates,kiscon,0.007160254199375149
spread_BBB_KTB,capret_midlarge,798,0.05119705979212834,0.1484744878397839,0.10607441498142006,0.0026975272841074805,False,rates,commercial,0.0072010376376049415
cci_yoy_pct,capret_midlarge,798,0.05531590422926998,0.11843902071792238,0.10602149697581384,0.0027108892741673184,False,cci,commercial,0.007233096281922481
rtms_land_dae_n_3m,kiscon_amt_pub,798,0.1101524045039611,0.0018313992090559247,0.10594251166037766,0.002730945667643883,False,rtms_land,kiscon,0.0072829758029385756
house_idx_yoy_pct,minbid_vs_rtms_dae_3m,463,-0.0432723803902839,0.3528741016670972,-0.1388372805302402,0.0027547364349772576,False,land_house,valuation,0.0073427595801711844
apt_idx_yoy_pct,minbid_vs_rtms_dae_3m,463,-0.04022133859111854,0.3878790981153035,-0.13881164889093153,0.0027597796297928294,False,land_house,valuation,0.007352536960888021
base_rate_chg_12m,pms_after_exit,798,-0.10399704769167731,0.0032696978767325258,-0.10580301739952908,0.0027666976254236792,False,rates,exit,0.007367296913914549
appr_unit_land_mn_m2,hug_sago_n,319,0.001969249392201604,0.972052723098714,-0.16682484363574893,0.0028001797243097193,False,valuation,hug,0.007452743148772558
rtms_nrg_n_yoy_pct,kiscon_amt_indiv,797,-0.09154794785636602,0.009712992104551966,-0.10572782811018096,0.0028033446485456657,False,rtms_nrg,kiscon,0.007457454644663519
yield_midlarge,kiscon_amt_priv_yoy_pct,798,-0.038519888934919325,0.27710668207645267,0.10560922777183152,0.0028170736500180713,False,commercial,kiscon,0.007490250028168387
rtms_land_dae_med_unit,ap_pms_day,424,0.11838657994840268,0.014723257876814904,0.14461189088156887,0.002838992425082508,False,rtms_land,hub,0.007544777582960323
land_chg_cum12_pct,rtms_land_n_3m,798,-0.09233009225324412,0.009061880027625336,-0.10550331437027503,0.002844958039102667,False,land_house,rtms_land,0.007556875625972162
corp_bond_AA3y,months_permit_idle,284,0.0352590131660511,0.5540120622506841,0.17637998075575556,0.0028570118624440992,False,rates,hub,0.007585125336886096
corp_bond_BBB3y,unsold_completed,761,0.055143183765898954,0.1285490735782437,0.107955676442399,0.002864530960810601,False,rates,unsold,0.007601313671193192
kfb_understated,ah_sale_unit_med,400,-0.10585154664198589,0.034314659112218655,-0.14869961942244034,0.002870495040523501,False,exit,applyhome,0.007613361598055139
exited,ah_n_pblanc,749,-0.0721075474181413,0.048529517509384876,-0.10872777592154398,0.0028870559474364513,False,exit,applyhome,0.007653489415440112
min_bid_mn,rtms_fac_unit_3m,480,0.18260792039344884,5.717090549182714e-05,0.1356246001666863,0.0029069776758941907,False,site_price,rtms_fac,0.007702482474235004
vac_midlarge,stcns_after_exit,798,-0.08511555276319421,0.016171724661122003,-0.105203885529051,0.002925156428720389,False,commercial,exit,0.007746811007611649
exited,ah_supply_sum,749,-0.10501527891774286,0.004012175136006118,-0.10854415656928039,0.0029351169990287146,False,exit,applyhome,0.007769341878122048
nonbank_corp_loan_rate,rtms_nrg_med_unit,797,-0.0725903216320129,0.04048186860223337,-0.10522228374064929,0.0029380366896868634,False,rates,rtms_nrg,0.007773222256187856
appraisal_mn,cci_plant,768,0.10738966072981088,0.002883957875117697,0.10708543094021195,0.0029649107378240404,False,site_price,cci,0.007836568321871054
ktb_3y,unsold_completed,761,0.05677204294750538,0.11762645325603194,0.1075764972471383,0.002964662027106799,False,rates,unsold,0.007836568321871054
min_bid_mn,cci_plant,502,0.08157058764589728,0.06783428560924801,0.13216347294957367,0.0030090479534155097,False,site_price,cci,0.007949298125945026
ktb_3y,ah_supply_sum,749,0.1609075157500985,9.635020265168753e-06,0.10820011601818275,0.003027133548166764,False,rates,applyhome,0.007993127447924783
land_chg_cum12_pct,ap_pms_day,425,0.12857627242400552,0.007957092788289927,0.14337974260090947,0.0030518711594512446,False,land_house,hub,0.0080544694420463
bank_facility_loan_rate,yield_office,777,0.12228583868098566,0.000635426748977555,0.10607961576309025,0.003071041330547528,False,rates,commercial,0.00810106462478423
appraisal_mn,cci_yoy_pct,768,0.09955671248588044,0.005756020098087011,0.1066536819052103,0.0030833497312601774,False,site_price,cci,0.00812952219578312
kiscon_amt_indiv,kiscon_amt_priv_yoy_pct,798,-0.05836793600733622,0.09942454213994116,0.10446275560010207,0.0031325921268988634,True,kiscon,kiscon,0.008255283441364327
yield_office,rtms_fac_n_3m,777,0.2682476334386069,2.84679993798867e-14,0.10576115626049441,0.0031613413636438427,False,commercial,rtms_fac,0.00832694200561755
apt_idx,vac_office,777,0.23514717962060835,3.1927154579580225e-11,0.1057530435861118,0.003163672963885364,False,land_house,commercial,0.008328980471637146
rtms_land_med_unit,pms_after_exit,798,0.12341934872756627,0.00047519492888247866,0.10431313997242583,0.003176058159973837,False,rtms_land,exit,0.008357471939655565
cci_plant,ah_sale_unit_med,733,0.02032468713192203,0.5827394464110652,0.1087815793776574,0.003189295576445146,False,cci,applyhome,0.008388176806321788
rtms_fac_n,unsold_pct_completed,697,0.14477482230163163,0.0001252941828276754,0.11154093691977054,0.0031912827857504783,False,rtms_fac,unsold,0.008389276821734418
bank_facility_loan_rate,ah_under_ratio,745,-0.16180149772434943,9.07220639449216e-06,-0.10787904765151854,0.003196419891393016,False,rates,applyhome,0.008398652166721601
rtms_fac_unit_3m,ap_stcns_day,138,0.040564248905083665,0.6366540644509624,0.2491221180611654,0.003213885248750735,False,rtms_fac,hub,0.008440395100722092
land_chg_pct,rtms_land_n,798,-0.08901846893516588,0.011878704153099124,-0.10413922463413075,0.0032272728106377685,False,land_house,rtms_land,0.008471393087128201
spread_AA_KTB,house_idx_yoy_pct,737,0.11191761750126095,0.002344521789082003,0.1082765637447166,0.003249100025437463,False,rates,land_house,0.008522945933345637
corp_bond_AA3y,unsold_completed,761,0.054941664675974375,0.12995337577177948,0.10655627681099114,0.0032501003849058825,False,rates,unsold,0.008522945933345637
min_bid_mn,capret_midlarge,502,0.19424588176229735,1.1699404021859689e-05,0.1309174369439285,0.0032970187810778973,False,site_price,commercial,0.008641744814913489
rentidx_midlarge,appr_vs_rtms_dae_3m,765,-0.0716544112680001,0.047572277499557815,-0.10600360656220735,0.0033312359844157096,False,commercial,valuation,0.008727152772499167
house_idx_yoy_pct,rtms_apt_n_3m,737,0.127026044423314,0.0005469781127398027,0.10796125817632862,0.0033407390318284736,False,land_house,rtms_apt,0.008747762783147331
cci_bldg,rtms_nrg_n_yoy_pct,797,0.025326100616633193,0.47524062276178114,0.10378391055886484,0.0033541317898842515,False,cci,rtms_nrg,0.008778532883265341
unsold_completed,ap_useapr_day,98,-0.16806629241062265,0.09808417668260014,-0.2934311293237565,0.0033636513701245773,False,unsold,hub,0.008799140839557785
bldg_area_m2,cci_bldg,286,0.20715848541552367,0.0004213232268675881,0.17269144739324527,0.0033925696998672213,False,site_price,cci,0.008870449968308084
rtms_land_dae_med_unit,hug_sago_n,335,0.02221844992840233,0.6853346102220484,-0.15951569524866585,0.0034173077545470113,False,rtms_land,hug,0.008930764693823494
rtms_land_med_unit,ap_stcns_day,142,0.04714081663654754,0.5774642885096511,0.2440819970347599,0.003419489975034596,False,rtms_land,hub,0.008932102050078156
rtms_nrg_med_unit,reactivated,498,0.17066066425410337,0.00012972044730633325,0.130921647131917,0.003423569779052265,False,rtms_nrg,exit,0.008935917499234312
rtms_land_n_yoy_pct,ah_n_pblanc,749,0.04317930149884049,0.2378800855423254,0.10681655715712696,0.0034242930532880317,False,rtms_land,applyhome,0.008935917499234312
bank_loan_rate_all,ah_under_ratio,745,-0.1471158237685795,5.561363523941075e-05,-0.10708578708927463,0.0034292750055006736,False,rates,applyhome,0.00894455290459127
cci_total,unsold_completed,761,0.05661341053979948,0.11865714765373078,0.10591026113310346,0.0034435378919615597,False,cci,unsold,0.008977375479433673
apt_idx_yoy_pct,appr_vs_rtms_dae_3m,708,-0.05026527590073612,0.1815645371298902,-0.10977087534923355,0.0034501671820204548,False,land_house,valuation,0.008990274815917822
cci_civil,rtms_nrg_n_yoy_pct,797,0.0335282688943218,0.34449397459453884,0.10345478904638247,0.0034565732540073465,False,cci,rtms_nrg,0.009002580218790688
rtms_nrg_n,rtms_apt_n_yoy_pct,798,0.0818486662157279,0.020756162613718324,0.1033280223772526,0.0034762208946467247,False,rtms_nrg,rtms_apt,0.009049344266638771
reactivated,kiscon_cnt_pub,499,0.1274482041675895,0.00435170819872919,0.13057141673350722,0.0034784939168487424,False,exit,kiscon,0.009050854974885754
rtms_nrg_n_yoy_pct,exited,797,-0.022818555002868984,0.5200504699032157,-0.1032221667062774,0.003530684291003747,False,rtms_nrg,exit,0.009182183319064705
cci_nonresi,rtms_nrg_unit_3m,798,0.03765671124989974,0.28802246504856194,0.1031431072699446,0.0035353564117932765,False,cci,rtms_nrg,0.00918986423619769
appr_vs_rtms_dae_3m,excess_pp_med,200,0.1044627056570969,0.14099485148166177,0.20520813020325512,0.0035571449996788644,False,valuation,excess,0.00924200889858255
rtms_land_unit_3m,kiscon_cnt_all,798,0.10888502062463148,0.0020684616917356594,0.10306041478410297,0.0035620957358207103,False,rtms_land,kiscon,0.009250376833139068
rtms_land_dae_med_unit,pms_after_exit,797,0.16998392462354034,1.3896508536581661e-06,0.10304122847874372,0.0035893238166418637,False,rtms_land,exit,0.009316560411448566
ktb_3y,rtms_apt_n_yoy_pct,798,-0.009047947903188365,0.7985693364091317,0.10294433162142974,0.00359994208803607,False,rates,rtms_apt,0.009339587746108135
cci_civil,unsold_completed,761,0.058146473198132695,0.1089873494148186,0.1053427652036307,0.003622030534521657,False,cci,unsold,0.009392336211487537
land_chg_cum12_pct,appr_vs_rtms_all_3m,765,-0.05799122238203376,0.1090044243627004,-0.10503022635655382,0.0036341155736910043,False,land_house,valuation,0.009419106142765778
bank_facility_loan_rate,corp_bond_BBB3y,798,-0.2723007792857315,4.9356818528010244e-15,-0.10279491414365409,0.0036491936082533446,True,rates,rates,0.009453603790373369
land_area_m2,base_rate,786,-0.025981941444142315,0.4669900118530433,-0.10356420629939739,0.0036527199997855465,False,site_price,rates,0.009458156822689258
appr_vs_rtms_all_3m,ah_under_ratio,716,0.03696310460210245,0.3233119922505202,0.10846371731823802,0.0036631892082440165,False,valuation,applyhome,0.009480674102846446
rtms_land_dae_unit_3m,hug_sago_n,335,-0.01061542450847476,0.846509929058915,-0.15810305816795284,0.003717204644518189,False,rtms_land,hug,0.009615816755800076
base_rate,rtms_apt_n_3m,798,-0.12429882409808236,0.00043243043153160605,-0.1025757724052886,0.003722534610160147,False,rates,rtms_apt,0.009624948046676162
rentidx_midlarge,rtms_fac_n,798,-0.00019437551987676153,0.9956257903643702,-0.10253107317953235,0.0037376574939146133,False,commercial,rtms_fac,0.009654712376792966
min_bid_mn,cci_nonresi,502,0.07352949810414341,0.09985112307369998,0.12919586329395016,0.0037360990998176282,False,site_price,cci,0.009654712376792966
house_idx,vac_office,777,0.2460445177988957,3.536471500185321e-12,0.10373083590294327,0.003796118543564784,False,land_house,commercial,0.00980098785728677
minbid_unit_land_mn_m2,exited,498,0.019080634278447296,0.6710040268703426,0.1294734257246014,0.0038006746437307857,False,valuation,exit,0.009808015115843876
rtms_nrg_n_3m,appr_vs_rtms_dae_3m,765,-0.0587499583690575,0.10444218819022974,-0.10448115036641818,0.003815791698429853,False,rtms_nrg,valuation,0.009842276030634069
reactivated,ah_under_ratio,459,-0.1370024952788308,0.0032709473465570827,-0.1346918746862571,0.003840264539992955,False,exit,applyhome,0.009900624153974124
min_bid_mn,capret_office,494,0.16532315979012296,0.00022371846470668598,0.12978306709383405,0.003858610318372105,False,site_price,commercial,0.009943127408354527
rtms_apt_n_3m,rtms_nrg_n_yoy_pct,797,-0.0743080659373533,0.0359570514611942,-0.10221723680103324,0.0038677089334882907,False,rtms_apt,rtms_nrg,0.00996177247946141
rtms_fac_med_unit,pms_after_exit,733,0.017693079313989075,0.6324780756233339,0.10647758958861799,0.0039009808181899204,False,rtms_fac,exit,0.010042630926750845
min_bid_mn,rtms_land_n,502,-0.04355634697795293,0.330093814964263,-0.12856492505323272,0.003909849437366731,False,site_price,rtms_land,0.010060618354956648
appraisal_mn,unsold_pct_completed,677,-0.06045402194875621,0.11606713545992926,-0.11073424335733002,0.0039169854282495855,False,site_price,unsold,0.010074132315945422
rtms_fac_n,br_useapr_day,230,0.15109229136807398,0.0218988355416452,0.18947451386646194,0.003926117556861125,False,rtms_fac,hub,0.010092764700257901
kiscon_cnt_all,kiscon_cnt_priv_yoy_pct,798,-0.03864333945581078,0.27556882737437405,0.10197808860726491,0.0039294115922696195,True,kiscon,kiscon,0.010096378560242987
rtms_fac_unit_3m,unsold_pct_completed,675,0.04681902490832125,0.2244402163035826,0.11065947969417156,0.003995281698833932,False,rtms_fac,unsold,0.01026069704306678
rtms_land_unit_3m,pms_after_exit,798,0.05966510197200391,0.09211756083184754,0.10172602294371023,0.004019741944782105,False,rtms_land,exit,0.01031855985537682
unsold_completed,hug_sago_n,324,0.08854451774524041,0.11166193813087673,0.1593698878697717,0.004027823929202087,False,unsold,hug,0.010334344793399019
rtms_nrg_unit_3m,reactivated,499,0.1725298876716101,0.00010730797970171409,0.1285216954950892,0.0040314301417548985,False,rtms_nrg,exit,0.010338636435474073
rtms_nrg_unit_3m,minbid_vs_rtms_all_3m,498,-0.06093385272460078,0.17457816911287513,-0.128483429217367,0.0040797078802496485,False,rtms_nrg,valuation,0.010457429547312979
appraisal_mn,corp_bond_AA3y,768,0.09305857616430693,0.009871011090980594,0.10349476964581711,0.004089517657515277,False,site_price,rates,0.010477551947644553
cci_bldg,ah_sale_unit_med,733,0.022465006983153915,0.5436812964008966,0.10590865358633841,0.004097567303319242,False,cci,applyhome,0.010493147687187733
cci_nonresi,land_chg_cum12_pct,798,-0.05710663514743285,0.1069649567506986,-0.10150274733418471,0.004101322123690206,False,cci,land_house,0.010497735469301835
base_rate_chg_12m,capret_midlarge,798,0.04838704697231944,0.17208407530670483,0.10149705887539236,0.004103420018298067,False,rates,commercial,0.01049807982671759
min_bid_mn,cci_bldg,502,0.07218395919577694,0.10622770053304438,0.12782167967550334,0.004123893347367643,False,site_price,cci,0.01054140060914677
spread_AA_KTB,apt_idx_yoy_pct,737,0.10611800014810013,0.003925071061942822,0.10554626277968181,0.004124295880743416,False,rates,land_house,0.01054140060914677
appr_vs_rtms_all_3m,ap_useapr_day,96,-0.07391374923788663,0.4741784694698118,0.2900754557432693,0.004146079520261687,False,valuation,hub,0.010592014904366573
rtms_nrg_n_3m,rtms_nrg_n_yoy_pct,797,0.1737522475804143,8.010208980664794e-07,0.10143088485555324,0.004151487113061006,True,rtms_nrg,rtms_nrg,0.010600764848871631
rentidx_midlarge,unsold_total,761,-0.16570746657820465,4.316365271853385e-06,-0.10378659531125033,0.004155395963431982,False,commercial,unsold,0.010605681248912079
apt_idx,rtms_fac_n_yoy_pct,737,0.07033680245184092,0.056312596379342564,0.1053332771447802,0.004200822555570785,False,land_house,rtms_fac,0.010716506777021462
rtms_fac_unit_3m,hug_sago_last_yr,325,-0.15812781083454358,0.004267148668122155,-0.1581419790599332,0.004263662997033905,False,rtms_fac,hug,0.010871629015326796
pms_after_exit,kiscon_cnt_pub,798,0.09489938345979396,0.007303989688842894,0.1010581324096527,0.004268256745482763,False,exit,kiscon,0.01087815482273419
land_area_m2,ah_rate_med,719,-0.0056974259760658764,0.8787869068835417,-0.1062447241636926,0.004344732475454419,False,site_price,applyhome,0.011067786825276217
stcns_delay_days,kfb_understated,139,0.06192849442608825,0.4689254547128477,-0.24044979331307273,0.004355236434798346,False,hub,exit,0.011089261531841312
base_rate,rtms_nrg_med_unit,797,-0.06846272548310385,0.053357306056482215,-0.10087141542153615,0.004364727710640203,False,rates,rtms_nrg,0.01110285398134784
pms_after_exit,kiscon_amt_all,798,0.09665141722411251,0.006287187107951712,0.10081095604841053,0.004363698658941751,False,exit,kiscon,0.01110285398134784
rtms_nrg_med_unit,pms_after_exit,797,0.13696248954825058,0.00010495657087817214,0.10085739316326146,0.004370197324673031,False,rtms_nrg,exit,0.011106200140221813
pms_after_exit,kiscon_amt_pub,798,0.07859021086104082,0.026415987078890733,0.10079642814255384,0.004369367928037764,False,exit,kiscon,0.011106200140221813
rtms_fac_n_yoy_pct,appr_unit_land_mn_m2,710,-0.0731276179894763,0.051448389881225444,-0.10681644122320638,0.0043808245297378545,False,rtms_fac,valuation,0.011127918651072832
land_chg_pct,rtms_land_n_3m,798,-0.10181070194449554,0.00398918859897733,-0.10072651273031288,0.004396744548823068,False,land_house,rtms_land,0.01115273411297188
rtms_land_dae_n,rtms_land_n_yoy_pct,798,-0.10133508942217188,0.004163563454666584,-0.10072624106320134,0.004396851226883247,True,rtms_land,rtms_land,0.01115273411297188
spread_BBB_KTB,ah_under_ratio,745,0.13549398430523057,0.0002079365670699826,0.10425097790491752,0.004392792608044005,False,rates,applyhome,0.01115273411297188
minbid_vs_rtms_all_3m,kiscon_cnt_priv_yoy_pct,498,0.009176937345947517,0.8381335943795646,0.1273335933767117,0.004426969544638611,False,valuation,kiscon,0.011223805668649908
rtms_apt_n,rtms_nrg_n_yoy_pct,797,-0.07761331289312995,0.02845304005679495,-0.10065009027881106,0.004451786007927384,False,rtms_apt,rtms_nrg,0.011281374305397024
rentidx_midlarge,reactivated,499,0.14691677899556937,0.0009964780090519771,0.12698018605209324,0.004498405524131935,False,commercial,exit,0.011394113850086906
rtms_apt_n_yoy_pct,hug_sago_last_yr,335,-0.13847669811915087,0.011171063429996684,-0.15481684817388675,0.004509013975639558,False,rtms_apt,hug,0.011415576575636703
rtms_nrg_n_yoy_pct,kiscon_cnt_all,797,-0.0724978017247496,0.04073868024750975,-0.10039836008858065,0.004552710901492555,False,rtms_nrg,kiscon,0.011520750208367578
rtms_nrg_n,rtms_fac_n_yoy_pct,737,0.04219985812281722,0.2525423260328238,0.10438391308501396,0.004557806106222162,False,rtms_nrg,rtms_fac,0.011522737234028323
rtms_nrg_n,appr_vs_rtms_dae_3m,765,-0.05944558241657764,0.1003936752066031,-0.10245979276974589,0.0045577772083590816,False,rtms_nrg,valuation,0.011522737234028323
spread_BBB_KTB,kiscon_amt_all,798,0.17240986848838008,9.608688698073482e-07,0.10008355872290259,0.004655874541019116,False,rates,kiscon,0.011765104523076187
land_area_m2,cci_resi,786,0.022120293811435078,0.5357539665581559,0.10080267116489133,0.004672536414890909,False,site_price,cci,0.011801630708749025
base_rate_chg_12m,capret_office,777,0.10275721135597272,0.004139768570106739,0.10131716921996356,0.004699832665169939,False,rates,commercial,0.011864969433741107
ah_under_ratio,kiscon_amt_priv_yoy_pct,745,0.02862778831652441,0.43525291415018746,0.10343371667303841,0.004712831193822074,False,applyhome,kiscon,0.011886560562908786
capret_midlarge,kiscon_amt_priv_yoy_pct,798,-0.03152426562669558,0.37381461379699354,0.09994844537422734,0.004712053688834925,False,commercial,kiscon,0.011886560562908786
rtms_nrg_unit_3m,kiscon_cnt_priv_yoy_pct,798,-0.05893803292727329,0.09615823230356554,-0.09991408269867356,0.004726438788200453,False,rtms_nrg,kiscon,0.011915260820607176
rtms_apt_n_yoy_pct,kiscon_amt_priv_yoy_pct,798,-0.00616033158163835,0.8620608304427966,0.0999045619777813,0.004730431419931014,False,rtms_apt,kiscon,0.011919706315914765
rentidx_midlarge,kiscon_cnt_pub,798,-0.05017141215439768,0.15678808575849787,-0.09989699193007794,0.004733608187142825,False,commercial,kiscon,0.011922092782219824
house_idx,kiscon_amt_all,798,-0.11671735365935171,0.0009556638292478612,-0.0998879274306498,0.004737414636005231,False,land_house,kiscon,0.011926062174538593
cd_91d,rtms_nrg_unit_3m,798,-0.06891074429552346,0.0516650210578404,-0.09983370636979373,0.004760241447139186,False,rates,rtms_nrg,0.011977887537813283
capret_midlarge,hug_sago_last_yr,335,-0.23905997309089905,9.713073465564483e-06,-0.15348270710129464,0.004871735093709955,False,commercial,hug,0.012252665825995827
apt_idx_yoy_pct,appr_vs_rtms_all_3m,708,-0.053642737823621334,0.1539130698989164,-0.1056288783355724,0.004900387377594476,False,land_house,valuation,0.012318933384107975
rtms_land_med_unit,ap_pms_day,425,0.04662575753204637,0.3376064700251843,0.1361322843967878,0.004934607774040215,False,rtms_land,hub,0.012399129590128306
rtms_land_dae_unit_3m,ap_stcns_day,142,0.0924534618207278,0.2738154663280558,0.2344149475698938,0.004986243156767891,False,rtms_land,hub,0.012522988332192536
rtms_apt_n_yoy_pct,kiscon_cnt_priv,798,0.1429411876464033,5.068889572362654e-05,0.0992018487455555,0.0050336719150012865,False,rtms_apt,kiscon,0.012630241074383802
cd_91d,rtms_fac_n_yoy_pct,737,0.038584909561133265,0.29551264401018623,0.10322237189667074,0.005031753113027706,False,rates,rtms_fac,0.012630241074383802
land_area_m2,bank_facility_loan_rate,786,-0.0350884385203806,0.32587053082571416,-0.0999228575473735,0.005047786246858149,False,site_price,rates,0.01265378015093789
rtms_land_dae_n,kiscon_cnt_pub,798,0.10684748382520941,0.002509053504394479,0.09917308129704941,0.005046451543810912,False,rtms_land,kiscon,0.01265378015093789
vac_office,stcns_after_exit,777,-0.10178103488795004,0.004512366982433442,-0.10046345877018176,0.005063335451376362,False,commercial,exit,0.012686810992741054
cci_plant,rtms_apt_n_3m,798,0.126103875040711,0.0003556543072868766,0.09911325039849335,0.005073124586255391,False,cci,rtms_apt,0.01270538508791924
corp_bond_BBB3y,capret_midlarge,798,0.04793359440738105,0.17614315967866556,0.09910499775339111,0.005076813640159783,False,rates,commercial,0.012708671598283877
spread_BBB_KTB,minbid_unit_land_mn_m2,498,-0.08191956414705825,0.06776189164283687,-0.12530393199918063,0.0051056817639030345,False,rates,valuation,0.012774955728399403
apt_idx_yoy_pct,ap_stcns_day,129,0.14695599931526815,0.09653505786127055,0.24460805688889037,0.005210187048894352,False,land_house,hub,0.013030341510962629
min_bid_mn,rtms_land_n_3m,502,-0.0448885007250292,0.3155031518253493,-0.12449623176798684,0.0052172710694254375,False,site_price,rtms_land,0.013041958115108844
ktb_3y,capret_midlarge,798,0.046806604725586724,0.18653932901479675,0.09865993521432542,0.005279384228495124,False,rates,commercial,0.013191059565310012
unsold_completed,months_permit_idle,277,0.05894961348855739,0.32830642811305927,0.16704470922224152,0.005316300607223096,False,unsold,hub,0.01327709451042592
house_idx,kiscon_cnt_priv,798,-0.2000913570369376,1.189314738254159e-08,-0.0985098187893471,0.005349335842497348,False,land_house,kiscon,0.01335336076089324
ap_useapr_day,ah_n_pblanc,94,0.12510781900300616,0.22957167255884456,0.2847261835832187,0.005412424370387213,False,hub,applyhome,0.013504541814493901
appraisal_mn,nonbank_corp_loan_rate,768,-0.11365745287572425,0.0016057198391483626,-0.10026897393006727,0.005415483646316873,False,site_price,rates,0.013505872694429252
appr_unit_land_mn_m2,ah_rate_med,701,-0.024102259027450768,0.5240630522311923,0.10486998004376907,0.005447754965933694,False,valuation,applyhome,0.01358002135330884
months_permit_idle,exited,284,-4.784649411856967e-05,0.9993594844492761,-0.164508130095658,0.005451444845876047,False,hub,exit,0.013582887041425547
cci_yoy_pct,stcns_after_exit,798,-0.06372846780932181,0.0719766235507429,-0.09826244284883347,0.005466433020955976,False,cci,exit,0.013613887919446486
apt_idx,hug_sago_sgg_flag,798,-0.09923228536016913,0.005020182579298127,-0.09804957593731035,0.005569038292329032,False,land_house,hug,0.013862964501435442
cci_civil,yield_midlarge,798,0.09114869510455582,0.009989921204192178,0.09791544188853822,0.005634580665429599,False,cci,commercial,0.01401959181854447
unsold_total,kiscon_cnt_priv_yoy_pct,761,-0.042925530163558684,0.23690739493971835,-0.10024260222659083,0.005644579598498431,False,unsold,kiscon,0.01403793819217261
discount_ratio,n_rounds_m,191,-0.0006512491918904406,0.9928659202591831,-0.19947942175706385,0.005663992107628472,True,site_price,site_price,0.014079667968149438
rtms_fac_med_unit,reactivated,450,0.017812056740942668,0.7063001297188243,0.13017048229859637,0.005684816280496506,False,rtms_fac,exit,0.014124866473891643
cci_resi,months_permit_idle,284,0.012033746290692473,0.8399877048061262,0.1634669872920737,0.005758190676224236,False,cci,hub,0.01430053206956386
rtms_apt_unit_3m,kiscon_cnt_priv_yoy_pct,798,-0.004778275400276019,0.8927935878332492,-0.09762115205372231,0.005780820150948583,False,rtms_apt,kiscon,0.014350067477772552
cci_nonresi,ah_sale_unit_med,733,0.02197011319795953,0.5525958715225285,0.1018072064168296,0.0058015361860235155,False,cci,applyhome,0.014394809274555796
ap_stcns_day,ah_n_pblanc,135,0.12541737109192735,0.1472267337168753,0.23610434970548907,0.005835863289283585,False,hub,applyhome,0.01447326577356184
appraisal_mn,base_rate_chg_12m,768,0.08938143270358345,0.013214428523616005,0.09924287555807611,0.005912091970382744,False,site_price,rates,0.014655519594639097
corp_bond_BBB3y,ah_supply_sum,749,0.15861155066421387,1.2932376624669962e-05,0.10043167876291746,0.005941942218692386,False,rates,applyhome,0.014722690010819365
min_bid_mn,reactivated,311,0.16148545114854865,0.004302033208021927,0.1555074490713138,0.005994208584277591,False,site_price,exit,0.014845314173289615
pms_after_exit,kiscon_amt_priv,798,0.09457775094104588,0.0075058964143723695,0.0970610732750014,0.006068605407670135,False,exit,kiscon,0.015022607923524172
bank_corp_loan_rate,rtms_apt_n_3m,798,-0.12127773666800737,0.0005963438450544602,-0.09693431772311183,0.006135497463223129,False,rates,rtms_apt,0.015181168410853343
rtms_land_dae_med_unit,reactivated,498,0.20386802655627834,4.511226595879818e-06,0.122547734369386,0.006177272122509347,False,rtms_land,exit,0.015277462552755541
rtms_land_dae_unit_3m,pms_after_exit,798,0.14223042446945466,5.528784207188981e-05,0.09682794297080458,0.006192144750547396,False,rtms_land,exit,0.015307165039841388
rtms_land_dae_n,kiscon_amt_pub,798,0.09851311916949375,0.005347788984951678,0.09681850019535318,0.006197195914688536,False,rtms_land,kiscon,0.01531257234558207
ap_pms_day,br_useapr_day,199,0.2664277852805934,0.00014253187196228977,0.19334598003062353,0.006215979519950067,True,hub,hub,0.015351890297077602
bldg_area_m2,ktb_3y,286,0.20723851698390475,0.0004191128678715452,0.16138767380351185,0.0062320831648975976,False,site_price,rates,0.015384556178535298
rtms_land_dae_unit_3m,kiscon_cnt_priv,798,0.18580608295570464,1.2454888752642814e-07,0.09666972898430444,0.0062772673959070255,False,rtms_land,kiscon,0.015488947284686139
cci_nonresi,months_permit_idle,284,0.013634676547381227,0.8190454324459139,0.16179587186362432,0.0062829998513608,False,cci,hub,0.015495941054071124
cci_yoy_pct,rtms_nrg_unit_3m,798,0.036789050535661665,0.2992829554896813,0.09658781141273984,0.0063217526929886915,False,cci,rtms_nrg,0.015584329944403197
rtms_apt_med_unit,kiscon_cnt_priv_yoy_pct,798,-0.004567726982442177,0.8974908683603541,-0.09646570680174475,0.006388587316451074,False,rtms_apt,kiscon,0.015741832433669996
capret_office,n_rounds_m,198,-0.030222521079581045,0.6725341946996565,-0.1931051261374924,0.006415965991060708,False,commercial,site_price,0.015802012968310273
spread_AA_KTB,rtms_nrg_n_yoy_pct,797,-0.06443278185437068,0.06905672491527172,-0.09644628303178224,0.006432597429730557,False,rates,rtms_nrg,0.015835680689120297
rtms_land_unit_3m,ap_stcns_day,142,-0.023777767739162514,0.7788023421485353,0.22761259713352805,0.006445804772837343,False,rtms_land,hub,0.015860891909968373
minbid_vs_rtms_dae_3m,kiscon_amt_priv,498,0.009892875656145213,0.8257004686953037,-0.12180330033113967,0.006499404892413065,False,valuation,kiscon,0.015985426844403246
base_rate_chg_12m,vac_midlarge,798,0.06500436312573135,0.06645172603145427,0.09622976711080254,0.00651953065334302,False,rates,commercial,0.016027554208471323
land_chg_pct,appr_vs_rtms_dae_3m,765,-0.07627344636056746,0.03492362371921774,-0.09824665755425566,0.006537940398773296,False,land_house,valuation,0.016065426154522434
rtms_nrg_unit_3m,ap_stcns_day,142,0.09646937990275854,0.25342467114845546,0.227214431211498,0.006541969956692355,False,rtms_nrg,hub,0.016067943664875527
rtms_fac_med_unit,unsold_total,701,-0.11669576514243346,0.001969790111812363,-0.10183937547410664,0.006964280118964525,False,rtms_fac,unsold,0.017097339667632376
corp_bond_BBB3y,capret_office,777,0.09192714430897342,0.01035486086655315,0.09671647378327375,0.00697718115948255,False,rates,commercial,0.017121150830543
yield_office,rtms_fac_n,777,0.2602101185053322,1.7202450639393825e-13,0.09667674361456796,0.007000553701663665,False,commercial,rtms_fac,0.017170624148071384
rtms_nrg_n,ah_supply_sum,749,0.09029702772943415,0.013429893027574392,0.09841952016520612,0.007026613989953256,False,rtms_nrg,applyhome,0.017226641450839093
rtms_nrg_unit_3m,pms_after_exit,798,0.1334365660143948,0.00015654853598342724,0.09531636839594611,0.007049471168725807,False,rtms_nrg,exit,0.01727475817560811
spread_BBB_KTB,house_idx,798,0.13988416393258085,7.343030996414938e-05,0.09527274143102316,0.007075722667462963,False,rates,land_house,0.017323209296210836
rtms_land_dae_med_unit,ap_stcns_day,141,0.11887303474188884,0.1603315414193492,0.22589725093694052,0.0070724962027603,False,rtms_land,hub,0.017323209296210836
nonbank_corp_loan_rate,rtms_apt_n_3m,798,-0.11977708309617682,0.0006977055575524824,-0.09518280038473872,0.0071301192315128764,False,rates,rtms_apt,0.017448397039313203
rtms_nrg_unit_3m,minbid_vs_rtms_dae_3m,498,-0.07083577060664586,0.11438738541479537,-0.12036862955653863,0.007163002988055595,False,rtms_nrg,valuation,0.017520849486337267
corp_bond_AA3y,capret_midlarge,798,0.04750864661553049,0.18001135786938866,0.0949819531860109,0.007252946990446005,False,rates,commercial,0.017732742367587925
corp_bond_AA3y,kiscon_cnt_priv,798,-0.0087606991323049,0.8048332601998863,-0.09493316495041224,0.007283067994078684,False,rates,kiscon,0.017798247058655722
unsold_total,reactivated,485,-0.057349267918484645,0.20739336626781443,-0.12167232755180041,0.0073049211181866035,False,unsold,exit,0.017843496216968374
appraisal_mn,rtms_fac_unit_3m,738,0.11396385094078448,0.0019298589947993091,0.09862470330079016,0.007334730196683214,False,site_price,rtms_fac,0.01790812893226719
kfb_understated,kiscon_amt_priv,425,-0.10006984382624173,0.03919864963200954,-0.12987099172383385,0.007343844506253689,False,exit,kiscon,0.017922198345476256
rtms_apt_n,ah_rate_med,730,0.06865109564636342,0.06375927737100846,0.0990371037014508,0.007409958031579175,False,rtms_apt,applyhome,0.01807529452319975
rtms_fac_unit_3m,pms_after_exit,765,0.029445137172446026,0.41607080899840776,0.09671415937604756,0.007431018090226156,False,rtms_fac,exit,0.01811840115295908
kfb_understated,ah_supply_sum,406,-0.106759351882746,0.03150314133654662,-0.1326617532411285,0.007436029496199542,False,exit,applyhome,0.018122356297255674
rtms_nrg_unit_3m,rtms_nrg_n_yoy_pct,797,0.05196800271470986,0.1427010468786057,0.0947271197283451,0.007448851379759573,True,rtms_nrg,rtms_nrg,0.018145334090011133
rtms_nrg_unit_3m,ah_supply_sum,749,-0.005938222080107358,0.871111777766337,0.09769676066986516,0.0074575750032742465,False,rtms_nrg,applyhome,0.018158312177826683
rtms_nrg_med_unit,minbid_vs_rtms_all_3m,497,-0.06767138635180477,0.131923352825057,-0.11982436001408099,0.007490356694151977,False,rtms_nrg,valuation,0.018229830333923818
discount_ratio,rtms_apt_n_yoy_pct,499,0.09507149401860657,0.03373530094374779,0.11952220651180946,0.007521765290900641,False,site_price,rtms_apt,0.018297943134870667
cci_bldg,rtms_apt_n_yoy_pct,798,-0.03187233053875932,0.3685593613917982,0.09450051105045104,0.0075551220165374355,False,cci,rtms_apt,0.01837073097882022
cci_bldg,land_chg_cum12_pct,798,-0.05612213586327143,0.1131591873853504,-0.09447789905441395,0.007569587388986766,False,cci,land_house,0.01839753807677829
cci_resi,yield_midlarge,798,0.09275737479459553,0.008745644275682607,0.09446321910463859,0.007578991726571695,False,cci,commercial,0.01841202578917713
cci_plant,rtms_nrg_unit_3m,798,0.036403557310945814,0.30437871401277383,0.09444112272466516,0.007593166924985589,False,cci,rtms_nrg,0.018438085171615777
house_idx_yoy_pct,months_permit_idle,275,-0.10482096483147853,0.08271879826292995,-0.1604895725300451,0.007662219759411494,False,land_house,hub,0.018591276436264948
capret_office,hug_sago_last_yr,335,-0.1900367036405275,0.00047023413261581024,-0.14545775792107474,0.007663208016743584,False,commercial,hug,0.018591276436264948
rtms_apt_unit_3m,ap_stcns_day,142,0.0935551892178398,0.2681141788321528,0.2228744226613706,0.007675950113640236,False,rtms_apt,hub,0.01861374388101331
unsold_total,pms_after_exit,761,-0.047117526199641116,0.19415700053733434,-0.0964605799580291,0.00774885880615175,False,unsold,exit,0.018782025401855577
house_idx_yoy_pct,appr_vs_rtms_all_3m,708,-0.05514901364724943,0.14266390388562175,-0.09987256843858945,0.007828174948576298,False,land_house,valuation,0.018965678047139767
land_area_m2,rtms_fac_n,786,-0.017424560311327813,0.6257133526160502,0.0947560933858277,0.007853406111324573,False,site_price,rtms_fac,0.01900958011645654
rtms_land_dae_med_unit,kiscon_cnt_priv,797,0.1813187219329004,2.5555343401463964e-07,0.09410439574853113,0.00785101758307075,False,rtms_land,kiscon,0.01900958011645654
rtms_land_n_yoy_pct,kiscon_cnt_indiv,798,0.09751860618146373,0.005832574536023006,0.09396599044986348,0.007903767126237221,False,rtms_land,kiscon,0.019122824807235483
min_bid_mn,ah_n_pblanc,485,0.09479841708461778,0.036885103635823216,0.12013336024694189,0.00808656952086741,False,site_price,applyhome,0.019556258357339686
cci_nonresi,kiscon_amt_priv,798,0.20855776316703667,2.7174553584002077e-09,0.09367286532666323,0.008101005555194921,False,cci,kiscon,0.019582313157155175
spread_BBB_KTB,ah_n_pblanc,749,0.11258228144888807,0.002030012015262903,0.09666239831545248,0.008115501215382586,False,rates,applyhome,0.019602274406691555
rtms_apt_med_unit,ap_stcns_day,142,0.10230631365692067,0.22569359794800514,0.22134043605649698,0.008116595387397625,False,rtms_apt,hub,0.019602274406691555
months_permit_idle,kiscon_cnt_priv_yoy_pct,284,-0.06567878025272672,0.26996270466210265,-0.15677135703238818,0.008128359240253954,False,hub,kiscon,0.0196218225090916
rentidx_midlarge,rtms_fac_n_3m,798,-0.0011795743985716584,0.9734597154687169,-0.09356646503415883,0.008173681013809612,False,commercial,rtms_fac,0.019722325081606495
unsold_total,ap_pms_day,411,-0.07407256292704244,0.13382963791725105,-0.13028174926265093,0.00818225915223348,False,unsold,hub,0.01973411803653244
rtms_fac_n_yoy_pct,kiscon_cnt_priv,737,0.041439297011502105,0.2612012055773197,0.09730357934958479,0.008208678692579196,False,rtms_fac,kiscon,0.019788911167367428
land_area_m2,kiscon_amt_indiv,786,-0.027848369695618522,0.4355928204595967,-0.0942025364152992,0.008224572209139193,False,site_price,kiscon,0.019818290942887458
appraisal_mn,cci_bldg,768,0.09938381984007257,0.005841535140532058,0.09524293353887622,0.008262351834549984,False,site_price,cci,0.019900358224927372
bldg_area_m2,cci_resi,286,0.20541213499921293,0.00047233527965098704,0.15574731519817214,0.00832709673893765,False,site_price,cci,0.020047269816794062
rtms_land_dae_unit_3m,ap_pms_day,425,0.09666441373704487,0.04641662591891412,0.1278008332161751,0.008345891803956574,False,rtms_land,hub,0.02008347591168128
cd_91d,n_rounds_m,201,0.08773853005019919,0.2155157815912446,0.18554476984326215,0.008362227747848328,False,rates,site_price,0.02011373448841431
cci_resi,kiscon_cnt_indiv,798,0.02511962493746439,0.47857205551619725,-0.09328197669735597,0.008370866059626777,False,cci,kiscon,0.020125459002169235
apt_idx_yoy_pct,minbid_vs_rtms_all_3m,463,-0.052898351758722775,0.2559751982687971,-0.12238793419598108,0.008382224848238966,False,land_house,valuation,0.020143710680239887
appr_vs_rtms_dae_3m,ah_under_ratio,716,0.042181787619389156,0.25964213860888974,0.09831604945639515,0.008474853652251056,False,valuation,applyhome,0.020357161940065767
rtms_land_med_unit,reactivated,499,0.1403358602221307,0.0016747240072211467,0.11760671259638768,0.008546581724552357,False,rtms_land,exit,0.02052023910246136
minbid_vs_rtms_dae_3m,kiscon_amt_all,498,0.007742479428689983,0.8631632447022067,-0.11768788706577109,0.008567307820189957,False,valuation,kiscon,0.020560769710303278
appraisal_mn,cci_nonresi,768,0.10011856725404034,0.005485843607465039,0.09479490117045418,0.008571799871455864,False,site_price,cci,0.020562321181101167
nonbank_corp_loan_rate,land_chg_cum12_pct,798,0.09876227050526376,0.005232171643305031,0.09294881528915003,0.008607178388752053,False,rates,land_house,0.020628678998053443
corp_bond_AA3y,capret_office,777,0.09368548889156704,0.008975094200638706,0.09419562354646097,0.008606717206063045,False,rates,commercial,0.020628678998053443
rtms_apt_unit_3m,unsold_pct_completed,697,0.16179216824709072,1.7700865887692446e-05,0.09942342176895619,0.00862291984257387,False,rtms_apt,unsold,0.02065714713182907
cci_plant,land_chg_cum12_pct,798,-0.0681749077737333,0.0542184771757691,-0.09289671096339934,0.00864466955432626,False,cci,land_house,0.020699976760851994
cci_bldg,months_permit_idle,284,0.013386921197497731,0.8222784091691472,0.15535643145943262,0.008728525643640123,False,cci,hub,0.020891417464880813
house_idx,rentidx_office,777,-0.29601966597403856,3.5227970011690866e-17,-0.09400804749777315,0.008740570927254413,False,land_house,commercial,0.020908347452136346
ktb_3y,capret_office,777,0.08777587823740121,0.014384540132691805,0.09400408334750314,0.00874341965643854,False,rates,commercial,0.020908347452136346
discount_ratio,bank_corp_loan_rate,499,-0.0607042474657683,0.17577524137568543,-0.11723878284638932,0.008757107761409944,False,site_price,rates,0.02093171890936923
rtms_land_unit_3m,hug_sago_n,335,0.11471469280366411,0.0358425952856797,-0.14283367512121511,0.008845973819826497,False,rtms_land,hug,0.02113468365264177
house_idx_yoy_pct,ap_stcns_day,129,0.14149704503642452,0.10970653626002154,0.22962577846443086,0.008851462268700063,False,land_house,hub,0.02113835138487684
min_bid_mn,kiscon_amt_priv,502,0.10778540998795,0.015692387686969605,0.11665893689608944,0.008891252069038095,False,site_price,kiscon,0.02122389500586906
cci_bldg,rtms_nrg_unit_3m,798,0.037019111988048345,0.2962690455343637,0.09253525653833002,0.008908786012767867,False,cci,rtms_nrg,0.021256260067054788
unsold_pct_completed,kiscon_cnt_pub,697,0.08137193410011975,0.031714726223807214,0.09898718599923799,0.008920886669928092,False,unsold,kiscon,0.021275638280154108
land_area_m2,months_permit_idle,281,0.03861905741541318,0.519103307167727,0.1556978810237482,0.008941044601571758,False,site_price,hub,0.02131420663602505
unsold_completed,ap_stcns_day,135,-0.17382641506684288,0.043771094017434536,-0.22398168661626333,0.009014632254835158,False,unsold,hub,0.021480052881730653
rtms_nrg_n,kiscon_cnt_all,798,0.1229809442814496,0.0004979533281255526,0.09231351081679486,0.009074354933040782,False,rtms_nrg,kiscon,0.021612728653438332
spread_BBB_KTB,apt_idx,798,0.13114528386398094,0.00020323751464713477,0.09230047398218158,0.009084173830518938,False,rates,land_house,0.021626481510144596
rentidx_office,unsold_pct_completed,697,0.12387108216939313,0.0010489791675047455,0.09861719119124714,0.009180764145248037,False,commercial,unsold,0.021846704888580887
unsold_pct_completed,kiscon_cnt_indiv,697,0.10597165504859601,0.005100771529826154,0.09859134625486421,0.009199166600271152,False,unsold,kiscon,0.021880757923331783
cci_total,land_chg_cum12_pct,798,-0.05831825727867847,0.0997133064889379,-0.0921137945667395,0.009225816455982238,False,cci,land_house,0.02193438887956293
rtms_nrg_n,kiscon_cnt_pub,798,0.08343732626137598,0.018401963273483868,0.09208704566255944,0.00924627246028585,False,rtms_nrg,kiscon,0.021973252820065972
min_bid_mn,cci_total,502,0.07310370019587942,0.10183521779626782,0.1159954312061261,0.009289122659728963,False,site_price,cci,0.02206527714863206
rtms_apt_n_yoy_pct,kiscon_cnt_indiv,798,0.15156130258089645,1.7111502393658334e-05,0.09193436738815368,0.009363807160438433,False,rtms_apt,kiscon,0.022232805011929088
round_no,spread_AA_KTB,211,-0.11706715176116686,0.08984151552434363,-0.1782065778382521,0.009486094351699968,False,site_price,rates,0.022513158676670985
rtms_land_unit_3m,reactivated,499,0.06535984297970207,0.1448609615469931,0.1159680024930292,0.00952021595602468,False,rtms_land,exit,0.022584114781217374
minbid_vs_rtms_all_3m,kiscon_cnt_indiv,498,-0.004655394882251647,0.917463865492795,-0.11606305064799508,0.009533371662409319,False,valuation,kiscon,0.022605294136985647
land_area_m2,ap_pms_day,421,-0.030792828946873706,0.5286376961023411,-0.12619051658701816,0.009545210854801828,False,site_price,hub,0.022619084874957833
capret_midlarge,rtms_fac_n_3m,798,0.19067137032240017,5.7090492707316155e-08,0.09169894484845287,0.0095476481321825,False,commercial,rtms_fac,0.022619084874957833
unsold_pct_completed,br_useapr_day,206,0.18442210176902168,0.007962650821388475,0.17992939492717647,0.00965591031452022,False,unsold,hub,0.02286543509820178
cci_yoy_pct,kiscon_cnt_indiv,798,0.026039059215678104,0.4626159622761777,-0.0915239555579478,0.009686371142144141,False,cci,kiscon,0.022927413234636883
base_rate,months_permit_idle,284,-0.002287981918037481,0.969378524995325,-0.153121641299634,0.009756876295154924,False,rates,hub,0.023084078562032467
spread_AA_KTB,kiscon_amt_all,798,0.13954645384166325,7.646380842204311e-05,0.09139366164267529,0.009790823615942863,False,rates,kiscon,0.02315415032040977
reactivated,hug_sago_n,212,0.16879550958882852,0.013860728798193929,0.1769393315294226,0.009838787719163083,False,exit,hug,0.02325729351651857
minbid_vs_rtms_all_3m,ah_supply_sum,481,0.005401429665593378,0.9059446555035293,-0.11758646913637996,0.009847961575079684,False,valuation,applyhome,0.023268692241251023
stcns_after_exit,kfb_understated,425,0.1250075886523438,0.009890515898415723,0.12500758865234388,0.009890515898415761,True,exit,exit,0.023358917185878566
house_idx_yoy_pct,kfb_understated,403,-0.11473904774446454,0.02123224167441379,-0.12833557335167375,0.009908998635492982,False,land_house,exit,0.023392236513898886
corp_bond_AA3y,kiscon_cnt_all,798,-0.0014167660218636774,0.9681255292296956,-0.09103116795572515,0.010086713355817272,False,rates,kiscon,0.02380126050907103
min_bid_mn,rentidx_office,494,0.17602797400720857,8.380152679389273e-05,0.1156382653282341,0.010102168507446356,False,site_price,commercial,0.023827214384347446
rtms_land_n_yoy_pct,kiscon_cnt_all,798,0.06121513507584417,0.083957735018937,0.09098312196121382,0.010126522157770367,False,rtms_land,kiscon,0.02387412432874698
cci_yoy_pct,yield_office,777,0.08744454610183322,0.014758973191345443,0.09214376270114842,0.010175273628370372,False,cci,commercial,0.023969248025150592
rentidx_midlarge,kiscon_amt_pub,798,-0.06646620194877954,0.06055523395046408,-0.0909238368391193,0.0101758356119491,False,commercial,kiscon,0.023969248025150592
ktb_3y,kiscon_cnt_all,798,-0.005408423870094825,0.8787581937145577,-0.09089260756068174,0.010201897888560222,False,rates,kiscon,0.024020056367297007
appr_vs_rtms_all_3m,kiscon_cnt_indiv,765,-0.016797548445440583,0.6427407126503693,-0.09275680552998573,0.010262195705380183,False,valuation,kiscon,0.024151391037265775
appraisal_mn,cci_resi,768,0.09747942201466925,0.0068619708741125204,0.09256550685890833,0.010270559830339402,False,site_price,cci,0.024160441448669065
rtms_fac_n_yoy_pct,minbid_unit_land_mn_m2,461,-0.06547378368595348,0.16047629075716952,-0.11927887801366409,0.010370330388242636,False,rtms_fac,valuation,0.024384413626180025
base_rate_chg_12m,ah_supply_sum,749,0.1276934973289351,0.0004596831135335534,0.0935872666915568,0.01038820571710583,False,rates,applyhome,0.024415708118402144
apt_idx_yoy_pct,months_permit_idle,275,-0.10639201536034361,0.07819140894778089,-0.1542413126056321,0.010422167550458404,False,land_house,hub,0.02448476708800575
stcns_after_exit,kiscon_amt_indiv,798,0.11048313522560813,0.0017737776802113038,0.09061777864911191,0.010433825157362098,False,exit,kiscon,0.024501389159602607
rtms_fac_n_yoy_pct,ah_supply_sum,692,0.1618947187581383,1.874424551954249e-05,0.09726075099388592,0.010467906876853731,False,rtms_fac,applyhome,0.02455984996513247
rtms_fac_n_3m,unsold_pct_completed,697,0.151589966798284,5.865687791858457e-05,0.09691380988687913,0.010466191270634318,False,rtms_fac,unsold,0.02455984996513247
land_chg_pct,ap_pms_day,425,0.11663018556842998,0.01614919384631197,0.12403914495688874,0.010482505658758865,False,land_house,hub,0.024583314805870022
corp_bond_BBB3y,kiscon_cnt_all,798,-0.0031865701337837338,0.9283855914691823,-0.0905440813024884,0.010496808990480291,False,rates,kiscon,0.024606066493686154
corp_bond_AA3y,unsold_total,761,0.052216253588839634,0.1501325416453063,0.09270484509890917,0.010506887538086832,False,rates,unsold,0.024618899064921245
rtms_fac_unit_3m,kiscon_cnt_priv,765,0.14695860384439313,4.4996932275420634e-05,0.09244524279296511,0.010521315408474332,False,rtms_fac,kiscon,0.0246419069159493
base_rate_chg_12m,unsold_completed,761,0.050690736412540946,0.16242387366251865,0.09265427810351387,0.010549324098882073,False,rates,unsold,0.02469668824725151
rtms_apt_n_yoy_pct,ah_supply_sum,749,0.0429548286691022,0.2403307579218497,0.0932404156832516,0.010677102163398294,False,rtms_apt,applyhome,0.024984886331593296
cci_nonresi,rtms_apt_n_3m,798,0.12729651447993823,0.0003121236918427867,0.09027443869007763,0.010730139973639979,False,cci,rtms_apt,0.025098013315421244
base_rate_chg_12m,minbid_unit_land_mn_m2,498,-0.06415571929684205,0.15284082958657297,-0.11422170343717682,0.010744215098354166,False,rates,valuation,0.025119946712242994
spread_BBB_KTB,minbid_vs_rtms_dae_3m,498,-0.035484386330223036,0.4294545161279758,-0.1141414748057784,0.01079994133752546,False,rates,valuation,0.025239198571568457
round_no,excess_pp_med,95,-0.11328777579053056,0.27435054336008524,-0.26012071419862626,0.010903883618725203,False,site_price,excess,0.02547097671879583
rtms_land_dae_unit_3m,reactivated,499,0.16807081332093224,0.0001620313111514519,0.1138318323194501,0.010936866876249377,False,rtms_land,exit,0.025536867767382277
corp_bond_BBB3y,unsold_total,761,0.052719690319425125,0.1462356211477919,0.09208610451367326,0.011036706961498454,False,rates,unsold,0.02575873946884864
land_chg_cum12_pct,appr_vs_rtms_dae_3m,765,-0.07971880126652,0.02746690797249303,-0.09180869316432895,0.011068843295278541,False,land_house,valuation,0.02582247168405513
rtms_land_n_yoy_pct,hug_sago_n,335,-0.1014241725108937,0.06370875275233334,-0.13864145998771626,0.011074155201882487,False,rtms_land,hug,0.025823596975344816
rtms_fac_unit_3m,reactivated,473,0.034936577383248936,0.4484262199042198,0.1166774848024292,0.011100069739386239,False,rtms_fac,exit,0.025872743198124767
rtms_apt_n,rtms_fac_n_yoy_pct,737,0.07857870909954885,0.032931901331617434,0.09345175574173437,0.011140688776945766,False,rtms_apt,rtms_fac,0.025956105834566017
cci_total,months_permit_idle,284,0.016013710284962197,0.788164505457381,0.15039918871015867,0.01115372421211622,False,cci,hub,0.025975158258791566
cci_bldg,rtms_apt_n_3m,798,0.1264241378917679,0.00034343923848770356,0.0895814651324639,0.011351038434706757,False,cci,rtms_apt,0.026423161737212465
rentidx_office,n_rounds_m,198,-0.09328281674111667,0.19116285977024575,-0.17947989866458355,0.011403173937348816,False,commercial,site_price,0.026532972603570112
bank_loan_rate_all,base_rate_chg_12m,798,0.0069023254779836275,0.8456436787808386,0.08951098050388827,0.011415942050806906,True,rates,rates,0.026551127510075913
rtms_land_dae_n,ap_useapr_day,100,-0.030935930145113255,0.7599526030965905,-0.2520008069470214,0.011429511471016531,False,rtms_land,hub,0.026571129493706692
rtms_land_med_unit,hug_sago_amt_mn,335,0.1430698986071,0.008733215143563126,0.1379348179288422,0.011495090828176797,False,rtms_land,hug,0.026711973341269596
unsold_completed,hug_sago_sgg_flag,761,-0.04023616295954363,0.2676078050941449,0.09156563279934131,0.011500585445058572,False,unsold,hug,0.026713132221862806
discount_ratio,cd_91d,499,-0.07861606280136894,0.07935141346595369,-0.11298300575648054,0.011549724528495193,False,site_price,rates,0.02681562182104377
cci_yoy_pct,capret_office,777,0.08528143463360953,0.017420906814334523,0.09053397932935352,0.011578627365677548,False,cci,commercial,0.02687105925532893
rtms_land_med_unit,hug_sago_n,335,0.12576163107590438,0.02131486143180256,-0.13777700917753102,0.011591003756828724,False,rtms_land,hug,0.02687645146910806
base_rate,land_chg_cum12_pct,798,0.09985241752340362,0.0047523529362226355,0.08932370311782668,0.01158999084270777,False,rates,land_house,0.02687645146910806
capret_midlarge,kiscon_cnt_priv_yoy_pct,798,-0.0626425886813799,0.07696948751656994,-0.08915055556855299,0.011752994479516329,False,commercial,kiscon,0.027240252051137327
minbid_unit_land_mn_m2,ap_pms_day,280,0.08150223391806447,0.17384391203564553,0.1503391659267113,0.011777794785791138,False,valuation,hub,0.027285904991172106
rtms_nrg_med_unit,ap_pms_day,424,0.08791119787863065,0.07055034205053101,0.12219764827992242,0.011794986966642758,False,rtms_nrg,hub,0.027313900091225127
cci_bldg,kiscon_amt_priv,798,0.20891986040837376,2.5475801678485857e-09,0.08904342609842375,0.011854861100403413,False,cci,kiscon,0.02744066766400738
min_bid_mn,ah_under_ratio,483,-0.12629553722859033,0.005442991603955948,-0.11439544296214982,0.011874633463167876,False,site_price,applyhome,0.027474541379298414
spread_AA_KTB,minbid_vs_rtms_dae_3m,498,-0.050084936006482554,0.26460082233091253,-0.11259097754511643,0.011928390711297832,False,rates,valuation,0.02758698318914771
rtms_fac_med_unit,hug_sago_last_yr,316,-0.1259059508241424,0.02520818502227691,-0.1411551596789613,0.012009191988363675,False,rtms_fac,hug,0.027761845897873137
ktb_3y,unsold_total,761,0.053699031884772055,0.13887681803697552,0.0910057892783325,0.012018756052015873,False,rates,unsold,0.027771948405414377
appr_unit_land_mn_m2,pms_after_exit,765,0.04467674628980534,0.217093574074082,0.09072096328182688,0.012063106515839044,False,valuation,exit,0.027862389002242492
pms_after_exit,ah_n_pblanc,749,0.07361112592461047,0.04401505283724891,0.09156553676709896,0.012174823867314074,False,exit,applyhome,0.02810828290955456
cci_plant,months_permit_idle,284,0.023554472335449397,0.6926575138595689,0.14850232499230276,0.012228683784275838,False,cci,hub,0.028208271007128086
bank_corp_loan_rate,unsold_pct_completed,697,-0.06400254755133117,0.09133173634033762,-0.09486127703002907,0.01222553412469977,False,rates,unsold,0.028208271007128086
cci_total,minbid_unit_land_mn_m2,498,-0.05511843677287483,0.219499203229028,-0.1121282148231033,0.012284801501770597,False,cci,valuation,0.028325499624824228
bldg_area_m2,cci_yoy_pct,286,0.20538839598996156,0.0004730666157800271,0.14782820431984706,0.012320852937672646,False,site_price,cci,0.02839637959385157
rentidx_office,minbid_vs_rtms_all_3m,490,-0.02072741963885523,0.6471691888700923,-0.1129384588737241,0.01236256069751394,False,commercial,valuation,0.02847591007631655
cci_resi,kiscon_cnt_all,798,0.006824307019387063,0.8473668786912302,-0.0885178614962905,0.012366011445148126,False,cci,kiscon,0.02847591007631655
cci_civil,months_permit_idle,284,0.019411052717539904,0.744644647780127,0.14819900106760345,0.012408793074263208,False,cci,hub,0.028547913671461724
land_area_m2,rtms_fac_n_3m,786,-0.022758847101497677,0.524042076615787,0.08914573272326975,0.012410072892692891,False,site_price,rtms_fac,0.028547913671461724
land_area_m2,rtms_apt_n_yoy_pct,786,0.0012323588204092273,0.9724823826524772,-0.08914246486552223,0.012413297042481487,False,site_price,rtms_apt,0.028547913671461724
bank_loan_rate_all,capret_office,777,0.08425514512153141,0.018824645178247775,0.0896487941218937,0.012421182019024278,False,rates,commercial,0.028553766232039042
min_bid_mn,rtms_nrg_n,502,0.13079855758649106,0.0033257609517554666,0.11142451688191801,0.012487305238293942,False,site_price,rtms_nrg,0.028693434082147706
house_idx_yoy_pct,hug_sago_sgg_flag,737,0.0913047828818199,0.01314956370141015,0.09185797653254885,0.012603515384608825,False,land_house,hug,0.02893559328531704
land_area_m2,ktb_3y,786,0.0226596973865394,0.5258519823404764,0.08895421770925892,0.01260028077270934,False,site_price,rates,0.02893559328531704
corp_bond_BBB3y,kiscon_cnt_priv,798,-0.00904035084479414,0.7987348379812194,-0.08823462437215387,0.012649481730400163,False,rates,kiscon,0.029028660434527755
apt_idx_yoy_pct,kfb_understated,403,-0.11245057878426402,0.02397170103150454,-0.12398082151909827,0.012746174339354623,False,land_house,exit,0.02923800694660196
cci_civil,land_chg_cum12_pct,798,-0.06126112303413923,0.08372486457275563,-0.08811888614111185,0.012766957772251083,False,cci,land_house,0.02927312315961687
apt_idx,rentidx_office,777,-0.2862531866101999,4.0431736779519753e-16,-0.08929183722569511,0.012775996890116926,False,land_house,commercial,0.029281292486693186
rentidx_midlarge,unsold_pct_completed,697,0.013545173444681029,0.7211087531598179,-0.0942269136473347,0.012819809428848408,False,commercial,unsold,0.02936911783035666
appraisal_mn,stcns_delay_days,138,-0.11261265453463218,0.18849195111123365,-0.21133349780522598,0.01283934441538467,False,site_price,hub,0.029401273913945113
ap_stcns_day,kiscon_cnt_indiv,142,0.11591843823449913,0.1695179928269935,0.2083280950273725,0.012848752453007439,False,hub,kiscon,0.029410222331434404
cd_91d,capret_midlarge,798,0.01355658601586382,0.702182619826034,0.08802832638762235,0.012859548254877376,False,rates,commercial,0.029422338262229068
round_no,ap_pms_day,127,0.09470118617031709,0.28957321533972386,0.2200705997591687,0.012914936872687063,False,site_price,hub,0.02953642748428474
bldg_area_m2,corp_bond_BBB3y,286,0.20388343746558135,0.00052163441497174,0.14683296019971823,0.012926666034558698,False,site_price,rates,0.029550612777591006
land_chg_pct,kfb_understated,425,-0.1323232079689084,0.0062970023052820725,-0.1203184150780687,0.01305938966823643,False,land_house,exit,0.02984126348549581
rtms_land_dae_unit_3m,kiscon_cnt_indiv,798,0.17396615253018594,7.637987067803155e-07,0.08748011299003855,0.013432819644092351,False,rtms_land,kiscon,0.0306814552058786
stcns_after_exit,kiscon_cnt_indiv,798,0.09784562132013559,0.0056689714693239435,0.08740698969261629,0.013510964649642793,False,exit,kiscon,0.030846766858087113
bank_corp_loan_rate,corp_bond_AA3y,798,-0.19986363841807075,1.2364102518507361e-08,-0.08722800211275925,0.013703938192639166,True,rates,rates,0.03127398955016714
yield_midlarge,rtms_fac_n,798,0.22541021164046016,1.1894318535275955e-10,0.08715601451688212,0.013782233405320947,False,commercial,rtms_fac,0.031426784582520795
round_no,unsold_pct_completed,192,-0.18289365235087365,0.011112083475536829,-0.1774884513729839,0.013782646314945066,False,site_price,unsold,0.031426784582520795
unsold_total,stcns_delay_days,134,-0.07148515837220548,0.4117609043830763,-0.21225978820783153,0.013809176686214475,False,unsold,hub,0.0314738566671734
rtms_apt_n,rtms_land_n_yoy_pct,798,0.06229591147694213,0.07862160026741258,0.08711578690769042,0.01382615729789311,False,rtms_apt,rtms_land,0.03149913211411779
ktb_3y,land_chg_cum12_pct,798,-0.06725355565534011,0.05756304859702794,-0.08710840600275654,0.013834229773020325,False,rates,land_house,0.03150409991326221
appr_unit_land_mn_m2,kiscon_cnt_priv,765,0.038526571351834536,0.2872177418565966,0.08892448903476562,0.013878855166014692,False,valuation,kiscon,0.03159226844303131
rtms_apt_med_unit,unsold_pct_completed,697,0.15757983955964777,2.9292817749606867e-05,0.09312140906702189,0.013916596899225935,False,rtms_apt,unsold,0.0316646994128345
rtms_apt_unit_3m,rtms_fac_n_3m,798,0.02649813549843427,0.4547612629426405,0.08697849964443254,0.013976989481580604,False,rtms_apt,rtms_fac,0.03178858475457741
cci_resi,kiscon_cnt_priv,798,0.0028664441015582437,0.9355635416962097,-0.08687283605993587,0.014094063370277356,False,cci,kiscon,0.03202760596722185
rtms_land_n,exited,798,-0.07488446249327929,0.034425042375419844,-0.08687746336351981,0.014088918348417488,False,rtms_land,exit,0.03202760596722185
kfb_understated,kiscon_cnt_priv,425,-0.10255013722680834,0.03456024955101812,-0.11892677340024539,0.014157993748506265,False,exit,kiscon,0.032159215196798215
cci_resi,unsold_total,761,0.042727680038011674,0.23907751835829263,0.08887541819975964,0.01418428480610303,False,cci,unsold,0.032205253018357916
cci_civil,yield_office,777,0.08290246517704475,0.020825011497187636,0.08762880852343487,0.014549696593119821,False,cci,commercial,0.03302089460246676
house_idx_yoy_pct,minbid_vs_rtms_all_3m,463,-0.05164667884529774,0.26741279850559346,-0.11348275309560214,0.014559516361279489,False,land_house,valuation,0.03302916163927087
unsold_pct_completed,kiscon_amt_indiv,697,0.1006571345712308,0.007827720713672276,0.09246061551177681,0.014610940709399207,False,unsold,kiscon,0.033131764195571484
rtms_apt_unit_3m,rtms_fac_n,798,0.022344159579146386,0.5285067953780573,0.08640154104973141,0.01462683485985481,False,rtms_apt,rtms_fac,0.03315374565309185
pms_after_exit,hug_sago_n,335,0.13523219765277633,0.013238282008498851,0.13310532944294573,0.014769632910163774,False,exit,hug,0.03346323185196851
min_bid_mn,cci_civil,502,0.07434706563808031,0.09612775004437252,0.10875028107587148,0.014779053937978497,False,site_price,cci,0.03347039449655698
land_area_m2,bldg_area_m2,285,0.18111450547226315,0.002143800119750487,0.14414761173283858,0.014869994686404707,True,site_price,site_price,0.03366209212032429
cci_resi,yield_office,777,0.0865776248814435,0.015779513598230627,0.08730199590624685,0.014922686977344658,False,cci,commercial,0.033767078826856485
capret_office,rtms_fac_n_3m,777,0.23326015808833095,4.622677169986169e-11,0.08725998346197948,0.014971240445217632,False,commercial,rtms_fac,0.03386261533865426
spread_AA_KTB,rentidx_office,777,0.039397346178921225,0.2727079238697721,0.08713482505404606,0.015116709306549772,False,rates,commercial,0.03417718590364551
pms_after_exit,ah_rate_med,730,-0.01622344217368103,0.6616683629616192,0.08982811876482336,0.015191865251692546,False,exit,applyhome,0.03433258812375319
cci_yoy_pct,unsold_completed,761,0.05125908599530359,0.15775890416422694,0.08797146708923198,0.015202467005558093,False,cci,unsold,0.034342032563886404
cci_nonresi,rtms_apt_n_yoy_pct,798,-0.03077997569097367,0.38520657293233257,0.08589945726146644,0.01521382976539401,False,cci,rtms_apt,0.0343531873967744
rtms_land_unit_3m,hug_sago_amt_mn,335,0.14428518827262274,0.008173079834693571,0.1325114190787277,0.015224102864466986,False,rtms_land,hug,0.03436187337117137
rtms_nrg_med_unit,ah_supply_sum,748,-0.019150467743782592,0.6010233607164809,0.0886696811707991,0.015274550666944055,False,rtms_nrg,applyhome,0.03446119089289024
minbid_vs_rtms_dae_3m,kiscon_cnt_indiv,498,0.006844577085560508,0.8789022618832744,-0.10859406968344062,0.015331183561074766,False,valuation,kiscon,0.03457437304979619
min_bid_mn,ah_sale_unit_med,475,0.19646755997380033,1.612491242774259e-05,0.11113050097945981,0.015386081925571355,False,site_price,applyhome,0.034683549770670334
base_rate,unsold_completed,761,-0.05338415976736804,0.14121106655470672,-0.08780021875165145,0.015402432793478943,False,rates,unsold,0.034705776715858366
vac_office,kiscon_amt_priv_yoy_pct,777,0.06558388073445896,0.06767623490241804,0.08685875362053261,0.015441981039008332,False,commercial,kiscon,0.03478023277825508
land_area_m2,kiscon_amt_all,786,-0.02522350780841162,0.48009772432991016,-0.08631595581647754,0.015495123438132242,False,site_price,kiscon,0.034885231588923406
rtms_apt_med_unit,rtms_fac_n_3m,798,0.027108302155352662,0.44443847952308135,0.08564858107958949,0.01551481616482655,False,rtms_apt,rtms_fac,0.03491486617564291
cci_nonresi,rtms_fac_unit_3m,765,-0.03614571653224437,0.31806963003393685,-0.08736163430779267,0.015650106239393616,False,cci,rtms_fac,0.035204509071113874
rtms_land_dae_n_3m,ap_useapr_day,100,-0.003412268686002924,0.973121344375646,-0.24110596039138507,0.015670067747091978,False,rtms_land,hub,0.035234588832506644
rtms_nrg_med_unit,minbid_vs_rtms_dae_3m,497,-0.07773200365628771,0.08342059333322144,-0.10824154789263002,0.015774002308290496,False,rtms_nrg,valuation,0.03545337971518675
base_rate_chg_12m,months_permit_idle,284,0.040492146641451406,0.49672291562646204,0.14312034662889034,0.015791103411617848,False,rates,hub,0.035476903336941444
land_chg_cum12_pct,hug_sago_last_yr,335,-0.18129830788729484,0.0008573973843507401,-0.13175967915369366,0.01581689103858974,False,land_house,hug,0.035513895585404964
land_chg_pct,ap_stcns_day,142,0.1830173099070672,0.029251920910131183,0.2021874299381082,0.01582085268083685,False,land_house,hub,0.035513895585404964
cci_plant,kiscon_amt_priv,798,0.19700659763950684,2.0048921875790944e-08,0.0853589982799181,0.015868732572229233,False,cci,kiscon,0.035606425960432106
spread_AA_KTB,capret_midlarge,798,0.027147005143493722,0.4437882357695005,0.08534751586027431,0.015882910818909655,False,rates,commercial,0.0356232903308347
minbid_unit_land_mn_m2,ap_stcns_day,102,0.007027512229195343,0.9441136503821494,0.237992649141492,0.01600936730860965,False,valuation,hub,0.03589186037699614
rtms_land_n_yoy_pct,minbid_vs_rtms_all_3m,498,-0.03146107784564162,0.4836202142322212,-0.1078668490003571,0.016034551242504597,False,rtms_land,valuation,0.03593325460757422
bldg_area_m2,corp_bond_AA3y,286,0.19997527191908154,0.00067017136505072,0.1422700355477912,0.016052156516878094,False,site_price,rates,0.035957637576768814
ktb_3y,kiscon_cnt_priv,798,-0.010325394215325301,0.7708742692593242,-0.08519945180916853,0.01606673569332855,False,rates,kiscon,0.03597522435185417
appraisal_mn,stcns_after_exit,768,-0.047146608681458854,0.19183741462020695,-0.08678687866471398,0.016140122761180684,False,site_price,exit,0.03612441875430436
rtms_fac_n_3m,hug_sago_n,335,0.06107113204273652,0.2650013175999757,0.131228163308712,0.016248124635667723,False,rtms_fac,hug,0.036350929885738625
rentidx_midlarge,rtms_nrg_n,798,0.18470016700299832,1.4828992537727306e-07,0.08502130138146842,0.01629038562837349,False,commercial,rtms_nrg,0.03643023502924009
spread_BBB_KTB,kiscon_amt_pub,798,0.12154452551307901,0.0005798238016939321,0.08475852220541648,0.016625261906330124,False,rates,kiscon,0.037148046557938644
rtms_apt_n_3m,rtms_land_n_yoy_pct,798,0.06882222347719562,0.05196678483718852,0.08475968870168002,0.01662376213219043,False,rtms_apt,rtms_land,0.037148046557938644
rtms_apt_n_3m,kiscon_amt_priv_yoy_pct,798,0.04836577029844269,0.1722729581101422,0.0846405117973813,0.0167776031052225,False,rtms_apt,kiscon,0.037472783543702884
kfb_understated,ah_n_pblanc,406,-0.08915404883100986,0.07274289625000557,-0.11853826140867724,0.016869205646727687,False,exit,applyhome,0.03766164617664006
rtms_land_dae_n_3m,unsold_pct_completed,697,-0.06544066763858082,0.084269524509608,-0.09026031275631048,0.017147471968009437,False,rtms_land,unsold,0.03826691678336664
rtms_land_med_unit,ap_useapr_day,100,0.029280303475945235,0.7724407418021898,0.2377900592441137,0.01720570630861236,False,rtms_land,hub,0.0383488585377867
cci_civil,unsold_total,761,0.04879129414693864,0.17876862383396255,0.0863456261809979,0.017196206609792,False,cci,unsold,0.0383488585377867
cci_nonresi,rtms_nrg_med_unit,797,0.0031217348835030205,0.9298828927936628,0.08436920208130717,0.017202385463247878,False,cci,rtms_nrg,0.0383488585377867
spread_AA_KTB,rtms_nrg_med_unit,797,-0.05324605547163267,0.13312147615446665,-0.0843233922002019,0.017263129223467174,False,rates,rtms_nrg,0.03846081331578291
unsold_completed,kfb_understated,411,0.1280281561666093,0.00936789554087071,0.1173450856745755,0.017315690954619493,False,unsold,exit,0.038561849035547865
rtms_nrg_n_3m,rtms_fac_n_yoy_pct,737,0.07065842341252525,0.05519249857825403,0.08763391218492377,0.017331239135493625,False,rtms_nrg,rtms_fac,0.038580406185463954
min_bid_mn,pms_after_exit,502,0.07404666880033761,0.09748273367739853,0.10614883856740441,0.017355030553991874,False,site_price,exit,0.03861729020898649
cci_total,kiscon_cnt_indiv,798,0.02185929998023592,0.5374941358980339,-0.0840887187030232,0.01750626380086506,False,cci,kiscon,0.03893760089152474
cci_yoy_pct,reactivated,499,-0.0819884305839661,0.06725419927966561,-0.10631204313705525,0.017519915411634363,False,cci,exit,0.038951762039920554
yield_office,n_rounds_m,198,-0.03274896236886857,0.6469352394392803,-0.16851140078249266,0.017637177469821214,False,commercial,site_price,0.039196171209947644
apt_idx_yoy_pct,hug_sago_last_yr,328,0.04427768809236901,0.4241549250090465,0.13087087636836653,0.017724141391954787,False,land_house,hug,0.0393730718831667
rtms_fac_med_unit,hug_sago_n,316,0.04340706548107857,0.4419375402409315,0.1332352149369224,0.017805941362147654,False,rtms_fac,hug,0.03953835899643003
cci_nonresi,unsold_pct_completed,697,0.0747847938831111,0.04842772701316516,0.08966219706830234,0.01790041863098949,False,cci,unsold,0.0397316473308015
land_chg_cum12_pct,kfb_understated,425,-0.12275034806815134,0.011318941768082692,-0.11467487901228271,0.018033623200990632,False,land_house,exit,0.04001069844634727
corp_bond_AA3y,ah_supply_sum,749,0.15207103760377894,2.924873637101014e-05,0.08634321804108412,0.01810332553054455,False,rates,applyhome,0.0401473286465275
base_rate_chg_12m,kiscon_cnt_priv,798,-0.015358686478665094,0.6648612339594074,-0.08364639016926796,0.01811022193667932,False,rates,kiscon,0.0401473286465275
rtms_nrg_n_3m,ap_pms_day,425,0.09133505217928772,0.0599299378800673,0.11458473453090737,0.018124947463166126,False,rtms_nrg,hub,0.04016332121241163
corp_bond_BBB3y,land_chg_cum12_pct,798,-0.06254019446924619,0.07745448835390223,-0.08362412367719758,0.01814110047978358,False,rates,land_house,0.040182462413174316
appraisal_mn,kiscon_amt_priv,768,0.08403578033019249,0.019848700870812072,0.08521234597035285,0.018180342948971077,False,site_price,kiscon,0.040252709626562466
vac_midlarge,hug_sago_sgg_flag,798,-0.1282202819880406,0.0002818850553377702,-0.08355090806274457,0.018242958487752845,False,commercial,hug,0.04037462708361526
minbid_unit_land_mn_m2,hug_sago_sgg_flag,498,-0.01994839102487827,0.6569760089019596,0.10570108538158583,0.018299484881902122,False,valuation,hug,0.04048297296794814
base_rate,unsold_pct_completed,697,-0.06586361095406543,0.08227862867619208,-0.08928909293523779,0.018384607836827695,False,rates,unsold,0.04065446571692212
rtms_land_n_3m,exited,798,-0.07981733498657642,0.024144923751639038,-0.08337749307723169,0.018486210490462826,False,rtms_land,exit,0.040862243692643546
ap_useapr_day,ah_supply_sum,94,0.12200911707439949,0.2414069279341409,0.2424287314735929,0.018561653306079985,False,hub,applyhome,0.04101204968083045
rtms_nrg_med_unit,kiscon_cnt_all,797,0.13090397449660862,0.0002107815208015751,0.08333674365671795,0.018617775089613424,False,rtms_nrg,kiscon,0.04111905964649441
cci_civil,kiscon_cnt_indiv,798,0.01906713556862477,0.5906943769624375,-0.08327884871627966,0.01862584089306693,False,cci,kiscon,0.04111988904014405
rtms_nrg_med_unit,rtms_nrg_n_yoy_pct,796,0.020122982625603487,0.570779125443619,0.08336287094366526,0.018654934200462214,True,rtms_nrg,rtms_nrg,0.041167120581870185
rtms_land_n,ap_useapr_day,100,0.00471599191701165,0.9628581309810966,-0.23486082732612742,0.01866870905512734,False,rtms_land,hub,0.04118052282086051
unsold_total,ap_useapr_day,98,-0.0939871826672939,0.3572971575083534,-0.23717141576485545,0.018702523026209776,False,unsold,hub,0.04123809922521388
house_idx_yoy_pct,kiscon_amt_priv_yoy_pct,737,-0.06963683798273745,0.058815702447880834,-0.08655467300016884,0.018763955308075456,False,land_house,kiscon,0.04135650001330563
kiscon_cnt_indiv,kiscon_cnt_priv_yoy_pct,798,-0.08323045800812338,0.01869467370214084,0.0831337274403761,0.018832933030963724,True,kiscon,kiscon,0.04149142683006306
rtms_fac_med_unit,ap_stcns_day,130,0.07949575054769212,0.3686202585797824,0.20573711838883227,0.018859938611520334,False,rtms_fac,hub,0.0415338104430804
rtms_land_dae_n,rtms_fac_n_yoy_pct,737,0.09270625864385665,0.011805076550117592,0.08646902994904204,0.018881954827027123,False,rtms_land,rtms_fac,0.041553263445876676
rtms_land_dae_n,ah_n_pblanc,749,0.0314957042755515,0.38937901652057505,-0.085772109042998,0.01888431460136157,False,rtms_land,applyhome,0.041553263445876676
cci_resi,kiscon_amt_priv,798,0.2098641677283733,2.1516859717661655e-09,0.08293939986878367,0.019113390261235964,False,cci,kiscon,0.04204002374612452
rtms_apt_med_unit,rtms_fac_n,798,0.022423999612585538,0.5270342413927128,0.0829002226641191,0.0191703708776184,False,rtms_apt,rtms_fac,0.042148015247790126
cci_civil,minbid_unit_land_mn_m2,498,-0.05568815786355706,0.21476388509426997,-0.10478413727485923,0.01933959832436522,False,cci,valuation,0.04250260264709447
corp_bond_AA3y,land_chg_cum12_pct,798,-0.05793247076248724,0.10197852887186319,-0.08270234415084031,0.01946044223810849,False,rates,land_house,0.04275060996185953
apt_idx,hug_sago_amt_mn,335,-0.12361218743878137,0.023654038940426683,-0.12749425718876561,0.01957794293512104,False,land_house,hug,0.042985162263496406
cci_total,yield_midlarge,798,0.09092389304473672,0.010175788759149379,0.08261931491694613,0.01958329068148069,False,cci,commercial,0.042985162263496406
cci_resi,land_chg_cum12_pct,798,-0.05402567806028433,0.12728726707945553,-0.0824954135064069,0.019767869980321276,False,cci,land_house,0.0433725075029864
spread_AA_KTB,minbid_vs_rtms_all_3m,498,-0.09956482422372664,0.026295486123080223,-0.10436416623016408,0.019832931905390375,False,rates,valuation,0.04348435685207694
land_area_m2,bank_corp_loan_rate,786,-0.028867598193604002,0.4189734549018724,-0.08307736076944444,0.019835112467218186,False,site_price,rates,0.04348435685207694
land_chg_cum12_pct,kiscon_cnt_priv_yoy_pct,798,0.07239856941904377,0.04088865930178962,0.08240177311909809,0.019908372852556557,False,land_house,kiscon,0.04362707772238521
rtms_land_unit_3m,ap_pms_day,425,5.9540863856212545e-05,0.9990235082161042,0.11286753286398397,0.019943327075417027,False,rtms_land,hub,0.04368577217216503
rtms_land_dae_n_3m,rtms_fac_n_yoy_pct,737,0.08574605456440675,0.019904151255238516,0.08562476165150294,0.020080285849455013,False,rtms_land,rtms_fac,0.04396776758273381
corp_bond_AA3y,minbid_unit_land_mn_m2,498,-0.06487882632636263,0.1482570310391315,-0.10414266244077384,0.02009751459575419,False,rates,valuation,0.043987478732500064
base_rate_chg_12m,kiscon_amt_all,798,0.14861402996676282,2.497464325951559e-05,0.08223902993315929,0.02015463211857138,False,rates,kiscon,0.04409444269148984
spread_BBB_KTB,kiscon_amt_priv,798,0.19516472009195784,2.7276318596600113e-08,0.08222846681393933,0.020170707286266645,False,rates,kiscon,0.044111563132788446
cci_bldg,unsold_pct_completed,697,0.07441917178712475,0.04953937572904709,0.08777168456951906,0.020473576176812947,False,cci,unsold,0.04475560581251792
cci_yoy_pct,yield_midlarge,798,0.09146864351394272,0.009730591327319703,0.08198587156971575,0.020542979234095017,False,cci,commercial,0.04488897015312875
rtms_nrg_n_yoy_pct,rtms_apt_n_yoy_pct,797,-0.04639236946839041,0.19075102653736536,0.08199588177784238,0.020607056035662995,False,rtms_nrg,rtms_apt,0.04501059175763482
rtms_fac_unit_3m,hug_sago_n,325,0.05703947927510517,0.3052845404896107,0.12825682350753592,0.020731772976338117,False,rtms_fac,hug,0.04526451208839523
spread_BBB_KTB,rtms_apt_n_yoy_pct,798,-0.1126167871120175,0.0014402809146027214,-0.08177925324184335,0.02086474468400557,False,rates,rtms_apt,0.04553624074505216
nonbank_corp_loan_rate,months_permit_idle,284,0.004820569139938856,0.9355374981671769,-0.13700632208091842,0.020910864826917012,False,rates,hub,0.045618275899439106
house_idx_yoy_pct,hug_sago_last_yr,328,0.029607973712625687,0.5931386701646032,0.1274767541064254,0.020925975554016336,False,land_house,hug,0.045632622874113106
unsold_completed,pms_after_exit,761,-0.05760713346959938,0.11231572962599598,-0.08366440293304934,0.020985824313575006,False,unsold,exit,0.045744477213487796
rtms_land_med_unit,kfb_understated,425,-0.0498110015900892,0.3056030257337214,-0.11188721197400059,0.02105097488846397,False,rtms_land,exit,0.045867792472949004
kfb_understated,kiscon_amt_all,425,-0.08460040504472982,0.08149625481160629,-0.11177496332037214,0.021181148314553307,False,exit,kiscon,0.04613262730668698
n_rounds_m,ah_under_ratio,196,0.012697810675062768,0.8597916469262599,0.16450965966464087,0.021215652339112934,False,site_price,applyhome,0.0461737546896394
spread_AA_KTB,n_rounds_m,201,0.10693337670710623,0.13080817178847118,0.16245046527825718,0.02121730227649972,False,rates,site_price,0.0461737546896394
capret_midlarge,kfb_understated,425,-0.12443430095748981,0.010237263232427251,-0.11171989702224472,0.021245263115658664,False,commercial,exit,0.04621579409252517
land_area_m2,base_rate_chg_12m,786,0.021617774357004266,0.5450624473386569,0.08214988748544921,0.021258726285807678,False,site_price,rates,0.04622627468491812
land_area_m2,corp_bond_AA3y,786,0.0206377523419233,0.563443477360788,0.08212568637673497,0.02129703307600244,False,site_price,rates,0.04629074628348986
nonbank_corp_loan_rate,kiscon_cnt_pub,798,0.04368166652017792,0.21772024297990913,0.08145088340664937,0.02138513487055822,False,rates,kiscon,0.046463354795967006
house_idx,hug_sago_sgg_flag,798,-0.08237889050494536,0.019942839121158663,-0.08138373828712618,0.021492922728725144,False,land_house,hug,0.04667857751035473
rtms_apt_med_unit,months_permit_idle,284,-0.11148662933188666,0.06060402816594989,-0.13636583309689856,0.02152251107362081,False,rtms_apt,hub,0.0467238598094399
rtms_land_dae_unit_3m,exited,798,0.019125022436678026,0.5895672939929452,0.08135611833510849,0.02153739781823351,False,rtms_land,exit,0.04673720216481111
rentidx_midlarge,hug_sago_n,335,-0.055302327677119775,0.31288451751032115,-0.12552586901981025,0.021561240830525946,False,commercial,hug,0.04676996134718955
rtms_nrg_n_yoy_pct,kiscon_cnt_priv,797,-0.06478258749707892,0.06755864900052685,-0.08137366580639856,0.021591360043943113,False,rtms_nrg,kiscon,0.04681630257703318
corp_bond_AA3y,rtms_apt_n_yoy_pct,798,-0.017157557206393302,0.6284157663713419,0.08130430882439169,0.021621039935424084,False,rates,rtms_apt,0.04686165404730951
apt_idx,ah_rate_med,730,-0.0028790550841296895,0.9381027751828689,-0.08498475324429296,0.021654031996703328,False,land_house,applyhome,0.04691414468653675
rtms_apt_n_yoy_pct,kiscon_cnt_all,798,0.11826379481961899,0.000815916423003315,0.0812726334866227,0.021672316017679234,False,rtms_apt,kiscon,0.04693474027806029
cci_bldg,rtms_fac_unit_3m,765,-0.03658385907078067,0.312235100126459,-0.08293813918339601,0.021781420659299763,False,cci,rtms_fac,0.047151925613472
cci_nonresi,stcns_after_exit,798,-0.06173616631587965,0.08134979619843004,-0.0811724927906489,0.021835119509003163,False,cci,exit,0.047249042498842535
appr_vs_rtms_all_3m,months_permit_idle,275,-0.0686104057285583,0.2568243269409391,-0.13819768727695594,0.021887157821986972,False,valuation,hub,0.04734248902676551
round_no,cd_91d,211,-0.08708230968096263,0.20773285047827938,-0.15759158028544745,0.022028336588007656,False,site_price,rates,0.04762859512174563
spread_AA_KTB,land_chg_cum12_pct,798,0.05330454354922999,0.1324517213081228,0.08104328081750989,0.02204675433800671,False,rates,land_house,0.04764914933117295
cci_resi,capret_midlarge,798,0.05273125852227964,0.136671731699326,0.0810211366633286,0.02208320220265593,False,cci,commercial,0.04770863926367727
kiscon_amt_priv,kiscon_cnt_priv_yoy_pct,798,-0.19338293953278862,3.6635082633479527e-08,-0.08093614963800463,0.022223571513751254,True,kiscon,kiscon,0.04793916246707349
bank_loan_rate_all,rtms_apt_n_3m,798,-0.11378787600795204,0.0012827741213352788,-0.08093482322057725,0.022225768422643573,False,rates,rtms_apt,0.04793916246707349
nonbank_corp_loan_rate,stcns_after_exit,798,0.07620835471136495,0.031353424491520454,0.08094203048360496,0.022213833500355423,False,rates,exit,0.04793916246707349
rentidx_midlarge,months_permit_idle,284,-0.03139421235558952,0.5982899775875486,-0.13567188281209805,0.022202639725845866,False,commercial,hub,0.04793916246707349
rtms_nrg_n,ap_pms_day,425,0.09282137622052725,0.05586905983246848,0.11084921110467708,0.022281634241855714,False,rtms_nrg,hub,0.04804028156903327
min_bid_mn,hug_sago_sgg_flag,502,0.10736536688627907,0.01610521988286175,0.10195703776798681,0.02233362283330083,False,site_price,hug,0.048132963034929276
cci_resi,minbid_unit_land_mn_m2,498,-0.0558638958784833,0.21331813852185522,-0.10216619881368305,0.022597488496185703,False,cci,valuation,0.04868201893195203
min_bid_mn,rtms_nrg_n_3m,502,0.11954528957131,0.007331491445122022,0.10168439807636638,0.022696548544336528,False,site_price,rtms_nrg,0.048875733011102464
capret_midlarge,ap_stcns_day,142,0.10200138834158223,0.22708697375076667,0.1909146027314784,0.022853357076841097,False,commercial,hub,0.04919359915051101
cci_total,unsold_total,761,0.04577063659211014,0.20722789636824998,0.0824477263548174,0.022932542580057,False,cci,unsold,0.04934418719338623
appraisal_mn,hug_sago_sgg_flag,768,0.10713517764249006,0.0029515336308596437,0.08201942947076973,0.023019089784790614,False,site_price,hug,0.049510487964310304
appraisal_mn,yield_midlarge,768,0.10895511388784601,0.0024983595490597425,0.08193701818953039,0.023157514617427263,False,site_price,commercial,0.0497881908562057
rentidx_office,hug_sago_last_yr,335,-0.1817495083566475,0.0008317556569735978,-0.12403958708639419,0.02317200376809109,False,commercial,hug,0.049799318387453
ap_stcns_day,kiscon_cnt_priv,142,0.11976523242832765,0.15570422406452936,0.19032036003330569,0.02328896458953512,False,hub,kiscon,0.050030571980813295
bldg_area_m2,base_rate,286,-0.15777763812174034,0.007509982056184163,-0.13408508761448432,0.02333503662620191,False,site_price,rates,0.050109413992089
land_area_m2,pms_after_exit,786,-0.01856425645637331,0.603287856722951,-0.08084834073022454,0.02340590595826022,False,site_price,exit,0.05022850219637638
cd_91d,minbid_vs_rtms_all_3m,498,-0.06784053629024185,0.1305691511690232,-0.10156517381259718,0.023409281367752,False,rates,valuation,0.05022850219637638
min_bid_mn,apt_idx,502,-0.07973425043500135,0.07428347646088161,-0.10113149479992951,0.02344826259447526,False,site_price,land_house,0.05029196152934586
rtms_nrg_n_3m,rtms_land_n_yoy_pct,798,0.024632805753007005,0.4871404267401202,-0.08014294214222396,0.02357145445562132,False,rtms_nrg,rtms_land,0.050535912980836886
cd_91d,kiscon_amt_all,798,0.08348492927063153,0.01833517635092188,0.08008869597220596,0.0236661675160546,False,rates,kiscon,0.05071863635604968
bank_loan_rate_all,minbid_vs_rtms_all_3m,498,-0.063082280051273,0.15984253261807707,-0.10132802132936299,0.023736474690141573,False,rates,valuation,0.050848930355844146
land_area_m2,corp_bond_BBB3y,786,0.021568201560400395,0.5459850396203815,0.08062935508231017,0.023785054201583646,False,site_price,rates,0.05091220368929854
rtms_land_dae_unit_3m,ap_useapr_day,100,0.08503968918022861,0.4002187695356323,0.22597466502674524,0.02378015680999946,False,rtms_land,hub,0.05091220368929854
rtms_fac_n_yoy_pct,hug_sago_sgg_flag,737,0.02834911666468647,0.4422123572543703,0.08313448170495998,0.024008649671570143,False,rtms_fac,hug,0.051370248016760926
cci_resi,rtms_nrg_n_yoy_pct,797,0.022756866745422127,0.5211796091090374,0.07993583423922268,0.02402346069500641,False,cci,rtms_nrg,0.05138137773447971
min_bid_mn,cci_resi,502,0.06952029319172245,0.11979692581997449,0.10067466572683104,0.02408551724199556,False,site_price,cci,0.05149350687443033
house_idx,hug_sago_amt_mn,335,-0.11928788494557481,0.02903830459302985,-0.12311113298018388,0.024230150940585646,False,land_house,hug,0.051782021214752776
rtms_land_dae_n,unsold_pct_completed,697,-0.05268038728724518,0.16475048388638325,-0.08527351023018752,0.024363606660807766,False,rtms_land,unsold,0.05204642621467804
rtms_land_dae_med_unit,rtms_nrg_n_yoy_pct,796,-0.03256361725258848,0.3588637955078276,-0.0797433141954845,0.02445631281552474,False,rtms_land,rtms_nrg,0.05222360408331102
house_idx,ah_rate_med,730,-0.0036840836371381793,0.9208459155766741,-0.08325801317260875,0.02447692215405864,False,land_house,applyhome,0.05224674760788484
rtms_fac_unit_3m,rtms_fac_n_yoy_pct,724,-0.16889690645425381,4.88736020400606e-06,-0.08358117112534727,0.02451315620175458,True,rtms_fac,rtms_fac,0.05230321077844443
capret_midlarge,ap_useapr_day,100,0.12683391763982466,0.20858048776905624,0.22450572623310486,0.02473098931464251,False,commercial,hub,0.05274694849038432
min_bid_mn,cci_yoy_pct,502,0.06974285113010859,0.11861372936197313,0.10019499518814336,0.024770693627485484,False,site_price,cci,0.05279531421006866
cci_total,kiscon_cnt_all,798,0.00423943627598302,0.9048220476161265,-0.0794680859131437,0.024773413755949554,False,cci,kiscon,0.05279531421006866
corp_bond_BBB3y,minbid_unit_land_mn_m2,498,-0.061738942657596704,0.16894203478176398,-0.10056424955121425,0.02481725531654361,False,rates,valuation,0.052867674971138916
spread_AA_KTB,kiscon_cnt_pub,798,0.055555299091704646,0.11685153027631152,0.07933553858892028,0.025015614688985936,False,rates,kiscon,0.05326901303942963
house_idx,rentidx_midlarge,798,-0.359279388470243,1.0077041742097433e-25,-0.07932418698704628,0.025036452042351165,False,land_house,commercial,0.053292161254160704
rtms_land_dae_n,hug_sago_sgg_flag,798,-0.07892747418691312,0.025774152556102214,-0.07922570642895208,0.02521785638995876,False,rtms_land,hug,0.05365693518388758
cci_total,kiscon_cnt_priv,798,0.0002146177686329423,0.9951702658667164,-0.07915657647104768,0.0253458733123874,False,cci,kiscon,0.05390786976982316
rentidx_midlarge,minbid_vs_rtms_all_3m,498,-0.040348267366049115,0.3689128114979574,-0.10003695021900698,0.025587977900427713,False,commercial,valuation,0.05440116017240039
cci_civil,kiscon_cnt_all,798,0.0021326007680556314,0.9520367680345253,-0.07897047187354153,0.025693300615864792,False,cci,kiscon,0.05460227703085014
cci_bldg,stcns_after_exit,798,-0.06102983053895818,0.08490137459211675,-0.0789653084725507,0.02570299818340187,False,cci,exit,0.05460227703085014
minbid_unit_land_mn_m2,ah_rate_med,469,-0.027976621016112965,0.5455945938882155,0.10293386810813376,0.025803705701040933,False,valuation,applyhome,0.054794445744029335
cci_bldg,spread_AA_KTB,798,0.40305523869890186,1.5877008513501454e-32,0.07887857161915075,0.025866374754353837,False,cci,rates,0.05490571886126636
discount_ratio,appr_unit_land_mn_m2,496,0.07306594207523925,0.10409373459110972,0.10001726390552028,0.025916684742162785,False,site_price,valuation,0.054990679887438255
rtms_fac_n,hug_sago_n,335,0.05388482171451599,0.3254685058458944,0.1216663922848892,0.025959587662497643,False,rtms_fac,hug,0.055059863241322844
minbid_vs_rtms_dae_3m,kiscon_cnt_priv,498,0.009721682425273902,0.8286696058008033,-0.09976246904394312,0.025997278698289477,False,valuation,kiscon,0.05509609560037806
min_bid_mn,rtms_land_dae_n,502,-0.05961033528745084,0.1823850540162273,-0.09936528508297249,0.025995649609658993,False,site_price,rtms_land,0.05509609560037806
base_rate_chg_12m,kiscon_amt_priv,798,0.182986492248221,1.9392061838608537e-07,0.07872881497049074,0.026150564780255858,False,rates,kiscon,0.055398997575288454
bldg_area_m2,rentidx_midlarge,286,-0.10537033919593228,0.07521911064824784,-0.13129124062048425,0.026403048512396905,False,site_price,commercial,0.05591172292902426
base_rate_chg_12m,minbid_vs_rtms_all_3m,498,-0.030404459439073453,0.498434654005956,-0.09940075629311618,0.02654526662243602,False,rates,valuation,0.056168397558435064
rtms_land_n_yoy_pct,ap_pms_day,425,0.11720200106670306,0.015631751637278167,0.10760602192019422,0.026536701104070567,False,rtms_land,hub,0.056168397558435064
bank_loan_rate_all,unsold_pct_completed,697,-0.06060036780426265,0.10993322981570104,-0.08398177394285769,0.026614843313829274,False,rates,unsold,0.05629334145531848
unsold_pct_completed,exited,697,-0.08461900686981577,0.02548280651320669,-0.08390953437717799,0.026745870908950597,False,unsold,exit,0.05654811061690741
land_chg_cum12_pct,n_rounds_m,201,-0.1334008874179338,0.05903463079047037,-0.15618220341730907,0.026824661723872153,False,land_house,site_price,0.056692279145274464
rtms_apt_n_yoy_pct,stcns_delay_days,141,0.04431021430994493,0.6018601589002617,0.18618221366429613,0.027072114410842493,False,rtms_apt,hub,0.05717997027028719
min_bid_mn,spread_AA_KTB,502,-0.0769016641595287,0.08520300614283131,-0.09866052091718261,0.02707680656898582,False,site_price,rates,0.05717997027028719
rtms_fac_med_unit,kiscon_cnt_priv_yoy_pct,733,-0.0030729660387062057,0.9338073257641905,-0.08155881556197664,0.027242037322808766,False,rtms_fac,kiscon,0.05750618774775305
unsold_completed,stcns_delay_days,134,0.01774510179136944,0.838739579331759,-0.19075659276990467,0.027258625188663274,False,unsold,hub,0.05751849600780684
appr_unit_land_mn_m2,reactivated,483,0.0730442504539199,0.10886946209035403,0.10038369230813404,0.02738280199760961,False,valuation,exit,0.05775772871053988
corp_bond_BBB3y,rtms_apt_n_yoy_pct,798,-0.018562253889356145,0.600566322273206,0.07808573465446332,0.027401750843277204,False,rates,rtms_apt,0.057774906056389276
capret_midlarge,n_rounds_m,201,-0.02270386130048912,0.7490316121583033,-0.15532398845514991,0.027683437620539746,False,commercial,site_price,0.058315354191658016
min_bid_mn,rtms_fac_med_unit,464,0.09871766143686145,0.033511346576296494,0.1022092853964836,0.027701701822856063,False,site_price,rtms_fac,0.058315354191658016
rtms_nrg_n_3m,hug_sago_n,335,0.13789403072423922,0.011519813022588058,0.12029437580062807,0.02769928573650638,False,rtms_nrg,hug,0.058315354191658016
rtms_land_dae_med_unit,kiscon_cnt_indiv,797,0.17043689415521854,1.3014264843627671e-06,0.07799154156587211,0.02768703564137637,False,rtms_land,kiscon,0.058315354191658016
min_bid_mn,kiscon_amt_all,502,0.08058537095261292,0.07123479612668654,0.09819005172293312,0.027819886931839254,False,site_price,kiscon,0.058541100127723136
rtms_apt_unit_3m,months_permit_idle,284,-0.10827515428559956,0.06845531325038155,-0.13050961801605904,0.027870739464395642,False,rtms_apt,hub,0.05862503694576062
stcns_delay_days,kiscon_amt_pub,141,0.03163052698395659,0.7096385891707537,0.18474036574819344,0.02830336055151148,False,hub,kiscon,0.059499409163562604
rtms_apt_med_unit,rtms_fac_n_yoy_pct,737,-0.14785713777767376,5.59334074384786e-05,-0.08078459100840477,0.028308677185730928,False,rtms_apt,rtms_fac,0.059499409163562604
corp_bond_BBB3y,rentidx_office,777,0.0027112781001255373,0.9398530323566293,-0.07862433888022197,0.028415894340631638,False,rates,commercial,0.05970129156752745
ktb_3y,rentidx_office,777,0.0007704031931085736,0.9828945034978096,-0.07854267376066344,0.028581360343215016,False,rates,commercial,0.06002534711514953
rtms_nrg_n_3m,kiscon_cnt_priv,798,0.14081149374884055,6.567420249887098e-05,0.07746665781100982,0.0286545956469284,False,rtms_nrg,kiscon,0.060155525294120986
yield_midlarge,kfb_understated,425,-0.11374205606396154,0.018998357794404695,-0.10614391969253832,0.02867305774100055,False,commercial,exit,0.06017065923906199
min_bid_mn,house_idx,502,-0.07789712718632139,0.0812267344829244,-0.09764116152577153,0.028708923540666707,False,site_price,land_house,0.06022228880813844
nonbank_corp_loan_rate,ah_sale_unit_med,733,0.008083702543164052,0.8270489102291954,-0.0807894457160221,0.02873271883223521,False,rates,applyhome,0.06024856768469085
rtms_land_med_unit,rtms_nrg_n_yoy_pct,797,0.007794499492737233,0.826100168265212,-0.07738493882606894,0.028924319869519127,False,rtms_land,rtms_nrg,0.0606265536426181
rtms_fac_n_yoy_pct,hug_sago_last_yr,317,0.15001249866642785,0.007461748726682769,0.1224865279584473,0.029226937356984964,False,rtms_fac,hug,0.06123684719741324
rtms_land_dae_med_unit,months_permit_idle,284,-0.11175895951837977,0.0599738615598734,-0.12933664618924864,0.029319201300050186,False,rtms_land,hub,0.061406098453336604
ah_sale_unit_med,kiscon_cnt_all,733,0.16188365577892283,1.0605909384767778e-05,0.08048721488477514,0.029337193248284914,False,applyhome,kiscon,0.061419722904690464
rtms_land_med_unit,exited,798,0.020910495767560926,0.5552999890608629,0.07712862550839923,0.02935923759212357,False,rtms_land,exit,0.06144181737968091
apt_idx_yoy_pct,stcns_delay_days,128,0.09379303937170566,0.2923130801793534,0.19224986095565827,0.029701795904803208,False,land_house,hub,0.06213439072886649
appr_vs_rtms_dae_3m,kiscon_amt_indiv,765,-0.019172429395915215,0.5964831026436193,-0.07852768341780073,0.02987291867695934,False,valuation,kiscon,0.06246792966980899
house_idx,appr_vs_rtms_dae_3m,765,0.052161253005430855,0.14949116242368835,0.0785178337585017,0.02989354541762443,False,land_house,valuation,0.06248662523379118
cci_yoy_pct,kiscon_amt_all,798,0.1578911941463117,7.4155461335713076e-06,0.07684627507801084,0.029959163523332458,False,cci,kiscon,0.06259931510717415
cci_civil,capret_midlarge,798,0.049582209274939795,0.16172072799731418,0.07679911528807205,0.03006038485217516,False,cci,commercial,0.06278628039241428
rtms_land_n_3m,ap_useapr_day,100,0.01319667406812347,0.8963185966963907,-0.2168338874059418,0.030240334330947402,False,rtms_land,hub,0.0631374727323607
apt_idx_yoy_pct,rtms_fac_n_yoy_pct,684,-0.11160599304116973,0.003470415425242238,-0.08280773621796679,0.030352298271175658,False,land_house,rtms_fac,0.06332178652203521
ktb_3y,minbid_unit_land_mn_m2,498,-0.0586120591805212,0.19161460320687682,-0.09705236306386417,0.03035065593129473,False,rates,valuation,0.06332178652203521
rentidx_midlarge,rtms_nrg_n_3m,798,0.16383277554811826,3.282378326708544e-06,0.07661206069739614,0.03046476381868027,False,commercial,rtms_nrg,0.06346583025506486
vac_midlarge,exited,798,-0.032909668365799186,0.3531711155374865,-0.076620851115761,0.030445656576525707,False,commercial,exit,0.06346583025506486
rtms_fac_n_3m,stcns_after_exit,798,0.09000512924905345,0.01096776541967421,0.07661136498663733,0.030466276485302552,False,rtms_fac,exit,0.06346583025506486
minbid_unit_land_mn_m2,excess_pp_med,190,0.0799981362524354,0.27256226879060474,0.15704969229356114,0.030468821070647373,False,valuation,excess,0.06346583025506486
vac_office,rtms_nrg_n_yoy_pct,776,0.08591984388406479,0.01666484337767574,-0.07767366642305579,0.03050125868511439,False,commercial,rtms_nrg,0.06350354570188514
minbid_vs_rtms_all_3m,kiscon_amt_pub,498,-0.011109098372393978,0.8046804483988276,-0.09695926613904896,0.030510680551363925,False,valuation,kiscon,0.06350354570188514
base_rate,kiscon_cnt_pub,798,0.04353145278961764,0.2193080781303115,0.07655301018550995,0.030593385317592963,False,rates,kiscon,0.06365090711796481
rtms_nrg_n_3m,rtms_apt_n_yoy_pct,798,0.0508663552877981,0.1511175497626517,0.0765314177523094,0.030640533193052422,False,rtms_nrg,rtms_apt,0.06372420497209308
capret_office,rtms_fac_n,777,0.22712814689048968,1.5053713714821469e-10,0.07750573038061466,0.030755445364969814,False,commercial,rtms_fac,0.06393832284855894
rtms_land_med_unit,kiscon_amt_pub,798,-0.01490683758866187,0.674145838158817,0.07646301559746795,0.030790303201172143,False,rtms_land,kiscon,0.06398591186034491
cci_bldg,minbid_unit_land_mn_m2,498,-0.05465034476163593,0.2234453685329554,-0.09667967237542595,0.03099562548503445,False,cci,valuation,0.06438757166607584
appraisal_mn,ah_n_pblanc,723,0.08723984593002414,0.018967037015698646,0.08017026709035313,0.03112965933237389,False,site_price,applyhome,0.06464088871852551
base_rate_chg_12m,kiscon_cnt_all,798,-0.004998534166365157,0.887883688905377,-0.07629712810067348,0.03115613025155455,False,rates,kiscon,0.06467074085988439
cci_plant,stcns_after_exit,798,-0.06485223868630245,0.06709157394179659,-0.07625267319440936,0.03125479564228473,False,cci,exit,0.06485036565746854
apt_idx_yoy_pct,kiscon_amt_priv_yoy_pct,737,-0.07206967034899689,0.05049441467508712,-0.07924374244723642,0.03147456493354581,False,land_house,kiscon,0.06528103130320768
yield_midlarge,ap_useapr_day,100,0.11363405034073587,0.26029058112059644,0.21515967838653852,0.031571666065875005,False,commercial,hub,0.0653732098354338
min_bid_mn,ktb_3y,502,0.07000114240272308,0.11725203700986671,0.09597353180827088,0.03156110383484234,False,site_price,rates,0.0653732098354338
cci_plant,unsold_total,761,0.05120755533210898,0.15817764163563167,0.07793557972687462,0.031580138583303816,False,cci,unsold,0.0653732098354338
cci_bldg,kiscon_cnt_all,798,0.005819098787471666,0.8696313127069781,-0.07611006144434666,0.03157312329996181,False,cci,kiscon,0.0653732098354338
rtms_nrg_n,hug_sago_n,335,0.13794072075993857,0.01149151685293859,0.11750007414934242,0.03155371850136764,False,rtms_nrg,hug,0.0653732098354338
rtms_land_dae_n,kiscon_amt_priv,798,0.004623368944164577,0.8962491551362666,-0.07602006418194679,0.031775433815287725,False,rtms_land,kiscon,0.06575202964796574
rtms_fac_n_yoy_pct,kiscon_cnt_all,737,0.05227391840837068,0.15628435505382796,0.0790880425835134,0.031810717717381566,False,rtms_fac,kiscon,0.06579957742160125
cci_plant,unsold_pct_completed,697,0.07354906838758901,0.052270992824713515,0.08130732423082518,0.03185091803466321,False,cci,unsold,0.06585725395643627
spread_AA_KTB,stcns_delay_days,141,0.16285711073852951,0.05366773102512477,0.18060105271291846,0.03210636967731325,False,rates,hub,0.06635978301685116
br_useapr_day,months_permit_idle,122,-0.27021015777020385,0.002612094550800391,-0.1940273846782666,0.032239004620274805,True,hub,hub,0.06660817531090008
rtms_land_dae_n_3m,rtms_nrg_n_yoy_pct,797,0.015574214998060498,0.6606505643255792,0.07584870829066713,0.03227216534270054,False,rtms_land,rtms_nrg,0.06665093398509842
ap_stcns_day,kiscon_cnt_all,142,0.11484220951021382,0.17354077191609105,0.17965037519796553,0.03241167778321625,False,hub,kiscon,0.0669132205045781
yield_midlarge,hug_sago_n,335,0.11280888098951636,0.03905418565360134,0.1168018765824294,0.032585399557622304,False,commercial,hug,0.06724590175013757
cci_plant,spread_AA_KTB,798,0.3388091871400025,6.940624169793475e-23,0.07565249443259489,0.032613275775674626,False,cci,rates,0.06727746356964978
minbid_vs_rtms_all_3m,kiscon_cnt_priv,498,-0.0019883131879598406,0.964697500806656,-0.0956169784580462,0.03289946455152199,False,valuation,kiscon,0.06784166485036178
unsold_pct_completed,kiscon_cnt_all,697,0.09043357269139854,0.016934605515598552,0.0807238906795116,0.03310356179664736,False,unsold,kiscon,0.06823621624004374
capret_midlarge,rtms_nrg_n_yoy_pct,797,-0.07026173002930303,0.047377489285048785,-0.07542379438976221,0.03325471006813888,False,commercial,rtms_nrg,0.06852136213269311
land_chg_pct,exited,798,0.061591378208456095,0.08206783856468923,0.0753268393391191,0.03337128437871387,False,land_house,exit,0.06873507610669609
cci_bldg,rtms_nrg_med_unit,797,0.002197834248555917,0.9506025197090874,0.0753652110518673,0.03339215846427089,False,cci,rtms_nrg,0.06875158694973293
rtms_nrg_n_yoy_pct,rtms_fac_n_yoy_pct,736,0.005692825961664301,0.8774668332078844,0.07841782855275317,0.03341321353147849,False,rtms_nrg,rtms_fac,0.0687684575645941
cci_bldg,rtms_land_n,798,0.03488566173791677,0.3249994106414185,0.07525332607992671,0.033544463276572255,False,cci,rtms_land,0.06899420982080869
cci_plant,rtms_nrg_med_unit,797,0.0034135887248737343,0.9233468846275971,0.07529873641446626,0.03354870872154527,False,cci,rtms_nrg,0.06899420982080869
rtms_land_dae_med_unit,hug_sago_amt_mn,335,0.11516881355932844,0.0351113060983061,0.1161516178529339,0.03357197466338129,False,rtms_land,hug,0.06901551269707795
land_area_m2,cci_yoy_pct,786,0.02126932402236118,0.5515637263850373,0.07572247824299431,0.033787256947939444,False,site_price,cci,0.06943138466588478
minbid_unit_land_mn_m2,hug_sago_n,210,-0.08404816580692356,0.22518677010528723,-0.1465287498992692,0.0338211771108611,False,valuation,hug,0.06944770891389182
rtms_land_unit_3m,kfb_understated,425,-0.02365982238580097,0.6266897618138324,-0.10297644769589968,0.03381201231419531,False,rtms_land,exit,0.06944770891389182
apt_idx,rentidx_midlarge,798,-0.34576239307277484,7.957907101542941e-24,-0.07509732525785599,0.033914505401203235,False,land_house,commercial,0.06961261434941793
bldg_area_m2,appr_unit_land_mn_m2,278,-0.059298090280684744,0.3245705007157636,0.12724033705635812,0.03395648913365098,False,site_price,valuation,0.06967204428151641
cci_civil,kiscon_cnt_priv,798,-0.0023110833395728336,0.9480280601295009,-0.07503889945407995,0.034053988296445646,False,cci,kiscon,0.06984529168434786
vac_midlarge,kiscon_amt_priv_yoy_pct,798,0.09257281912986756,0.008881007797297811,0.07495859526979469,0.034246501038492194,False,commercial,kiscon,0.07021320592516019
min_bid_mn,yield_midlarge,502,0.15642435045988562,0.00043533079444228604,0.0944819100612219,0.034314209537350156,False,site_price,commercial,0.07027119050027242
ktb_3y,rtms_nrg_n_yoy_pct,797,0.044165550136302335,0.21294919105020352,0.07498456467069954,0.03429710093604201,False,rates,rtms_nrg,0.07027119050027242
min_bid_mn,rtms_land_dae_n_3m,502,-0.05722324800617316,0.20055917095542405,-0.09448668170538649,0.034305086263407496,False,site_price,rtms_land,0.07027119050027242
appr_vs_rtms_dae_3m,stcns_after_exit,765,-0.015355768063393808,0.6715293106280357,-0.07649585445246167,0.03439490501811183,False,valuation,exit,0.0704094782281179
rtms_land_unit_3m,exited,798,0.014926203702143613,0.6737468723924532,0.07483007118774457,0.0345565426745711,False,rtms_land,exit,0.07071329264482651
bank_loan_rate_all,rtms_land_unit_3m,798,0.002718573063404523,0.9388809466695002,0.0747216889974994,0.034819852541582784,False,rates,rtms_land,0.0712248475668872
corp_bond_AA3y,rentidx_office,777,0.005161583546378856,0.8857792117651765,-0.07570744583074321,0.03486222430856126,False,rates,commercial,0.07128424985769677
rtms_apt_n_yoy_pct,appr_vs_rtms_dae_3m,765,-0.0171591296029733,0.635601962251358,-0.07627504336166584,0.034919802706971786,False,rtms_apt,valuation,0.07137468848401304
rtms_land_unit_3m,rtms_nrg_n_yoy_pct,797,-0.002655297114769071,0.9403382992492253,-0.07463211735116472,0.0351535718515334,False,rtms_land,rtms_nrg,0.07180952546052706
base_rate,vac_office,777,-0.05838849468238712,0.1038794097708556,-0.07558446288646745,0.03515940483554514,False,rates,commercial,0.07180952546052706
rtms_land_n_yoy_pct,ah_supply_sum,749,-0.03565234124858755,0.3298537049808384,0.07690917805957152,0.035339892239630806,False,rtms_land,applyhome,0.07215059328190375
rtms_land_unit_3m,kiscon_cnt_priv_yoy_pct,798,-0.01146412781924978,0.7464287476358609,-0.07445641590896986,0.035471546381671486,False,rtms_land,kiscon,0.0723917398865639
min_bid_mn,cd_91d,502,-0.07974164602380526,0.07425653503787198,-0.09376897400139358,0.03570075470480303,False,site_price,rates,0.07283171896473933
min_bid_mn,apt_idx_yoy_pct,467,0.1572448063667265,0.0006491041311637876,0.09715555972651839,0.035826576596699515,False,site_price,land_house,0.07306052824658746
vac_midlarge,hug_sago_n,335,-0.13632207561987203,0.012509118170839698,-0.11468644678479374,0.03588850503146976,False,commercial,hug,0.07315891589907313
base_rate_chg_12m,unsold_total,761,0.04840060921342552,0.18227688343666665,0.07605544385572366,0.03593404950544336,False,rates,unsold,0.07322384249451436
bank_loan_rate_all,rtms_land_med_unit,798,0.0029362772222561607,0.933997258817983,0.07423954522050448,0.03601202074877827,False,rates,rtms_land,0.07333126693541037
round_no,spread_BBB_KTB,211,-0.0811860497435084,0.24030315033324115,-0.14444758393963414,0.03601419617961242,False,site_price,rates,0.07333126693541037
rtms_land_dae_unit_3m,rtms_nrg_n_yoy_pct,797,-0.03657256245114169,0.3024416984888346,-0.0741914515691825,0.036249993990119744,False,rtms_land,rtms_nrg,0.07378329572332329
appraisal_mn,ap_pms_day,414,0.05572552752960598,0.25792978228284397,0.10292186246452964,0.03631520355715958,False,site_price,hub,0.07388789703962415
minbid_unit_land_mn_m2,pms_after_exit,498,0.071576500930011,0.11063895270062851,0.09372260563120219,0.03654117141026237,False,valuation,exit,0.0743193775316367
bank_facility_loan_rate,rtms_land_unit_3m,798,0.008497873214913819,0.8105755904987725,0.07401297364768916,0.036584140822968375,False,rates,rtms_land,0.07437847946023267
rtms_land_unit_3m,ap_useapr_day,100,-0.056942656925179254,0.5736225950200992,0.20928069513709616,0.03664517587481873,False,rtms_land,hub,0.07447425138831462
cci_nonresi,minbid_unit_land_mn_m2,498,-0.05402103030576602,0.22883005375830032,-0.09358052368464952,0.03682760305710926,False,cci,valuation,0.07481656289755441
cci_plant,rtms_land_n_yoy_pct,798,-0.03827197254480223,0.28021264158018844,0.07379365048123412,0.03714530199952582,False,cci,rtms_land,0.07543331932831925
yield_midlarge,ap_stcns_day,142,0.11656810094599165,0.16712337084092851,0.17477535710937045,0.037496146457718996,False,commercial,hub,0.07611689260038856
bldg_area_m2,exited,286,-0.1870062222367896,0.0014891844323916955,-0.12304057225751217,0.037562216180402376,False,site_price,exit,0.07622207586968179
spread_BBB_KTB,rtms_nrg_n,798,-0.08504028632783,0.016266422656428598,-0.07361781007629098,0.03760047546847054,False,rates,rtms_nrg,0.07627076719647648
cci_plant,kiscon_cnt_all,798,-0.00277763194837901,0.9375558630177385,-0.07356837333116761,0.03772929537921783,False,cci,kiscon,0.07650304982657478
rtms_land_dae_n_3m,ah_n_pblanc,749,0.054102822809000035,0.13906301581281977,-0.07587366052397382,0.03789162774224485,False,rtms_land,applyhome,0.07680308322129767
rtms_land_dae_unit_3m,hug_sago_amt_mn,335,0.1123030857069947,0.03994629033831017,0.11345262546993695,0.037943185940528756,False,rtms_land,hug,0.07687844457143132
rtms_fac_n_yoy_pct,kiscon_cnt_indiv,737,0.042667060834663414,0.24732335812961387,0.07637464783235035,0.03818080703624897,False,rtms_fac,kiscon,0.07730131587384448
cci_total,rtms_fac_unit_3m,765,-0.03727279390139776,0.30320413275170266,-0.07496746072302356,0.03816998439007898,False,cci,rtms_fac,0.07730131587384448
discount_ratio,bank_facility_loan_rate,499,-0.049748951687001594,0.26734077632215075,-0.09281932269020254,0.03819992990746302,False,site_price,rates,0.07731075897623194
apt_idx,appr_vs_rtms_dae_3m,765,0.04925259554470433,0.17355861069272066,0.07492839055447781,0.03827092198982437,False,land_house,valuation,0.07742513048792693
bank_corp_loan_rate,rtms_land_unit_3m,798,0.0022364045163210788,0.9497051881324646,0.07332216428173417,0.03837644964517459,False,rates,rtms_land,0.07760925728167493
yield_midlarge,n_rounds_m,201,-0.056927176532719184,0.42214836174999126,-0.14605680430938187,0.038554920214560806,False,commercial,site_price,0.07794070260387774
cci_bldg,kiscon_cnt_priv,798,0.0021322173296598537,0.9520453813785522,-0.07318706944715013,0.03873552766338436,False,cci,kiscon,0.07827621557676348
unsold_completed,reactivated,485,-0.06453530916886369,0.15588298650521396,-0.09384343864959575,0.03883646311284902,False,unsold,exit,0.07845053580068143
cci_total,rtms_apt_n_3m,798,0.12583438076311826,0.00036624598675547785,0.07309617399790655,0.03897872521843873,False,cci,rtms_apt,0.07870817361895464
minbid_vs_rtms_dae_3m,kiscon_amt_pub,498,0.0035157636730136985,0.9376207889797241,-0.0925056294759525,0.039056935264102706,False,valuation,kiscon,0.07883632799439681
vac_midlarge,rtms_apt_n_3m,798,0.08457048834718293,0.016868574357779068,0.07306140303897173,0.039072099220612416,False,commercial,rtms_apt,0.07883717529532626
rtms_apt_n,hug_sago_amt_mn,335,0.18038956520913957,0.0009112700964115257,0.11274973901906772,0.03915762085625926,False,rtms_apt,hug,0.0789799316176606
yield_midlarge,rtms_land_n_3m,798,-0.04402394275917732,0.21413306490129388,-0.07296055975525767,0.03934397705103452,False,commercial,rtms_land,0.07930166911500504
rtms_apt_n_3m,n_rounds_m,201,-0.020024385697213987,0.7778266760131571,-0.14547262325249058,0.039346797860876824,False,rtms_apt,site_price,0.07930166911500504
bank_loan_rate_all,stcns_delay_days,141,0.10938401700545067,0.19664151830175178,0.17363050359811394,0.03948829604354703,False,rates,hub,0.07955686471169782
rtms_nrg_n_yoy_pct,hug_sago_amt_mn,335,-0.12465336563475465,0.022494627495184244,-0.11254091775881309,0.03952468913588717,False,rtms_nrg,hug,0.0795702231963813
vac_midlarge,ap_stcns_day,142,-0.06980587554077364,0.409094408212471,-0.17299432882556123,0.03951398188396751,False,commercial,hub,0.0795702231963813
capret_midlarge,rtms_fac_n,798,0.18115490666846773,2.576001820732343e-07,0.07287145889333396,0.03958552919766974,False,commercial,rtms_fac,0.0796627115618894
bank_corp_loan_rate,rtms_land_med_unit,798,0.0006664795787146155,0.9850024086708291,0.07286087025387564,0.039614318313850164,False,rates,rtms_land,0.07969065463662785
minbid_unit_land_mn_m2,months_permit_idle,179,-0.12020689523548853,0.10897685829090939,-0.15378483138343274,0.039847232066375214,False,valuation,hub,0.0801290522222295
appraisal_mn,kiscon_amt_all,768,0.07599508283922694,0.03523452385038056,0.07416785428360474,0.03989033083718722,False,site_price,kiscon,0.08018556352873686
spread_BBB_KTB,rtms_fac_n_yoy_pct,737,0.09801883783415423,0.007747311119895985,0.07568384171843807,0.03996555125085564,False,rates,rtms_fac,0.08028638984698404
pms_after_exit,kiscon_cnt_priv_yoy_pct,798,0.04278204776304116,0.22735366252999253,0.07273039562662144,0.039970519875195724,False,exit,kiscon,0.08028638984698404
appr_vs_rtms_all_3m,hug_sago_amt_mn,319,-0.009411177190272131,0.8670294709583067,-0.11503735040329463,0.04003488674498124,False,valuation,hug,0.08038548232272426
apt_idx,stcns_delay_days,141,-0.06574806702480972,0.4385736623111399,-0.17297831287730847,0.04024661627508663,False,land_house,hub,0.0807802767353184
cci_plant,rtms_fac_unit_3m,765,-0.03636710247445494,0.3151126880998302,-0.07407660209449346,0.04052845557533967,False,cci,rtms_fac,0.08131544163652579
bank_facility_loan_rate,base_rate_chg_12m,798,-0.1565697587007563,8.853962305941316e-06,-0.07248374477348271,0.04065129974201003,True,rates,rates,0.08153132022525418
cci_bldg,kiscon_cnt_indiv,798,0.023965361928504805,0.4990210668033101,-0.0724699781687203,0.04068958419789182,False,cci,kiscon,0.08157750532663201
cci_bldg,unsold_total,761,0.0434673000078552,0.23103621502838836,0.07419352749173384,0.040739068217549336,False,cci,unsold,0.08164610110915903
rtms_land_med_unit,kiscon_cnt_priv_yoy_pct,798,-0.006649631812156262,0.8512275738386158,-0.07242760007427858,0.04080762775536735,False,rtms_land,kiscon,0.08174267240594912
land_area_m2,hug_sago_amt_mn,328,-0.03792655617877323,0.4936574813738701,0.11300639491245998,0.040817829684661334,False,site_price,hug,0.08174267240594912
apt_idx,unsold_pct_completed,697,-0.12264067123516141,0.001177605292047778,-0.07743494444412508,0.04097911651424531,False,land_house,unsold,0.08200424251559493
minbid_vs_rtms_dae_3m,hug_sago_amt_mn,210,-0.11472970743299271,0.0972876758013828,-0.14117619859947975,0.040965967443873354,False,valuation,hug,0.08200424251559493
rtms_apt_n_yoy_pct,hug_sago_amt_mn,335,0.11027833818128377,0.043691706029793574,0.11158225857435707,0.041247357924427415,False,rtms_apt,hug,0.08251014695918944
rtms_fac_n_yoy_pct,kiscon_cnt_pub,737,0.06575644092649541,0.07441714849247898,0.07515326820954213,0.041383833563037646,False,rtms_fac,kiscon,0.08275219074852741
exited,kiscon_cnt_priv,798,0.018124392394988816,0.6091875959085994,0.07215666667944472,0.041569174694793994,False,exit,kiscon,0.08309172975441625
cci_nonresi,rtms_land_n,798,0.03507015825893067,0.3224456659549305,0.0721175475973403,0.041680117763727785,False,cci,rtms_land,0.0832823578784202
appraisal_mn,base_rate,768,-0.09817586998049119,0.006471589269289496,-0.07348587012049855,0.04175675080745149,False,site_price,rates,0.08339121980507112
rtms_apt_unit_3m,rtms_fac_n_yoy_pct,737,-0.1468636603097685,6.281756310479984e-05,-0.0750130098625726,0.04176579140414821,False,rtms_apt,rtms_fac,0.08339121980507112
rtms_fac_n,appr_unit_land_mn_m2,765,-0.027000592898829216,0.455840032903231,-0.07361884180422178,0.04178754816218565,False,rtms_fac,valuation,0.08340351624606446
stcns_delay_days,kiscon_amt_all,141,0.0048783500274148725,0.9542170916395545,0.17156037441655617,0.04193751077317804,False,hub,kiscon,0.08367159332245634
land_area_m2,unsold_pct_completed,687,0.049786078466781916,0.19245214945524397,-0.07753226459392139,0.04220107125173555,False,site_price,unsold,0.08416603057927265
spread_BBB_KTB,hug_sago_last_yr,335,0.05917773588298636,0.2801294045219819,0.11102973504993802,0.04226867451078068,False,rates,hug,0.08426942677447588
appr_vs_rtms_dae_3m,hug_sago_amt_mn,319,-0.012163298758468452,0.8286770093918152,-0.11373984279192571,0.04234879204450154,False,valuation,hug,0.08436624108120332
rtms_land_dae_med_unit,exited,797,0.022107473897739042,0.533142022330841,0.07193252477940915,0.0423378575124638,False,rtms_land,exit,0.08436624108120332
cci_yoy_pct,kiscon_cnt_all,798,0.00887693622063096,0.8022969916207849,-0.07185488424854204,0.042431538387802815,False,cci,kiscon,0.08449960363485351
base_rate,kiscon_amt_priv,798,-0.09404256699264554,0.007852952603912465,-0.07184301433932495,0.042465763883072855,False,rates,kiscon,0.08453627679925188
land_area_m2,discount_ratio,496,0.050428808663095195,0.2622952949554637,-0.09113314268947466,0.0424854150142109,True,site_price,site_price,0.08454392038741558
appr_unit_land_mn_m2,exited,765,-0.01706597180749292,0.637437995847191,0.07324158430641098,0.0428499062666375,False,valuation,exit,0.08523751815763048
bldg_area_m2,nonbank_corp_loan_rate,286,-0.15090483480603512,0.010603334103344955,-0.11983292871665621,0.04286880228290256,False,site_price,rates,0.08524339375480847
nonbank_corp_loan_rate,rentidx_office,777,0.006456833842793466,0.8573923760044415,0.07262480842921117,0.04298970512606804,False,rates,commercial,0.08545202725244827
cci_plant,kiscon_cnt_indiv,798,0.013277830122983003,0.7080230134222364,-0.07158616109818153,0.043212098087302815,False,cci,kiscon,0.0858621659133438
round_no,discount_ratio,210,-0.020017436628284577,0.7730576361166316,-0.13964205020119264,0.043234005589520334,True,site_price,site_price,0.0858737845048905
rtms_nrg_unit_3m,rtms_fac_n_3m,798,0.05766612887284324,0.10356612639873733,0.07155605998284376,0.0433002822929318,False,rtms_nrg,rtms_fac,0.08597349031574687
base_rate,reactivated,499,0.0985308170899323,0.027746676482562932,0.09044037246289244,0.04345001175112405,False,rates,exit,0.08623875754760961
nonbank_corp_loan_rate,kiscon_amt_priv,798,-0.09005726775161041,0.010921399904963429,-0.07145491859649765,0.04359769850787399,False,rates,kiscon,0.08649977511005648
rentidx_midlarge,kfb_understated,425,-0.10083692967203281,0.037710906058783016,-0.09787176635722677,0.043739422778719596,False,commercial,exit,0.0867487735896935
rtms_fac_med_unit,kiscon_cnt_pub,733,-0.03665307353086163,0.3216935291631407,-0.07444415774798038,0.043919768890386256,False,rtms_fac,kiscon,0.08702944036240862
n_rounds_m,kiscon_cnt_priv,201,-0.10304313523860045,0.1454880209113776,-0.1422787731196316,0.04392235309139872,False,site_price,kiscon,0.08702944036240862
rtms_land_dae_n_3m,hug_sago_sgg_flag,798,-0.07148096763070269,0.043520934571264346,-0.07133719533238392,0.04394604244969203,False,rtms_land,hug,0.08702944036240862
appraisal_mn,rtms_fac_n_yoy_pct,713,-0.03408993383792132,0.3633825833472128,-0.07547328475279289,0.04394340520436448,False,site_price,rtms_fac,0.08702944036240862
rtms_apt_n_3m,rtms_fac_n_yoy_pct,737,0.08438363563031043,0.021962011830951134,0.07420340240105881,0.04402922115444078,False,rtms_apt,rtms_fac,0.08716188282591443
apt_idx_yoy_pct,rtms_nrg_n_yoy_pct,737,-0.031502897632765384,0.3931089221112344,-0.07412064054212653,0.04426631498980357,False,land_house,rtms_nrg,0.08759881060343437
capret_midlarge,rtms_fac_n_yoy_pct,737,-0.09891603794970556,0.007201445865315008,-0.0741117900120476,0.04429173326592311,False,commercial,rtms_fac,0.08761668434069214
bank_corp_loan_rate,yield_midlarge,798,0.06759867007874835,0.0562907354364716,0.07118497810365988,0.04439992858611163,False,rates,commercial,0.08776577380774081
cci_plant,rtms_apt_n,798,0.09812508596660866,0.005532444396823099,0.07118613095021971,0.04439647620986318,False,cci,rtms_apt,0.08776577380774081
yield_midlarge,rtms_land_n,798,-0.03460020856676421,0.3289763794081283,-0.07117047596218881,0.04444337679395771,False,commercial,rtms_land,0.08781919280018179
cd_91d,stcns_delay_days,141,0.15033344063195014,0.07518292617860903,0.16950578645460074,0.04449281795001974,False,rates,hub,0.08788440989241063
bank_corp_loan_rate,pms_after_exit,798,0.09933998291378636,0.004972713174083101,0.07112428023462926,0.04458201730408145,False,rates,exit,0.0880280821731623
cci_nonresi,rtms_land_dae_unit_3m,798,-0.038458117015105285,0.2778783774678283,-0.07107289951810696,0.04473664637450435,False,cci,rtms_land,0.08830079297322804
minbid_unit_land_mn_m2,kiscon_amt_all,498,0.02800434483605995,0.5329596906540335,0.08990728610560184,0.04492199276101887,False,valuation,kiscon,0.08863390970227597
cci_yoy_pct,land_chg_cum12_pct,798,-0.05105363771101035,0.14961638825173826,-0.07096695464640271,0.04505691071532966,False,cci,land_house,0.08886731892101353
exited,kiscon_cnt_all,798,0.0139073267695045,0.6948589263372634,0.07093798760140126,0.04514481133735052,False,exit,kiscon,0.08900785627611109
discount_ratio,apt_idx_yoy_pct,464,0.09397407746470696,0.0430439944627589,0.09302737075854083,0.04519760793357433,False,site_price,land_house,0.08907910417280572
nonbank_corp_loan_rate,vac_office,777,-0.062115351448415235,0.08357104995292523,-0.07183225884501568,0.04532058499324275,False,rates,commercial,0.08928856593915584
base_rate,rtms_fac_n_yoy_pct,737,-0.005966500367299597,0.8715393284023895,0.0736945958714167,0.045503917056782264,False,rates,rtms_fac,0.0896167383066721
nonbank_corp_loan_rate,unsold_completed,761,-0.04206748525948145,0.24642000766011843,-0.07250748084662534,0.04554862238107744,False,rates,unsold,0.08967175400280598
rtms_land_n_yoy_pct,kiscon_amt_pub,798,-0.011050173952472382,0.7552872341618191,0.07074943243290928,0.04572051646406812,False,rtms_land,kiscon,0.08997703405718523
corp_bond_AA3y,rtms_nrg_n_yoy_pct,797,0.034743167449912606,0.3272849812153546,0.07074511980796186,0.045870150218197306,False,rates,rtms_nrg,0.0902051096788161
ap_stcns_day,kiscon_amt_indiv,142,0.10425682117317175,0.21692338029658476,0.167851432198718,0.045858742248786756,False,hub,kiscon,0.0902051096788161
cci_civil,rentidx_office,777,0.013515878963666315,0.7067964850192323,-0.07160894222381732,0.04599624246428913,False,cci,commercial,0.09041981928549779
min_bid_mn,br_useapr_day,156,-0.1849468847330547,0.020811609136891653,-0.15988234717717995,0.046183345723889005,False,site_price,hub,0.09075426298626774
rtms_land_dae_unit_3m,kfb_understated,425,-0.09218387015814411,0.05758195985206074,-0.09673891648181022,0.046247532986557045,False,rtms_land,exit,0.09084700914001488
land_area_m2,bank_loan_rate_all,786,-0.025656833006846902,0.472584336742462,-0.07110779501044753,0.046271669250568276,False,site_price,rates,0.09086104130840565
minbid_unit_land_mn_m2,kfb_understated,282,-0.019169132796015592,0.7485861981806198,-0.11875148568038946,0.04633000334284094,False,valuation,exit,0.09094219084954863
cci_total,rentidx_office,777,0.017378523485478366,0.6286143331969394,-0.07133960620984117,0.04682237947971276,False,cci,commercial,0.091841255714609
bank_facility_loan_rate,rtms_land_med_unit,798,0.0017785888604417432,0.959991341461074,0.07039800259499739,0.04680999881863642,False,rates,rtms_land,0.091841255714609
corp_bond_AA3y,minbid_vs_rtms_all_3m,498,-0.030869154083249056,0.49188986666828116,-0.08895659484453725,0.04724535633214746,False,rates,valuation,0.09263693447304454
base_rate,spread_BBB_KTB,798,-0.034856563735273655,0.3254033723676943,-0.07021229505030513,0.047394470199860074,True,rates,rates,0.09289524639246768
ap_useapr_day,reactivated,70,0.12906603705596725,0.28693833382872713,0.23767005862111285,0.04757179740035453,False,hub,exit,0.09320864811275034
reactivated,ah_sale_unit_med,450,0.1169847349254313,0.013018946372778646,0.093408838582557,0.04766746964871341,False,exit,applyhome,0.09336189018742513
house_idx,stcns_delay_days,141,-0.06859796058531606,0.41894237551858166,-0.1670018441508166,0.047781389813082456,False,land_house,hub,0.09355074746633171
bank_facility_loan_rate,rtms_fac_med_unit,733,-0.020059992151074495,0.5876591419588355,0.07310296231205016,0.04787712053646168,False,rates,rtms_fac,0.093703866584356
bank_corp_loan_rate,base_rate_chg_12m,798,-0.08581741880059893,0.015311685059586577,-0.0700194004959327,0.04800803379565772,True,rates,rates,0.0939257068076772
spread_AA_KTB,reactivated,499,0.0864516085280871,0.053612538568956966,0.08851609183009093,0.048129713360504214,False,rates,exit,0.0941293260199766
discount_ratio,ah_rate_med,471,-0.0063404927670535575,0.8908406976841674,0.09109160531860555,0.04818027040822894,False,site_price,applyhome,0.09414407428550631
bldg_area_m2,base_rate_chg_12m,286,0.1780906213374085,0.00250450721154931,0.1169331733876917,0.04819539524870234,False,site_price,rates,0.09414407428550631
land_chg_cum12_pct,rtms_fac_n_yoy_pct,737,-0.10664919573705768,0.0037478327284159777,-0.07279669291894411,0.048207681951321545,False,land_house,rtms_fac,0.09414407428550631
stcns_after_exit,kiscon_cnt_priv,798,0.0834782091513506,0.01834459180689972,0.06996282558553188,0.04818924709965697,False,exit,kiscon,0.09414407428550631
cci_bldg,rtms_land_n_3m,798,0.043285396443465296,0.2219269171968691,0.06993560042640845,0.04827665535606128,False,cci,rtms_land,0.09424435056183267
rtms_fac_n_3m,appr_unit_land_mn_m2,765,-0.02069765176505141,0.5675971409688702,-0.0714093839924849,0.048338858102268005,False,rtms_fac,valuation,0.09433134097548432
discount_ratio,nonbank_corp_loan_rate,499,-0.05744002753240814,0.2002102190813785,-0.08831220073345389,0.048649420219807324,False,site_price,rates,0.09490275443827426
cci_total,stcns_after_exit,798,-0.06089204647132722,0.08560855743892194,-0.06970009133424847,0.049038336483397456,False,cci,exit,0.09562654455752233
cci_resi,rentidx_office,777,0.021697889630511856,0.5458968574942608,-0.07061525810774469,0.04910621093300944,False,cci,commercial,0.09572399192810845
corp_bond_BBB3y,kiscon_amt_priv,798,0.19292863033831673,3.947940601212182e-08,0.06966715217903836,0.049145666172654597,False,rates,kiscon,0.09576599016952775
cd_91d,minbid_vs_rtms_dae_3m,498,-0.031712374716404305,0.4801322737050418,-0.08819023552368623,0.049190830589685576,False,rates,valuation,0.09581907874792306
apt_idx_yoy_pct,ap_useapr_day,98,0.10308369556340431,0.3124583530224053,0.19899136734464,0.049491733419058694,False,land_house,hub,0.09637010145364415
spread_AA_KTB,land_chg_pct,798,0.05615047957612627,0.11297699486910247,0.06944421422748684,0.04987727644325037,False,rates,land_house,0.09708547402331989
house_idx,appr_vs_rtms_all_3m,765,0.03422877592362455,0.3444291250848866,0.07082810537379791,0.05019892131623818,False,land_house,valuation,0.09767599427872109
rtms_apt_n,n_rounds_m,201,-0.00988796534944884,0.8892010796951397,-0.13825027478318092,0.050321564264622365,False,rtms_apt,site_price,0.0978790120490854
rtms_land_unit_3m,kiscon_amt_pub,798,-0.009488405957821258,0.7889896513297735,0.0692815107705694,0.0504169515215558,False,rtms_land,kiscon,0.0980288871948214
cci_yoy_pct,rentidx_office,777,0.022752380505985104,0.5265526684529287,-0.07019689359896308,0.050467293914240534,False,cci,commercial,0.09809110162102658
ktb_3y,reactivated,499,-0.08326084102291977,0.06310232579576992,-0.08757864346532744,0.050558226905266554,False,rates,exit,0.09823213635990563
apt_idx,appr_vs_rtms_all_3m,765,0.0340172973283574,0.34742002108294145,0.07068725092106934,0.050658552347673455,False,land_house,valuation,0.09839131107991644
rentidx_midlarge,rtms_apt_n_3m,798,-0.03463995035726493,0.32842081321019073,-0.06916607847095221,0.05080278629611468,False,commercial,rtms_apt,0.0986356203069445
unsold_total,ap_stcns_day,135,-0.06746561623447705,0.436877544120462,-0.16831256424063729,0.051012464965906376,False,unsold,hub,0.0990067695726684
rtms_land_n_yoy_pct,kiscon_cnt_priv_yoy_pct,798,0.028781118598390446,0.41683266454989854,0.06906960833574849,0.05112713043702783,False,rtms_land,kiscon,0.0991933114828693
house_idx_yoy_pct,stcns_delay_days,128,0.10836118896262174,0.2234029518728402,0.17271284921118576,0.05123205286575233,False,land_house,hub,0.09936082215204124
ap_useapr_day,pms_after_exit,100,0.1156592845505823,0.25183570954438556,0.19548701249443573,0.05127847378183302,False,hub,exit,0.09937876017088117
ap_useapr_day,stcns_after_exit,100,0.1156592845505823,0.25183570954438556,0.19548701249443573,0.05127847378183302,False,hub,exit,0.09937876017088117
corp_bond_BBB3y,rtms_nrg_n_yoy_pct,797,0.03897727994945825,0.27173947853335445,0.06904600870923541,0.051353096536551845,False,rates,rtms_nrg,0.09948732144237053
land_chg_pct,minbid_vs_rtms_all_3m,498,-0.050057583335879875,0.26486214810333425,-0.08717067061633522,0.051882577593463985,False,land_house,valuation,0.10047669047165952
rtms_apt_n_yoy_pct,kiscon_cnt_pub,798,0.07011787946463242,0.04769396225013726,0.06880455958899737,0.05202717608549236,False,rtms_apt,kiscon,0.10072024276941623
cci_total,kiscon_amt_priv,798,0.20669048922828626,3.783812738953086e-09,0.06875580058363247,0.0521941829212953,False,cci,kiscon,0.10100698374236916
discount_ratio,land_chg_pct,499,0.10105622337467465,0.02397400469330933,0.08688242999415066,0.05242733127181896,False,site_price,land_house,0.10142146899797973
kfb_understated,hug_sago_amt_mn,199,-0.08600900843929173,0.22708471607569758,-0.13758540881437223,0.05263785010362791,False,exit,hug,0.10179189312987284
min_bid_mn,excess_pp_med,191,-0.046245336859421594,0.5252537185596152,0.14030724717553045,0.05287464487756707,False,site_price,excess,0.10221284387575964
cci_plant,kiscon_cnt_priv,798,-0.006427556381614893,0.8561410468580326,-0.06846680599033668,0.053193243269140024,False,cci,kiscon,0.1027915691218257
rtms_fac_unit_3m,ap_useapr_day,99,0.023840185732035096,0.81480832538261,0.19475314942397734,0.05339672392695202,False,rtms_fac,hub,0.10314750102507675
minbid_vs_rtms_dae_3m,kiscon_cnt_all,498,0.01686352605277929,0.7073585412553484,-0.08659829844990097,0.05344680225541239,False,valuation,kiscon,0.10317100495893454
rtms_apt_med_unit,kiscon_cnt_pub,798,0.11203564313444116,0.0015248786766505474,0.06839398654540146,0.05344748152912824,False,rtms_apt,kiscon,0.10317100495893454
land_area_m2,stcns_delay_days,140,0.07755905333022892,0.3623815133864058,-0.16357020403798345,0.053475181760445425,False,site_price,hub,0.10318722370014498
cci_nonresi,rtms_land_med_unit,798,-0.0008217422148581663,0.9815091452244561,-0.06836447626755288,0.053550800297142216,False,cci,rtms_land,0.10329586190072851
ap_useapr_day,hug_sago_amt_mn,44,0.06864435077547075,0.6579468115678349,0.2928659022022879,0.05369813738733812,False,hub,hug,0.10354271208442009
cci_nonresi,kiscon_cnt_all,798,0.005385722576997716,0.8792631904162098,-0.06823905310168558,0.053991779791929685,False,cci,kiscon,0.10403389064772901
nonbank_corp_loan_rate,reactivated,499,0.09075165644882885,0.04273023596015474,0.08632079395902939,0.0539767988969756,False,rates,exit,0.10403389064772901
rtms_fac_n,kfb_understated,425,-0.10476839901841875,0.03081599088298305,-0.09351484328132903,0.05405404085781832,False,rtms_fac,exit,0.10411633878485393
hug_sago_sgg_flag,kiscon_cnt_priv_yoy_pct,798,-0.06164786253231434,0.08178710996373771,-0.06819035190895464,0.05416382339416645,False,hug,kiscon,0.10425614515063844
rtms_land_n_yoy_pct,kfb_understated,425,-0.0569918059508642,0.24103290271372785,-0.09347165803619982,0.05416562020356716,False,rtms_land,exit,0.10425614515063844
rtms_nrg_med_unit,ap_stcns_day,142,0.08266849362391654,0.32803619405732254,0.16182929998381826,0.054345012950810866,False,rtms_nrg,hub,0.10456379425980054
discount_ratio,house_idx_yoy_pct,464,0.08651640202361269,0.06259092574265941,0.08937103716633023,0.05438348341531568,False,site_price,land_house,0.10460017475600467
rtms_apt_n_3m,ah_rate_med,730,0.08075556390162919,0.02913018059984333,0.0711974700879908,0.05450595307001858,False,rtms_apt,applyhome,0.10479803346472108
unsold_completed,exited,761,-0.05976327347630639,0.09947463715019579,-0.06966653989208248,0.054730147839846005,False,unsold,exit,0.10519126545638267
ap_pms_day,ah_n_pblanc,408,0.06921690175321701,0.1628658586253082,0.09500881685699854,0.05516990260800755,False,hub,applyhome,0.10596029786099724
discount_ratio,apt_idx,499,-0.08946831798724685,0.04576372391199277,-0.08590232457854997,0.055155907163235145,False,site_price,land_house,0.10596029786099724
house_idx_yoy_pct,rtms_fac_n_yoy_pct,684,-0.11060850311781927,0.0037748484164119305,-0.07332866500271612,0.05525484138467292,False,land_house,rtms_fac,0.10608532742687472
rtms_nrg_unit_3m,months_permit_idle,284,-0.08116426885103442,0.17256017207242982,-0.11379385269048872,0.05543429014895137,False,rtms_nrg,hub,0.10639165449621069
min_bid_mn,unsold_pct_completed,445,-0.0433909497855456,0.36114328100240356,-0.09079746509214817,0.05562751807230667,False,site_price,unsold,0.10672419775121052
bank_facility_loan_rate,rtms_land_n,798,-0.055738559911068256,0.11564758846248266,-0.06776062739536713,0.05570176298447371,False,rates,rtms_land,0.10682830942538772
nonbank_corp_loan_rate,rtms_nrg_n_yoy_pct,797,-0.09345262326070355,0.008292633013238161,-0.0677933541052621,0.0557372523530999,False,rates,rtms_nrg,0.10685804529653106
rtms_fac_med_unit,rtms_fac_n_yoy_pct,705,-0.1427522916554934,0.0001428946961748829,-0.07204099517735509,0.05588759524198492,True,rtms_fac,rtms_fac,0.10710787518239907
rtms_land_dae_med_unit,ap_useapr_day,99,0.12077819741415795,0.23372006968983378,0.19272466404685168,0.055980100893531275,False,rtms_land,hub,0.10724672141802642
cci_civil,kiscon_amt_priv,798,0.20357210132250048,6.531842618477075e-09,0.06767197309701478,0.05602352439955193,False,cci,kiscon,0.10729147025945708
land_chg_cum12_pct,minbid_vs_rtms_all_3m,498,-0.050324440582029784,0.2623201779043409,-0.08566066908210825,0.056093978721560134,False,land_house,valuation,0.10738793563343432
cci_resi,unsold_pct_completed,697,0.07387252269276146,0.05124120701748578,0.07228780066019921,0.05645285493247567,False,cci,unsold,0.10803629753899334
rtms_land_dae_n_3m,kiscon_cnt_all,798,0.07394822523601259,0.036749051450753904,0.06753544947461584,0.05652204291469529,False,rtms_land,kiscon,0.10813000481748683
cci_yoy_pct,hug_sago_sgg_flag,798,0.08426139812127921,0.017275313389327786,0.06751309184193141,0.05660403235427289,False,cci,hug,0.10824812625117923
round_no,bank_loan_rate_all,211,-0.07029980328710221,0.3094601028383049,-0.1312811365347873,0.05692468332761407,False,site_price,rates,0.10882241035135946
base_rate,hug_sago_sgg_flag,798,-0.05998468244466665,0.0903851127599516,-0.06741723499244333,0.05695667720734132,False,rates,hug,0.10884465797986208
rtms_land_dae_n_3m,exited,798,-0.06054219317621108,0.08742556050523315,-0.0674034231399762,0.05700763926589316,False,rtms_land,exit,0.10890312509993953
land_chg_pct,hug_sago_last_yr,335,-0.16979893204838345,0.0018153198525512938,-0.10406064806369617,0.057083353441087045,False,land_house,hug,0.10900119212753857
min_bid_mn,rtms_fac_n_yoy_pct,465,-0.06434693470870241,0.16597007896012778,-0.08829374808950502,0.05709974549265673,False,site_price,rtms_fac,0.10900119212753857
cci_yoy_pct,minbid_unit_land_mn_m2,498,-0.05266995588722215,0.24069997682127836,-0.0853040839054231,0.05712887707603397,False,cci,valuation,0.10901788212903414
rtms_apt_n,kiscon_amt_priv_yoy_pct,798,0.0325022643303025,0.359165679924278,0.06736343618456955,0.0571553940086655,False,rtms_apt,kiscon,0.10902957251670867
min_bid_mn,corp_bond_BBB3y,502,0.06360975495491578,0.15471069630992346,0.08486947393776595,0.05740425140273295,False,site_price,rates,0.10946523974693761
cd_91d,kiscon_amt_priv_yoy_pct,798,-0.07164529818354619,0.043039291203178474,-0.06720885722685162,0.057729567858030045,False,rates,kiscon,0.11004634557464764
base_rate_chg_12m,land_chg_cum12_pct,798,-0.0499382189553712,0.15872652364507672,-0.06719306902025021,0.0577884805842069,False,rates,land_house,0.11011938905336931
appraisal_mn,hug_sago_amt_mn,321,0.07495052303615868,0.18040951031622657,0.10595957275092333,0.057912767113246715,False,site_price,hug,0.1102879092555007
rentidx_office,rtms_land_dae_n,777,-0.06592714793193782,0.06624818018370013,-0.06806066109048912,0.05791816891517598,False,commercial,rtms_land,0.1102879092555007
rtms_fac_n_yoy_pct,kiscon_amt_pub,737,0.06548735597192179,0.07561369311261484,0.06987900719732981,0.057939461408890176,False,rtms_fac,kiscon,0.11028917769787676
rtms_land_dae_n_3m,kiscon_amt_priv,798,0.02234463315105275,0.5284980547490754,-0.06713477136815771,0.05800644698216006,False,rtms_land,kiscon,0.11037739217566186
rtms_nrg_med_unit,br_useapr_day,230,-0.13644382133085925,0.03867026618066582,-0.1250416710228699,0.05829716075743457,False,rtms_nrg,hub,0.11089111297403152
rtms_land_dae_unit_3m,ah_supply_sum,749,-0.08893329575569275,0.014905168580009587,0.06918776908152581,0.058407441472110966,False,rtms_land,applyhome,0.11106137608512708
cci_yoy_pct,unsold_pct_completed,697,0.07493669955384281,0.047972054921095846,0.0716955188413224,0.05851047263515395,False,cci,unsold,0.11121773806618136
ap_stcns_day,kiscon_cnt_pub,142,0.10474540999061085,0.21476501108018933,0.15912303526126123,0.058560290355147135,False,hub,kiscon,0.11127287580986912
appraisal_mn,rentidx_office,748,0.09005259873322743,0.013747663680305717,0.06917888784701505,0.05860887298774606,False,site_price,commercial,0.11132562837139545
cci_nonresi,rtms_land_unit_3m,798,-0.0041234042838966915,0.9074151709786167,-0.06691634311432261,0.05882919078692415,False,cci,rtms_land,0.11170443293241598
cci_nonresi,unsold_total,761,0.04366060512976002,0.22896654603725533,0.06851953562043674,0.058850402149576576,False,cci,unsold,0.11170504092786154
bank_facility_loan_rate,ap_pms_day,425,-0.030568014710807154,0.5296982711529701,-0.09170430350877103,0.05889897822917073,False,rates,hub,0.11171792713422343
cci_bldg,rtms_land_dae_unit_3m,798,-0.03827778088393023,0.2801396042387536,-0.06689844864226248,0.05889701953702766,False,cci,rtms_land,0.11171792713422343
discount_ratio,house_idx,499,-0.08532510543583655,0.05681737552059611,-0.08459527580120095,0.05897734317943644,False,site_price,land_house,0.11182689857462648
rtms_fac_med_unit,ap_useapr_day,89,0.046018734721239865,0.6684839497350179,0.20072694462669027,0.05927751234217643,False,rtms_fac,hub,0.11235620648479878
rtms_land_med_unit,br_useapr_day,230,-0.24482567739307048,0.00017685969063731803,-0.1244109344764456,0.05958789222314583,False,rtms_land,hub,0.11290448607978765
base_rate,rtms_land_med_unit,798,0.011917371452433182,0.7367677251116221,0.06661155375163118,0.059993367719597075,False,rates,rtms_land,0.11363249635022514
corp_bond_AA3y,kiscon_amt_all,798,0.15176219199128382,1.667181639484013e-05,0.0664798659108116,0.06050223038128958,False,rates,kiscon,0.11455574569715134
rtms_fac_unit_3m,stcns_after_exit,765,0.0018454968165817827,0.9593569997568667,0.0677726784029531,0.06098709696249878,False,rtms_fac,exit,0.11543292299415257
bank_facility_loan_rate,rtms_land_n_3m,798,-0.049126239549643874,0.16561755954100982,-0.0663327993834264,0.0610747337019404,False,rates,rtms_land,0.11553901068590454
bank_loan_rate_all,minbid_vs_rtms_dae_3m,498,-0.03216949126938659,0.4738228156145663,-0.08398802819996747,0.0610863630463909,False,rates,valuation,0.11553901068590454
ktb_3y,hug_sago_sgg_flag,798,0.08270423952665064,0.019457645739993187,0.066305982190486,0.061179609457135346,False,rates,hug,0.11567445960654268
cci_yoy_pct,rtms_nrg_med_unit,797,0.0019868020508841235,0.9553403695455539,0.06633100856643002,0.06124454906616517,False,cci,rtms_nrg,0.11575631101335637
corp_bond_BBB3y,kiscon_amt_all,798,0.14816603462748407,2.6435652593183164e-05,0.06625959925903,0.06136135363031751,False,rates,kiscon,0.11593609818420766
spread_AA_KTB,vac_midlarge,798,-0.0342745368986133,0.33355196068451554,-0.06614537597498138,0.06181082262590429,False,rates,commercial,0.11674407226446848
apt_idx_yoy_pct,kiscon_cnt_priv_yoy_pct,737,0.009670523690143016,0.7932494284759906,0.06878473891252931,0.061986570386104625,False,land_house,kiscon,0.11703467226500756
rtms_land_n_3m,kiscon_amt_all,798,0.18909665574764395,7.365188272661195e-08,0.06600442689220985,0.062369203047773616,False,rtms_land,kiscon,0.11771554136831822
stcns_after_exit,kiscon_cnt_all,798,0.08096879955727797,0.022169553737079035,0.06599545326867644,0.06240489329367492,False,exit,kiscon,0.11774134242811567
rtms_land_dae_med_unit,kfb_understated,424,-0.10118041793196066,0.03728504882903439,-0.09050937280204344,0.06259977987604816,False,rtms_land,exit,0.11806738024593633
bldg_area_m2,br_useapr_day,152,0.18312026936986597,0.02393623576186674,0.15111789998366654,0.0631102300717367,False,site_price,hub,0.1189881523954782
house_idx,minbid_vs_rtms_dae_3m,498,0.04321992828725338,0.3357893261491521,0.08333283133116229,0.06313945529776042,False,land_house,valuation,0.1190012927307455
stcns_after_exit,ah_under_ratio,745,-0.07477840445059213,0.041302194667483985,-0.0680672873118196,0.06332399911806107,False,exit,applyhome,0.11930705542081484
cci_total,rtms_apt_n,798,0.10041466266337808,0.00452075438793452,0.06566265106809147,0.06374048250107138,False,cci,rtms_apt,0.12004943992012282
cci_plant,minbid_unit_land_mn_m2,498,-0.05204118352840297,0.2463690560852423,-0.08311555930623775,0.06383271524921603,False,cci,valuation,0.12018081987237962
house_idx_yoy_pct,kiscon_cnt_priv_yoy_pct,737,-0.007562944855690663,0.8375945335998408,0.06825530628494235,0.06402689369655601,False,land_house,kiscon,0.12050397768232486
yield_office,stcns_after_exit,777,0.07660841062237289,0.03274970206233988,0.06643993834285478,0.06416111232824763,False,commercial,exit,0.12071409838815626
cci_plant,rtms_land_n,798,0.03350037356881923,0.34459233834228925,0.06554112162215506,0.06423403674202721,False,cci,rtms_land,0.12076631310113205
exited,kiscon_amt_priv,798,-0.13741945311625092,9.846159407909322e-05,-0.0655438424582909,0.06422295254475958,False,exit,kiscon,0.12076631310113205
rtms_land_n_3m,minbid_vs_rtms_all_3m,498,0.039622362974347125,0.37759633513972063,0.08293513410984603,0.0644131588720806,False,rtms_land,valuation,0.12106051335290509
rtms_land_dae_n_3m,rtms_apt_n_3m,798,0.07967224868318779,0.02440431803854966,0.06544782030555404,0.06461508441328676,False,rtms_land,rtms_apt,0.12139734938785814
appraisal_mn,vac_midlarge,768,-0.022291477635131462,0.5373468789614118,0.06668520036308116,0.06473544444054234,False,site_price,commercial,0.12158075919338951
cci_total,rtms_land_n_yoy_pct,798,-0.03910265313411618,0.2698981457778606,0.06528340905062266,0.06529107944083982,False,cci,rtms_land,0.12258125062154865
stcns_delay_days,ah_supply_sum,134,-0.01767494483627937,0.8393685348219647,0.15967048846833987,0.06535165780117706,False,hub,applyhome,0.12261383173224849
unsold_completed,stcns_after_exit,761,-0.03739796012119333,0.3028536003462745,-0.06683757816270686,0.06535429594855212,False,unsold,exit,0.12261383173224849
rtms_land_unit_3m,br_useapr_day,230,-0.23641114466663612,0.0002977747563632089,-0.1216853043809905,0.06543916197034332,False,rtms_land,hub,0.12272998914606303
cci_yoy_pct,unsold_total,761,0.03971495288693314,0.2738600207369963,0.06680102084023763,0.06550197538604499,False,cci,unsold,0.12280472033281295
minbid_vs_rtms_dae_3m,kiscon_cnt_priv_yoy_pct,498,-0.001681898366664901,0.9701351312061913,0.08257871702198481,0.06557254985705828,False,valuation,kiscon,0.12281191674697335
cd_91d,cci_nonresi,798,0.22970964411995148,5.1380146923579306e-11,-0.06521484112788396,0.06557471896626312,False,rates,cci,0.12281191674697335
cci_total,yield_office,777,0.08309842219850588,0.020524231969778668,0.06609812864388677,0.06554616757381834,False,cci,commercial,0.12281191674697335
bank_loan_rate_all,corp_bond_AA3y,798,-0.11274199818545615,0.0014226287395725306,0.06518843863709996,0.06568420610420544,True,rates,rates,0.1229738970725443
nonbank_corp_loan_rate,rtms_fac_n_yoy_pct,737,-0.004459925568044162,0.9037924174556893,0.06781221909408415,0.06577671231910383,False,rates,rtms_fac,0.12310398346876028
apt_idx,minbid_vs_rtms_dae_3m,498,0.042023649979981044,0.34934889363660016,0.08247333882621667,0.06591860207241736,False,land_house,valuation,0.12332636993744424
apt_idx,hug_sago_n,335,-0.07887457092789184,0.14972861314798078,-0.10052189781690377,0.06611650850664423,False,land_house,hug,0.12365336515740703
ktb_3y,kiscon_amt_priv,798,0.18945886877627724,6.947389384842679e-08,0.06503536763448826,0.06632193590150756,False,rates,kiscon,0.12399419275012619
land_chg_pct,rtms_fac_n_yoy_pct,737,-0.10880178253845008,0.0031015149597573635,-0.06766922136184647,0.06634975852794968,False,land_house,rtms_fac,0.12400285174727262
cd_91d,rtms_nrg_n_yoy_pct,797,-0.023991581776297517,0.49882152125848783,-0.06504088275908952,0.06646968921526614,False,rates,rtms_nrg,0.12418358778267925
rtms_land_dae_med_unit,ah_supply_sum,748,-0.08533807524519951,0.019579107114979667,0.06709536142060885,0.0666497394609245,False,rtms_land,applyhome,0.12447647813397253
cci_resi,kiscon_amt_all,798,0.1553881112664895,1.036232690360919e-05,0.0649289637318415,0.06676823223565076,False,cci,kiscon,0.12465423804609799
base_rate_chg_12m,kiscon_amt_indiv,798,0.007897710231622439,0.8237259364252432,-0.06487924515233474,0.06697761441041987,False,rates,kiscon,0.12495788703856074
discount_ratio,rtms_nrg_n_yoy_pct,499,0.011051658901692768,0.8054780760765681,0.08207405854993513,0.06696793207099373,False,site_price,rtms_nrg,0.12495788703856074
appraisal_mn,rtms_fac_med_unit,707,0.05586644406299893,0.13781161481060586,0.06886199701000781,0.06725938337886819,False,site_price,rtms_fac,0.12543980569473603
cci_civil,rtms_land_n_yoy_pct,798,-0.038729133633861136,0.2745034970232123,0.06476202986056565,0.06747338458530532,False,cci,rtms_land,0.1257950444133987
rtms_apt_med_unit,kfb_understated,425,-0.09836820809925283,0.042676934164174146,-0.08862783239680382,0.06795248026966108,False,rtms_apt,exit,0.12664409620142134
spread_BBB_KTB,stcns_delay_days,141,0.13472105501027049,0.1112154531601838,0.15415031158997383,0.06799133620531872,False,rates,hub,0.12667236051910774
rtms_fac_med_unit,kfb_understated,388,-0.0323339234655841,0.525418268129297,-0.09274102584439112,0.06802716000972324,False,rtms_fac,exit,0.12669495805363643
apt_idx,kiscon_cnt_all,798,-0.15001706979798854,2.0879104817957083e-05,-0.06461600485706612,0.06809521931640265,False,land_house,kiscon,0.12677755490418002
rtms_apt_n_3m,hug_sago_amt_mn,335,0.17170106341212918,0.001608524197999952,0.09973052273703893,0.06828930096781004,False,rtms_apt,hug,0.12705162040471782
discount_ratio,rentidx_midlarge,499,0.09868315220219584,0.027505438690196313,0.08168109498955202,0.06828994895140433,False,site_price,commercial,0.12705162040471782
rtms_nrg_n_yoy_pct,minbid_vs_rtms_dae_3m,498,-0.006319233735783827,0.8881334074232022,0.08175037838425325,0.06833339923412837,False,rtms_nrg,valuation,0.12708823850604675
corp_bond_BBB3y,minbid_vs_rtms_all_3m,498,-0.02537540532002063,0.5721123239144914,-0.08160458207343839,0.06882906116638436,False,rates,valuation,0.12796557373319095
rtms_fac_unit_3m,unsold_completed,730,-0.1355276457499896,0.00024024834422226295,-0.0672459769292512,0.06939669336869132,False,rtms_fac,unsold,0.128976058200345
corp_bond_AA3y,kiscon_amt_priv,798,0.19448105622484746,3.055508781355409e-08,0.06427263708338657,0.06957596793603554,False,rates,kiscon,0.12926431568936136
rentidx_midlarge,kiscon_cnt_priv,798,0.18976985916625488,6.60703753860905e-08,0.06424999669646395,0.06967452315730019,False,commercial,kiscon,0.12940245756237723
min_bid_mn,house_idx_yoy_pct,467,0.15192373887169766,0.0009897017916584258,0.08400330154064371,0.06972878653407798,False,site_price,land_house,0.12945827138809546
bank_loan_rate_all,n_rounds_m,201,0.031245507578381987,0.6597008033843309,0.12794656478042135,0.07028196915837005,False,rates,site_price,0.13036497641509143
base_rate,rtms_land_unit_3m,798,0.00223791496256363,0.9496712644842651,0.06411128624012,0.07028083993940307,False,rates,rtms_land,0.13036497641509143
spread_BBB_KTB,pms_after_exit,798,-0.060031949491521755,0.09013111351501454,-0.06410913009062354,0.07029029867303321,False,rates,exit,0.13036497641509143
bank_facility_loan_rate,unsold_pct_completed,697,-0.06215376256570943,0.10109947580236471,-0.06853059387129372,0.07058497671303836,False,rates,unsold,0.13086611320548408
rtms_nrg_n,months_permit_idle,284,-0.058689179872227826,0.3243611784319109,-0.10738828770627126,0.07076433185957019,False,rtms_nrg,hub,0.13115316549501624
spread_BBB_KTB,ah_supply_sum,749,0.10993729481036013,0.002587977047809145,0.06604264093922799,0.07085592333468353,False,rates,applyhome,0.13127741582486238
rtms_land_med_unit,months_permit_idle,284,-0.042102680676303655,0.4797459911810695,-0.10726471116412085,0.07109105721546427,False,rtms_land,hub,0.13166743433705833
cci_nonresi,rtms_land_n_3m,798,0.04330961423399288,0.22166817358888427,0.06391133930127071,0.07116242413410148,False,cci,rtms_land,0.13175397570811656
cci_bldg,rtms_land_med_unit,798,-0.0007903993476106493,0.9822143039413574,-0.06378447805716943,0.0717264437635844,False,cci,rtms_land,0.13275226542190577
rentidx_midlarge,stcns_after_exit,798,0.03860773697571397,0.27601173893863495,0.06376467303116687,0.07181482506309798,False,commercial,exit,0.13286985107694982
min_bid_mn,ap_pms_day,283,0.04755741714383417,0.42548025243236476,0.10714468659848683,0.07191450314903307,False,site_price,hub,0.13300824916564505
kfb_understated,kiscon_cnt_indiv,425,-0.07980751000658254,0.10037258833904189,-0.08730597534031782,0.07217820288556202,False,exit,kiscon,0.1334498101068811
minbid_vs_rtms_all_3m,hug_sago_sgg_flag,498,-0.07881738229496221,0.07888434766362595,-0.08055569512129938,0.07248238522345588,False,valuation,hug,0.1339658879328789
discount_ratio,base_rate,499,-0.055783751831481126,0.21351491857659277,-0.08034242925790863,0.07295493712607158,False,site_price,rates,0.13474613085081338
cd_91d,rtms_land_unit_3m,798,-0.0009849159026990469,0.9778382731352709,0.06351351767706764,0.07294336718760319,False,rates,rtms_land,0.13474613085081338
rtms_apt_n_yoy_pct,br_useapr_day,230,-0.047392188854082425,0.4744705501190037,-0.11841230898211262,0.0730788029699514,False,rtms_apt,hub,0.13492830092552835
n_rounds_m,ah_rate_med,195,-0.06778038518567846,0.3464489243259981,-0.12849409581266286,0.07341938849542098,False,site_price,applyhome,0.13551034528305694
bank_loan_rate_all,kiscon_cnt_pub,798,0.028970992328275255,0.41376434351191543,0.06338980585401173,0.07350455569224301,False,rates,kiscon,0.13561037868128709
ap_stcns_day,kiscon_amt_priv,142,0.031136580598255158,0.7129888604854768,0.15064997945302608,0.07352431041650481,False,hub,kiscon,0.13561037868128709
rtms_fac_n_3m,ap_stcns_day,142,0.18027846531323702,0.03180120670409617,0.15056172526921063,0.07369509044202338,False,rtms_fac,hub,0.13587849951499967
minbid_vs_rtms_dae_3m,kiscon_cnt_pub,498,0.02828295651816902,0.5288909329418217,-0.08017831275837732,0.0738349344149306,False,valuation,kiscon,0.13608941548315542
rtms_fac_n_yoy_pct,hug_sago_amt_mn,317,-0.05959094301029274,0.2901760407613288,-0.10048474030455044,0.07401240600787451,False,rtms_fac,hug,0.1363695158249845
cci_plant,hug_sago_sgg_flag,798,0.07896059367990242,0.0257118559634147,0.0632392747506284,0.07419215131217943,False,cci,hug,0.13665361111478588
land_area_m2,reactivated,492,-0.05562565088730313,0.21807911602909907,-0.08046905443754443,0.07454682288244403,False,site_price,exit,0.13725959433623564
apt_idx,vac_midlarge,798,0.17023964354423943,1.3188442905376513e-06,0.0631380994008953,0.0746572415171284,False,land_house,commercial,0.1374155836117334
rtms_land_n,minbid_vs_rtms_all_3m,498,0.040148595790137964,0.37128891589733526,0.07992995015277757,0.07473624608536802,False,rtms_land,valuation,0.1375136640806823
rtms_apt_unit_3m,kfb_understated,425,-0.09646850295197365,0.04686374548221108,-0.08634302441775173,0.07538965192209365,False,rtms_apt,exit,0.13866820393100612
min_bid_mn,stcns_delay_days,102,-0.10526816096971893,0.29234910591469876,-0.1767443440338727,0.07556020136916199,False,site_price,hub,0.13893411166468678
capret_office,kfb_understated,418,-0.08660550924394264,0.0769479686570631,-0.08698332673506479,0.07566353079404142,False,commercial,exit,0.1390284876823847
yield_office,kfb_understated,418,-0.08302155492690466,0.09003285941028194,-0.08698413803655711,0.07566079154849462,False,commercial,exit,0.1390284876823847
bank_facility_loan_rate,kfb_understated,425,0.07489967186588345,0.12314289224637955,0.0862350379746518,0.07575692491845085,False,rates,exit,0.13915227672241726
rtms_fac_n_3m,kiscon_amt_priv_yoy_pct,798,-0.011496022945030675,0.7457475704772351,0.06284517340082212,0.07601720356367486,False,rtms_fac,kiscon,0.1395824132743714
appr_vs_rtms_dae_3m,kfb_understated,414,0.08497425511525566,0.08419151400066464,-0.08725508480713136,0.0761634341303296,False,valuation,exit,0.13977025894205095
discount_ratio,exited,499,0.08694572115951896,0.05225506864290014,0.07945948057200912,0.07617178503032289,False,site_price,exit,0.13977025894205095
corp_bond_AA3y,kiscon_amt_indiv,798,0.026335108887063467,0.4575419932054647,-0.06278277253884117,0.0763095015829429,False,rates,kiscon,0.1399749245159505
cd_91d,rtms_land_med_unit,798,0.00179452580441787,0.9596331502493917,0.06277517433906604,0.07634515545953614,False,rates,rtms_land,0.1399922998086899
rtms_land_n_yoy_pct,br_useapr_day,230,-0.033258585980046725,0.6158207753937887,-0.11704637471606966,0.07647448365318377,False,rtms_land,hub,0.14018137267520522
minbid_unit_land_mn_m2,reactivated,309,0.09018098711488678,0.1136410313984636,0.10090823519746743,0.07653754780300842,False,valuation,exit,0.1402488924272399
rtms_apt_unit_3m,kiscon_cnt_pub,798,0.10989004592286945,0.0018783242174367477,0.06271945729199666,0.07660701722823603,False,rtms_apt,kiscon,0.14028691321619635
cci_total,capret_midlarge,798,0.0510032519095301,0.15001913432873756,0.06271865995557722,0.07661076988802942,False,cci,commercial,0.14028691321619635
unsold_pct_completed,kiscon_cnt_priv_yoy_pct,697,-0.07423282025703043,0.05011413260337322,-0.0670889520667402,0.07672470819812056,False,unsold,kiscon,0.14044745454822002
ap_stcns_day,exited,142,0.22108863745928858,0.008191027300624147,0.14897737571671427,0.07681590326919735,False,hub,exit,0.14056626789199117
corp_bond_BBB3y,hug_sago_sgg_flag,798,0.08202146496407786,0.02048798815816833,0.06262384878313898,0.07705806582281378,False,rates,hug,0.1409611624887394
appr_vs_rtms_all_3m,stcns_after_exit,765,-0.012621656073953765,0.7274340853383007,-0.06394785025718944,0.07712321753861076,False,valuation,exit,0.14103209445244588
rtms_apt_unit_3m,rtms_nrg_n_yoy_pct,797,-0.07373436613393905,0.037417874905877765,-0.06262444304457503,0.07724126443999216,False,rtms_apt,rtms_nrg,0.14119967212329504
house_idx,vac_midlarge,798,0.17994902145557862,3.100702825184763e-07,0.06257192610654795,0.0773039231481012,False,land_house,commercial,0.14126591834343716
cci_civil,br_useapr_day,230,-0.03632380793313476,0.5836525466446003,-0.11670324652450516,0.07734728128314917,False,cci,hub,0.14129686129859878
corp_bond_BBB3y,kiscon_amt_indiv,798,0.022600961566863628,0.5237778561742343,-0.06248613055023963,0.07771156841426019,False,rates,kiscon,0.14191385119912886
rentidx_office,hug_sago_amt_mn,335,0.19049674675437417,0.0004552587202014386,0.0965069133955762,0.07775158938480235,False,commercial,hug,0.14193845969291163
appr_vs_rtms_all_3m,kiscon_cnt_priv,765,-0.012892695861055552,0.7218210670330938,-0.06374322816002323,0.0780761020072572,False,valuation,kiscon,0.14248222437979666
round_no,months_permit_idle,73,-0.0896342063757869,0.45076714032326903,-0.20752149019194002,0.07812091152376793,False,site_price,hub,0.14251535787021055
capret_office,hug_sago_amt_mn,335,0.19423953117558002,0.000348897191457811,0.09637595261754918,0.07815741237562839,False,commercial,hug,0.142533316498119
ktb_3y,unsold_pct_completed,697,0.07125163619154362,0.06009296659090037,0.06670153487111719,0.07844673634129626,False,rates,unsold,0.14299792517294482
cci_total,rtms_land_n,798,0.03448357628204356,0.33061033639701964,0.06232837827667653,0.0784656653183879,False,cci,rtms_land,0.14299792517294482
rtms_land_dae_unit_3m,months_permit_idle,284,-0.08912744167711695,0.13403937282082742,-0.1045096156584506,0.07870028429900261,False,rtms_land,hub,0.14337663378084053
appraisal_mn,exited,768,-0.11122674057471471,0.002022090915108913,-0.06347270002328147,0.07876200885983536,False,site_price,exit,0.143440211639489
rtms_fac_n_3m,ap_pms_day,425,0.12567083684594052,0.009502398205502373,0.08532037483953704,0.07892647390487373,False,rtms_fac,hub,0.14369079195415724
house_idx_yoy_pct,ap_useapr_day,98,0.09941490412170796,0.3300836461075382,0.1783150351444969,0.07897106271239598,False,land_house,hub,0.14372303346602494
minbid_vs_rtms_all_3m,kiscon_cnt_all,498,0.009691228857011057,0.8291980427313438,-0.07869587931510462,0.07934845554342593,False,valuation,kiscon,0.14431162986078178
kfb_understated,kiscon_cnt_all,425,-0.08178082933042535,0.09221819780043183,-0.08520216037169367,0.0793438506667645,False,exit,kiscon,0.14431162986078178
cci_civil,rtms_fac_unit_3m,765,-0.038249956566504394,0.29069498628756885,-0.06344550300835848,0.0794796125691672,False,cci,rtms_fac,0.14445189952662715
ktb_3y,kiscon_cnt_pub,798,-0.006428981104886905,0.8561095065501519,-0.06211952130770708,0.07947318911569683,False,rates,kiscon,0.14445189952662715
yield_midlarge,stcns_after_exit,798,0.0629149180589745,0.07569158535073975,0.06206426745843636,0.07974148196945541,False,commercial,exit,0.14487859466214
cci_bldg,rtms_land_unit_3m,798,-0.004156939254105808,0.906665617347875,-0.06204082694749033,0.07985552244619484,False,cci,rtms_land,0.1450365076493899
rentidx_midlarge,ap_pms_day,425,0.05241378822697337,0.28099058581803443,0.08502819087515205,0.0799613309673962,False,commercial,hub,0.14517936729462394
round_no,unsold_total,207,-0.0015130309895542999,0.9827375849904467,0.12188191512432633,0.0802072403508769,False,site_price,unsold,0.14547765066354776
bank_facility_loan_rate,kiscon_amt_priv,798,-0.11041156078636125,0.0017861048086171233,-0.061969402088320316,0.08020382764180196,False,rates,kiscon,0.14547765066354776
cci_yoy_pct,rtms_nrg_n_yoy_pct,797,0.016982170984352802,0.6321457175290378,0.06201682120288989,0.08016230233338546,False,cci,rtms_nrg,0.14547765066354776
rtms_apt_med_unit,rtms_nrg_n_yoy_pct,797,-0.07342498056080493,0.03822638538645945,-0.061989611042283906,0.08029517802868472,False,rtms_apt,rtms_nrg,0.14558776429955142
unsold_pct_completed,kiscon_cnt_priv,697,0.08806047744702182,0.020060785460913264,0.06623920809461986,0.08054266711257868,False,unsold,kiscon,0.14598699696642653
br_useapr_day,n_rounds_m,66,0.23468366346232758,0.05786312045808177,0.21665126555806935,0.0805902171633445,False,hub,site_price,0.1460236838944097
hug_sago_n,kiscon_amt_priv_yoy_pct,335,0.05380638326164005,0.32617428629450296,0.09551615624364501,0.08086457318349613,False,hug,kiscon,0.14647116287674586
ap_stcns_day,kiscon_amt_pub,142,0.08690686930117235,0.3037576385842472,0.146884018124565,0.0811018373090337,False,hub,kiscon,0.1468014638088704
bldg_area_m2,rtms_fac_n_yoy_pct,262,0.040882479307075344,0.5099907205980453,0.10797285834088735,0.08108238596813355,False,site_price,rtms_fac,0.1468014638088704
corp_bond_BBB3y,reactivated,499,-0.07445223247871513,0.0966587923063019,-0.07815340741965562,0.08114078557166679,False,rates,exit,0.14682226072815646
cci_yoy_pct,ap_stcns_day,142,-0.13162879542799116,0.1184113883370082,-0.14683818877897506,0.08119777324443468,False,cci,hub,0.1468756744039216
yield_midlarge,ap_pms_day,425,0.06765218442372346,0.16386992333240588,0.08465731733656288,0.08129068613224674,False,commercial,hub,0.14697614043186205
rtms_fac_med_unit,ah_supply_sum,694,-0.05182975601331535,0.17261405696185642,0.0662143787188611,0.08131396998763053,False,rtms_fac,applyhome,0.14697614043186205
cci_civil,rtms_apt_n_3m,798,0.12499360703811957,0.0004012122444365237,0.061739003474013,0.08133577698482884,False,cci,rtms_apt,0.14697614043186205
cd_91d,vac_midlarge,798,-0.04779976562488604,0.17735463997301149,-0.06173325874709812,0.08136416536203771,False,rates,commercial,0.1469777676320323
cci_total,br_useapr_day,230,-0.032693960470202676,0.6218296840842759,-0.115021052160597,0.08174352081492432,False,cci,hub,0.14761317318385694
appr_vs_rtms_all_3m,hug_sago_sgg_flag,765,-0.047451428205759004,0.18984624700417074,-0.06290687014520645,0.08207077295192083,False,valuation,hug,0.14815409283386924
min_bid_mn,corp_bond_AA3y,502,0.05798700486927364,0.19460631223491975,0.0775615712620283,0.08254995238101208,False,site_price,rates,0.1489688138310063
exited,stcns_after_exit,798,0.061372295415826034,0.08316407391381496,0.061372295415826054,0.08316407391381478,True,exit,exit,0.15002641808946277
nonbank_corp_loan_rate,kiscon_cnt_all,798,0.019516978425988023,0.5819619079724576,0.06135173362844527,0.0832675648897154,False,rates,kiscon,0.15016245175895723
exited,kiscon_cnt_indiv,798,-6.34024146576595e-05,0.9985731912517439,0.061334226521043686,0.08335576319259927,False,exit,kiscon,0.15027082460918015
rtms_land_dae_med_unit,br_useapr_day,229,-0.1411835563266953,0.03271924886792999,-0.11458275562809343,0.08360062453293343,False,rtms_land,hub,0.1506614558064021
min_bid_mn,kiscon_cnt_priv,502,0.09578464702991638,0.031898939409726886,0.07718382844481492,0.08406031534297533,False,site_price,kiscon,0.151387843091576
rtms_land_dae_n,ap_stcns_day,142,-0.04301328849282272,0.6112657944466087,-0.14549472862055848,0.08405079421296394,False,rtms_land,hub,0.151387843091576
bank_corp_loan_rate,kiscon_cnt_pub,798,0.03047421796434324,0.38994716866745455,0.061113088892492215,0.08447633819913379,False,rates,kiscon,0.1520858519699557
cd_91d,rtms_nrg_n,798,-0.0732768183454992,0.03849666160268857,-0.06110451567070504,0.08452002523404373,False,rates,rtms_nrg,0.1521132867473685
yield_midlarge,rtms_nrg_n_yoy_pct,797,-0.06728368880916616,0.05760799147286488,-0.06111552217730147,0.08465950095250774,False,commercial,rtms_nrg,0.15231303889403058
capret_midlarge,ap_pms_day,425,0.07132670944265646,0.14211038023117617,0.08368779612865095,0.08485039546979674,False,commercial,hub,0.15260513440195195
base_rate_chg_12m,rentidx_office,777,0.000389811057773283,0.9913444141064788,-0.061778819887785406,0.08526190990938304,False,rates,commercial,0.15329368940331914
round_no,bank_facility_loan_rate,211,-0.07283124724690475,0.2923182618213448,-0.11872754980454839,0.08534832599591173,False,site_price,rates,0.1533974786891227
cci_total,rtms_land_dae_unit_3m,798,-0.03913568056202089,0.26949349093939723,-0.06093052559564179,0.08541058505242084,False,cci,rtms_land,0.1534577951193865
cci_nonresi,rtms_land_n_yoy_pct,798,-0.038889722114227074,0.2725169793251042,0.060918985325957936,0.08546992010902268,False,cci,rtms_land,0.153512819221681
spread_AA_KTB,rtms_fac_n_yoy_pct,737,0.07746648352911972,0.035498039958189245,0.06335465515861306,0.0856610966548124,False,rates,rtms_fac,0.15380452780835524
cci_resi,rtms_land_dae_unit_3m,798,-0.03772237381559204,0.2871820607236573,-0.06082153960405495,0.08597227081396329,False,cci,rtms_land,0.15431142398196096
cci_total,unsold_pct_completed,697,0.0734603816970392,0.05255634360670316,0.06506219812316365,0.08608388549902705,False,cci,unsold,0.15445991132996567
nonbank_corp_loan_rate,unsold_pct_completed,697,-0.06084482425424044,0.10850404857035963,-0.06504661837941474,0.08615924351842265,False,rates,unsold,0.15454326571385638
vac_midlarge,ap_pms_day,425,-0.07442310936532635,0.1255525266480587,-0.0833214325057402,0.08622782219402639,False,commercial,hub,0.15461440820639138
cci_resi,rtms_apt_n_yoy_pct,798,-0.03577726417457052,0.3127794661771304,0.060745482828209595,0.08636600978612308,False,cci,rtms_apt,0.15471176778486434
stcns_after_exit,hug_sago_n,335,0.09453537933857936,0.08404466318606217,0.09383730426177431,0.08636892216903311,False,exit,hug,0.15471176778486434
ktb_3y,kiscon_amt_all,798,0.14329750287723997,4.852192584949844e-05,0.06074723127228908,0.0863569419539263,False,rates,kiscon,0.15471176778486434
minbid_unit_land_mn_m2,kiscon_amt_indiv,498,0.03086584366181449,0.49193632768815543,0.07678894411660754,0.08692662258539756,False,valuation,kiscon,0.15565862389957158
cci_civil,rtms_apt_n,798,0.10081209155322741,0.004363255827980901,0.06062207395664881,0.08700797803613321,False,cci,rtms_apt,0.15575214548349656
ap_pms_day,ah_supply_sum,408,0.07323378704037427,0.1397574049519017,0.084589168637475,0.08792714286200337,False,hub,applyhome,0.15734485705593443
minbid_unit_land_mn_m2,kiscon_cnt_pub,498,-0.025603055624699188,0.5686687185082614,-0.0765343181830225,0.08798119207831599,False,valuation,kiscon,0.15738890399556896
apt_idx,minbid_vs_rtms_all_3m,498,0.031177468378987137,0.48757305375325627,0.07640330660739236,0.08852778929615053,False,land_house,valuation,0.15831374226304915
rtms_land_n_3m,kiscon_amt_indiv,798,0.16541968613621894,2.627208186747035e-06,0.06031641909337173,0.08861454338783267,False,rtms_land,kiscon,0.15841590220486168
minbid_vs_rtms_all_3m,exited,498,0.014616200936351437,0.7448998454830165,0.0762876579061964,0.08901255512934782,False,valuation,exit,0.15907424207106374
months_permit_idle,stcns_after_exit,284,-0.06061974164573042,0.30867176573391364,-0.10092520204035287,0.08957237596900745,False,hub,exit,0.15993180945903793
cci_resi,rtms_nrg_unit_3m,798,0.03615269003414398,0.30772558634935104,0.0601365848011604,0.08957087348285896,False,cci,rtms_nrg,0.15993180945903793
base_rate,rtms_fac_med_unit,733,-0.014689206737747675,0.6913395320561554,0.06274779939174109,0.08958215248360177,False,rates,rtms_fac,0.15993180945903793
ap_stcns_day,kiscon_amt_all,142,0.053509992552541824,0.5270846601754059,0.14288333911731282,0.08982578616642693,False,hub,kiscon,0.16031324386912044
appr_vs_rtms_dae_3m,kiscon_amt_priv,765,-0.018728601415131496,0.605012483427573,-0.06136028537197786,0.08989255852788006,False,valuation,kiscon,0.16037888236522344
bank_corp_loan_rate,stcns_after_exit,798,0.07076114807088024,0.04568456673660445,0.06006287022392464,0.08996526501504791,False,rates,exit,0.16039486784947357
rtms_fac_unit_3m,exited,765,0.010183696330840562,0.7785463989206786,0.061343382315390674,0.08998124276466185,False,rtms_fac,exit,0.16039486784947357
cci_nonresi,kiscon_cnt_priv,798,0.0018675760755233195,0.9579914121105402,-0.06005266064222316,0.09001999867415193,False,cci,kiscon,0.16039486784947357
capret_office,ap_stcns_day,136,0.0731380519079186,0.39744665433753207,0.145937119409703,0.09002150709112963,False,commercial,hub,0.16039486784947357
round_no,rtms_nrg_n,211,0.08208819401033376,0.2351008315800486,0.11696355264971287,0.09012801400928094,False,site_price,rtms_nrg,0.1605311428739591
house_idx,kiscon_cnt_all,798,-0.15191606609438385,1.6342323555195322e-05,-0.059969370395780826,0.09046751838212072,False,land_house,kiscon,0.16108219140499483
cci_nonresi,appr_unit_land_mn_m2,765,-0.00880665159566848,0.8078610347955139,-0.06120036653496714,0.0907344110666019,False,cci,valuation,0.16150362715483368
bank_corp_loan_rate,minbid_vs_rtms_all_3m,498,-0.058577704540948454,0.19187552756619064,-0.07585083141676938,0.09086287131442718,False,rates,valuation,0.1616784602057378
round_no,bank_corp_loan_rate,211,-0.06670566900138811,0.33490840885840006,-0.11661165582669264,0.09110662270726573,False,site_price,rates,0.16205825403052224
discount_ratio,hug_sago_amt_mn,212,0.06766528460333637,0.3268291104347243,0.11632057652837699,0.09114676471224192,False,site_price,hug,0.16207574024488114
ktb_3y,kiscon_amt_indiv,798,0.01971023710431946,0.5782288979713619,-0.059830502066914024,0.09121763077901937,False,rates,kiscon,0.162147829712572
bldg_area_m2,kfb_understated,184,-0.1114967835090746,0.1318590205467024,-0.12486431959906953,0.09125482719985743,False,site_price,exit,0.16216004022520364
cci_nonresi,kiscon_cnt_indiv,798,0.02354406242144587,0.5065986531931864,-0.05979980017960527,0.09138414220149793,False,cci,kiscon,0.16233588317322573
corp_bond_BBB3y,unsold_pct_completed,697,0.06911757264793181,0.06820312978772389,0.06396137703224758,0.09154069824538705,False,rates,unsold,0.16255998456263185
rtms_land_dae_n,kiscon_cnt_all,798,0.055503101789984334,0.11719623477608296,0.05974611287431446,0.09167590084939904,False,rtms_land,kiscon,0.16274602982793385
discount_ratio,unsold_total,485,-0.04647400189117772,0.30706747591304157,-0.07663850179535855,0.09181255650762471,False,site_price,unsold,0.1629345302510021
nonbank_corp_loan_rate,kiscon_cnt_indiv,798,0.0036535053200720397,0.9179264267057385,0.059659123003933244,0.09215022480444701,False,rates,kiscon,0.16347951294936236
cci_bldg,br_useapr_day,230,-0.02989024572605043,0.6520335236837341,-0.11122017769867852,0.09241920030400887,False,cci,hub,0.16390230979288073
nonbank_corp_loan_rate,kiscon_amt_indiv,798,0.022937503467940466,0.5176134851545867,0.05959311493111797,0.09251145401295044,False,rates,kiscon,0.1640115200952407
cci_plant,rentidx_office,777,0.008173715293663682,0.8200528415231013,-0.060385134427810606,0.09256031858838892,False,cci,commercial,0.16404375985817554
yield_office,hug_sago_amt_mn,335,0.21343322187526778,8.239324605652691e-05,0.09199219977576192,0.09276166661290511,False,commercial,hug,0.1643461336577878
corp_bond_AA3y,hug_sago_sgg_flag,798,0.08025870349059158,0.02337043402040226,0.05943241382641796,0.0933956366342688,False,rates,hug,0.16541453099815676
appr_vs_rtms_dae_3m,kiscon_cnt_priv_yoy_pct,765,-0.004642259181224409,0.8979991865817136,0.06064194634547642,0.09372381682222623,False,valuation,kiscon,0.16594081077763037
cci_bldg,appr_unit_land_mn_m2,765,-0.009135420187928567,0.8008359873298772,-0.060600801897370146,0.09394715889640413,False,cci,valuation,0.1662811845809576
cci_bldg,rtms_land_n_yoy_pct,798,-0.039332927478948454,0.26708545749636803,0.059316670537505195,0.09403664237847947,False,cci,rtms_land,0.16632944981731054
bank_corp_loan_rate,stcns_delay_days,141,0.09511117967948994,0.26191571529446345,0.14156692106966917,0.09403343763932491,False,rates,hub,0.16632944981731054
unsold_total,excess_pp_med,198,-0.07711559157450554,0.2802085367354749,-0.11929157757548832,0.09414319186356795,False,unsold,excess,0.16646284619527046
land_area_m2,hug_sago_sgg_flag,786,0.02709815769710572,0.4480644545931359,-0.05970915909959735,0.09436350269251176,False,site_price,hug,0.1667972393047472
rtms_nrg_n_3m,months_permit_idle,284,-0.0401868635436596,0.49997649313810905,-0.09940131712627384,0.09454486250496914,False,rtms_nrg,hub,0.1670625842082188
cci_nonresi,hug_sago_sgg_flag,798,0.08044514084293404,0.02304980632805982,0.05917536031973016,0.09482401033766702,False,cci,hug,0.1675004900150332
house_idx,hug_sago_n,335,-0.07183530614681842,0.18966101354573708,-0.09135499255384517,0.09505528687660765,False,land_house,hug,0.16785357296209416
base_rate,rtms_fac_unit_3m,765,-0.022943388973391553,0.5263232897237696,0.06037924676927225,0.09515714597053972,False,rates,rtms_fac,0.16797796616192667
discount_ratio,land_chg_cum12_pct,499,0.09766574186056204,0.02915138070047528,0.07476045074491745,0.0952822187514963,False,site_price,land_house,0.16814324213341605
base_rate,yield_office,777,0.09604563391996487,0.007381353764749561,0.05987176571139327,0.09537169985534136,False,rates,commercial,0.16824562161877607
land_chg_cum12_pct,months_permit_idle,284,-0.05915200351868364,0.32055360642730624,-0.09912274578334807,0.09547720266825334,False,land_house,hub,0.16837618821475944
cci_nonresi,kiscon_amt_pub,798,0.022355712109119324,0.5282935934393987,-0.059025156952064596,0.09566670156533463,False,cci,kiscon,0.1686547488525698
rtms_fac_unit_3m,ap_pms_day,405,0.006910582752562613,0.8897309956805626,0.08287745522183494,0.09579551138889453,False,rtms_fac,hub,0.16882616987357252
rtms_land_dae_unit_3m,stcns_after_exit,798,0.029114354684295275,0.41145650258718575,0.05897362279068818,0.0959572005352368,False,rtms_land,exit,0.16905540404016842
round_no,base_rate,211,-0.05373977400599539,0.437430509637033,-0.11489977440084921,0.09598887524754504,False,site_price,rates,0.16905550591193128
apt_idx_yoy_pct,n_rounds_m,189,-0.06689245304088576,0.3604314389382916,-0.12132237356117231,0.09631430311949751,False,land_house,site_price,0.16957279512016898
minbid_vs_rtms_dae_3m,exited,498,-0.03588604036806611,0.42424707585474836,0.07455684774797085,0.09652544064235957,False,valuation,exit,0.16988858825368552
rtms_land_dae_med_unit,kiscon_cnt_priv_yoy_pct,797,0.027028461951015506,0.4460676433806784,-0.05890253514325955,0.09656860958482723,False,rtms_land,kiscon,0.16990863950314947
rtms_land_n,unsold_pct_completed,697,-0.02868275633278213,0.4496234849793603,-0.06293471881308632,0.09687663316546216,False,rtms_land,unsold,0.1703945255051731
house_idx,minbid_vs_rtms_all_3m,498,0.030079205816153812,0.5030428644446868,0.07446405599624502,0.0969420851971356,False,land_house,valuation,0.17045357762219138
stcns_delay_days,kiscon_amt_priv,141,-0.00422090312943315,0.9603817666680599,0.13993224839334026,0.09793149877566408,False,hub,kiscon,0.17213666139167516
cci_resi,br_useapr_day,230,-0.028407494228159948,0.6682433184209418,-0.1093158408414874,0.09817142863870572,False,cci,hub,0.17250168548510006
base_rate,kiscon_cnt_all,798,0.017148419648281045,0.6285987255088805,0.05854569725869795,0.09839673179411183,False,rates,kiscon,0.17284077690641128
vac_midlarge,n_rounds_m,201,0.03890908143215089,0.5834181254323858,0.11674490149599993,0.09884674994359204,False,commercial,site_price,0.17357424366121071
ktb_3y,minbid_vs_rtms_all_3m,498,-0.02029532941383174,0.651400661511593,-0.0739665162338475,0.09920060066943677,False,rates,valuation,0.17413841489805593
bank_facility_loan_rate,rtms_land_dae_n,798,-0.04926035280210977,0.16446414410921775,-0.0583876575284394,0.09931009294243545,False,rates,rtms_land,0.17427340563281996
cci_yoy_pct,kiscon_cnt_priv,798,0.006077358621855038,0.8639005062702501,-0.05837958223804194,0.09935694329417977,False,cci,kiscon,0.17429841725524253
cci_civil,kiscon_amt_all,798,0.15044290767046667,1.9768071556413868e-05,0.058364554846021634,0.09944417445569521,False,cci,kiscon,0.174394227882782
cci_total,vac_office,777,0.041757057685761184,0.24499204826818088,0.05912695063513877,0.09957144838010543,False,cci,commercial,0.17456017524210615
br_useapr_day,hug_sago_n,116,-0.19565566013661137,0.035304960150343484,-0.15363824320325412,0.0996390572414403,False,hub,hug,0.17462144840051827
br_useapr_day,ah_rate_med,218,0.018601308369978673,0.7847842732028487,-0.11169102789817001,0.10001772181855256,False,hub,applyhome,0.17522764042064237
rtms_nrg_n,kiscon_cnt_priv,798,0.1373377422225635,9.941543965261414e-05,0.058225988332718255,0.10025140363727829,False,rtms_nrg,kiscon,0.17544152041122452
bank_corp_loan_rate,rtms_fac_med_unit,733,-0.02722828429590642,0.46169650642621063,0.060753175410764304,0.10027104663862019,False,rates,rtms_fac,0.17544152041122452
rtms_fac_n_3m,rtms_nrg_n_yoy_pct,797,-0.05699176424140236,0.10789501600464939,-0.058265551121132596,0.10023392138257768,False,rtms_fac,rtms_nrg,0.17544152041122452
cci_civil,unsold_pct_completed,697,0.0721806100893601,0.05682072134337746,0.062310618087664464,0.10023977456009216,False,cci,unsold,0.17544152041122452
land_area_m2,round_no,209,-0.04128751707910295,0.5528063571528423,0.11392655314537085,0.1004882252219558,True,site_price,site_price,0.17576399746869403
rentidx_midlarge,ap_stcns_day,142,0.09572574734161174,0.25711929661736965,0.13832953959401526,0.10064811220940244,False,commercial,hub,0.17598608763364124
cci_total,rtms_nrg_unit_3m,798,0.03611491091787188,0.3082317035675654,0.05808970439289421,0.10105041300438616,False,cci,rtms_nrg,0.1765740386713898
stcns_after_exit,n_rounds_m,201,-0.02072963539377026,0.7702164737115573,-0.11600206868923098,0.10102658320511847,False,exit,site_price,0.1765740386713898
ah_rate_med,kiscon_amt_priv_yoy_pct,730,0.010324825383241101,0.7806356318515411,-0.06071198689308495,0.10120312015119853,False,applyhome,kiscon,0.17678310468750688
rtms_apt_n_yoy_pct,ap_pms_day,425,0.05527512132060945,0.2555219058988671,0.07959247661532472,0.10129474847255156,False,rtms_apt,hub,0.1768853755985412
appr_vs_rtms_dae_3m,ah_supply_sum,720,-0.0008271182419383842,0.9823240317838495,-0.06105668825324147,0.10162968107172447,False,valuation,applyhome,0.1773544075360675
rtms_fac_n_3m,kfb_understated,425,-0.10618441487039099,0.02861195812788776,-0.0795182752058216,0.10161451351520275,False,rtms_fac,exit,0.1773544075360675
bank_facility_loan_rate,appr_unit_land_mn_m2,765,-0.016731079989401865,0.6440566253737693,0.05920445374485104,0.101782659513241,False,rates,valuation,0.17756341938574213
land_area_m2,rtms_fac_n_yoy_pct,727,-0.010421939688388133,0.779070771043838,0.06072366098405031,0.10184360259180585,False,site_price,rtms_fac,0.17757794243973468
unsold_pct_completed,hug_sago_last_yr,315,0.08899625374205444,0.11493899116808266,0.09234343284088137,0.10185740592157588,False,unsold,hug,0.17757794243973468
cci_nonresi,rentidx_office,777,0.019777861542109858,0.5819979913078325,-0.058518850175250846,0.10310838772395707,False,cci,commercial,0.17970030937418463
minbid_unit_land_mn_m2,kiscon_amt_pub,498,-0.05750683912721109,0.2001398765982143,-0.07309284707890955,0.10326761309468088,False,valuation,kiscon,0.1799191682037337
cci_bldg,rtms_land_dae_n_3m,798,0.015929936239785128,0.6531963697985704,0.05768030024956469,0.10348116337832486,False,cci,rtms_land,0.1802325018188609
cci_civil,hug_sago_sgg_flag,798,0.08014188804919199,0.023573291755029216,0.05763712960817207,0.10374016097056914,False,cci,hug,0.1806247608953543
cci_nonresi,rtms_fac_med_unit,733,-0.03879973196005357,0.29414813826078146,-0.06010634407624471,0.10394740834788106,False,cci,rtms_fac,0.18092669024613284
round_no,minbid_vs_rtms_dae_3m,209,0.006309213269225823,0.9277586940219645,-0.11277433890958727,0.10399809182877909,False,site_price,valuation,0.18095600293149422
cci_resi,stcns_after_exit,798,-0.05967756597409919,0.0920494980216772,-0.057450144648462854,0.10486789849801394,False,cci,exit,0.18241010190919993
hug_sago_last_yr,ah_rate_med,320,-0.013933322680608897,0.8039150398822176,-0.09079701353262541,0.10497033464306739,False,hug,applyhome,0.18252890384926224
appr_vs_rtms_dae_3m,kiscon_cnt_indiv,765,-0.01641484421038976,0.6503325237161818,-0.05862954790466255,0.10515593438813044,False,valuation,kiscon,0.182792191538795
cci_plant,yield_midlarge,798,0.08594398999754044,0.015160941712583262,0.057393284738664174,0.10521274950939755,False,cci,commercial,0.18283151499081857
rtms_land_dae_n_3m,ap_stcns_day,142,-0.015003279512455652,0.8593399380565437,-0.1365057111453324,0.10526068317078616,False,rtms_land,hub,0.1828553843126035
unsold_completed,appr_vs_rtms_all_3m,734,0.08156484247165637,0.027125524734370385,0.05982183385362217,0.10535964298624755,False,unsold,valuation,0.18290844514528107
appr_unit_land_mn_m2,kiscon_cnt_indiv,765,0.033940176564307235,0.34851481424771535,0.058595876551234306,0.10535621475349276,False,valuation,kiscon,0.18290844514528107
appraisal_mn,apt_idx_yoy_pct,711,0.08741145450953755,0.019745325608529464,0.06073299941335506,0.1056486825453108,False,site_price,land_house,0.18335069963316353
land_chg_cum12_pct,minbid_vs_rtms_dae_3m,498,-0.05739916085599685,0.20098500004363962,-0.07257915051577934,0.10571993518802092,False,land_house,valuation,0.18341482590861385
spread_BBB_KTB,kiscon_cnt_priv,798,0.005652025080010864,0.873342355359617,-0.05723409510084726,0.10618300175667014,False,rates,kiscon,0.18415845293315447
yield_midlarge,stcns_delay_days,141,0.007596464495087739,0.9287629495710832,0.13647246615861583,0.10660235526131383,False,commercial,hub,0.1848240861919132
ap_stcns_day,ah_supply_sum,135,0.06930226933203872,0.4244685574499687,0.13948528234115007,0.10663592779166864,False,hub,applyhome,0.1848240861919132
corp_bond_BBB3y,kiscon_cnt_pub,798,-0.0030351296267973615,0.9317805415308913,-0.057089330453462046,0.10707146966654575,False,rates,kiscon,0.18551884261407003
cci_plant,rtms_land_dae_unit_3m,798,-0.04327016604732923,0.22208974976776963,-0.05703716923160224,0.10739303709231211,False,cci,rtms_land,0.18601573350586098
rtms_fac_med_unit,excess_pp_med,190,-0.01646045982770225,0.8216604837940552,-0.11712748457069201,0.10753296710121343,False,rtms_fac,excess,0.18619778986081226
rtms_fac_n_3m,rtms_fac_unit_3m,765,-0.07644661759910482,0.03451136110303536,0.058125635055290635,0.10818493871803585,True,rtms_fac,rtms_fac,0.18725930103864802
capret_midlarge,stcns_after_exit,798,0.05149341122911835,0.14613605313775327,0.05690013750831162,0.10824145863134993,False,commercial,exit,0.18725930103864802
rtms_land_n,kiscon_amt_all,798,0.187051772703402,1.0219855749068117e-07,0.0568985891597038,0.10825107527781205,False,rtms_land,kiscon,0.18725930103864802
base_rate_chg_12m,rtms_apt_n_yoy_pct,798,0.0012229897301753306,0.9724832554103925,0.056859449806738335,0.10849439032173137,False,rates,rtms_apt,0.18755884418050361
rtms_nrg_unit_3m,stcns_after_exit,798,0.019410576663541547,0.5840219643200802,0.05686404812131164,0.10846578190995043,False,rtms_nrg,exit,0.18755884418050361
spread_AA_KTB,rtms_land_med_unit,798,0.011509938866239623,0.7454504333287063,0.05680628117433701,0.10882561192199253,False,rates,rtms_land,0.18807063572944216
rentidx_midlarge,kiscon_cnt_indiv,798,0.16979636920541877,1.4062824836688486e-06,0.056773037208444184,0.10903311527181131,False,commercial,kiscon,0.18836835778945882
rtms_fac_unit_3m,kiscon_cnt_priv_yoy_pct,765,-0.01229234929345421,0.7342734310974455,-0.057954958170025495,0.10922635682292739,False,rtms_fac,kiscon,0.18864125643804677
rtms_nrg_med_unit,hug_sago_amt_mn,335,0.08884996978962063,0.1045135266466927,0.08759152513053733,0.10953805645879913,False,rtms_nrg,hug,0.18911849786412624
rtms_land_med_unit,n_rounds_m,201,-0.011759057557779787,0.868409268107427,-0.11316519765776867,0.10970293869457476,False,rtms_land,site_price,0.18928093359144604
discount_ratio,hug_sago_n,212,0.08334065642206771,0.2268983169566828,0.11017735756852226,0.1096883196177356,False,site_price,hug,0.18928093359144604
cd_91d,rtms_nrg_n_3m,798,-0.06324656841414808,0.07415871480543983,-0.05665333689915771,0.10978285274175502,False,rates,rtms_nrg,0.18935771406779486
rtms_fac_n,stcns_after_exit,798,0.1252589835599655,0.0003898529858350238,0.05660380465985802,0.1100942827966723,False,rtms_fac,exit,0.18983364402251107
bldg_area_m2,kiscon_cnt_priv,286,-0.03100864661804492,0.6015082463656207,0.09456276933783107,0.11053887568766223,False,site_price,kiscon,0.19053880345000965
rtms_fac_n_3m,kiscon_cnt_priv_yoy_pct,798,-0.03591199523611996,0.31095951238476865,-0.05652515287479664,0.11059023072043225,False,rtms_fac,kiscon,0.190565892253352
hug_sago_amt_mn,kiscon_amt_priv,335,0.20034428423620898,0.00022365275619562808,0.08726173996782474,0.11088572091359643,False,hug,kiscon,0.19101351473099232
land_chg_pct,minbid_vs_rtms_dae_3m,498,-0.05452780687917246,0.22448670701269233,-0.0715059989895063,0.11099150662570526,False,land_house,valuation,0.19113416616027246
ap_stcns_day,hug_sago_last_yr,56,-0.034817723154924554,0.7989141838753987,-0.21509332591422628,0.1113838509223759,False,hub,hug,0.19174805244106372
cci_yoy_pct,kiscon_cnt_pub,798,0.003317189967413689,0.9254584357287569,-0.05636857995956277,0.11158276046922481,False,cci,kiscon,0.1919668662255293
hug_sago_last_yr,hug_sago_amt_mn,335,0.08926787511276069,0.10288587627667316,0.08710104414672544,0.1115471082896103,True,hug,hug,0.1919668662255293
rtms_apt_unit_3m,stcns_after_exit,798,0.008738304401530802,0.8053221449798015,0.05636026917893014,0.11163563868770399,False,rtms_apt,exit,0.19199606306309208
nonbank_corp_loan_rate,rtms_land_med_unit,798,-0.004978842097609241,0.8883224828134935,0.05635428245939177,0.11167374204877976,False,rates,rtms_land,0.19199983882148727
minbid_vs_rtms_dae_3m,ap_useapr_day,70,-0.04531925065242182,0.7094965114167096,0.19160346080219487,0.11206815774438836,False,valuation,hub,0.19261602039834283
ktb_3y,vac_office,777,0.047778569295779366,0.18337665417488017,0.05697516196292088,0.11253551963240285,False,rates,commercial,0.19335714121929887
capret_office,kiscon_amt_priv_yoy_pct,777,-0.044976056427989,0.2104568029485872,0.05692850804419841,0.11283065081594573,False,commercial,kiscon,0.1938019562842473
corp_bond_AA3y,unsold_pct_completed,697,0.06674983326313522,0.0782303574769962,0.0600799041254719,0.11302547200627164,False,rates,unsold,0.19407424496388387
cci_resi,capret_office,777,0.08110515924147194,0.02376734340297753,0.0568483964894728,0.11333885392220076,False,cci,commercial,0.19454987220610193
pms_after_exit,hug_sago_amt_mn,335,0.10857365157611307,0.04706998534415126,0.0865619487051673,0.11378855802151899,False,exit,hug,0.195259120584423
spread_AA_KTB,ah_sale_unit_med,733,0.04583452030691326,0.21517661558274048,0.05840914307842406,0.11410279108591394,False,rates,applyhome,0.1956727466120532
unsold_total,kfb_understated,411,0.09549527840347534,0.05304978642385038,0.07806064798216368,0.11407798351146774,False,unsold,exit,0.1956727466120532
rtms_nrg_n_3m,br_useapr_day,230,0.0642386179032547,0.33208584084121817,0.10442424109689559,0.11425250518072731,False,rtms_nrg,hub,0.1958666704717374
rtms_fac_n_yoy_pct,ah_n_pblanc,692,0.09558321169678714,0.011882393210451326,0.060079420001127884,0.11433327807492585,False,rtms_fac,applyhome,0.1959423198290476
minbid_vs_rtms_all_3m,hug_sago_amt_mn,210,-0.08075788143421145,0.2439332262791021,-0.10915568481972315,0.11477464766141851,False,valuation,hug,0.1966357068393479
rentidx_midlarge,kiscon_amt_priv,798,0.09085792252595565,0.010230913658950673,0.055846805960315646,0.11494104600564996,False,commercial,kiscon,0.19685771075983674
ap_useapr_day,kiscon_amt_priv,100,0.050984206763031115,0.6144301029721172,0.15848425943242953,0.1152822703248498,False,hub,kiscon,0.19733453879300672
unsold_completed,minbid_vs_rtms_all_3m,484,0.08761042628911864,0.05408556948713788,0.0716768993768731,0.11529326710105722,False,unsold,valuation,0.19733453879300672
base_rate_chg_12m,unsold_pct_completed,697,0.06247167210503808,0.09936312356919458,0.05968957267560477,0.11538912171253962,False,rates,unsold,0.19743540281502378
spread_AA_KTB,rtms_nrg_n,798,-0.06366377070455757,0.07226649221371516,-0.055762707467357085,0.11548967819711467,False,rates,rtms_nrg,0.1975442448240474
rtms_land_dae_unit_3m,kiscon_cnt_priv_yoy_pct,798,0.02551451917944662,0.4716824490793674,-0.055733329371820926,0.11568181530699181,False,rtms_land,kiscon,0.1978096151092054
br_useapr_day,ah_sale_unit_med,215,-0.15834322743478735,0.020184173678484928,-0.10746970926789483,0.11614019870479657,False,hub,applyhome,0.19852993685247675
cci_plant,rtms_land_med_unit,798,-0.0010982102570248516,0.975289793099681,-0.055626767164927544,0.11638085355883446,False,cci,rtms_land,0.19887773217612267
cd_91d,rtms_land_dae_n,798,-0.020789802153372273,0.5575854528420779,-0.055617418201741424,0.11644233960667381,False,rates,rtms_land,0.19891922999261497
apt_idx,rtms_apt_n_3m,798,-0.058111215398368866,0.10092396218341991,-0.055583012010165044,0.11666884084957442,False,land_house,rtms_apt,0.19924250783221797
cci_civil,stcns_after_exit,798,-0.06050180388435473,0.08763731191759172,-0.05555863549285318,0.11682952414789098,False,cci,exit,0.19945321379909742
bldg_area_m2,unsold_total,281,0.12630843527194324,0.03431417126067691,0.09365473681957531,0.11725826859924252,False,site_price,unsold,0.20012127743381733
minbid_vs_rtms_all_3m,stcns_after_exit,498,-0.014842910617072658,0.7410834296218517,-0.07026111325763344,0.11736348137398911,False,valuation,exit,0.20023692881516267
rtms_fac_n,rtms_nrg_n_yoy_pct,797,-0.0638229010067135,0.07173368241147872,-0.0554662834283968,0.11767062103421363,False,rtms_fac,rtms_nrg,0.20069690930460615
capret_office,ap_useapr_day,99,0.08385233613679391,0.4092701004362535,0.15811352961742647,0.11803394300681143,False,commercial,hub,0.2012523894315755
house_idx_yoy_pct,rtms_nrg_n_yoy_pct,737,-0.01624111867322502,0.6597992352577907,-0.05755187870114796,0.11851297196561268,False,land_house,rtms_nrg,0.2020047373605773
hug_sago_n,ah_under_ratio,328,-0.1033235333495818,0.06160467832186505,-0.08630564418515081,0.11875834453862769,False,hug,applyhome,0.2023584666182416
rtms_land_med_unit,stcns_after_exit,798,0.04931378133848919,0.16400632798081025,0.055226766232537534,0.11903441301546956,False,rtms_land,exit,0.2027642581693902
capret_office,rtms_nrg_n_yoy_pct,776,-0.05368572594227483,0.1351290713166673,-0.05587025609160863,0.1199291324779294,False,commercial,rtms_nrg,0.20422327113359506
cci_civil,kiscon_cnt_pub,798,-0.0012163147073774652,0.9726333816038085,-0.05508092573337629,0.12001359286304338,False,cci,kiscon,0.20430203153094328
minbid_vs_rtms_all_3m,kiscon_cnt_pub,498,0.028347523963504612,0.5279502647263538,-0.06973280171133012,0.12015270263897611,False,valuation,kiscon,0.20447374316060002
vac_midlarge,rtms_apt_n,798,0.07447541570696856,0.03542452686767946,0.055003914674035904,0.1205331826264806,False,commercial,rtms_apt,0.20505597438873427
cci_plant,kiscon_cnt_pub,798,-0.006304614101686187,0.8588635829208114,-0.054983766308874575,0.1206694122754186,False,cci,kiscon,0.20515718519448753
cci_civil,kfb_understated,425,-0.06970287380377849,0.1514368635890942,-0.07539943252223118,0.1206547782564344,False,cci,exit,0.20515718519448753
rtms_land_n_yoy_pct,ap_stcns_day,142,0.13452910363018478,0.11044531270778637,0.13077235806547546,0.1208469970937774,False,rtms_land,hub,0.20539379957419826
bank_corp_loan_rate,kiscon_amt_priv,798,-0.08461609559964663,0.01680927457632302,-0.0549494277255374,0.12090186373847317,False,rates,kiscon,0.20542175577045316
minbid_vs_rtms_dae_3m,stcns_after_exit,498,-0.016646336932655638,0.7109575392587038,-0.06947869551534352,0.12151255735253158,False,valuation,exit,0.20639378785387114
bldg_area_m2,unsold_completed,281,0.04769697041617023,0.42577847378416833,0.09257773505742123,0.12155132647755001,False,site_price,unsold,0.2063940751589266
rtms_land_n_3m,unsold_pct_completed,697,-0.026280022614154717,0.48850610458890953,-0.05864932069627504,0.12187793366380564,False,rtms_land,unsold,0.20686211197814552
spread_BBB_KTB,n_rounds_m,201,0.12209821199947635,0.0842195538872858,0.10945952897981759,0.12190434165759052,False,rates,site_price,0.20686211197814552
bank_facility_loan_rate,rtms_land_dae_n_3m,798,-0.036458649050785025,0.30364696647589917,-0.05475526167912347,0.12222283622731324,False,rates,rtms_land,0.20733677198840222
reactivated,hug_sago_amt_mn,212,0.13283817674892562,0.053447781451725906,0.10643373896869153,0.12236369606902821,False,exit,hug,0.20750988990837102
house_idx_yoy_pct,rtms_fac_n,737,0.034606786509824454,0.3481506222703428,-0.056929641288974056,0.12255431194765415,False,land_house,rtms_fac,0.20776724983643205
bldg_area_m2,rtms_fac_n_3m,286,0.09091357277286807,0.12504616621974596,0.09139619351113037,0.1230468576859804,False,site_price,rtms_fac,0.20853614835085174
rtms_land_unit_3m,stcns_after_exit,798,0.040126541279683535,0.2575463431058536,0.05459704255827826,0.123307553319667,False,rtms_land,exit,0.20891175145762342
cci_civil,rtms_nrg_unit_3m,798,0.03471835135366045,0.32732659656390806,0.05456382471169181,0.12353623796621688,False,cci,rtms_nrg,0.20920620326374276
nonbank_corp_loan_rate,capret_midlarge,798,-0.027546603314872447,0.4371064211559897,-0.05456043369499526,0.12355960162837097,False,rates,commercial,0.20920620326374276
excess_pp_med,hug_sago_sgg_flag,201,-0.09303098857241979,0.188992130509754,-0.10888296335636244,0.12389393830136927,False,excess,hug,0.20970588417139016
rentidx_midlarge,minbid_vs_rtms_dae_3m,498,-0.05138048725963849,0.25242578075444927,-0.06898726928321068,0.12417644784748076,False,commercial,valuation,0.21011755273432897
cci_yoy_pct,kiscon_amt_indiv,798,0.03644733558493647,0.30379714056901164,-0.054380967212310026,0.12480102195559536,False,cci,kiscon,0.21090741605454122
cci_plant,capret_midlarge,798,0.047933103341134424,0.17614759375305428,0.05438910724259442,0.12474450569385953,False,cci,commercial,0.21090741605454122
cci_resi,kiscon_cnt_pub,798,0.0020727320946314215,0.953381691269742,-0.054387330788384355,0.12475683792269233,False,cci,kiscon,0.21090741605454122
cci_total,kiscon_cnt_pub,798,1.1542252079971282e-05,0.99974025287836,-0.054381262994051195,0.12479896799297185,False,cci,kiscon,0.21090741605454122
rentidx_office,rtms_nrg_n_yoy_pct,776,-0.0648628670739566,0.07094026928811045,-0.05510310872777803,0.12510694277511744,False,commercial,rtms_nrg,0.21135760600902145
cci_bldg,rentidx_office,777,0.020248953388469222,0.5730379747174571,-0.05505437573140826,0.12519760729492432,False,cci,commercial,0.2114439691111688
base_rate,stcns_after_exit,798,0.049773179230750454,0.160109334182036,0.054314687308914415,0.12526194562136075,False,rates,exit,0.21148582988235426
corp_bond_BBB3y,vac_office,777,0.04502930022426011,0.20991675952284325,0.05500652618510261,0.12552663632104097,False,rates,commercial,0.21186582209867613
cci_civil,rtms_land_dae_unit_3m,798,-0.04027087640253692,0.25583713295652083,-0.05421058396579941,0.1259885733436138,False,cci,rtms_land,0.2125783848748195
rtms_nrg_med_unit,kfb_understated,424,-0.09369382680221396,0.05387738141184808,-0.07440760399640874,0.1260799934180414,False,rtms_nrg,exit,0.2126655283300528
cci_bldg,rtms_apt_n,798,0.10013991120303445,0.004632623001262172,0.05418113889620955,0.12619468949779936,False,cci,rtms_apt,0.21272478081485913
rtms_land_unit_3m,n_rounds_m,201,-0.018059249519552706,0.7991417642338791,-0.10823378608541179,0.1261640998680075,False,rtms_land,site_price,0.21272478081485913
house_idx_yoy_pct,n_rounds_m,189,-0.0855114446203688,0.24202777092529673,-0.11147903515369262,0.12671614904912684,False,land_house,site_price,0.21353647934625944
base_rate_chg_12m,minbid_vs_rtms_dae_3m,498,-0.010477175789401345,0.8155854471959205,-0.0684285506799583,0.12726005168186383,False,rates,valuation,0.21438547458819343
spread_BBB_KTB,kiscon_cnt_indiv,798,0.024825838924802,0.4837330425288208,-0.05401200427510132,0.12738371673847707,False,rates,kiscon,0.21452621524429508
nonbank_corp_loan_rate,hug_sago_sgg_flag,798,-0.047904487623601846,0.17640612236154798,-0.0539640600498508,0.12772234538297111,False,rates,hug,0.21502877228046174
cci_plant,rtms_land_n_3m,798,0.04089481434837812,0.2485390718849477,0.05389259717068987,0.12822838213626364,False,cci,rtms_land,0.21581276653528542
appr_vs_rtms_dae_3m,kiscon_amt_all,765,-0.01585352163141798,0.6615332755371126,-0.0550080182290176,0.12848338846014332,False,valuation,kiscon,0.21603794908691396
rtms_fac_n,ap_stcns_day,142,0.17842704924886632,0.033629224319046296,0.1281902529394171,0.1284252327956057,False,rtms_fac,hub,0.21603794908691396
base_rate,rentidx_office,777,0.003588050871672249,0.9204592727346779,0.05458464652117824,0.12845679420198383,False,rates,commercial,0.21603794908691396
capret_office,stcns_after_exit,777,0.0584414141603152,0.10356585398700296,0.054574305908682334,0.12852927532116223,False,commercial,exit,0.21604716603025917
rtms_fac_med_unit,stcns_after_exit,733,-0.0012504186405208075,0.9730397965832931,0.05616371506175256,0.1287174363679051,False,rtms_fac,exit,0.216295453255559
cci_bldg,hug_sago_sgg_flag,798,0.08021825059418497,0.023440511296137057,0.05379824805176893,0.12889886008667187,False,cci,hug,0.2165322666928792
cci_plant,rtms_land_unit_3m,798,-0.004012951875633039,0.9098845156325212,-0.053764574337673954,0.12913881453271522,False,cci,rtms_land,0.21686722402840083
rtms_nrg_n,rtms_land_n_yoy_pct,798,0.044713508738332686,0.2070357814723662,-0.053752692712925466,0.1292235640340564,False,rtms_nrg,rtms_land,0.21689587202333163
rentidx_office,hug_sago_n,335,0.11962686444303845,0.02858126668030494,0.0830561589780816,0.12923700173299693,False,commercial,hug,0.21689587202333163
rtms_land_dae_med_unit,stcns_after_exit,797,0.023552456370772572,0.5067144120998153,0.05375372139203799,0.1294571672077205,False,rtms_land,exit,0.21719719895189252
cci_resi,vac_office,777,0.03906675360747942,0.2767554606101072,0.05442359046135135,0.12958929912761175,False,cci,commercial,0.21735068457821205
ktb_3y,br_useapr_day,230,-0.041653970975705806,0.5296471237764894,-0.10020969713591292,0.12969853550218705,False,rates,hub,0.21746568495772786
cci_bldg,rtms_fac_med_unit,733,-0.039125615910995754,0.2901087407422433,-0.055987682876540434,0.1299218777945853,False,cci,rtms_fac,0.21777187478609641
bank_corp_loan_rate,rtms_land_n,798,-0.04147844290381401,0.2418452207747988,-0.05360587748838085,0.1302743321995149,False,rates,rtms_land,0.2182258315384731
cci_total,kiscon_amt_all,798,0.15241735333407505,1.5311343319773506e-05,0.05361018966329746,0.13024337557554738,False,cci,kiscon,0.2182258315384731
cci_resi,rtms_land_n_3m,798,0.04360480986929732,0.218531622983358,0.05355056720393845,0.13067190410236598,False,cci,rtms_land,0.21882326064370528
pms_after_exit,ah_sale_unit_med,733,0.10275061270676701,0.005361153817262577,0.055699723759426986,0.1319109404163276,False,exit,applyhome,0.22082899136070872
corp_bond_BBB3y,hug_sago_last_yr,335,0.029544532932593792,0.5899902386311825,0.08236613191758951,0.13246033144537658,False,rates,hug,0.22161945630083763
cci_plant,kfb_understated,425,-0.07248613526900714,0.1357248425987004,-0.07309408329080844,0.13246601502477595,False,cci,exit,0.22161945630083763
base_rate,rtms_land_dae_unit_3m,798,0.0339071159891588,0.3387630612846549,0.05326140180663127,0.13276574531011076,False,rates,rtms_land,0.2220514357751524
discount_ratio,kiscon_cnt_priv_yoy_pct,499,0.05984917698212969,0.1819505970281944,0.06736265144090503,0.13291613936307864,False,site_price,kiscon,0.22218457977623632
cci_total,ap_stcns_day,142,-0.13521880623885052,0.10861402586484778,-0.12671098197147612,0.1329284590806396,False,cci,hub,0.22218457977623632
yield_office,ap_stcns_day,136,0.0806077253796015,0.35088096760672705,0.12945308982814055,0.1330809327999523,False,commercial,hub,0.2223699211504203
rtms_fac_unit_3m,kiscon_cnt_all,765,0.0871853536977279,0.015861846063965967,0.05428597914961642,0.1335814992421638,False,rtms_fac,kiscon,0.22307938582990114
rtms_apt_med_unit,stcns_after_exit,798,0.007928875923659456,0.8230418043343319,0.05314867810748195,0.13358896454597782,False,rtms_apt,exit,0.22307938582990114
spread_AA_KTB,rtms_land_n_yoy_pct,798,-0.024449937789280986,0.4903802731611033,-0.05311112699150525,0.13386407327888541,False,rates,rtms_land,0.2234689977590385
appraisal_mn,months_permit_idle,276,-0.015011203806876632,0.8039278173792395,-0.0902636918288631,0.13469995697930692,False,site_price,hub,0.2247942165943677
vac_midlarge,kfb_understated,425,0.10766070859431146,0.026459527452627873,0.07266710592120976,0.13474838794074792,False,commercial,exit,0.22480487685465808
cci_yoy_pct,rtms_apt_n_3m,798,0.12679015574467714,0.00032995912186173316,0.052957016198955695,0.13499771037707148,False,cci,rtms_apt,0.2251505793469124
land_chg_pct,kiscon_amt_priv_yoy_pct,798,-0.028751805328282108,0.41730755173494544,0.05290580663120059,0.13537604197475708,False,land_house,kiscon,0.22571116197038546
bank_corp_loan_rate,rtms_land_n_3m,798,-0.031490940252079616,0.37432019268513755,-0.05284017940512008,0.13586208448587675,False,rates,rtms_land,0.22645092448440865
spread_AA_KTB,kiscon_amt_priv,798,0.1293687614490911,0.000248108809786385,0.05282399748639853,0.1359821360248728,False,rates,kiscon,0.22650980726635356
rentidx_office,exited,777,0.015884436001738354,0.6584246219597631,0.05353616205037975,0.13596876210396794,False,commercial,exit,0.22650980726635356
cd_91d,kiscon_cnt_pub,798,0.03687246620287563,0.2981878211127053,0.052718285819464826,0.1367684094973929,False,rates,kiscon,0.22767767297090907
rtms_fac_n,kiscon_cnt_priv_yoy_pct,798,-0.037660379670427874,0.2879754699248611,-0.05272390772697693,0.13672650631743785,False,rtms_fac,kiscon,0.22767767297090907
rtms_nrg_n_3m,reactivated,499,0.04153334560683822,0.35452008340414365,0.06669007054736677,0.13683959249244262,False,rtms_nrg,exit,0.22772527266015896
cci_nonresi,kiscon_cnt_pub,798,0.0003041628577688249,0.9931551953273119,-0.052597919661051,0.13766793950807654,False,cci,kiscon,0.22896126673396122
nonbank_corp_loan_rate,yield_office,777,0.0853770567008933,0.017294905779765998,0.05330879042779003,0.13764159267756432,False,rates,commercial,0.22896126673396122
corp_bond_BBB3y,stcns_after_exit,798,-0.058104604707332856,0.1009628092307672,-0.05259135369484255,0.1377171394484662,False,rates,exit,0.22897187333051888
spread_AA_KTB,minbid_unit_land_mn_m2,498,-0.07710263143104569,0.08564145393367448,-0.06651091502898267,0.13829678273404056,False,rates,valuation,0.22986412722378452
rtms_land_n,hug_sago_sgg_flag,798,-0.016677918253531956,0.6380500222673946,-0.052499708989751134,0.13840526247398044,False,rtms_land,hug,0.22997294544697744
cci_civil,vac_office,777,0.04320284076719216,0.22901891530940735,0.053150196978640235,0.13881774919738402,False,cci,commercial,0.23055661489305732
hug_sago_last_yr,kiscon_amt_pub,335,-0.03927488115960581,0.47372097525201634,0.08103712284199308,0.1388427716393575,False,hug,kiscon,0.23055661489305732
rtms_fac_n,ah_rate_med,730,-0.05459681725689966,0.14056341566407382,-0.054812058229587506,0.13900279008336208,False,rtms_fac,applyhome,0.23075067326163834
stcns_after_exit,kiscon_cnt_priv_yoy_pct,798,0.030183163520626645,0.3944925340527342,0.05239332055266042,0.1392074031880999,False,exit,kiscon,0.23091234136087757
base_rate_chg_12m,stcns_after_exit,798,-0.056317657728673226,0.1119070685832684,-0.052390365530703586,0.13922973415886838,False,rates,exit,0.23091234136087757
rtms_land_n,kiscon_amt_indiv,798,0.1671106071722852,2.0675562783579967e-06,0.052392418696944006,0.13921421818017862,False,rtms_land,kiscon,0.23091234136087757
bank_loan_rate_all,rtms_land_n_3m,798,-0.029369027398568323,0.4073756462182977,-0.052371952913770024,0.13936893951400878,False,rates,rtms_land,0.23107154095547439
rtms_land_dae_n,ah_rate_med,730,0.04180221259685525,0.2593236437971173,-0.054740038004994995,0.1395234905162931,False,rtms_land,applyhome,0.23125607681048332
bank_facility_loan_rate,corp_bond_AA3y,798,-0.23935728947779256,7.343510203229812e-12,-0.05231939909706485,0.1397668516554175,True,rates,rates,0.2315876528669096
discount_ratio,appr_vs_rtms_dae_3m,496,0.012508562653020515,0.7810991724185076,0.06635361524581174,0.1400343100855507,False,site_price,valuation,0.231824843226737
min_bid_mn,n_rounds_m,191,0.06920573440722202,0.341449546402089,-0.10718653998400432,0.1399764648791342,True,site_price,site_price,0.231824843226737
rtms_nrg_unit_3m,kiscon_amt_pub,798,0.015883114040997154,0.6541493468868221,0.05228338085217057,0.14004006800492996,False,rtms_nrg,kiscon,0.231824843226737
rtms_apt_n_yoy_pct,minbid_vs_rtms_all_3m,498,-0.022100347792391534,0.6227121395444791,-0.06618869099452077,0.140221384710763,False,rtms_apt,valuation,0.23205315507534816
cci_plant,br_useapr_day,230,-0.04689369818564001,0.47913605590343095,-0.09753065631167847,0.1403243017394105,False,cci,hub,0.23210041035959633
nonbank_corp_loan_rate,rtms_fac_med_unit,733,-0.012617782508685777,0.7330704143513181,0.054515843486725224,0.14033675457126893,False,rates,rtms_fac,0.23210041035959633
house_idx,unsold_pct_completed,697,-0.1065293139934741,0.004871324618668825,-0.055849986507194624,0.14075501062592502,False,land_house,unsold,0.23272017372196077
cci_yoy_pct,vac_office,777,0.04105817935883921,0.2529868050817236,0.05280132162527577,0.14143224454395772,False,cci,commercial,0.23369536822513656
bank_loan_rate_all,rtms_land_n,798,-0.03899933671002674,0.2711666724002901,-0.052101810101506045,0.1414236216384704,False,rates,rtms_land,0.23369536822513656
cci_nonresi,rtms_apt_n,798,0.10032881596977444,0.004555442771539147,0.05207034958777572,0.1416644100990503,False,cci,rtms_apt,0.23399449535226785
min_bid_mn,base_rate_chg_12m,502,0.04507145484087978,0.31353281185832155,0.06567930520930464,0.14170079969153607,False,site_price,rates,0.23399449535226785
land_area_m2,kfb_understated,423,-0.028276639448901707,0.5619418043050928,0.07152016069660475,0.1419736414454993,False,site_price,exit,0.234372664652388
n_rounds_m,kiscon_cnt_all,201,-0.10455662901857679,0.13963470561765454,-0.10385282238266927,0.14233384739140434,False,site_price,kiscon,0.23482230237637733
round_no,nonbank_corp_loan_rate,211,-0.05189470449179734,0.45335010291621775,-0.10135598154182643,0.14229009737938203,False,site_price,rates,0.23482230237637733
rtms_apt_n_3m,stcns_delay_days,141,-0.1507495991938303,0.07437014975545932,-0.12399553909982812,0.14294314291664972,False,rtms_apt,hub,0.23575477642668913
spread_AA_KTB,rtms_land_unit_3m,798,0.008373307677864695,0.8133007288117914,0.051882884891389286,0.14310572614481737,False,rates,rtms_land,0.23595014421718732
cci_total,rtms_land_med_unit,798,-0.0005594241484978696,0.9874112264879,-0.05187384099167064,0.14317554279396774,False,cci,rtms_land,0.23599248684320143
min_bid_mn,hug_sago_amt_mn,212,0.052153044047238264,0.4500183192939945,0.10071244168571045,0.1438936668614055,False,site_price,hug,0.23710306215961025
n_rounds_m,kiscon_amt_pub,201,-0.10662429940944526,0.13193107883732497,-0.10339446506816635,0.1441129369385121,False,site_price,kiscon,0.2373912118947086
spread_AA_KTB,rtms_nrg_unit_3m,798,-0.01737162491834613,0.6241360778730318,-0.05170490792244743,0.14448446323994185,False,rates,rtms_nrg,0.2379299122094146
corp_bond_AA3y,kiscon_cnt_pub,798,0.0001086445190170704,0.9975550648765158,-0.051684748392395626,0.14464127187308803,False,rates,kiscon,0.23811480317284536
rtms_land_dae_n_3m,rtms_apt_n,798,0.06504681657706608,0.06627406141351398,0.05167376638980882,0.14472674889197565,False,rtms_land,rtms_apt,0.2381821872346549
appraisal_mn,kiscon_cnt_priv,768,0.07457575964237004,0.03880812632564178,0.052636717545875664,0.14502092608623146,False,site_price,kiscon,0.23852164087568278
appraisal_mn,bank_corp_loan_rate,768,-0.07861197916530893,0.029377567874716518,-0.05263654731459635,0.14502222825637642,False,site_price,rates,0.23852164087568278
cd_91d,appr_unit_land_mn_m2,765,-0.029040776738494672,0.42250441745977846,0.052723076471662036,0.14515032166911085,False,rates,valuation,0.23858554256524309
vac_midlarge,rtms_land_n_yoy_pct,798,-0.16363315090250158,3.375107733548215e-06,-0.05162121193472057,0.14513633467486733,False,commercial,rtms_land,0.23858554256524309
cci_total,hug_sago_sgg_flag,798,0.08016092716543174,0.02354012540603429,0.051578352196036625,0.14547101976139365,False,cci,hug,0.23903919565586104
cci_bldg,kiscon_cnt_pub,798,0.0009007736762484328,0.9797311432950737,-0.05157166593146261,0.14552328491490815,False,cci,kiscon,0.23905161426728538
corp_bond_AA3y,hug_sago_last_yr,335,0.02920267113606201,0.5943018979234298,0.07963664576592591,0.14582083743842136,False,rates,hug,0.23946683592851323
land_chg_cum12_pct,unsold_pct_completed,697,-0.04745338662746601,0.21083902449841094,-0.05511960041770849,0.1460315643491173,False,land_house,unsold,0.23968390774340798
rtms_land_dae_n,exited,798,-0.04671764796100775,0.1873788032513651,-0.05150532032840716,0.14604267279372043,False,rtms_land,exit,0.23968390774340798
base_rate,stcns_delay_days,141,0.09050066783851196,0.28585367077419205,0.12297020098367244,0.14630381757004607,False,rates,hub,0.2399009786104584
rtms_fac_n_yoy_pct,ah_sale_unit_med,680,-0.12646783252705074,0.0009494607817943958,-0.05576740364415451,0.14630953642205063,False,rtms_fac,applyhome,0.2399009786104584
cci_civil,rtms_land_n,798,0.03392008672622063,0.33857821498436896,0.05147523484292022,0.14627866377026705,False,cci,rtms_land,0.2399009786104584
unsold_pct_completed,ah_sale_unit_med,650,0.1015187919969984,0.009599160388638927,0.056999164587286405,0.14661773962207614,False,unsold,applyhome,0.2402589806188296
ap_pms_day,kiscon_amt_priv,425,0.038948085565683896,0.42320430805263404,0.07053221472902499,0.1466171073192794,False,hub,kiscon,0.2402589806188296
rtms_nrg_med_unit,months_permit_idle,283,-0.0643559184071931,0.2806049890035143,-0.08634712458229847,0.14737620986663802,False,rtms_nrg,hub,0.24142787811179947
cci_bldg,kiscon_amt_all,798,0.15381500984677754,1.2753652380202053e-05,0.05129671684909519,0.14768495675326632,False,cci,kiscon,0.24185956011017304
rtms_land_dae_n_3m,ah_rate_med,730,0.05158093355344987,0.16386830334797522,-0.05361458674561061,0.14785634275697662,False,rtms_land,applyhome,0.24206609452588917
bank_corp_loan_rate,n_rounds_m,201,0.02306800895858003,0.7451439674640306,0.10242356029519926,0.14793726364573243,False,rates,site_price,0.24212444098981675
bank_facility_loan_rate,yield_midlarge,798,0.042102187783541536,0.2348323560869096,0.051223304591420216,0.1482662525111822,False,rates,commercial,0.24258863285718824
minbid_vs_rtms_dae_3m,ah_supply_sum,481,0.031678121783782265,0.4882331441489345,-0.06599896032934267,0.14837919171764472,False,valuation,applyhome,0.2426991551282491
cci_nonresi,kiscon_amt_all,798,0.15299101094124595,1.4207484570116645e-05,0.05119133821539801,0.1485199143960414,False,cci,kiscon,0.24285504045126402
rtms_fac_med_unit,ap_pms_day,389,0.009213829585945332,0.856254426898375,0.07335360744673977,0.14872507507111005,False,rtms_fac,hub,0.24311616521101356
bank_facility_loan_rate,ah_sale_unit_med,733,-0.015947799837887088,0.6664241434495897,-0.053334479400384285,0.14915046691301703,False,rates,applyhome,0.24349392320204521
cci_bldg,kiscon_amt_pub,798,0.02423734757949996,0.4941611934278876,-0.051107864752524615,0.1491838586889658,False,cci,kiscon,0.24349392320204521
bldg_area_m2,vac_midlarge,286,0.13706866251549896,0.02040345893052089,0.0855188597140678,0.14914295989449738,False,site_price,commercial,0.24349392320204521
cci_nonresi,capret_midlarge,798,0.05166926029601694,0.14476183267474851,0.0511145658629943,0.14913047501573043,False,cci,commercial,0.24349392320204521
cci_resi,rtms_fac_unit_3m,765,-0.03732271621401522,0.3025565235557454,-0.052208555819224296,0.14912191596603436,False,cci,rtms_fac,0.24349392320204521
round_no,rtms_nrg_n_yoy_pct,211,0.17340957319164718,0.011632502677247731,0.09962693059624012,0.14925768655534677,False,site_price,rtms_nrg,0.24354008239592287
cci_yoy_pct,minbid_vs_rtms_all_3m,498,-0.018163669639432126,0.6859526801480808,-0.06470462673111219,0.14935159833183023,False,cci,valuation,0.24361897384999887
bldg_area_m2,rtms_fac_n,286,0.10102280107107672,0.08813218469980517,0.08537624735143781,0.14982472704489538,False,site_price,rtms_fac,0.24431619869138627
cci_plant,kiscon_amt_all,798,0.14250489963650292,5.346697327878387e-05,0.05101843582061784,0.1498976788172409,False,cci,kiscon,0.2443606367792034
bank_facility_loan_rate,rtms_fac_unit_3m,765,-0.03414903513528421,0.34555495050991875,0.051948982664340365,0.1511567253470046,False,rates,rtms_fac,0.24614203402493318
ah_rate_med,ah_sale_unit_med,718,-0.056834724549037784,0.12813625464520448,0.053626934110560284,0.1511472129950316,True,applyhome,applyhome,0.24614203402493318
appr_unit_land_mn_m2,excess_pp_med,200,0.0757822444408015,0.2861797675277185,0.10187204680117004,0.15117457260854322,False,valuation,excess,0.24614203402493318
apt_idx,kiscon_cnt_indiv,798,-0.16845115128688565,1.707021810636215e-06,-0.05086053340780436,0.1511643979267957,False,land_house,kiscon,0.24614203402493318
capret_midlarge,stcns_delay_days,141,-0.040545698816281533,0.6331028291464239,0.12144288085002534,0.15142021657140997,False,commercial,hub,0.24631697535969854
cci_bldg,capret_midlarge,798,0.05201253523929685,0.14210772169852387,0.05083267108435301,0.15138875655860437,False,cci,commercial,0.24631697535969854
land_chg_pct,months_permit_idle,284,-0.05685573202300151,0.33973118121257023,-0.08535679910568607,0.15136294615190984,False,land_house,hub,0.24631697535969854
cci_bldg,vac_office,777,0.04067708509898768,0.2574219159093341,0.05148966934656177,0.1516006201749394,False,cci,commercial,0.24653543676259154
base_rate_chg_12m,hug_sago_sgg_flag,798,0.0685353568090119,0.052954830507091315,0.05079791311000833,0.15166899657190466,False,rates,hug,0.24657164021586325
cci_total,kfb_understated,425,-0.06870104148815295,0.1574183259549703,-0.06954792028784179,0.15235056874452058,False,cci,exit,0.24760440458266
appraisal_mn,apt_idx,768,-0.03710559335317352,0.3044302964050171,-0.05168228977638842,0.15246315681493877,False,site_price,land_house,0.24771209343344808
rtms_land_n_3m,br_useapr_day,230,0.1169453558008034,0.07673060765724513,0.09461347422966239,0.15263755023177186,False,rtms_land,hub,0.2479201036115687
cd_91d,rtms_fac_med_unit,733,-0.051607830343562505,0.16278238409648413,0.05283269468844519,0.15301923022225475,False,rates,rtms_fac,0.2484280425417116
min_bid_mn,kiscon_amt_indiv,502,0.07752287736294378,0.08270365029772474,0.06386743442134489,0.1530431965835792,False,site_price,kiscon,0.2484280425417116
vac_midlarge,rtms_nrg_n_yoy_pct,797,0.03835476040688444,0.27947522543969927,-0.05060902328705038,0.15345736841667512,False,commercial,rtms_nrg,0.24902474929407037
rtms_land_n,ap_stcns_day,142,0.027932431404381085,0.7414182829947189,-0.12038634951530032,0.15355541552702456,False,rtms_land,hub,0.24910825449726953
stcns_after_exit,ah_n_pblanc,749,0.061297580564985424,0.09366797252533737,0.05209761057470697,0.154334654149232,False,exit,applyhome,0.2502964500260672
rtms_apt_n_3m,unsold_completed,761,-0.09057531005637207,0.012431131311662146,0.05159771030814723,0.15502807186720455,False,rtms_apt,unsold,0.2513447848010742
cd_91d,house_idx_yoy_pct,737,0.04496011411557431,0.2228022919548081,0.052389549870187305,0.15536916234311945,False,rates,land_house,0.2518214340856804
discount_ratio,hug_sago_sgg_flag,499,0.06787005864387084,0.1300141155380225,0.06366119499538936,0.15562003770217286,False,site_price,hug,0.25215161866470254
cci_plant,vac_office,777,0.048102766132911756,0.18041840517795935,0.05092505838625457,0.1561450427919169,False,cci,commercial,0.25292564186863975
bldg_area_m2,discount_ratio,215,-0.06289616444891591,0.3587384496551569,-0.09702880453965045,0.15625642129600667,True,site_price,site_price,0.25302940177763406
rtms_land_dae_n,ah_under_ratio,745,0.025447229385343113,0.487983150962388,0.05197792470204604,0.1563960703446853,False,rtms_land,applyhome,0.25317886410324925
cci_civil,capret_office,777,0.07706482843179396,0.031721935185802394,0.050869232312911045,0.15659991833622144,False,cci,commercial,0.25335545033094586
round_no,minbid_vs_rtms_all_3m,209,0.022322338726955125,0.7483506885744426,-0.09834612113402709,0.1565756105763526,False,site_price,valuation,0.25335545033094586
minbid_unit_land_mn_m2,n_rounds_m,190,0.031691718675983666,0.6642400988526511,-0.10312201964370546,0.1568234118149711,False,valuation,site_price,0.2536402852312917
pms_after_exit,kiscon_amt_priv_yoy_pct,798,-0.042293925407813314,0.23270578944580914,-0.050085720089795664,0.15749831547580118,False,exit,kiscon,0.25465482094015995
months_permit_idle,hug_sago_sgg_flag,284,0.05682007692379289,0.34003461367864096,0.0840542891578449,0.15772571613852185,False,hub,hug,0.25494540634603274
stcns_delay_days,reactivated,97,-0.11257036257018857,0.2722872193936108,-0.1444349315749375,0.1580998590372186,False,hub,exit,0.25547293631671436
bank_loan_rate_all,minbid_unit_land_mn_m2,498,-0.04562749836512467,0.3095389712520802,-0.06331848371797968,0.15828146802033,False,rates,valuation,0.2556891267385814
rtms_apt_med_unit,ap_useapr_day,100,0.06653448752889647,0.5107250087928308,0.14213877238537664,0.15833577104219437,False,rtms_apt,hub,0.2556995976329246
rtms_land_dae_n_3m,kiscon_cnt_indiv,798,0.03681052399669684,0.29900078243651584,0.04995436636493861,0.1585917161913245,False,rtms_land,kiscon,0.25603559978110274
rtms_apt_n_yoy_pct,months_permit_idle,284,-0.03954597873408246,0.5068431957457009,-0.08385740088819378,0.15870479927372866,False,rtms_apt,hub,0.2561408275631232
round_no,ah_sale_unit_med,198,-0.11384723067412783,0.11025984447573724,-0.10045679550724781,0.15908159508365047,False,site_price,applyhome,0.2566714812650208
rtms_land_dae_n_3m,ah_under_ratio,745,0.031572971890065485,0.3894903871100653,0.05159220081624428,0.1594969613564425,False,rtms_land,applyhome,0.2570791295754454
apt_idx_yoy_pct,rtms_nrg_n_3m,737,0.1260998557119234,0.0006008701096424692,0.05186874886192908,0.15952338077142791,False,land_house,rtms_nrg,0.2570791295754454
yield_midlarge,rtms_fac_n_yoy_pct,737,-0.055797401632619634,0.13018277233647918,-0.05187644872738616,0.15946135738352954,False,commercial,rtms_fac,0.2570791295754454
spread_BBB_KTB,rtms_nrg_n_3m,798,-0.048930119266612365,0.1673151769729714,-0.04984260135490412,0.15952656666005754,False,rates,rtms_nrg,0.2570791295754454
corp_bond_AA3y,stcns_after_exit,798,-0.05425641551260846,0.12566827236331762,-0.04975718609492555,0.1602438167599715,False,rates,exit,0.25815718234877
cci_resi,minbid_vs_rtms_all_3m,498,-0.02211945975018228,0.6224113136017165,-0.0630077426500736,0.16033755012661322,False,cci,valuation,0.2582303857009039
cci_nonresi,vac_office,777,0.04136454108118934,0.24946015200026506,0.050373912667433754,0.16067984535201796,False,cci,commercial,0.2587037437811623
rtms_fac_n_3m,ah_under_ratio,745,-0.1555496111946097,2.0032148337984414e-05,-0.05141907070514517,0.16090377806343656,False,rtms_fac,applyhome,0.25890836632717285
apt_idx,kiscon_amt_indiv,798,-0.13770139989106822,9.523610850737776e-05,-0.04968244293013141,0.1608734448180636,False,land_house,kiscon,0.25890836632717285
rtms_fac_n,kiscon_amt_priv_yoy_pct,798,-0.020071051080699807,0.5712896097842987,0.04966503503656587,0.16102035445579813,False,rtms_fac,kiscon,0.25901800098530464
ap_pms_day,kiscon_cnt_indiv,425,0.05725791988098676,0.23883953949238398,0.06809580536654776,0.16111735763853782,False,hub,kiscon,0.25909609362203356
bank_facility_loan_rate,capret_office,777,0.08081924281949193,0.024267153329949494,0.05027594014006549,0.1614962532956165,False,rates,commercial,0.2596273200155326
bldg_area_m2,rtms_land_unit_3m,286,-0.10083523707543596,0.0887269998093566,-0.08299735039536717,0.16154869535241248,False,site_price,rtms_land,0.2596335659901862
stcns_delay_days,n_rounds_m,40,-0.04524803835450326,0.7815949602047249,0.22547024745433444,0.16185240931893713,False,hub,site_price,0.2600435194195784
bank_facility_loan_rate,stcns_delay_days,141,0.05731808170866703,0.49960507505481155,0.11832322898588599,0.1622879889695904,False,rates,hub,0.2605867498559759
yield_midlarge,hug_sago_last_yr,335,-0.15477158886090875,0.004520908377621203,-0.0765293570917577,0.16225367092358142,False,commercial,hug,0.2605867498559759
base_rate,appr_unit_land_mn_m2,765,-0.017211865490519,0.6345635873554455,0.0505614540141441,0.16239324852863016,False,rates,valuation,0.2606774842037183
cd_91d,apt_idx_yoy_pct,737,0.03696590257583152,0.31625666732430563,0.05150329537958738,0.1624881426892889,False,rates,land_house,0.26075153030000836
bank_loan_rate_all,rtms_land_dae_n_3m,798,-0.016909746396510664,0.6333856604223057,-0.04948374185555473,0.16255635103871244,False,rates,rtms_land,0.2607827209732959
cci_bldg,yield_midlarge,798,0.09069076404813173,0.010371780770841074,0.04944848610318198,0.1628563306792071,False,cci,commercial,0.2611856029219317
cd_91d,minbid_unit_land_mn_m2,498,-0.06325029161521849,0.15873096160596356,-0.06262287805698807,0.16291190870279929,False,rates,valuation,0.2611963945528839
cci_nonresi,rtms_land_dae_n_3m,798,0.015881320600081295,0.6541858601808933,0.04936961753367818,0.16352890607780593,False,cci,rtms_land,0.2621070326133178
stcns_delay_days,kiscon_cnt_pub,141,0.012923423725315963,0.879110048266651,0.11768030193102355,0.16459834048151856,False,hub,kiscon,0.2637420816765597
round_no,house_idx_yoy_pct,198,-0.02433393026954104,0.7336372635793111,-0.09911154310103895,0.1647671461780514,False,site_price,land_house,0.2639334723229601
reactivated,hug_sago_last_yr,212,0.07818479355621138,0.2570491901263609,0.09572921673936183,0.16489685784117758,False,exit,hug,0.26406214401820205
stcns_delay_days,pms_after_exit,141,-0.08666824855335084,0.3068321112272137,-0.11754989936711943,0.16506991466609278,False,hub,exit,0.26418103373828133
stcns_delay_days,stcns_after_exit,141,-0.08666824855335084,0.3068321112272137,-0.11754989936711943,0.16506991466609278,False,hub,exit,0.26418103373828133
stcns_after_exit,kiscon_cnt_pub,798,0.06614248818535717,0.061822221244092465,0.04918175489248283,0.16513937571732287,False,exit,kiscon,0.26421311848010937
land_area_m2,cd_91d,786,-0.009260683263091884,0.7954639433895899,-0.0495493633353205,0.1652002860808923,False,site_price,rates,0.2642315075305208
minbid_vs_rtms_all_3m,ap_useapr_day,70,-0.09748460237805796,0.4220650219050744,0.16752836610181868,0.16567847226759533,False,valuation,hub,0.26488217930545943
base_rate_chg_12m,br_useapr_day,230,-0.06295742937199057,0.3418390157670431,-0.09170587407542098,0.16570616977309927,False,rates,hub,0.26488217930545943
cci_bldg,rtms_land_dae_n,798,0.006024211216561898,0.8650792778427562,0.049078365611999755,0.1660307581620318,False,cci,rtms_land,0.26532171664446624
bank_corp_loan_rate,minbid_vs_rtms_dae_3m,498,-0.029979749084154853,0.5044564399616429,-0.06211501788596277,0.1663563890148455,False,rates,valuation,0.2657626567261365
cd_91d,rtms_land_dae_n_3m,798,-0.00918148027421834,0.7956618209373799,-0.04899268504780887,0.16677219596247397,False,rates,rtms_land,0.26634735119813274
kiscon_amt_all,kiscon_cnt_priv_yoy_pct,798,-0.16647776825955754,2.2621196586710037e-06,-0.048958169630738894,0.1670715764317587,True,kiscon,kiscon,0.26660055933654536
cci_plant,kiscon_amt_pub,798,0.016993668175157822,0.6317007280899798,-0.0489534285583339,0.16711273110211974,False,cci,kiscon,0.26660055933654536
rentidx_office,rtms_land_dae_n_3m,777,-0.05106074990757291,0.1550435886103022,-0.049621389333145506,0.1670310375074991,False,commercial,rtms_land,0.26660055933654536
rtms_land_n_yoy_pct,appr_vs_rtms_dae_3m,765,-0.04828253504217746,0.1821962194615528,-0.04999817767015196,0.1671301804556013,False,rtms_land,valuation,0.26660055933654536
round_no,minbid_unit_land_mn_m2,209,0.1270813712076331,0.06671087539395426,-0.09584751288365467,0.16742611530749768,False,site_price,valuation,0.26699297302391595
cci_resi,rtms_land_n,798,0.03483222500811244,0.32574151228963427,0.04890909324767725,0.16749794988153155,False,cci,rtms_land,0.2670278884962878
excess_pp_med,ah_sale_unit_med,194,-0.01337390787999599,0.8531651533391496,-0.09943056451818463,0.16777817681968948,False,excess,applyhome,0.26739490654392833
appraisal_mn,bank_facility_loan_rate,768,-0.07277151791333486,0.043790337282910846,-0.049792744718666154,0.16804756135934212,False,site_price,rates,0.2677444310454119
nonbank_corp_loan_rate,kfb_understated,425,0.07182913306029456,0.13931561092215747,0.06687227635819236,0.168794447476958,False,rates,exit,0.2688543076137308
nonbank_corp_loan_rate,rtms_land_unit_3m,798,-0.007000516786058019,0.8434759675379614,0.048748421585366984,0.16889956622076352,False,rates,rtms_land,0.2689416261412813
round_no,pms_after_exit,211,0.03284300474382096,0.6352387804805146,0.09503386906534277,0.16901951518198854,False,site_price,exit,0.26905250005301956
rtms_land_dae_n_3m,ah_supply_sum,749,0.10648017671083371,0.003527747310248839,0.050165670095754684,0.1702198185542456,False,rtms_land,applyhome,0.2707490237658907
appr_vs_rtms_all_3m,kiscon_amt_pub,765,-0.013219586630647706,0.715071278179214,-0.04963851497729871,0.17020855144812205,False,valuation,kiscon,0.2707490237658907
appr_vs_rtms_all_3m,ap_pms_day,412,-0.08189810006994064,0.09689655126240503,0.06769424772091603,0.1702371830747942,False,valuation,hub,0.2707490237658907
bank_corp_loan_rate,capret_office,777,0.07494363949694038,0.03674306522726876,0.04923816449361742,0.17033689633896357,False,rates,commercial,0.2708203052965941
rtms_nrg_unit_3m,hug_sago_amt_mn,335,0.039546573758489204,0.4706647233245678,0.07507914063075119,0.17038330035865767,False,rtms_nrg,hug,0.2708203052965941
rtms_land_unit_3m,months_permit_idle,284,0.004670366826647454,0.937541909662509,-0.08154734315245447,0.17053623785334582,False,rtms_land,hub,0.27094651475126297
cci_resi,hug_sago_sgg_flag,798,0.07949206027123851,0.024729823102053426,0.04855890841692819,0.17056404874747544,False,cci,hug,0.27094651475126297
rtms_nrg_n_3m,ap_stcns_day,142,0.16903082645052653,0.04433333111260814,0.11562101830841899,0.17062272142682225,False,rtms_nrg,hub,0.27095921932557726
rtms_land_med_unit,excess_pp_med,201,-0.05375633144344028,0.4484973507340254,-0.09697446611230176,0.17084127089427206,False,rtms_land,excess,0.2712257349975275
kfb_understated,kiscon_amt_pub,425,-0.04132048174583413,0.39549319109415654,-0.06653489751230439,0.17095869939748334,False,exit,kiscon,0.27133160156673897
rtms_apt_unit_3m,ap_useapr_day,100,0.05752585125356401,0.5696974194819733,0.1377462540678989,0.17172913004312582,False,rtms_apt,hub,0.2724734891218379
rtms_fac_unit_3m,kfb_understated,405,-0.009321520712304299,0.85164790194242,-0.06795991355379083,0.1722473197860151,False,rtms_fac,exit,0.2732146006810509
discount_ratio,base_rate_chg_12m,499,-0.050972222366309085,0.2557404573774587,-0.061152044900448996,0.17260406991555902,False,site_price,rates,0.2736992769390552
bldg_area_m2,rtms_land_med_unit,286,-0.08471198983553678,0.15303144211765593,-0.0808428874574503,0.17274942427638595,False,site_price,rtms_land,0.2738485536928063
cci_resi,hug_sago_last_yr,335,0.016465893946833947,0.7639718009153433,0.07464625229635118,0.17286790845006778,False,cci,hug,0.27395515900489403
cci_civil,minbid_vs_rtms_all_3m,498,-0.02073096429416175,0.6444274083119689,-0.06116044699208211,0.17297790073577926,False,cci,valuation,0.27404824747680345
rtms_fac_n_3m,appr_vs_rtms_dae_3m,765,-0.036527401781942984,0.31298293848241754,-0.04921266143249206,0.1739080555730944,False,rtms_fac,valuation,0.27544027640679375
rentidx_office,stcns_after_exit,777,0.05340822789527483,0.13690806780060572,0.04880548789178816,0.17412788495979187,False,commercial,exit,0.27563002374500134
corp_bond_BBB3y,br_useapr_day,230,-0.035181503960436254,0.5955495735859697,-0.08992134470007755,0.17413095571546933,False,rates,hub,0.27563002374500134
hug_sago_amt_mn,kiscon_cnt_priv,335,0.19597357145863642,0.0003079125567031804,0.07434205889272924,0.17462992437824992,False,hug,kiscon,0.2763380306749045
corp_bond_AA3y,vac_office,777,0.041059747222027744,0.25296866897431236,0.04869603675386095,0.17509675715117676,False,rates,commercial,0.27696077257194807
appr_unit_land_mn_m2,kiscon_cnt_all,765,0.022695616244670154,0.5308008405466568,0.04907187384077653,0.17514420718559506,False,valuation,kiscon,0.27696077257194807
rtms_fac_n_yoy_pct,hug_sago_n,317,0.1040786710157509,0.06420163532308093,0.0763368931606305,0.1751788540935718,False,rtms_fac,hug,0.27696077257194807
ap_useapr_day,kiscon_amt_all,100,0.03173702034991307,0.753931927893556,0.13662850022256534,0.17526683946066696,False,hub,kiscon,0.277017969434285
cci_total,rtms_land_unit_3m,798,-0.0038509911446131494,0.913506978382965,-0.04802234937385126,0.17534311169030414,False,cci,rtms_land,0.27705662476597404
unsold_total,hug_sago_n,324,0.037204991817696806,0.5045596701186639,0.07543694776261975,0.17556165602376453,False,unsold,hug,0.27731999254329953
min_bid_mn,ah_supply_sum,485,0.052921668285518766,0.24471316802118812,0.06157619794009324,0.1757807667514538,False,site_price,applyhome,0.27758409917897914
ap_pms_day,kiscon_cnt_priv,425,0.06739774151020526,0.16546453623939403,0.06577499260941815,0.1759091575814045,False,hub,kiscon,0.27770483188301437
ktb_3y,stcns_after_exit,798,-0.059159482434582744,0.09491280902773078,-0.047930562218807746,0.17617054010124678,False,rates,exit,0.2780353830936737
land_area_m2,kiscon_cnt_priv,786,-0.026146596646953672,0.46417074295929794,-0.048283432935780475,0.17628132887950385,False,site_price,kiscon,0.27804853671131746
base_rate_chg_12m,hug_sago_last_yr,335,0.032667605656729715,0.551282424139503,0.0740587609759332,0.17628287627667222,False,rates,hug,0.27804853671131746
unsold_total,minbid_vs_rtms_dae_3m,484,-0.00014856938666540226,0.997398841072316,0.061542570383159016,0.17646580379925236,False,unsold,valuation,0.2782549846401069
kfb_understated,hug_sago_n,199,-0.1132187050136994,0.11133781560640257,-0.09618843807440614,0.1765376393217343,False,exit,hug,0.2782861902869438
nonbank_corp_loan_rate,rtms_land_dae_unit_3m,798,0.029506888473989808,0.4051766555919726,0.04780266909957755,0.17732829080444437,False,rates,rtms_land,0.27945015353120073
rentidx_midlarge,rtms_apt_n,798,-0.031115783720039345,0.38004077152501675,-0.047784584522492395,0.17749245658109647,False,commercial,rtms_apt,0.2796264482437015
cci_nonresi,ap_stcns_day,142,-0.13639412665222048,0.10554818645723316,-0.11376674410741303,0.17763075734629896,False,cci,hub,0.27976190265998835
rtms_land_n_3m,ap_stcns_day,142,0.04010742929760899,0.6355700595761098,-0.11358440192234705,0.17833118495185324,False,rtms_land,hub,0.28069968970784787
corp_bond_AA3y,land_chg_pct,798,-0.008938451876004332,0.8009555720143805,-0.04769301824663596,0.1783253990771505,False,rates,land_house,0.28069968970784787
nonbank_corp_loan_rate,stcns_delay_days,141,0.07319929044289424,0.3883496465152547,0.11392107599864457,0.17859953395357028,False,rates,hub,0.2809566660928921
base_rate,n_rounds_m,201,-0.00729235655368617,0.9181664995459092,0.09525533469926396,0.1785879521795432,False,rates,site_price,0.2809566660928921
bank_corp_loan_rate,rtms_land_dae_n_3m,798,-0.015920761678965827,0.6533830561750811,-0.04764711637337053,0.1787440413249081,False,rates,rtms_land,0.2811012908718481
apt_idx_yoy_pct,rtms_fac_n,737,0.037013207100074615,0.31563735415058936,-0.04957507291459849,0.1788211225734814,False,land_house,rtms_fac,0.2811398242870935
capret_midlarge,hug_sago_n,335,0.048177373944412176,0.37939838732489256,0.07348384739456035,0.1796729528276463,False,commercial,hug,0.28239602550541587
cci_nonresi,reactivated,499,-0.07574757020802994,0.09097860329929044,-0.06009303225061376,0.18017333385913975,False,cci,exit,0.2830992700983897
rtms_nrg_unit_3m,rtms_fac_n,798,0.06040500708791595,0.08814647538887295,0.04746588958893854,0.18040402635183134,False,rtms_nrg,rtms_fac,0.2833784750009525
rtms_fac_unit_3m,excess_pp_med,194,-0.05427838595656888,0.4522440773975887,-0.09652947356826218,0.18059018070745003,False,rtms_fac,excess,0.2835875759890559
rtms_nrg_med_unit,rtms_fac_n_yoy_pct,736,-0.11451365720613722,0.0018605204631791624,-0.049373475823554336,0.18089375356213952,False,rtms_nrg,rtms_fac,0.28398088675770994
appraisal_mn,reactivated,485,0.06337663591099496,0.16346099606368983,0.06083774089053798,0.1810287320277895,False,site_price,exit,0.28410937192620794
rtms_fac_n,ap_pms_day,425,0.10922116327165027,0.024337393263742988,0.06498451339110194,0.18117101052397283,False,rtms_fac,hub,0.2842492351149304
rtms_nrg_med_unit,unsold_pct_completed,697,0.053529437716841946,0.15804026241020266,0.050668023553234,0.1815062858034964,False,rtms_nrg,unsold,0.2846917307689337
unsold_pct_completed,kiscon_amt_pub,697,0.04457781157196884,0.2398507420404385,0.05062680296593725,0.1818622295382917,False,unsold,kiscon,0.2851663757598961
cci_total,rtms_land_n_3m,798,0.04249265389728844,0.23051611641057887,0.047275052741090964,0.18216436279116865,False,cci,rtms_land,0.2855563904556959
rtms_land_n_3m,hug_sago_sgg_flag,798,-0.017612286039835903,0.6193398048431501,-0.047263980159366635,0.18226688853775172,False,rtms_land,hug,0.2856333684089562
capret_office,ap_pms_day,418,0.05911170772093063,0.22782618828273468,0.06529653173378461,0.18272374675368233,False,commercial,hub,0.2861815682167368
yield_office,ap_pms_day,418,0.056683383310138405,0.2475363732255425,0.06530305667737632,0.18267992920768156,False,commercial,hub,0.2861815682167368
cci_plant,ap_stcns_day,142,-0.14645971159112006,0.08199353879017166,-0.11242538775865613,0.18283087305076567,False,cci,hub,0.28626549874156487
rtms_land_dae_n,kiscon_cnt_indiv,798,0.02281475137673029,0.5198575616835086,0.04712792532980569,0.18353016685454857,False,rtms_land,kiscon,0.2872762886918241
bank_corp_loan_rate,unsold_completed,761,-0.027613863193438087,0.44686304452837255,-0.0482289715294742,0.18383416044356435,False,rates,unsold,0.28766791217200427
rtms_fac_n_yoy_pct,ah_under_ratio,689,0.005103208663071977,0.893631265794195,0.050675864416000686,0.1839735089775439,False,rtms_fac,applyhome,0.28780174151636256
bank_corp_loan_rate,kfb_understated,425,0.06237912112314181,0.1993375158472412,0.06452068455347777,0.18431221449577612,False,rates,exit,0.2882472684729204
round_no,apt_idx_yoy_pct,198,-0.029232918613680166,0.6826669320864447,-0.09472357486759977,0.18436768962927777,False,site_price,land_house,0.2882497182595755
pms_after_exit,hug_sago_last_yr,335,0.058466530541568265,0.28595992290725947,0.0726676700182033,0.18456819368414656,False,exit,hug,0.2884788458430669
corp_bond_BBB3y,land_chg_pct,798,-0.012591812783378578,0.7224687715415902,-0.047000726629060664,0.18471706013404265,False,rates,land_house,0.28862715386812565
rtms_nrg_n_3m,pms_after_exit,798,0.030473836181037026,0.38995311004043987,0.04697524262665163,0.18495553200553785,False,rtms_nrg,exit,0.2889153460805174
cci_resi,rtms_land_dae_n_3m,798,0.016577102801513355,0.6400829050388142,0.04696184882901295,0.18508095837386337,False,cci,rtms_land,0.2890268354045115
ktb_3y,hug_sago_last_yr,335,0.026284733091538053,0.6316724147772576,0.07256544994233448,0.185188144090316,False,rates,hug,0.289109782905378
discount_ratio,ah_sale_unit_med,473,0.056769706015748794,0.21780464252335321,-0.06091945222501411,0.18595724771354755,False,site_price,applyhome,0.29022574533693485
appr_vs_rtms_dae_3m,months_permit_idle,275,-0.07042316482403829,0.24443930461541244,-0.0799789849391845,0.1860418358800108,False,valuation,hub,0.2902730366064831
bank_loan_rate_all,rtms_land_dae_n,798,-0.028647072583359363,0.41900686413713917,-0.04671648442491865,0.18738980181574774,False,rates,rtms_land,0.2922909189932331
spread_AA_KTB,months_permit_idle,284,-0.013140987714402103,0.8254905835976856,-0.07838126419008556,0.18780307068576488,False,rates,hub,0.29284494837518915
rtms_nrg_unit_3m,exited,798,-0.023743407581700966,0.5030056783930676,-0.046658342879894656,0.18794000275195136,False,rtms_nrg,exit,0.29284494837518915
round_no,cci_resi,211,-0.036616428260101766,0.5968733206756262,0.09098140807363098,0.18801883444399184,False,site_price,cci,0.29284494837518915
br_useapr_day,hug_sago_amt_mn,116,-0.10913473993409425,0.24354380477839127,-0.12310328118764693,0.1880003047649046,False,hub,hug,0.29284494837518915
bldg_area_m2,rentidx_office,284,-0.08701688886476727,0.14353768927766844,-0.07834452461872572,0.18801070440586667,False,site_price,commercial,0.29284494837518915
bldg_area_m2,bank_corp_loan_rate,286,-0.10465816627351165,0.07722243737052267,-0.07802644222489453,0.1882496423955981,False,site_price,rates,0.2930905913067794
hug_sago_n,ah_rate_med,320,-0.041815803800366376,0.4560162195931931,-0.07373636008465478,0.18828617563844907,False,hug,applyhome,0.2930905913067794
spread_BBB_KTB,apt_idx_yoy_pct,737,0.10596103998818476,0.0039788774159945405,0.04850544642476022,0.18839142964863922,False,rates,land_house,0.2931690844968783
rtms_apt_n_yoy_pct,ap_useapr_day,100,0.07053489030454528,0.48558367250278434,0.1324420254904489,0.18899304450084575,False,rtms_apt,hub,0.29401972910853136
rtms_nrg_n,ah_rate_med,730,-0.01739602717227882,0.6388946482722676,0.048656589526470076,0.18913118152712408,False,rtms_nrg,applyhome,0.2941490481749658
min_bid_mn,ap_stcns_day,103,0.01768289915097449,0.8592841546101698,-0.13020104007269234,0.18990597712814863,False,site_price,hub,0.2952681767095699
nonbank_corp_loan_rate,rtms_fac_unit_3m,765,-0.030110107418813335,0.4056171627458205,0.04738775730692813,0.19044191010802472,False,rates,rtms_fac,0.2960153759731419
rtms_nrg_n_3m,appr_vs_rtms_all_3m,765,-0.044946276353447175,0.21432980189689563,-0.047316074255359344,0.19111417198306135,False,rtms_nrg,valuation,0.29697398360750626
cd_91d,land_chg_cum12_pct,798,0.032157737724689245,0.36428456482154636,0.046270821212446404,0.1916375938899514,False,rates,land_house,0.29762671625715675
bank_corp_loan_rate,rtms_fac_unit_3m,765,-0.042524899655964135,0.240079242347994,0.04725940443833843,0.19164686831179595,False,rates,rtms_fac,0.29762671625715675
rtms_fac_n_yoy_pct,ah_rate_med,676,-0.031131345283384432,0.41902560338470424,-0.05027524686483352,0.19170121765282364,False,rtms_fac,applyhome,0.29762671625715675
n_rounds_m,kiscon_amt_priv,201,-0.07734527364262118,0.27511659514713827,-0.0924186822846243,0.19193248414585679,False,site_price,kiscon,0.2978992721996796
bank_loan_rate_all,pms_after_exit,798,0.08964281438721948,0.011294813228210347,0.04622856571296575,0.19204398768932238,False,rates,exit,0.29789939140551397
apt_idx,rtms_apt_n,798,-0.06784825972277107,0.05538522235041663,-0.04623312648133914,0.1920000939077997,False,land_house,rtms_apt,0.29789939140551397
rtms_nrg_n_yoy_pct,ah_rate_med,730,0.017248826526152367,0.6417355346085398,0.04825398070755927,0.19282231733889565,False,rtms_nrg,applyhome,0.2990199915345345
base_rate_chg_12m,rtms_nrg_n_yoy_pct,797,0.040752978487665764,0.25048312584805066,0.04610133764419134,0.19355156999190112,False,rates,rtms_nrg,0.30006385756645265
bank_loan_rate_all,ktb_3y,798,-0.18987031480946792,6.500584582121231e-08,-0.04600864192022528,0.1941693289052482,True,rates,rates,0.3009343193206847
round_no,rtms_nrg_n_3m,211,0.046108861063321654,0.5053180278159669,0.08966584293797986,0.19451104457863744,False,site_price,rtms_nrg,0.3012020142953879
min_bid_mn,kfb_understated,285,-0.04240704095240651,0.475791440757264,-0.07708376839749113,0.1944468101727596,False,site_price,exit,0.3012020142953879
base_rate_chg_12m,ap_stcns_day,142,-0.10663372670379521,0.2065673051206333,-0.10951397040586339,0.19450014348387332,False,rates,hub,0.3012020142953879
ktb_3y,land_chg_pct,798,-0.01602136830907916,0.6513370716057164,-0.04592008577648572,0.1950299831812228,False,rates,land_house,0.30175769361849847
rtms_fac_n_3m,hug_sago_last_yr,335,-0.011791262115889583,0.8297545793836848,0.07097660263163623,0.1950222402699775,False,rtms_fac,hug,0.30175769361849847
rtms_apt_n,hug_sago_n,335,0.1946676130705505,0.000338331893942034,0.07097391414751435,0.19503919752113907,False,rtms_apt,hug,0.30175769361849847
cci_nonresi,br_useapr_day,230,-0.030451526589417237,0.6459393084024941,-0.08571009779277833,0.1952648925185024,False,cci,hub,0.30201949097380165
bank_corp_loan_rate,rtms_land_dae_unit_3m,798,0.007945219781222763,0.8226830866031476,0.04588773094119417,0.195345126981859,False,rates,rtms_land,0.30205621572353963
minbid_unit_land_mn_m2,kiscon_cnt_priv_yoy_pct,498,0.00525548417406037,0.9068703407591492,0.05799728110412193,0.1963233094203671,False,valuation,kiscon,0.3034809874156412
base_rate,ah_sale_unit_med,733,0.042777156436257575,0.24739474401171838,-0.04775973645076529,0.19650398301186128,False,rates,applyhome,0.3036724847296018
rtms_land_dae_n,rtms_apt_n_3m,798,0.05152828193822745,0.14586275737235294,0.045732381244436245,0.19686346129071516,False,rtms_land,rtms_apt,0.3041401119680595
vac_midlarge,months_permit_idle,284,0.07074221926411717,0.23467560948224972,0.07677565234670453,0.19703508359280186,False,commercial,hub,0.30431732870326733
rtms_land_unit_3m,excess_pp_med,201,-0.04346964626049697,0.5400517888298472,-0.09121858138515153,0.19779206365940852,False,rtms_land,excess,0.3053982571143105
unsold_pct_completed,stcns_after_exit,697,-0.042554241424610326,0.261881155973285,-0.04879430038504626,0.1982125459222532,False,unsold,exit,0.3058088973269665
rtms_land_dae_n,stcns_after_exit,798,-0.03983442564826738,0.2610297170718635,-0.045593350886439864,0.1982295938162083,False,rtms_land,exit,0.3058088973269665
cci_resi,rtms_land_dae_med_unit,797,-0.026741786440224163,0.45090787220044737,-0.04562213126514627,0.19822835167882125,False,cci,rtms_land,0.3058088973269665
round_no,reactivated,156,0.03239434383158478,0.6880840018485318,0.10352289894132016,0.19842213990326496,False,site_price,exit,0.30601764697512485
bank_corp_loan_rate,rtms_land_dae_n,798,-0.029229357756977877,0.40961071165644763,-0.04555440965767347,0.1986134737315217,False,rates,rtms_land,0.3062244071633352
stcns_after_exit,kiscon_amt_all,798,0.04990424959500423,0.15901040114827597,0.045529291778333515,0.19886137167397488,False,exit,kiscon,0.3065182341714453
apt_idx,months_permit_idle,284,0.12707723509256685,0.03229138141936633,0.07639077249979949,0.19929637708472892,False,land_house,hub,0.3070478085700473
cci_total,kiscon_amt_indiv,798,0.03254329102379737,0.3585591369359363,-0.045477097444224915,0.19937721925476048,False,cci,kiscon,0.3070478085700473
appr_vs_rtms_all_3m,hug_sago_last_yr,319,0.11574906108038956,0.03881163201733143,0.07204947354455066,0.1993303511803382,False,valuation,hug,0.3070478085700473
appr_vs_rtms_all_3m,kiscon_cnt_all,765,0.00045515710943772394,0.9899721009904688,-0.04641303264391689,0.1997328760124922,False,valuation,kiscon,0.3075069645951039
exited,kiscon_cnt_pub,798,0.01527004972909509,0.6666785595288973,0.045399645563363636,0.20014448983661626,False,exit,kiscon,0.3080519824860066
cci_plant,appr_unit_land_mn_m2,765,-0.007391136938118905,0.8382775039046181,-0.04635621396534512,0.20028448245790306,False,cci,valuation,0.30817874178486554
br_useapr_day,ah_supply_sum,221,0.10768931359719117,0.11038072228210198,0.08644273064903579,0.2004840394430646,False,hub,applyhome,0.3083314594025933
base_rate_chg_12m,stcns_delay_days,141,0.12037966147009285,0.15506072915969915,0.10845360174136245,0.2004990619679852,False,rates,hub,0.3083314594025933
bank_loan_rate_all,rtms_land_dae_unit_3m,798,0.004341605463463034,0.9025395725229115,0.045354060927695054,0.20059707495234153,False,rates,rtms_land,0.30839349044570735
discount_ratio,unsold_completed,485,-0.057990263806390566,0.20235146276237248,-0.058137778954840014,0.20120385877516567,False,site_price,unsold,0.3091485726640261
cd_91d,rtms_apt_n_3m,798,-0.044495451845915406,0.2092614422382766,-0.04529764113036619,0.2011582683495212,False,rates,rtms_apt,0.3091485726640261
corp_bond_AA3y,minbid_vs_rtms_dae_3m,498,-0.011708398883894786,0.7943732549917768,-0.057316752881440065,0.20163353844390391,False,rates,valuation,0.30971977307082854
min_bid_mn,exited,502,-0.09902442345059663,0.026513817973653344,-0.057044205289484354,0.20197363591981943,False,site_price,exit,0.31015308192512187
rtms_land_dae_med_unit,kiscon_cnt_pub,797,0.013244363653259338,0.7089001330190792,-0.045182064079014234,0.2025953348321765,False,rtms_land,kiscon,0.3110184482766718
house_idx,months_permit_idle,284,0.13312415555205387,0.024861456753716447,0.07574115880384377,0.20315574880951817,False,land_house,hub,0.31169979594963954
yield_office,rtms_nrg_n_yoy_pct,776,-0.058260567112058126,0.10486480851789862,-0.045734053889621984,0.20315450451821107,False,commercial,rtms_nrg,0.31169979594963954
land_chg_cum12_pct,stcns_after_exit,798,0.021207251799272873,0.5497000916874327,0.045088230781635444,0.20325121505346605,False,land_house,exit,0.31175681207426365
stcns_delay_days,ah_n_pblanc,134,-0.02508677414467851,0.7735572218091579,0.11057037934598361,0.20342391184613662,False,hub,applyhome,0.3119322215776577
corp_bond_AA3y,br_useapr_day,230,-0.03385512840178395,0.6094998806826503,-0.08406709336872183,0.20399775434890113,False,rates,hub,0.3126775680538141
appraisal_mn,house_idx,768,-0.0360056764135106,0.31899928628198015,-0.04588361833129873,0.20402693752379977,False,site_price,land_house,0.3126775680538141
appr_vs_rtms_all_3m,ah_rate_med,701,-0.011241379619415622,0.7663828808447827,-0.04799755768302556,0.204346050239363,False,valuation,applyhome,0.3130768855672991
rtms_nrg_unit_3m,rtms_fac_n_yoy_pct,737,-0.03428208990514381,0.35269485297988623,-0.04679867694691949,0.20443487718087228,False,rtms_nrg,rtms_fac,0.31312325645549244
cci_civil,reactivated,499,-0.07345089770181057,0.10124071637927443,-0.05688283082859393,0.20461704605201467,False,cci,exit,0.31331252727380365
nonbank_corp_loan_rate,unsold_total,761,-0.035258750124687724,0.3313694869890974,-0.045999497619045884,0.20496308403466149,False,rates,unsold,0.3137458954394061
cci_bldg,ap_stcns_day,142,-0.13450298951593312,0.11051512157948236,-0.10699675128078373,0.20501742260431735,False,cci,hub,0.3137458954394061
bank_facility_loan_rate,n_rounds_m,201,0.015028551858212984,0.8323023845434292,0.0895987214063122,0.20590562918829625,False,rates,site_price,0.3149312335699292
rtms_fac_n_yoy_pct,months_permit_idle,265,0.03355738765682813,0.5865477831153011,0.07795195606498263,0.2059097797943655,False,rtms_fac,hub,0.3149312335699292
rtms_land_n,appr_vs_rtms_dae_3m,765,0.02221105426273323,0.5396128647659048,-0.04572807366597677,0.2064566854405466,False,rtms_land,valuation,0.3156774083644846
hug_sago_last_yr,kiscon_cnt_priv,335,-0.05576966372149959,0.30880658198726857,0.06909125793339896,0.20717962594928457,False,hug,kiscon,0.31669224126667367
rtms_apt_n_yoy_pct,ap_stcns_day,142,0.08222612117508485,0.33064008812182083,0.10643405370059134,0.20742335962413402,False,rtms_apt,hub,0.31697419374399677
unsold_total,hug_sago_last_yr,324,0.14287862447445093,0.01002110484485204,0.07018785007157329,0.20765025572570261,False,unsold,hug,0.31723026210438054
kfb_understated,kiscon_cnt_pub,425,-0.057243205566217675,0.2389604500291316,-0.06116556404854853,0.20823802237237984,False,exit,kiscon,0.31803733379751925
cd_91d,ah_sale_unit_med,733,0.02857444831856909,0.439841285573141,0.04645095077299482,0.2090639269262599,False,rates,applyhome,0.31920754348221353
bldg_area_m2,bank_facility_loan_rate,286,-0.09487869303181616,0.10934786873347394,-0.07448669154249102,0.20914754774420743,False,site_price,rates,0.31924405874629663
rtms_land_dae_n_3m,appr_vs_rtms_dae_3m,765,0.006070798702240084,0.8668688840483038,-0.04544178552909416,0.209315076139144,False,rtms_land,valuation,0.3194085936404118
rtms_apt_n,ap_pms_day,425,0.02500693131229973,0.6071868498339253,0.06095746169648803,0.20979268893502542,False,rtms_apt,hub,0.31998107041639223
capret_office,stcns_delay_days,135,-0.04267414672464397,0.623113818533829,0.10862514411074925,0.2098099182494616,False,commercial,hub,0.31998107041639223
ktb_3y,rtms_nrg_unit_3m,798,0.01855097297448944,0.6007877457062928,0.04442626104972813,0.20997126025829255,False,rates,rtms_nrg,0.32013582224154274
bldg_area_m2,ah_supply_sum,268,0.0347734114888551,0.5708664765069964,0.07678949360638129,0.21017905999888647,False,site_price,applyhome,0.32036129812259007
rtms_land_dae_unit_3m,br_useapr_day,230,-0.0925525158813821,0.16181737237889784,-0.08285087001209282,0.21064165377564464,False,rtms_land,hub,0.3209748996119612
bank_facility_loan_rate,unsold_completed,761,-0.03549142170829739,0.3281865560004984,-0.0454054998632733,0.2108787269087804,False,rates,unsold,0.32124460193197973
appraisal_mn,unsold_total,737,0.01635715078896021,0.657522967437805,0.04596918301645277,0.21258076781275356,False,site_price,unsold,0.3237451909697503
cci_civil,kiscon_amt_indiv,798,0.02934680787864174,0.4077307281419278,-0.04410120911399958,0.21332920583154155,False,cci,kiscon,0.3247925010197189
base_rate_chg_12m,vac_office,777,0.04041840591967029,0.2604628851227174,0.044665383914237,0.21362791951913507,False,rates,commercial,0.3249696972030769
spread_BBB_KTB,house_idx_yoy_pct,737,0.11812959791654981,0.0013146423119586375,0.04586911269819,0.21357908489009403,False,rates,land_house,0.3249696972030769
land_chg_pct,stcns_after_exit,798,0.01890285438386087,0.5938983808319839,0.044080713148257726,0.21354222837679657,False,land_house,exit,0.3249696972030769
rtms_apt_n_3m,kiscon_cnt_priv_yoy_pct,798,-0.0811510363430637,0.021870140129906297,-0.04405255832264466,0.21383510215219892,False,rtms_apt,kiscon,0.3251923467598998
ktb_3y,rtms_land_dae_unit_3m,798,-0.04899991361165153,0.1667095477141817,-0.044016268600623826,0.21421302373544598,False,rates,rtms_land,0.3256744492219021
discount_ratio,ap_pms_day,281,0.03578860128309489,0.5502113054584264,0.0743133860071215,0.21427922962712004,False,site_price,hub,0.325682501653272
spread_AA_KTB,appr_vs_rtms_dae_3m,765,-0.03625688817066274,0.31658250508810953,-0.04493391091813814,0.2144560407409831,False,rates,valuation,0.3258586103557933
br_useapr_day,reactivated,158,-0.11284492131848092,0.15804153603461824,-0.09923192685673013,0.21479570348564903,False,hub,exit,0.32628199617550147
n_rounds_m,kiscon_amt_indiv,201,-0.07689122717623151,0.27795289072813184,-0.08784253972913873,0.21497012427188095,False,site_price,kiscon,0.3263615146171912
rtms_nrg_n_yoy_pct,ap_stcns_day,142,0.00157737232537708,0.9851359237512392,-0.1047008726129719,0.21496112080257795,False,rtms_nrg,hub,0.3263615146171912
bldg_area_m2,ah_sale_unit_med,261,-0.1047292179599501,0.09131961548184024,-0.07698317483957991,0.21513374846291997,False,site_price,applyhome,0.32651721630179764
house_idx,kiscon_cnt_indiv,798,-0.1717267870678475,1.0620317613449775e-06,-0.04391686607090524,0.21525066434715465,False,land_house,kiscon,0.32660195864478886
land_area_m2,kiscon_cnt_priv_yoy_pct,786,-0.009309283833149561,0.7944144954363496,-0.04422363773050667,0.21554072538339708,False,site_price,kiscon,0.3269492932269572
reactivated,hug_sago_sgg_flag,499,0.05550474315948342,0.21581736075753627,0.055504743159483415,0.21581736075753447,False,exit,hug,0.3272760714607308
spread_BBB_KTB,unsold_completed,761,0.02777246513559211,0.44425621487817213,0.044899413421389964,0.21601529072763231,False,rates,unsold,0.327483345483598
rtms_land_dae_med_unit,n_rounds_m,201,0.0041948522439717514,0.952871153286934,-0.08757160839844164,0.21639355721707434,False,rtms_land,site_price,0.3279638181518414
ap_stcns_day,kiscon_amt_priv_yoy_pct,142,-0.1353112695183302,0.108370336082894,-0.10431838621450787,0.2166505662817033,False,hub,kiscon,0.32826029410832175
cci_total,minbid_vs_rtms_all_3m,498,-0.020564846173325747,0.6470828433933574,-0.05544000947665167,0.21681730266008195,False,cci,valuation,0.32841986326443573
kfb_understated,kiscon_amt_indiv,425,-0.055489349304174394,0.25368156032237815,-0.060000217733152734,0.21705181976415677,False,exit,kiscon,0.328681982520234
bldg_area_m2,vac_office,284,0.032983635021893304,0.5798873665896861,0.0734388116650324,0.21726952261839094,False,site_price,commercial,0.3289184987090986
discount_ratio,ap_stcns_day,101,0.03933917092900256,0.696104792138047,0.12379221777855719,0.21744108354083172,False,site_price,hub,0.3290850477477575
ah_sale_unit_med,kiscon_amt_pub,733,0.002738730876512871,0.9409929451238463,0.04560192002909235,0.2175162187867171,False,applyhome,kiscon,0.329102751694847
corp_bond_AA3y,reactivated,499,-0.0619149429196535,0.16729999795611641,-0.055293083156411356,0.2175758794167354,False,rates,exit,0.329102751694847
nonbank_corp_loan_rate,n_rounds_m,201,0.003938987514212625,0.9557427513378293,0.0872591519704418,0.21804350182224777,False,rates,site_price,0.3297167998426354
rtms_land_dae_n_3m,stcns_after_exit,798,-0.036338079029318016,0.3052499378816192,-0.04364007012879173,0.2181591096355213,False,rtms_land,exit,0.32979834866302865
ap_pms_day,hug_sago_last_yr,199,-0.018466577132162158,0.7957246421491118,-0.08766177369439691,0.21824700120368595,False,hub,hug,0.32983796366198664
rtms_land_dae_n,appr_vs_rtms_dae_3m,765,0.007995711399747422,0.8252541199647357,-0.044525117288711696,0.21865958412853415,False,rtms_land,valuation,0.33036812555390566
discount_ratio,kiscon_cnt_priv,499,0.03245915573161169,0.4694004978165284,0.055152189002746495,0.2187521398485986,False,site_price,kiscon,0.33041460219504426
stcns_after_exit,kiscon_amt_priv_yoy_pct,798,-0.027254644389827245,0.4419826572578878,-0.04357713680581853,0.21882429933510747,False,exit,kiscon,0.33043025375453816
spread_BBB_KTB,hug_sago_sgg_flag,798,0.060914798811443155,0.08549145356839045,0.04355245353102777,0.21908559204745068,False,rates,hug,0.33073141182318433
hug_sago_amt_mn,kiscon_amt_all,335,0.20666674668226684,0.00013913999120630427,0.0672548016917914,0.21953915689209497,False,hug,kiscon,0.3313225718041298
rtms_land_n_yoy_pct,reactivated,499,0.09552588567885273,0.03289062698486855,0.055043135089600036,0.21966570223235873,False,rtms_land,exit,0.331420008418855
yield_midlarge,kiscon_cnt_priv_yoy_pct,798,-0.04843423503574121,0.1716657171268008,-0.043483228363119006,0.21981959007525598,False,commercial,kiscon,0.3315586313490532
n_rounds_m,kiscon_amt_all,201,-0.08843207025414071,0.21189598827612538,-0.0869030275299944,0.21993495770589463,False,site_price,kiscon,0.3316390916112292
rtms_fac_n_yoy_pct,excess_pp_med,190,-0.02138621624925819,0.7696162807606475,-0.08933730489962788,0.22029045431442978,False,rtms_fac,excess,0.3320814940003541
bldg_area_m2,rtms_land_dae_unit_3m,286,-0.0891562820862697,0.13253933175385152,-0.07268798875375188,0.2203855136036337,False,site_price,rtms_land,0.33213115592971515
rtms_apt_n_yoy_pct,reactivated,499,0.07013260367506768,0.11766693357249429,0.05492605246909893,0.22064955779048448,False,rtms_apt,exit,0.3324353861667288
cci_resi,land_chg_pct,798,0.0013985377604511795,0.9685354159066054,-0.043376016664482535,0.22095983484746654,False,cci,land_house,0.3328090808251841
rtms_fac_n,appr_vs_rtms_dae_3m,765,-0.03686203735325966,0.30856749852458776,-0.04428167061278151,0.22119079015085433,False,rtms_fac,valuation,0.3330631244541307
bank_loan_rate_all,rtms_fac_med_unit,733,-0.03431869101975721,0.3534952969881375,0.04522710338442398,0.22132461324554395,False,rates,rtms_fac,0.3331708071576361
cci_bldg,kfb_understated,425,-0.06797190771680116,0.1618825876471061,-0.05937903171689188,0.22185780945210024,False,cci,exit,0.3338794559922263
n_rounds_m,ah_n_pblanc,196,-0.07177527918844112,0.3174476984142202,-0.08747209960844403,0.22280071531483103,False,site_price,applyhome,0.3352041150220601
rtms_fac_unit_3m,rtms_nrg_n_yoy_pct,765,-0.04795703772774989,0.1851646603633037,-0.044091314774258775,0.22318454257030992,False,rtms_fac,rtms_nrg,0.33568713055511873
rtms_land_n_3m,ah_rate_med,730,0.07926447448366476,0.03224920100436225,-0.04507206852158204,0.22386627634832976,False,rtms_land,applyhome,0.33661782329429674
cci_plant,rtms_fac_med_unit,733,-0.03966067860028136,0.28355769035441575,-0.0449574523266537,0.2240937915107525,False,cci,rtms_fac,0.3368651962912549
bank_loan_rate_all,kiscon_amt_all,798,-0.0011335026901412304,0.9744959638468381,0.043063713583906,0.2243054222007681,False,rates,kiscon,0.3369938444808955
rtms_fac_n,appr_vs_rtms_all_3m,765,-0.032299024589667595,0.372329242766758,-0.04398560034468418,0.22429730268973472,False,rtms_fac,valuation,0.3369938444808955
vac_office,hug_sago_amt_mn,335,-0.18394183046483611,0.0007169472100701283,-0.06654941096270756,0.22442384872604476,False,commercial,hug,0.3370770559376858
rtms_land_n_yoy_pct,unsold_pct_completed,697,-0.02818409586374398,0.45754614698174345,-0.04598256742172604,0.22534512974530282,False,rtms_land,unsold,0.33836574241733625
hug_sago_sgg_flag,kiscon_amt_priv_yoy_pct,798,-0.011161519004397264,0.7529012694221012,0.0429489543705232,0.22554382946641788,False,hug,kiscon,0.3385690219418687
exited,kiscon_amt_all,798,-0.09906029457215586,0.005096838717854314,-0.04282382263954195,0.22689971483064475,False,exit,kiscon,0.34050877777138855
cci_nonresi,rtms_land_dae_med_unit,797,-0.02718579981519085,0.44342375371935583,-0.042830065792632675,0.2271241454599356,False,cci,rtms_land,0.34074959205560446
cd_91d,rtms_land_n,798,-0.011863960997184453,0.7379040625797638,-0.042797319485031744,0.22718763711954926,False,rates,rtms_land,0.34074959205560446
cci_resi,rtms_apt_n_3m,798,0.12480464476542387,0.0004094879495816486,0.042765790227477604,0.22753049998628203,False,cci,rtms_apt,0.3411681389306365
bldg_area_m2,reactivated,193,0.0877655402795275,0.22486198371725002,0.0872504058633506,0.22760560191549603,False,site_price,exit,0.34118507245364654
rtms_fac_n_3m,appr_vs_rtms_all_3m,765,-0.030937137562862562,0.3928367255814535,-0.04366746729667017,0.2276698623256475,False,rtms_fac,valuation,0.34118574939888935
excess_pp_med,ah_supply_sum,196,0.00146541061404281,0.9837366218188327,-0.08643569126058867,0.22835184860708047,False,excess,applyhome,0.34201606008461044
base_rate,capret_midlarge,798,-0.012294859136786445,0.72875296491426,-0.0426941798182069,0.2283105897888529,False,rates,commercial,0.34201606008461044
base_rate_chg_12m,rtms_nrg_n,798,-0.060523430771968145,0.08752387600837007,-0.04264910080080854,0.22880263332695885,False,rates,rtms_nrg,0.3425161694318404
unsold_total,exited,761,-0.05665575281548704,0.1183813450284989,-0.04367491408539441,0.2288138689378219,False,unsold,exit,0.3425161694318404
bank_corp_loan_rate,hug_sago_n,335,-0.024750193474415243,0.6517165198566289,-0.0658562514500924,0.22929868699215594,False,rates,hug,0.3430760197256184
cci_civil,ap_stcns_day,142,-0.13600009709306057,0.10656835738917188,-0.10151627957323725,0.22931619496902195,False,cci,hub,0.3430760197256184
bldg_area_m2,capret_office,284,-0.07207639883685374,0.22594465973068906,-0.0714834808297152,0.22979585386186327,False,site_price,commercial,0.3436974631047225
appraisal_mn,house_idx_yoy_pct,711,0.08259607424001825,0.027645623590542207,0.04503890783051617,0.23035716144963725,False,site_price,land_house,0.34444064381185974
bank_corp_loan_rate,rtms_apt_n_yoy_pct,798,0.024552279404731783,0.48856567740234474,0.042389729704644157,0.23164834604164894,False,rates,rtms_apt,0.3462744496183106
stcns_after_exit,kiscon_amt_pub,798,0.05895576976332684,0.09605800256633802,0.042380657478084546,0.23174833483747645,False,exit,kiscon,0.34632709513023663
rtms_land_n,hug_sago_amt_mn,335,0.13689525294172383,0.012140036916921554,0.06548756080861949,0.2319219545505378,False,rtms_land,hug,0.34648971527849276
cci_nonresi,kfb_understated,425,-0.0683546253859513,0.15952759472548095,-0.05808136014807213,0.23214160483905608,False,cci,exit,0.34671505899121763
cci_plant,reactivated,499,-0.07757912311481419,0.0834071681876956,-0.05357827047782934,0.23220247358285961,False,cci,exit,0.34671505899121763
rtms_fac_unit_3m,kiscon_amt_pub,765,-0.014785086034847355,0.6830615927275933,0.043226426616815,0.23240480601342484,False,rtms_fac,kiscon,0.34692029529698004
unsold_total,minbid_vs_rtms_all_3m,484,0.07322913905024307,0.10760841903313788,0.05436407990290132,0.23255614060337934,False,unsold,valuation,0.346990507495564
cd_91d,rentidx_midlarge,798,0.010730787617874769,0.7621440918222682,0.04230503219849324,0.23258302296710323,False,rates,commercial,0.346990507495564
rtms_fac_unit_3m,kiscon_amt_priv_yoy_pct,765,-0.04355581709310245,0.22886198441608366,0.04320408309859214,0.2326465250367677,False,rtms_fac,kiscon,0.346990507495564
ktb_3y,rtms_fac_unit_3m,765,-0.04597076639367691,0.2040558070725078,-0.04318984867031051,0.2328006102436562,False,rates,rtms_fac,0.3471234977615253
rtms_land_n,br_useapr_day,230,0.11561433495690082,0.0801706014122831,0.07896698420117547,0.23289584960045404,False,rtms_land,hub,0.34716869467901523
unsold_pct_completed,stcns_delay_days,123,0.15154042540387447,0.09429148339299308,0.10832270474404261,0.23302474853059513,False,unsold,hub,0.3472640274228239
rtms_apt_n_3m,ap_pms_day,425,0.011254135034197168,0.8170553686640228,0.057853116494355074,0.23398470540348085,False,rtms_apt,hub,0.34855668082496405
unsold_completed,minbid_vs_rtms_dae_3m,484,0.007172474888981439,0.8749387077290505,0.05419403987593926,0.2340225330393905,False,unsold,valuation,0.34855668082496405
cci_resi,kiscon_amt_indiv,798,0.036742627126239935,0.299893590502151,-0.0421299844733389,0.2345232139183699,False,cci,kiscon,0.3492051308330615
house_idx,kiscon_amt_indiv,798,-0.14030935955810267,6.977239940234897e-05,-0.04211411108682918,0.23469971526221442,False,land_house,kiscon,0.349370650753636
appraisal_mn,rtms_nrg_n,768,0.06420199670527,0.07537846047486318,0.042886797833360364,0.23517865768916454,False,site_price,rtms_nrg,0.34998616272306227
yield_office,stcns_delay_days,135,-0.025642110409457783,0.7678315734365654,0.10282399628825419,0.23532790343462137,False,commercial,hub,0.35011082350164735
bldg_area_m2,apt_idx_yoy_pct,276,-0.11482601996551559,0.05674343155611997,-0.07156684043756655,0.23598510842137596,False,site_price,land_house,0.350990924820333
ap_pms_day,kiscon_amt_all,425,0.03577030347890181,0.4620427938261606,0.05755856643433189,0.23637847867112022,False,hub,kiscon,0.3514782328850055
rtms_fac_unit_3m,stcns_delay_days,137,0.15606839828595445,0.06858064293429184,0.10171344566164818,0.23693319657468512,False,rtms_fac,hub,0.3522051159535283
rentidx_midlarge,rtms_nrg_n_yoy_pct,797,-0.040251593141111014,0.25636409043796277,0.04191930415532821,0.23716841114017356,False,commercial,rtms_nrg,0.35235884811517315
bank_loan_rate_all,ap_pms_day,425,-0.024473402423147658,0.6148788167971687,-0.057466673836663054,0.23712879810128523,False,rates,hub,0.35235884811517315
rtms_land_dae_n_3m,appr_vs_rtms_all_3m,765,0.01783909423911338,0.6222688561332198,-0.0427706723634561,0.2373705492272276,False,rtms_land,valuation,0.35250121104646914
rtms_nrg_unit_3m,kiscon_cnt_pub,798,0.03710207198935117,0.29518722191357855,0.04187265884180469,0.23739608396826922,False,rtms_nrg,kiscon,0.35250121104646914
corp_bond_BBB3y,rtms_nrg_unit_3m,798,0.0174646140289103,0.6222809444629325,0.041866269584118876,0.23746773015015157,False,rates,rtms_nrg,0.3525097038070129
stcns_delay_days,kiscon_cnt_priv,141,-0.017593469388684953,0.8359573359015148,0.10001391432782304,0.2380045718556099,False,hub,kiscon,0.35320856111905247
bank_corp_loan_rate,hug_sago_sgg_flag,798,-0.032812789771393604,0.354590837753999,-0.041804377601489674,0.23816254748295365,False,rates,hug,0.3533449337933833
excess_pp_med,kiscon_amt_all,201,0.021445729988123205,0.7625116530760994,-0.08355367845124015,0.2382974056551797,False,excess,kiscon,0.35344694259035947
rtms_apt_n_yoy_pct,pms_after_exit,798,0.06833013987274081,0.05367122531267104,0.041728163847414304,0.23902011178665797,False,rtms_apt,exit,0.3544205595461065
n_rounds_m,ah_sale_unit_med,194,0.05538731751601567,0.44304607980264615,-0.08485269933642685,0.2394564931290275,False,site_price,applyhome,0.354969190119465
rtms_apt_n,unsold_completed,761,-0.10276783809184654,0.004542084616303114,0.04261244513311308,0.24034790548796822,False,rtms_apt,unsold,0.35599452926431197
rtms_nrg_n_3m,n_rounds_m,201,0.055059687295428594,0.43755625416144456,-0.08320766693678576,0.24025384307643885,False,rtms_nrg,site_price,0.35599452926431197
spread_BBB_KTB,months_permit_idle,284,0.022004887239462586,0.7119472298338918,0.06989869697648168,0.24031681157206386,False,rates,hub,0.35599452926431197
rtms_fac_med_unit,ah_rate_med,677,-0.020369911922988725,0.5967466530407393,0.04516031935043635,0.2406098750424696,False,rtms_fac,applyhome,0.35628385540074353
ap_useapr_day,kiscon_amt_indiv,100,0.0392128911653533,0.6984986559802796,0.11807330871325723,0.24200653874230962,False,hub,kiscon,0.3582527582101688
br_useapr_day,pms_after_exit,230,-0.08539755162283386,0.1969048036634424,-0.07741568477101975,0.24223202737811125,False,hub,exit,0.3584873098230725
capret_midlarge,exited,798,-0.0036241276508494243,0.9185840763087282,-0.04138887688736002,0.24286417846837624,False,commercial,exit,0.35932339852529266
bank_facility_loan_rate,appr_vs_rtms_dae_3m,765,-0.015353295590262817,0.6715791104317667,0.042242063849743175,0.24322323250642522,False,rates,valuation,0.35975508276953133
bank_loan_rate_all,land_chg_cum12_pct,798,0.056108110926863485,0.11324942466101354,0.04133380796437629,0.24349216967302303,False,rates,land_house,0.3600532719141743
cci_nonresi,rtms_land_dae_n,798,0.006188011008204118,0.8614472879800694,0.0413095701232556,0.24376893211773715,False,cci,rtms_land,0.36034636633144246
land_area_m2,spread_AA_KTB,786,-0.008095556905529308,0.8207293203260198,-0.04161948243271584,0.2438251642766334,False,site_price,rates,0.36034636633144246
rtms_nrg_n,appr_vs_rtms_all_3m,765,-0.04497250420323286,0.2140622185733544,-0.0421602816064222,0.24413767886238186,False,rtms_nrg,valuation,0.36070852967039396
base_rate,kiscon_cnt_indiv,798,-0.006153847581368083,0.8622045668845996,0.04124812594588491,0.2444715272548495,False,rates,kiscon,0.36110200448388957
cci_civil,rtms_land_med_unit,798,-0.0002860009968123356,0.9935638961626586,-0.041226244475751087,0.24472207738542248,False,cci,rtms_land,0.36137225843133225
rtms_nrg_n_yoy_pct,minbid_vs_rtms_all_3m,498,-0.01455724681672077,0.7458933033178219,0.052213696549823135,0.24480445481297158,False,rtms_nrg,valuation,0.36139409715211457
rtms_fac_med_unit,stcns_delay_days,130,0.1593613533594792,0.07013432176290002,0.10263115853702673,0.2452579726034004,False,rtms_fac,hub,0.36196367085574993
cd_91d,rtms_land_n_3m,798,-0.0005470895320664401,0.9876887712706713,-0.04114925066294093,0.24560511206078664,False,rates,rtms_land,0.36237597521772247
apt_idx,ap_useapr_day,100,-0.03159220670278759,0.7550192115675661,-0.11713382179940694,0.24579977218195243,False,land_house,hub,0.362563139822593
cci_plant,rtms_land_dae_n_3m,798,0.013062583409793844,0.7125445644999073,0.041103093466027266,0.24613555260274417,False,cci,rtms_land,0.36295830109400806
br_useapr_day,hug_sago_last_yr,116,-0.07124108671039883,0.4472863855577634,-0.10839859171951716,0.24675727540330575,False,hub,hug,0.3637747867608149
rentidx_midlarge,ap_useapr_day,100,0.07479920776677988,0.4595275873234795,0.11678416219953915,0.24722196867704196,False,commercial,hub,0.3642818547262963
rtms_land_n_yoy_pct,kiscon_cnt_pub,798,0.0001935008569524982,0.9956454735065392,0.041007428584298435,0.24723748846114257,False,rtms_land,kiscon,0.3642818547262963
appraisal_mn,pms_after_exit,768,0.023220867750887848,0.5205135194809247,0.041723062513164225,0.24813834389553951,False,site_price,exit,0.3655084641348346
spread_BBB_KTB,unsold_total,761,0.032413241197657844,0.37189794349031435,0.041850219532146515,0.24887050955304937,False,rates,unsold,0.36648598583865466
ktb_3y,rtms_apt_n_3m,798,0.11234085103461326,0.0014798957958477455,0.04078884879880657,0.24976817190272224,False,rates,rtms_apt,0.3677066121045859
land_area_m2,kiscon_cnt_indiv,786,-0.024473879505867074,0.4932475239164045,-0.0410281376538317,0.25059500326968714,False,site_price,kiscon,0.36882231832728246
apt_idx,kiscon_amt_pub,798,-0.0696669034213294,0.04914647747840168,-0.04062432900233204,0.2516848336032065,False,land_house,kiscon,0.3703243822994896
rtms_apt_n,stcns_delay_days,141,-0.1257746661438791,0.13725134463946762,-0.09701369537798518,0.25244904351191816,False,rtms_apt,hub,0.37134663979593574
cci_total,appr_unit_land_mn_m2,765,-0.009284711984424475,0.7976512193990464,-0.041391109347089346,0.2528561489149447,False,cci,valuation,0.3718431870869662
corp_bond_AA3y,rtms_land_dae_unit_3m,798,-0.044664589837487056,0.2075335883360531,-0.040508193278455014,0.2530439688821009,False,rates,rtms_land,0.372017074955346
bank_facility_loan_rate,rtms_land_dae_unit_3m,798,-4.5410105428935615e-05,0.9989780901433892,0.040483907376060065,0.2533288305078049,False,rates,rtms_land,0.3723334955264521
round_no,base_rate_chg_12m,211,-0.06504240065247817,0.3471257653208315,-0.07896386984791039,0.25345948551780345,False,site_price,rates,0.3724231572035435
spread_BBB_KTB,rtms_nrg_med_unit,797,-0.038819950876210596,0.27368056983381445,-0.04048779504406508,0.25358175835897934,False,rates,rtms_nrg,0.3725004565784238
bank_loan_rate_all,appr_unit_land_mn_m2,765,-0.028489941073549383,0.43136147129409347,0.041215823038165775,0.25487291926006295,False,rates,valuation,0.3742942870869422
cci_bldg,rtms_land_dae_med_unit,797,-0.027054309592011938,0.44563268810023077,-0.040362353697217135,0.25505676632177443,False,cci,rtms_land,0.37446143040157276
unsold_pct_completed,excess_pp_med,181,0.01514541004858766,0.8396348428737127,0.08499030961179012,0.25530199797688746,False,unsold,excess,0.37471857896854716
rtms_land_dae_n,ah_supply_sum,749,0.08720655364890059,0.0169763147925155,0.04159938258943041,0.2555060882064722,False,rtms_land,applyhome,0.37491521779363524
nonbank_corp_loan_rate,rtms_land_n_yoy_pct,798,-0.0090194295539619,0.79919065398479,-0.04026398005012512,0.25591861987043707,False,rates,rtms_land,0.3754175200129567
rtms_fac_med_unit,kiscon_cnt_indiv,733,0.0945767788206375,0.010408816585223364,0.041975568152016925,0.25637274930476706,False,rtms_fac,kiscon,0.3759805514351589
base_rate,rtms_land_dae_med_unit,797,0.03265074204777919,0.3572760308651388,0.040194777967400876,0.2570364881531023,False,rates,rtms_land,0.37685059011643485
capret_office,rtms_fac_n_yoy_pct,719,-0.041944787840994965,0.26133033539524064,-0.04226903260577949,0.25765834094580464,False,commercial,rtms_fac,0.37765875795976356
corp_bond_BBB3y,rtms_land_dae_unit_3m,798,-0.04776538162699228,0.17766689771134453,-0.04008249800807441,0.25806947250983964,False,rates,rtms_land,0.3781577060866299
ktb_3y,rtms_apt_n,798,0.09384151105678468,0.007986996441737549,0.04001454654182657,0.25887801622851825,False,rates,rtms_apt,0.3792385624038047
rtms_apt_n,reactivated,499,0.04030604376902908,0.36893187515334075,0.050624476235629656,0.25900208523264123,False,rtms_apt,exit,0.37931639269759865
yield_midlarge,months_permit_idle,284,-0.043472403667133716,0.46555893233483475,-0.06712150384475782,0.259558685215409,False,commercial,hub,0.3800274616228893
stcns_after_exit,kiscon_amt_priv,798,0.037307823345094006,0.2925155722174852,0.039924720181989753,0.2599495321057537,False,exit,kiscon,0.3804955237255585
bank_facility_loan_rate,minbid_vs_rtms_all_3m,498,-0.045458289897844825,0.311338492072603,-0.050552440229259275,0.2601616984208652,False,rates,valuation,0.3807018613728424
stcns_delay_days,kiscon_cnt_all,141,-0.00796213949565238,0.9253434629890173,0.09535328281033786,0.2606977486666603,False,hub,kiscon,0.3813041885777439
excess_pp_med,kiscon_amt_priv,201,0.002253090842744561,0.9746762902755106,-0.07970107204824078,0.26071593668229504,False,excess,kiscon,0.3813041885777439
cci_resi,stcns_delay_days,141,0.07611714737297488,0.36966676175628643,0.09515178061427665,0.2617111901215189,False,cci,hub,0.382655108990911
base_rate,kiscon_amt_indiv,798,-0.001250717863056125,0.9718596396962814,0.03971900825433688,0.26241495001798726,False,rates,kiscon,0.38357920660092343
unsold_pct_completed,ah_n_pblanc,665,0.07038495726951607,0.06969404028415319,0.04350504496661508,0.26258157590123327,False,unsold,applyhome,0.38362224744269
rtms_nrg_n,reactivated,499,0.04502298521688267,0.315511638410939,0.050245640665390716,0.26258788585005527,False,rtms_nrg,exit,0.38362224744269
cci_total,land_chg_pct,798,-0.002371259664987406,0.946676794326692,-0.039651474359513446,0.26322783396973104,False,cci,land_house,0.384452124620637
discount_ratio,rtms_land_dae_unit_3m,499,0.07229541798280532,0.10674051267727652,0.05009511438704164,0.2640221096169015,False,site_price,rtms_land,0.3855068869802218
bank_loan_rate_all,hug_sago_n,335,-0.0256444979116581,0.6400034999892037,-0.06111169472157692,0.2646834771782884,False,rates,hug,0.38636706319200326
yield_office,br_useapr_day,227,-0.10697534786112715,0.10795255624220344,-0.07427628282697941,0.26508740974472184,False,commercial,hub,0.3868510862186211
rtms_land_dae_unit_3m,n_rounds_m,201,-0.0164277065394361,0.8169528003787648,-0.07886519793591096,0.2657650967738501,False,rtms_land,site_price,0.38773423532053924
rtms_nrg_unit_3m,excess_pp_med,201,-0.03261903551113107,0.6457367529944351,-0.07877286606498231,0.26632690478450755,False,rtms_nrg,excess,0.38825888583609236
n_rounds_m,kiscon_amt_priv_yoy_pct,201,0.1299575553952106,0.06594741707140034,0.07879168343714538,0.2662123417204755,False,site_price,kiscon,0.38825888583609236
bank_loan_rate_all,kfb_understated,425,0.05290030729787503,0.2765430616233046,0.054036616348787946,0.26634254595975065,False,rates,exit,0.38825888583609236
reactivated,ah_supply_sum,462,0.09243125441974986,0.04707721786575411,0.051762766977909845,0.2668573079668932,False,exit,applyhome,0.3889032503949245
rtms_land_n,ah_rate_med,730,0.07819030514659299,0.034669305869773306,-0.041139242878230835,0.26696183272680396,False,rtms_land,applyhome,0.38894956937063235
capret_midlarge,hug_sago_amt_mn,335,0.1118049909010428,0.040841572157992376,0.06058701265213089,0.2688149847843408,False,commercial,hug,0.3915428285594852
bank_corp_loan_rate,land_chg_cum12_pct,798,0.06349552871411485,0.0730247516386874,0.03918091013372747,0.268940008856792,False,rates,land_house,0.39160585278476173
bldg_area_m2,house_idx_yoy_pct,276,-0.10604814781973274,0.07861641481948935,-0.06675325246094851,0.2690779695401561,False,site_price,land_house,0.39160585278476173
round_no,rentidx_midlarge,211,-0.06909150761350147,0.31787005507068455,-0.07643273056242313,0.2690418045436796,False,site_price,commercial,0.39160585278476173
min_bid_mn,ah_rate_med,473,0.00766475387931286,0.8679533211174109,0.05085763615292731,0.26965024566512286,False,site_price,applyhome,0.39233193566569036
base_rate_chg_12m,kfb_understated,425,-0.06923504928741847,0.154208192268558,-0.05355939008442008,0.27059468561982203,False,rates,exit,0.39359896191762467
yield_office,ap_useapr_day,99,0.0653127340924239,0.5206871625007488,0.11174345849018748,0.27082454133391587,False,commercial,hub,0.3937190925808723
rtms_nrg_n_yoy_pct,hug_sago_sgg_flag,797,0.03444209397426596,0.3314968576784164,-0.03905521062387629,0.27078148020886295,False,rtms_nrg,hug,0.3937190925808723
bank_corp_loan_rate,ap_pms_day,425,-0.023577003983285105,0.6278974920719865,-0.05349741700954339,0.2711502555357283,False,rates,hub,0.3940854624489098
ap_useapr_day,kiscon_cnt_indiv,100,0.029956909333999054,0.7673299910333305,0.11095240210884762,0.27178040121442454,False,hub,kiscon,0.3945723066232767
corp_bond_AA3y,rtms_fac_unit_3m,765,-0.05011726676737809,0.16612014755247562,-0.03979615296453194,0.27161855939365365,False,rates,rtms_fac,0.3945723066232767
rtms_land_n_yoy_pct,exited,798,0.05407279852886139,0.12695533169669102,-0.03895414938587612,0.2717227651876917,False,rtms_land,exit,0.3945723066232767
spread_AA_KTB,rtms_land_dae_unit_3m,798,0.016890387438700978,0.6337746082225966,0.03895362937324518,0.2717291691985903,False,rates,rtms_land,0.3945723066232767
round_no,appr_unit_land_mn_m2,209,0.08826934690102772,0.20375563763213822,-0.07628292597751733,0.2722936277150449,False,site_price,valuation,0.39521010515535965
round_no,cci_nonresi,211,-0.0317086744367074,0.6469709907716912,0.07584040131738246,0.2727806448608427,False,site_price,cci,0.39579189628636885
cci_total,reactivated,499,-0.07415118076815118,0.09801862403592876,-0.049181506158672054,0.27284251537526755,False,cci,exit,0.39579189628636885
appr_vs_rtms_dae_3m,hug_sago_n,319,0.05720357614627966,0.30843468204935465,-0.06155545062435421,0.2730177662281237,False,valuation,hug,0.3959387024740378
house_idx,kiscon_amt_pub,798,-0.07030775161922642,0.04709328230282263,-0.03882520984513587,0.2733138283781543,False,land_house,kiscon,0.3962605857749434
rtms_nrg_n_yoy_pct,ah_under_ratio,745,0.030215043294355544,0.4102161003717841,0.040161660440755406,0.2736038116516541,False,rtms_nrg,applyhome,0.39657348357316197
unsold_pct_completed,kiscon_amt_all,697,0.07857500063430448,0.038086420493184545,0.04149511012393995,0.2739517915499412,False,unsold,kiscon,0.3969702518746709
rtms_nrg_n,ap_stcns_day,142,0.14393254448332454,0.08746864072886044,0.09222965259210486,0.27498359107834147,False,rtms_nrg,hub,0.3983574265770501
rentidx_midlarge,br_useapr_day,230,-0.14265116278332624,0.030564473143087002,-0.07223766393160766,0.27527489575339026,False,commercial,hub,0.3986714159245335
rtms_nrg_unit_3m,kfb_understated,425,-0.09258578706629089,0.05649706614646876,-0.05303047358391156,0.2753612968590633,False,rtms_nrg,exit,0.3986885606026026
spread_AA_KTB,appr_vs_rtms_all_3m,765,-0.07408087123231007,0.04051686586976311,-0.03945687728753753,0.2757293469520877,False,rates,valuation,0.3991133779514924
rtms_nrg_n_3m,ah_rate_med,730,-0.022693245007622473,0.540428046857762,0.04030430936417533,0.27679899937473285,False,rtms_nrg,applyhome,0.40055324753902477
rtms_land_n_yoy_pct,minbid_vs_rtms_dae_3m,498,-0.0442059404061089,0.3248705861125633,-0.048813706447934195,0.27693373190984316,False,rtms_land,valuation,0.4006397901845053
spread_BBB_KTB,appr_vs_rtms_all_3m,765,-0.04555990946715873,0.20813224205716313,-0.03929317256084561,0.2777279272552903,False,rates,valuation,0.4016800722299262
hug_sago_amt_mn,ah_supply_sum,328,0.13671064495679403,0.013207359477194845,0.060003642774511666,0.27856878237910854,False,hug,applyhome,0.40278725780992247
cci_nonresi,land_chg_pct,798,-0.0007983910288160215,0.9820345040016188,-0.038386302445336674,0.27877736652760027,False,cci,land_house,0.4029798807307593
pms_after_exit,hug_sago_sgg_flag,798,0.038341710025126464,0.27933657607605195,0.038341710025126596,0.27933657607605084,False,exit,hug,0.40367910061584966
cci_plant,rtms_land_dae_n,798,0.004709262476055156,0.8943328429406041,0.0383211669762629,0.2795944513613603,False,cci,rtms_land,0.403942591577734
bank_loan_rate_all,unsold_completed,761,-0.02205498698374137,0.5435273162806841,-0.03923497215993129,0.2797051335979272,False,rates,unsold,0.4039933412609716
ktb_3y,kfb_understated,425,-0.0647320426109466,0.1828758801379571,-0.052515763314370696,0.2800543933802539,False,rates,exit,0.40438856100572984
base_rate_chg_12m,kiscon_amt_pub,798,0.07650177291688663,0.030705365228582727,0.03827726119152255,0.28014613861910564,False,rates,kiscon,0.40441087374141504
house_idx_yoy_pct,rtms_fac_n_3m,737,0.05575420404753392,0.1304809387244027,-0.039827603155964245,0.2802211122520933,False,land_house,rtms_fac,0.40441087374141504
br_useapr_day,kiscon_cnt_priv_yoy_pct,230,0.11409716603211187,0.08424236732026648,0.0710993486171903,0.28293044051223387,False,hub,kiscon,0.40821075699377074
apt_idx_yoy_pct,rtms_nrg_n,737,0.12545304309747551,0.0006413872083692926,0.03958478004043095,0.28316611242711665,False,land_house,rtms_nrg,0.4084405727401653
round_no,cci_bldg,211,-0.03358215865044811,0.6276422205624635,0.07420010195881774,0.28331787601337666,False,site_price,cci,0.40854926727171653
house_idx_yoy_pct,rtms_nrg_n_3m,737,0.12003324937219116,0.0010949805560002185,0.039533259566842435,0.2837936428009326,False,land_house,rtms_nrg,0.4090147191527188
months_permit_idle,kiscon_amt_priv_yoy_pct,284,0.11965538152208144,0.04392359277409887,0.06382427245567845,0.28374908855177866,False,hub,kiscon,0.4090147191527188
rtms_land_n,rtms_nrg_n_yoy_pct,797,0.00010335323447732692,0.9976756018842735,0.037998465509058256,0.28396933437181504,False,rtms_land,rtms_nrg,0.40915764777313257
bldg_area_m2,kiscon_amt_priv,286,-0.007767369800429004,0.8959455162264511,0.06349534694144247,0.28453769908016857,False,site_price,kiscon,0.4096963435987833
cci_yoy_pct,rtms_fac_unit_3m,765,-0.033305575457767855,0.35760642245730073,-0.03874892377884253,0.28444300753194396,False,cci,rtms_fac,0.4096963435987833
spread_AA_KTB,pms_after_exit,798,0.03449418553020381,0.33046149006124814,0.037927048414223535,0.2845730727746178,False,rates,exit,0.4096963435987833
rtms_apt_n,pms_after_exit,798,0.025426488000108112,0.4732135604655792,0.03792017593540338,0.28466041574097994,False,rtms_apt,exit,0.40971177468829606
cci_civil,land_chg_pct,798,-0.00539901271075794,0.8789675416600207,-0.03789617603266119,0.28496557469786843,False,cci,land_house,0.41004061569147
cci_total,rtms_land_dae_med_unit,797,-0.027741713363625374,0.4341541324173341,-0.037901632229880425,0.2851991292211286,False,cci,rtms_land,0.41026627493822293
stcns_after_exit,hug_sago_amt_mn,335,0.05846502377844687,0.28597236149898553,0.058547714233590516,0.2852902754403392,False,exit,hug,0.4102870098922791
base_rate,hug_sago_n,335,-0.026541838325729337,0.6283398062702592,-0.058532293112953895,0.28541739599700794,False,rates,hug,0.4103594558741601
bldg_area_m2,ap_pms_day,182,0.0643595971136606,0.3880431704113266,0.07958722890042004,0.28552599049241134,False,site_price,hub,0.41040523418358155
rtms_nrg_unit_3m,n_rounds_m,201,0.0023840684204389333,0.9732046965345713,-0.07565952129451997,0.28574620918275484,False,rtms_nrg,site_price,0.4106113895458721
discount_ratio,appr_vs_rtms_all_3m,496,-0.009475170858048563,0.8332818433855235,0.04797550148658512,0.2862503429355037,False,site_price,valuation,0.41122530458789314
bank_corp_loan_rate,appr_unit_land_mn_m2,765,-0.02560415383235671,0.479483325717563,0.03831140511609862,0.28992010285946124,False,rates,valuation,0.41605013150551245
rtms_nrg_unit_3m,br_useapr_day,230,-0.09899926012657669,0.13441994172250327,-0.07007931795634903,0.2899111381066384,False,rtms_nrg,hub,0.41605013150551245
yield_midlarge,exited,798,-0.029732319711065613,0.4015961491074413,-0.0375249006241434,0.28971448016981993,False,commercial,exit,0.41605013150551245
corp_bond_BBB3y,rtms_fac_unit_3m,765,-0.04692403492161181,0.19482166911965296,-0.038315991802016475,0.28986231917770555,False,rates,rtms_fac,0.41605013150551245
hug_sago_amt_mn,ah_rate_med,320,-0.06361338614649781,0.2565231452275997,-0.05924298652575991,0.2907161809303967,False,hug,applyhome,0.4170569123684238
rtms_land_dae_n,kiscon_amt_priv_yoy_pct,798,0.01853882160672573,0.6010262956922902,0.03744234147610796,0.29077766398157545,False,rtms_land,kiscon,0.4170569123684238
cci_plant,kiscon_amt_indiv,798,0.01983809101335811,0.5757654488160704,-0.03742070087823763,0.29105678098253307,False,cci,kiscon,0.4172862167710647
br_useapr_day,ah_n_pblanc,221,0.04991784820988514,0.4603112988539083,0.07132978932547235,0.2910936204518555,False,hub,applyhome,0.4172862167710647
corp_bond_AA3y,stcns_delay_days,141,0.09340853683828587,0.27059114860789907,0.08946488126096984,0.29142655963831077,False,rates,hub,0.41765151819513474
cd_91d,ah_supply_sum,749,-0.10498561514829441,0.004022579015242413,-0.03859045078955242,0.29153181006704854,False,rates,applyhome,0.41769040418770326
rtms_apt_n_3m,reactivated,499,0.03923420962302749,0.38181083921230113,0.04728851210586568,0.2917519891624072,False,rtms_apt,exit,0.41789388857524545
cci_resi,rtms_land_med_unit,798,-0.0007771755187188749,0.9825118207429179,-0.03733569514830809,0.29215491157077156,False,cci,rtms_land,0.41835894809022917
cci_total,rtms_fac_med_unit,733,-0.03993565387130685,0.28023021937374964,-0.03894844017885215,0.29230022461100735,False,cci,rtms_fac,0.41845496679921185
rtms_fac_n,excess_pp_med,201,-0.07466114778344365,0.29216972928300633,-0.07452877832304315,0.2930285643716009,False,rtms_fac,excess,0.41938536769136775
rtms_fac_n,minbid_unit_land_mn_m2,498,0.011192954730251108,0.8032361448219154,-0.04717049334626168,0.29344588765701685,False,rtms_fac,valuation,0.4198702599149235
rtms_land_dae_unit_3m,kiscon_cnt_pub,798,0.013204140089388163,0.7095698264314428,-0.03720090815561936,0.29390182001744997,False,rtms_land,kiscon,0.42041012082217893
rtms_land_n_3m,kiscon_amt_priv_yoy_pct,798,-0.035291114714117784,0.31940449585220454,0.03719030434703553,0.2940395468701683,False,rtms_land,kiscon,0.42049463950649635
cci_nonresi,yield_midlarge,798,0.0894210713865801,0.011499209195364804,0.037124743987303054,0.2948920322700826,False,cci,commercial,0.4216009883818534
rtms_fac_n,rtms_fac_unit_3m,765,-0.0789841728994892,0.02893026289053658,0.03790409343474753,0.29508234008124434,True,rtms_fac,rtms_fac,0.4217602973575016
rtms_nrg_n,n_rounds_m,201,0.06175217173993558,0.38383093073362945,-0.07405007123902091,0.29614852208344666,False,rtms_nrg,site_price,0.4231710709727925
bank_loan_rate_all,rtms_apt_n_yoy_pct,798,0.03785232938682871,0.2855236552627708,0.03701966255588523,0.2962618572450563,False,rates,rtms_apt,0.42321991736289505
appraisal_mn,spread_AA_KTB,768,-0.03385470447888053,0.348784534155508,-0.03773024668591819,0.29635586449197904,False,site_price,rates,0.4232411344654412
br_useapr_day,stcns_after_exit,230,0.05787648759966866,0.38228670743262516,0.06912123832491315,0.29657191934704896,False,hub,exit,0.4234365961945717
appr_vs_rtms_all_3m,kfb_understated,414,0.08941636570026848,0.06914133467079912,-0.05133778864612778,0.29736602178541166,False,valuation,exit,0.4243284830716649
house_idx,ap_useapr_day,100,-0.02527569107197218,0.8028820020924605,-0.1052284169607787,0.2974346651491677,False,land_house,hub,0.4243284830716649
rtms_land_dae_med_unit,excess_pp_med,201,-0.014824912969816305,0.8345418752591522,-0.07387556131895515,0.29729135222862957,False,rtms_land,excess,0.4243284830716649
rtms_nrg_med_unit,n_rounds_m,201,0.058743979367235175,0.40746605114368106,-0.07376498860968868,0.2980169828275889,False,rtms_nrg,site_price,0.425045827468423
cci_yoy_pct,hug_sago_last_yr,335,0.01035384542999366,0.8502470502585832,0.05698284819636067,0.29838441001531424,False,cci,hug,0.42545638409383607
rtms_land_n_3m,appr_vs_rtms_dae_3m,765,0.024493783004498483,0.4987497441394989,-0.037628643817879,0.2986079930182726,False,rtms_land,valuation,0.42566167386529025
bldg_area_m2,rtms_land_dae_med_unit,285,-0.09337458203475316,0.11575246374461694,-0.061737964404286166,0.29895945991860906,False,site_price,rtms_land,0.42599945571472
rtms_land_dae_n_3m,kfb_understated,425,0.0251051413870699,0.6057756184042938,0.05049466637887296,0.29900429349118085,False,rtms_land,exit,0.42599945571472
bldg_area_m2,kiscon_cnt_priv_yoy_pct,286,-0.120559377513266,0.04161479215561698,-0.061608883082523595,0.2991190220297822,False,site_price,kiscon,0.42604939019532373
appraisal_mn,vac_office,748,-0.03935270784304294,0.2824209431674333,0.03797940951806182,0.2995688857154314,False,site_price,commercial,0.4265564184613287
cci_resi,reactivated,499,-0.07187993525391978,0.10877485352696134,-0.04652376014672886,0.29963454418192453,False,cci,exit,0.4265564184613287
ap_useapr_day,kiscon_cnt_priv,100,0.039017053215850986,0.6999322408384745,0.10462562348152987,0.3002261274658411,False,hub,kiscon,0.4272848292679937
hug_sago_last_yr,ah_n_pblanc,328,-0.11774718921039999,0.033025589304579106,-0.05721009731877532,0.3015993846360692,False,hug,applyhome,0.429125042482454
cci_bldg,land_chg_pct,798,-0.00014208743398284873,0.9968024694148361,-0.03648297783846066,0.30332419477538064,False,cci,land_house,0.43105157454346504
round_no,appr_vs_rtms_dae_3m,209,-0.009557074547133282,0.8907624254003204,-0.07153331930338602,0.3033564755951111,False,site_price,valuation,0.43105157454346504
cci_total,rtms_nrg_med_unit,797,0.0014908721151548174,0.9664803187008675,0.036520486741099506,0.30313110097993884,False,cci,rtms_nrg,0.43105157454346504
discount_ratio,corp_bond_AA3y,499,-0.04501612710992774,0.3155854340664233,-0.04617561389663229,0.30326948774124124,False,site_price,rates,0.43105157454346504
discount_ratio,rtms_land_dae_med_unit,498,0.06441594634068289,0.15117901670521774,0.04622129283787867,0.3032783128660246,False,site_price,rtms_land,0.43105157454346504
rtms_land_med_unit,kiscon_cnt_pub,798,0.010515603601686808,0.7667744126635623,0.036471607106354,0.3034750227197045,False,rtms_land,kiscon,0.4311054586828534
corp_bond_BBB3y,minbid_vs_rtms_dae_3m,498,-0.0089447541240782,0.8421745603997526,-0.04613059516404147,0.3042291133322793,False,rates,valuation,0.4318325110134583
min_bid_mn,kiscon_cnt_all,502,0.07118743180961981,0.11115453376148028,0.045958981034360975,0.30408933942374605,False,site_price,kiscon,0.4318325110134583
hug_sago_amt_mn,ah_n_pblanc,328,0.17950240317423777,0.0010943501570294745,0.05690314422653469,0.304204783293542,False,hug,applyhome,0.4318325110134583
bldg_area_m2,spread_BBB_KTB,286,0.1290556939957359,0.02910180585951948,0.0609410244201555,0.3043980358662326,False,site_price,rates,0.4319576161827881
house_idx_yoy_pct,excess_pp_med,189,0.0757494206621398,0.30021936432494034,0.07492687817143406,0.30551329309589675,False,land_house,excess,0.43342519983649774
cci_yoy_pct,kfb_understated,425,-0.0686731749466375,0.15758721778160079,-0.049753617297551164,0.306161243556497,False,cci,exit,0.43422922262509
rtms_land_dae_n_3m,months_permit_idle,284,-0.005986266792566249,0.9199963371002119,0.06091545873956878,0.3063133535404458,False,rtms_land,hub,0.4343297537472192
cci_yoy_pct,appr_vs_rtms_dae_3m,765,0.005849621579985132,0.8716764931746211,0.03699452926958782,0.3068307145192765,False,cci,valuation,0.434947993248826
bank_corp_loan_rate,ap_stcns_day,142,0.1811786910625155,0.03094325807627644,0.08634125893674585,0.3069274902033259,False,rates,hub,0.43496986220969613
kfb_understated,hug_sago_sgg_flag,425,-0.04964688916832358,0.30720125396309544,-0.04964688916832361,0.3072012539630939,False,exit,hug,0.4352424761369006
base_rate_chg_12m,land_chg_pct,798,-0.008282555211642385,0.8152875572424287,-0.03616392047645356,0.3075752408799801,False,rates,land_house,0.435656904102054
rtms_nrg_n,br_useapr_day,230,0.06117777853366446,0.35568558791691696,0.06754629807333169,0.3077406031858753,False,rtms_nrg,hub,0.4357756899456767
base_rate,rtms_nrg_n_yoy_pct,797,-0.07860153549807813,0.026489048295166406,-0.03613136658150706,0.3083154391531831,False,rates,rtms_nrg,0.43612768601906615
rtms_fac_n_yoy_pct,kiscon_amt_priv,737,0.044675752278357725,0.22574516882800472,0.03758907631292246,0.3081618231381374,False,rtms_fac,kiscon,0.43612768601906615
appr_vs_rtms_dae_3m,kiscon_cnt_priv,765,-0.013375045999130433,0.7118690302729587,-0.03688319327577459,0.3082897394768089,False,valuation,kiscon,0.43612768601906615
round_no,appr_vs_rtms_all_3m,209,-0.0008481428470571289,0.9902756841625,-0.07081299980778316,0.3082639261813832,False,site_price,valuation,0.43612768601906615
bldg_area_m2,bank_loan_rate_all,286,-0.08833949643868029,0.136137797441429,-0.06039211278400681,0.30878264068966993,False,site_price,rates,0.43667304410676144
n_rounds_m,kiscon_cnt_indiv,201,-0.08408877900275347,0.23529383565504913,-0.0720498679745754,0.309422722056254,False,site_price,kiscon,0.43746253168556054
discount_ratio,rtms_fac_n,499,-0.06858824414178041,0.1259907013918086,-0.045574696071875635,0.30961205649869594,False,site_price,rtms_fac,0.4376145033303006
spread_BBB_KTB,kiscon_cnt_all,798,0.02007326690619301,0.5712471167992074,-0.03599828565044808,0.3097975679359906,False,rates,kiscon,0.437760992535344
appr_unit_land_mn_m2,n_rounds_m,200,0.04223371682000449,0.5526484102250424,-0.0721574773484552,0.30992053124310903,False,valuation,site_price,0.4377756970902149
rtms_nrg_med_unit,kiscon_amt_pub,797,0.0026662118706720327,0.9400935158377723,0.03600796357105368,0.3099717204382932,False,rtms_nrg,kiscon,0.4377756970902149
rtms_fac_n_yoy_pct,kiscon_amt_indiv,737,0.04201257995878631,0.2546557025999597,0.03739209693022882,0.31070560861321095,False,rtms_fac,kiscon,0.4386306522544933
land_chg_pct,kiscon_cnt_priv_yoy_pct,798,0.03480630971968932,0.32610180609967176,0.035922184685573975,0.3108221570116074,False,land_house,kiscon,0.4386306522544933
rtms_land_dae_unit_3m,excess_pp_med,201,-0.0122407511281765,0.8630706276535695,-0.07184216019326611,0.31082317961329253,False,rtms_land,excess,0.4386306522544933
rtms_land_n_yoy_pct,pms_after_exit,798,0.09933335517915731,0.004975622712361595,0.035914422666728875,0.31092678661395473,False,rtms_land,exit,0.43866108918860575
cd_91d,rtms_land_dae_unit_3m,798,-0.011680272474479603,0.7418164909649179,0.03580175739550577,0.3124480908556704,False,rates,rtms_land,0.44069109517416766
unsold_completed,n_rounds_m,198,0.09839900656186264,0.16783943937860465,0.07213267556101167,0.3125497183909898,False,unsold,site_price,0.44071818149699954
vac_office,ap_stcns_day,136,0.0048796223515998475,0.9550384808829807,-0.08713940310579407,0.313093704430807,False,commercial,hub,0.44136884724269043
br_useapr_day,kiscon_amt_priv_yoy_pct,230,0.068620290211857,0.30009479513381027,0.06676985325575592,0.3133472294533579,False,hub,kiscon,0.44160981441410246
base_rate,unsold_total,761,-0.03732347405930246,0.3038182876840899,-0.03658136869230561,0.3135406513383,False,rates,unsold,0.44176597172750726
corp_bond_AA3y,ap_stcns_day,142,-0.11154916824587946,0.1862875144477408,-0.08513486658201579,0.3137606353631673,False,rates,hub,0.4419594618774646
pms_after_exit,excess_pp_med,201,-0.020854293742515316,0.7688735691576274,-0.07137758201383197,0.3139705724365742,False,exit,excess,0.44213870182206017
rtms_fac_n_3m,stcns_delay_days,141,-0.0971716677081999,0.25167373946569205,-0.08537274593210682,0.3141461363507467,False,rtms_fac,hub,0.4422694552573571
bldg_area_m2,kiscon_amt_all,286,-0.01300289451540236,0.8266927972825588,0.059607256440103076,0.31512372936171373,False,site_price,kiscon,0.4434122581308114
ap_pms_day,stcns_delay_days,141,-0.08891673161614944,0.2944048331869095,0.08520598851327056,0.31509577177302994,True,hub,hub,0.4434122581308114
bank_loan_rate_all,stcns_after_exit,798,0.06566138935441776,0.06374559045339284,0.03556622618743638,0.315644222897404,False,rates,exit,0.44402779790381985
cci_civil,rtms_land_unit_3m,798,-0.003482819847086427,0.9217481670637167,-0.035506192329057,0.31646229105882434,False,cci,rtms_land,0.4450615124385939
cci_total,minbid_vs_rtms_dae_3m,498,-0.007163223720140968,0.8733110210746001,-0.044947581797617535,0.3168114694023148,False,cci,valuation,0.44543542647756434
nonbank_corp_loan_rate,appr_unit_land_mn_m2,765,-0.024495934636865606,0.4987120174040468,0.0362088817999622,0.31722411903686876,False,rates,valuation,0.44589836080182366
vac_office,ap_pms_day,418,-0.024813643252391278,0.6129445105703109,-0.04902507317337899,0.3173492993767772,False,commercial,hub,0.44595708377598625
cci_bldg,appr_vs_rtms_all_3m,765,-0.01010923220078732,0.7801239872855351,-0.036151658888620444,0.3179900247272702,False,cci,valuation,0.44662271137817544
discount_ratio,rtms_land_dae_n,499,-0.047239823954642955,0.2922496541987857,-0.0447953268016336,0.3179673624671699,False,site_price,rtms_land,0.44662271137817544
bank_loan_rate_all,rtms_fac_unit_3m,765,-0.048736949262523616,0.17811121353621265,0.03612105002887573,0.3184002080426001,False,rates,rtms_fac,0.4470813845598169
rtms_fac_med_unit,rtms_nrg_n_yoy_pct,733,-0.027220995603275355,0.46181646385522346,-0.03688724682987004,0.31860953437329964,False,rtms_fac,rtms_nrg,0.4472578577826288
rtms_land_dae_n_3m,kiscon_amt_priv_yoy_pct,798,0.0017159015883968795,0.9614003484612236,0.0352772667030997,0.3195945431804994,False,rtms_land,kiscon,0.44852284052129404
rtms_nrg_n,hug_sago_last_yr,335,-0.012986019381045672,0.8128082567103638,-0.05451805932800517,0.3198069509506263,False,rtms_nrg,hug,0.4487031662904746
ap_pms_day,kiscon_cnt_all,425,0.05525127386351223,0.25572734018716,0.04833006746818965,0.32022461828478993,False,hub,kiscon,0.4491713100652601
rtms_fac_med_unit,unsold_completed,701,-0.0781269137622762,0.03864097262761475,0.03754889918460712,0.32083875159529984,False,rtms_fac,unsold,0.4499147140781716
corp_bond_BBB3y,ap_stcns_day,142,-0.1184770984355007,0.16023247259549891,-0.08374500369726944,0.32175478203988345,False,rates,hub,0.4510809699966588
ap_useapr_day,hug_sago_last_yr,44,-0.08403267968310195,0.5875955888156228,-0.15266167228923916,0.3225138866829022,False,hub,hug,0.45190821595741043
appraisal_mn,spread_BBB_KTB,768,0.03647281730868241,0.3127570082069699,0.03574691484172068,0.3224918391075947,False,site_price,rates,0.45190821595741043
cci_civil,rtms_land_n_3m,798,0.04135051295075806,0.24330155028079933,0.035049911063052136,0.32272528147455115,False,cci,rtms_land,0.4520859523302135
rtms_land_n_yoy_pct,n_rounds_m,201,-0.025911368884632774,0.715016418897429,-0.07003515052208412,0.32318169744030373,False,rtms_land,site_price,0.452407134306199
reactivated,excess_pp_med,125,-0.021996310715308075,0.807629675235456,-0.0890783339308908,0.3232083884514083,False,exit,excess,0.452407134306199
rtms_fac_n_yoy_pct,kiscon_amt_all,737,0.052086760697815405,0.15777429890184794,0.03644130625433783,0.32317802815504054,False,rtms_fac,kiscon,0.452407134306199
corp_bond_AA3y,house_idx,798,0.17624733469712855,5.435684904060307e-07,0.034999888061778964,0.32341677993225787,False,rates,land_house,0.45258035129489216
rtms_land_dae_n,rtms_apt_n,798,0.04170585967577087,0.23927149117744284,0.034963778310629794,0.32391654560718997,False,rtms_land,rtms_apt,0.4530425763436162
appraisal_mn,bank_loan_rate_all,768,-0.0674632188445663,0.06166740316621495,-0.03564518417784479,0.3238717087525232,False,site_price,rates,0.4530425763436162
ap_stcns_day,hug_sago_sgg_flag,142,0.028017058692719046,0.7406627062972451,0.08331446888749001,0.32425756096142,False,hub,hug,0.453375911223
spread_AA_KTB,rtms_land_dae_med_unit,797,0.011315780080159243,0.7497517356322062,0.034956297082786025,0.3243244549145269,False,rates,rtms_land,0.453375911223
bank_facility_loan_rate,stcns_after_exit,798,0.06463874516658033,0.06799807361810468,0.034898205632608544,0.3248253667853741,False,rates,exit,0.45395745849487595
rtms_apt_n_yoy_pct,rtms_fac_n_yoy_pct,737,-0.06837613680015414,0.063556429208429,-0.036308426862662904,0.324946722783819,False,rtms_apt,rtms_fac,0.4540083947543977
rtms_apt_n_3m,ah_sale_unit_med,733,0.02993051695684568,0.4184367446615896,0.036390117009336136,0.32517969423899135,False,rtms_apt,applyhome,0.45421521031762974
base_rate_chg_12m,rtms_fac_unit_3m,765,-0.05699413531756599,0.11523737478240263,-0.03560341334487284,0.325389311428576,False,rates,rtms_fac,0.4543893048337937
hug_sago_last_yr,ah_under_ratio,328,0.09611640754076643,0.08218917155688604,0.054407379249326544,0.32593949722308335,False,hug,applyhome,0.4548012765270947
ap_pms_day,ah_sale_unit_med,400,0.049206896481128554,0.3262709088812812,0.049246437581249664,0.32588183920677893,False,hub,applyhome,0.4548012765270947
rtms_fac_n_yoy_pct,ap_stcns_day,133,0.12788260821101577,0.14239701377187639,0.08583539936228547,0.3259163645980386,False,rtms_fac,hub,0.4548012765270947
rtms_land_dae_n,appr_vs_rtms_all_3m,765,0.02328777472759031,0.5201319719464063,-0.035534160738311,0.32633185370990786,False,rtms_land,valuation,0.4552299561144997
rtms_fac_n,ah_under_ratio,745,-0.15045558873080306,3.7358722107980735e-05,-0.03598565170144831,0.3266491788548917,False,rtms_fac,applyhome,0.45555377134509806
house_idx,kfb_understated,425,0.04188483409574839,0.38906572349921253,0.047501237318140294,0.3286035348037206,False,land_house,exit,0.4581598697771823
unsold_pct_completed,kiscon_amt_priv_yoy_pct,697,-0.05635788093686349,0.13717290533932164,-0.03701453109254233,0.3291675087776232,False,unsold,kiscon,0.4588265561610926
cd_91d,hug_sago_last_yr,335,0.042459512974738954,0.4385871058434527,0.05345938191613975,0.329308436229302,False,rates,hug,0.45890336422154754
cd_91d,rtms_land_n_yoy_pct,798,-0.04213273839468776,0.23449260172692327,-0.03456961777168744,0.32940443409449144,False,rates,rtms_land,0.4589175375464423
corp_bond_BBB3y,rtms_apt_n_3m,798,0.10954966326812587,0.0019408472168717561,0.03452895483802841,0.3299739847691577,False,rates,rtms_apt,0.45959127287332274
discount_ratio,yield_midlarge,499,0.06260262458105928,0.16262435059552743,0.04368744820009592,0.33009564674259956,False,site_price,commercial,0.45964099560746874
cci_civil,minbid_vs_rtms_dae_3m,498,-0.006948740357701051,0.8770738493702562,-0.04371446808349154,0.33028385687091544,False,cci,valuation,0.45978333316552583
rtms_apt_unit_3m,exited,798,0.035860929051710524,0.311648494590608,0.034472539751218126,0.330765223396942,False,rtms_apt,exit,0.46033358914717565
rtms_apt_n,months_permit_idle,284,-0.009291639239733487,0.8761132196067525,-0.057860740995435936,0.3312494346090074,False,rtms_apt,hub,0.4608875167458659
base_rate,kiscon_cnt_priv,798,0.0018762334354102198,0.9577968575035515,0.03439093846843195,0.33191187198359573,False,rates,kiscon,0.461689068547421
br_useapr_day,kfb_understated,201,0.02394529610690538,0.7358046258850064,-0.06844403767311383,0.33432323964509625,False,hub,exit,0.46492233091868135
rtms_apt_n_3m,hug_sago_n,335,0.18054865483277904,0.0009016188789450959,0.052897951095891266,0.3344203301558331,False,rtms_apt,hug,0.4649364288463962
ktb_3y,rtms_land_n_yoy_pct,798,-0.04383621087464117,0.21609525839012209,0.0341879155336913,0.3347758297334421,False,rates,rtms_land,0.4652796570616034
rtms_nrg_med_unit,excess_pp_med,201,-0.025904703097104825,0.7150865562077027,-0.06837089620762406,0.33484124188760983,False,rtms_nrg,excess,0.4652796570616034
appraisal_mn,n_rounds_m,201,0.12288998711913049,0.0822119067810518,-0.06833335044876383,0.33510734758176086,True,site_price,site_price,0.46552844570529367
cci_yoy_pct,apt_idx,798,0.15615432875416255,9.358660399105834e-06,-0.034151133374210704,0.3352963955884331,False,cci,land_house,0.4655491631294084
stcns_after_exit,ah_rate_med,730,-0.006487659781962783,0.8610887713977913,0.035711862255537276,0.33527898552014607,False,exit,applyhome,0.4655491631294084
yield_office,exited,777,-0.028980393219447117,0.4198455504662872,-0.03459533923894087,0.33551181807681024,False,commercial,exit,0.46572733417879136
rtms_fac_n_3m,excess_pp_med,201,-0.08088954087414196,0.25365092291306907,-0.06821666483648424,0.3359352199989529,False,rtms_fac,excess,0.466073072479087
corp_bond_BBB3y,stcns_delay_days,141,0.08550459959706638,0.3133965873046412,0.08162983858474797,0.33590929961293203,False,rates,hub,0.466073072479087
exited,hug_sago_last_yr,335,-0.03408623869852581,0.5341198274135669,-0.052687854191334656,0.33634631069970244,False,exit,hug,0.46635156282646734
rtms_land_dae_med_unit,rtms_fac_n,797,-0.06049416472027409,0.08787690005759864,-0.03409486917611715,0.3363976019864755,False,rtms_land,rtms_fac,0.46635156282646734
spread_AA_KTB,kiscon_cnt_indiv,798,0.036349169437748505,0.305102257973922,0.03408465995502729,0.33623849131354877,False,rates,kiscon,0.46635156282646734
appr_vs_rtms_dae_3m,ap_stcns_day,138,-0.08685353651777505,0.31109212739171593,0.08238153459202005,0.33675574665096086,False,valuation,hub,0.46672705478037524
kfb_understated,n_rounds_m,122,0.002982933941686493,0.9739868133126,-0.0874400236887797,0.3382140590511217,False,exit,site_price,0.4685053299861004
bank_facility_loan_rate,kiscon_cnt_pub,798,0.011788419635209428,0.7395122235190329,0.03394641020868479,0.3382032770718196,False,rates,kiscon,0.4685053299861004
bank_loan_rate_all,rtms_nrg_n_yoy_pct,797,-0.041651307335566136,0.24018277023628248,-0.03392619269258198,0.3387950120687658,False,rates,rtms_nrg,0.46918853393724186
ap_pms_day,hug_sago_amt_mn,199,0.06377862876438385,0.3708127481127702,0.06813780300422756,0.338941571468785,False,hub,hug,0.4692699592552029
cci_civil,rtms_land_dae_med_unit,797,-0.028643611602759057,0.4193556035139573,-0.033903984928997134,0.33911146585002144,False,cci,rtms_land,0.4693836417033561
cci_yoy_pct,rtms_land_dae_unit_3m,798,-0.03854093532546733,0.27684408993604886,-0.03386523152053684,0.3393603992304242,False,cci,rtms_land,0.4696066394112522
appraisal_mn,ah_under_ratio,719,-0.04595433898326203,0.21842237806622192,-0.03559367787073392,0.340561433592966,False,site_price,applyhome,0.47114669739239046
discount_ratio,rtms_fac_med_unit,463,0.06541427396287504,0.15994754612956513,0.044293742919188514,0.3416154513951024,False,site_price,rtms_fac,0.4723604392577224
nonbank_corp_loan_rate,kiscon_cnt_priv,798,0.0029237177289276467,0.9342789363099318,0.03370763092625247,0.3416140676534714,False,rates,kiscon,0.4723604392577224
discount_ratio,rtms_fac_n_3m,499,-0.05067226183796693,0.25855219297484594,-0.042629080536893016,0.34195710499296217,False,site_price,rtms_fac,0.47271061023716876
rtms_land_dae_n,months_permit_idle,284,-0.007860766949322766,0.8950714651342816,0.05657181500510855,0.34215216322400455,False,rtms_land,hub,0.4728580038146168
reactivated,ah_rate_med,449,-0.016586637977115522,0.7259567738739949,0.044885803042576965,0.3426510339475737,False,exit,applyhome,0.4734250848882885
nonbank_corp_loan_rate,rtms_land_dae_med_unit,797,0.019582675385377647,0.580929553784807,0.03365025675880791,0.3427404420790942,False,rates,rtms_land,0.4734262835951735
base_rate_chg_12m,rtms_land_dae_unit_3m,798,-0.04497811285854995,0.20435811449118954,-0.033550975539745995,0.34386367100305665,False,rates,rtms_land,0.4748551262534463
minbid_vs_rtms_all_3m,ah_rate_med,469,-0.01348399956791944,0.7708608989717834,-0.0437766259161132,0.3441648392903433,False,valuation,applyhome,0.4751483076905411
bank_facility_loan_rate,rtms_apt_med_unit,798,-0.0020653168334562703,0.9535482811291124,-0.03342776965475461,0.34563954939094776,False,rates,rtms_apt,0.47702591360947183
base_rate,kfb_understated,425,0.0449099545865998,0.35570412814183555,0.045851076636212414,0.34570327571286763,False,rates,exit,0.47702591360947183
bank_corp_loan_rate,excess_pp_med,201,-0.04267729370111828,0.5474699671750215,-0.06682761888359184,0.3458905517239274,False,rates,excess,0.4771611919679669
cci_total,rtms_land_dae_n,798,0.005633700711559175,0.873749547232453,0.03339705991050826,0.34608310357883876,False,cci,rtms_land,0.47730367676968033
ah_sale_unit_med,kiscon_amt_priv_yoy_pct,733,-0.10750408838863913,0.00356779119633234,0.03481508896592414,0.34657191373476437,False,applyhome,kiscon,0.47785457007214677
bank_loan_rate_all,excess_pp_med,201,-0.047226875576575664,0.5055694669064897,-0.06670233686474006,0.34679753201659846,False,rates,excess,0.4780423830092168
min_bid_mn,vac_office,494,-0.11951163381869842,0.00783529491150108,-0.04230378707869881,0.34809704488274595,False,site_price,commercial,0.4797100255123821
round_no,rtms_apt_n_3m,211,0.05028492694261683,0.46750073811981413,0.06478748193659156,0.3490228221872653,False,site_price,rtms_apt,0.48061422359910067
ap_stcns_day,kiscon_cnt_priv_yoy_pct,142,0.12045300873326019,0.15332613412945317,0.07916796779332744,0.3490014993982352,False,hub,kiscon,0.48061422359910067
bank_facility_loan_rate,rtms_apt_unit_3m,798,-0.002440324283268163,0.9451261298713001,-0.033199079242752415,0.348951306359634,False,rates,rtms_apt,0.48061422359910067
spread_AA_KTB,rentidx_midlarge,798,0.009802987680224034,0.7821670463399472,0.033172011762792435,0.3493446084209647,False,rates,commercial,0.4809334761140315
spread_AA_KTB,kiscon_cnt_all,798,0.03325884046248791,0.34808394480874205,0.03316278431509259,0.34947875136459156,False,rates,kiscon,0.48099430721916886
nonbank_corp_loan_rate,house_idx_yoy_pct,737,-0.014136617956346324,0.7016122481673608,0.03447986607729944,0.3499224731599264,False,rates,land_house,0.4814810766819677
rtms_nrg_n_yoy_pct,pms_after_exit,797,-0.04290936438643797,0.22626415382411713,-0.03314328951696315,0.3500653052521496,False,rtms_nrg,exit,0.48155368849581776
rtms_land_n_3m,hug_sago_amt_mn,335,0.1226026993332135,0.024827085033018656,0.05120339961989559,0.3501563110475886,False,rtms_land,hug,0.48155498847002476
rtms_fac_n_yoy_pct,pms_after_exit,737,-0.010006943179166432,0.7862282929179828,-0.03440185862718318,0.3510143109818792,False,rtms_fac,exit,0.4826108307585775
cci_nonresi,rtms_fac_n_yoy_pct,737,0.06402544904409249,0.08239094857216231,-0.034361592484595055,0.35157874172991527,False,cci,rtms_fac,0.48326260463492465
apt_idx_yoy_pct,excess_pp_med,189,0.07246948362669088,0.3216929032921452,0.06807995542058917,0.3519486997201443,False,land_house,excess,0.48364679964112356
appraisal_mn,round_no,211,0.10626201038427971,0.12386889893379151,0.06433710269507129,0.3523904023966891,True,site_price,site_price,0.4841293632104565
rtms_apt_n,ap_useapr_day,100,0.016142120454104653,0.8733520769305184,-0.09376134512655811,0.3534742491786059,False,rtms_apt,hub,0.4854936579393799
appraisal_mn,kiscon_amt_pub,768,0.05099621317146234,0.1579896243387593,0.033484574073048216,0.3540822459695512,False,site_price,kiscon,0.4862038441703108
minbid_vs_rtms_all_3m,hug_sago_last_yr,210,0.1360449608362162,0.04896745338196249,0.06424553964207122,0.35423459210534963,False,valuation,hug,0.4862881550673439
rtms_nrg_n,pms_after_exit,798,0.029073548310704616,0.4121126242945646,0.03279011744166315,0.3549236115941612,False,rtms_nrg,exit,0.48710897104568274
base_rate,yield_midlarge,798,0.04612715428218207,0.19302189570998865,0.03276002954744037,0.3553655313393725,False,rates,commercial,0.48759032488366044
unsold_pct_completed,reactivated,441,0.04892325627895183,0.30532241965548784,0.044094296596591066,0.35558966547461923,False,unsold,exit,0.4877726888898894
round_no,kiscon_amt_priv_yoy_pct,211,0.05116799451219514,0.45970828167946665,0.06381760246340519,0.35630008038079497,False,site_price,kiscon,0.48849654610156684
bldg_area_m2,kiscon_cnt_all,286,-0.03285336704797645,0.5800463474190126,0.05474992863725057,0.3562456695827695,False,site_price,kiscon,0.48849654610156684
rtms_apt_med_unit,n_rounds_m,201,0.002486042409994539,0.9720590339583961,-0.06530585204975027,0.3570089239933097,False,rtms_apt,site_price,0.48934291632715377
vac_midlarge,kiscon_cnt_priv_yoy_pct,798,0.014763546472140867,0.6771006475190368,-0.03258540868343842,0.3579371342170243,False,commercial,kiscon,0.4904894558325036
rtms_land_dae_med_unit,rtms_fac_n_3m,797,-0.0651050206997443,0.06620153509949071,-0.032592998133315704,0.358127453468628,False,rtms_land,rtms_fac,0.4906245179853328
cci_resi,rtms_nrg_med_unit,797,0.0007614725244142247,0.9828758898980792,0.03258310910174132,0.3582733929687804,False,cci,rtms_nrg,0.4906987275112881
hug_sago_last_yr,kiscon_cnt_priv_yoy_pct,335,0.12559586268033318,0.021487838749565842,0.050314736694411395,0.3585925115348268,False,hug,kiscon,0.49101002795818666
hug_sago_last_yr,kiscon_amt_priv_yoy_pct,335,0.11405751432550357,0.03692374674507539,0.050280308264782865,0.3589218851306099,False,hug,kiscon,0.4913352073203715
ap_useapr_day,hug_sago_n,44,-0.06266252473929304,0.6861482692676206,0.14163969365207693,0.3590801528394728,False,hub,hug,0.491426049969967
min_bid_mn,hug_sago_n,212,0.01220981670808702,0.8597180161663248,0.06321889046424402,0.35969028810579434,False,site_price,hug,0.49202194067637234
rtms_land_n,kiscon_cnt_priv_yoy_pct,798,0.06742119409838773,0.056942076138512786,0.032466185756238414,0.3596996009171385,False,rtms_land,kiscon,0.49202194067637234
bldg_area_m2,rtms_land_n_3m,286,0.042650748735670437,0.47247508179369613,0.054341118475051034,0.3598537658651762,False,site_price,rtms_land,0.4921069273864699
appraisal_mn,ah_supply_sum,723,0.06251590256915138,0.09301502095543643,0.03405376118622386,0.36053778136979253,False,site_price,applyhome,0.4929162661683152
rtms_land_dae_n,kfb_understated,425,0.0241213363423191,0.619977884710737,0.04444190472305389,0.360744892400616,False,rtms_land,exit,0.4930733485854023
rtms_nrg_n_yoy_pct,unsold_pct_completed,697,-0.02608395619492196,0.4917568894427188,-0.034634618985287594,0.3612357537876857,False,rtms_nrg,unsold,0.4936180872738961
appr_vs_rtms_all_3m,hug_sago_n,319,0.0683149464892166,0.2236893971215687,-0.05126106779760167,0.3614750669158674,False,valuation,hug,0.49381890209482443
spread_AA_KTB,rtms_nrg_n_3m,798,-0.035120852042078314,0.3217462725777295,-0.03230129429625426,0.36214613213249264,False,rates,rtms_nrg,0.4946092895306356
rtms_apt_unit_3m,n_rounds_m,201,0.002358970470622973,0.9734866767653173,-0.06450110135478677,0.3629779112354123,False,rtms_apt,site_price,0.495618715877362
bank_facility_loan_rate,rtms_apt_n,798,-0.04305069811374436,0.22444563234379658,-0.03223677977709913,0.36310617375372567,False,rates,rtms_apt,0.4956672736944527
bldg_area_m2,ah_under_ratio,268,0.1206076362362425,0.04856295188551592,0.055759724518860826,0.36320925699112455,False,site_price,applyhome,0.49568144388247654
bank_corp_loan_rate,minbid_unit_land_mn_m2,498,-0.0387411995349938,0.38830429946807643,-0.04081607410261543,0.3633829157852486,False,rates,valuation,0.4957918986230478
discount_ratio,kiscon_amt_priv,499,-0.002333933611871196,0.9585243538838079,0.04075927016403535,0.3635680084158606,False,site_price,kiscon,0.49591789311214457
corp_bond_AA3y,rtms_apt_n,798,0.09442266718161238,0.007605024642252905,0.03219203931135311,0.36377289006220936,False,rates,rtms_apt,0.49594432513070713
hug_sago_amt_mn,kiscon_cnt_indiv,335,0.19005490126877936,0.00046963317247756804,0.049784574205116415,0.36368549810961986,False,hug,kiscon,0.49594432513070713
stcns_delay_days,kiscon_amt_indiv,141,-0.021390233067462502,0.8012244238934215,0.07698425016398745,0.3642230723153119,False,hub,kiscon,0.49643149825897853
ap_pms_day,kiscon_cnt_priv_yoy_pct,425,0.0449260942124252,0.355531102244094,0.044029498672810134,0.3652232078677042,False,hub,kiscon,0.49754101718945587
nonbank_corp_loan_rate,ap_stcns_day,142,0.19602519685424186,0.01938756973853093,0.07655484350986096,0.3651884493989027,False,rates,hub,0.49754101718945587
corp_bond_BBB3y,rtms_apt_n,798,0.0922127707543502,0.009150475337062211,0.03208562853987392,0.3653616766333934,False,rates,rtms_apt,0.49760287441639195
apt_idx,ap_stcns_day,142,-0.0358772365785381,0.6716501493135039,-0.07649412075366711,0.3655700258370981,False,land_house,hub,0.49763312834800494
bank_loan_rate_all,hug_sago_last_yr,335,0.07051475159063894,0.19795111724179038,0.04959180696013876,0.365548420368304,False,rates,hug,0.49763312834800494
apt_idx,kfb_understated,425,0.04092203637776277,0.4000693962867524,0.0439826271464262,0.3657343657753699,False,land_house,exit,0.4977301231358877
rtms_apt_med_unit,exited,798,0.03405135376490111,0.33671116255105954,0.03200072736368702,0.3666324066820097,False,rtms_apt,exit,0.49857158660445217
cci_plant,land_chg_pct,798,-0.011546681520251297,0.7446660742924529,-0.032012857011564255,0.3664506919943447,False,cci,land_house,0.49857158660445217
rtms_apt_n_3m,pms_after_exit,798,0.020000640865650947,0.5726406507632854,0.032004677746716705,0.36657321969585194,False,rtms_apt,exit,0.49857158660445217
vac_office,br_useapr_day,227,0.07075946801580218,0.28844249508256187,0.06014028565486371,0.36709979170993706,False,commercial,hub,0.4990199697006781
rtms_fac_n_3m,minbid_unit_land_mn_m2,498,0.014672614576264011,0.7439495941436131,-0.04049702028105638,0.3671487863853502,False,rtms_fac,valuation,0.4990199697006781
unsold_total,hug_sago_amt_mn,324,-0.13074300699905128,0.018552975529381194,0.050218286289699286,0.36758609487956856,False,unsold,hug,0.49948738229251666
hug_sago_amt_mn,kiscon_amt_pub,335,0.19188714230396253,0.000412648211678999,0.0493693417484426,0.367705703178465,False,hug,kiscon,0.4995229661827369
bank_loan_rate_all,kiscon_amt_priv,798,-0.07270288329421572,0.040045975006772386,-0.03192008447258267,0.3678419460923761,False,rates,kiscon,0.49958112414425576
bank_facility_loan_rate,hug_sago_sgg_flag,798,-0.017606461646979092,0.6194556928298882,-0.03188172755523227,0.3684181198122859,False,rates,hug,0.5002365887852445
cci_nonresi,apt_idx,798,0.15659283999171264,8.826696451656291e-06,-0.03183429116167426,0.36913145467923314,False,cci,land_house,0.501077910172597
bank_loan_rate_all,rtms_nrg_n_3m,798,-0.05416248519916156,0.12632540136585435,-0.03180462553852942,0.36957799321800205,False,rates,rtms_nrg,0.5015567334356997
yield_office,months_permit_idle,283,-0.04948241798883109,0.40696467991330104,-0.05350869001596072,0.36981812430950417,False,commercial,hub,0.5017552678718393
discount_ratio,kiscon_amt_indiv,499,0.005118089991894295,0.9092033183450857,0.0402154797121833,0.37000954087710425,False,site_price,kiscon,0.5018876243201107
rtms_apt_n_3m,minbid_vs_rtms_all_3m,498,-0.03157586941771324,0.4820252361949341,0.04022072519224394,0.3704294813976246,False,rtms_apt,valuation,0.5023298090370527
ktb_3y,ap_stcns_day,142,-0.12411438101461394,0.14112418617384972,-0.07566367425428724,0.3708131597229608,False,rates,hub,0.5027226077684258
base_rate,rtms_apt_n,798,-0.05472256036794827,0.122446417137937,-0.0317045568677816,0.3710867363680968,False,rates,rtms_apt,0.5029659770241353
rtms_land_med_unit,unsold_pct_completed,697,0.03116054671930876,0.4114270471935173,-0.03391928893324566,0.371244360024692,False,rtms_land,unsold,0.5030521016350806
bank_facility_loan_rate,land_chg_pct,798,-0.003747145515273633,0.915830569980125,-0.03166824748155911,0.37163511778292235,False,rates,land_house,0.5031137526143961
unsold_total,appr_vs_rtms_all_3m,734,0.06290676044321282,0.08855317088188298,0.03302174800780461,0.3716652623577576,False,unsold,valuation,0.5031137526143961
corp_bond_BBB3y,kfb_understated,425,-0.06133796501589757,0.2069563867301818,-0.04346605462982724,0.3713972895333085,False,rates,exit,0.5031137526143961
spread_AA_KTB,ah_rate_med,730,-0.03728700293940973,0.3143853694730422,-0.033112288456638564,0.37166622831996715,False,rates,applyhome,0.5031137526143961
base_rate_chg_12m,rtms_nrg_n_3m,798,-0.046413252379948276,0.19027240827946088,-0.03163134624434909,0.37219295165616634,False,rates,rtms_nrg,0.5036238173535305
appr_vs_rtms_all_3m,kiscon_cnt_pub,765,0.02277279981132118,0.529403974596498,-0.03230563093124945,0.3722314056819062,False,valuation,kiscon,0.5036238173535305
cci_resi,kfb_understated,425,-0.06670045359665505,0.16989409979136633,-0.04338020662899751,0.37234362318011743,False,cci,exit,0.5036482046911429
base_rate,minbid_vs_rtms_dae_3m,498,-0.026910523789581586,0.5490846448516453,-0.04001790991373632,0.372849199887293,False,rates,valuation,0.5036949650827073
spread_AA_KTB,hug_sago_last_yr,335,0.0407071990928814,0.4577317265233476,0.04885143456227564,0.37275843537440173,False,rates,hug,0.5036949650827073
ap_pms_day,kiscon_amt_indiv,425,0.028820555231877196,0.5534996275107585,0.04333620305844328,0.3728292672384477,False,hub,kiscon,0.5036949650827073
rentidx_office,kfb_understated,418,-0.06539501211374343,0.18206323774832947,-0.04371810420396518,0.37262426362953227,False,commercial,exit,0.5036949650827073
land_chg_cum12_pct,ap_useapr_day,100,0.1659782586340696,0.09886447002987217,0.09010063188104997,0.3726644934202363,False,land_house,hub,0.5036949650827073
rtms_land_n,stcns_after_exit,798,-0.024260650572665365,0.4937459911683828,-0.03158071329723836,0.372959209565832,False,rtms_land,exit,0.503716315622254
corp_bond_AA3y,rtms_nrg_unit_3m,798,0.01568128912900555,0.6582635374888536,0.03151599296562713,0.3739400788767295,False,rates,rtms_nrg,0.5049135357964324
bank_corp_loan_rate,ah_sale_unit_med,733,0.011260448442498894,0.760857887310289,-0.03286773669583519,0.37422798213028075,False,rates,applyhome,0.50517470852073
bldg_area_m2,kiscon_cnt_indiv,286,-0.04214962431003337,0.47769874357956,0.052708964906258475,0.37448523746545154,False,site_price,kiscon,0.5052668596335527
bank_corp_loan_rate,vac_office,777,-0.046348831486013306,0.19685132534072894,-0.03190786537625642,0.3744240083332976,False,rates,commercial,0.5052668596335527
corp_bond_AA3y,apt_idx,798,0.16183115798110778,4.333632188838835e-06,0.031327294081614915,0.37680898734896284,False,rates,land_house,0.5082738787474532
cci_resi,rtms_land_unit_3m,798,-0.004202876774918915,0.9056389841029766,-0.03127628882195707,0.377586772840963,False,cci,rtms_land,0.5091945710922141
cci_plant,excess_pp_med,201,-0.019562517282295695,0.782822138304008,0.06255226950253932,0.3776877058410616,False,cci,excess,0.5092022599929794
nonbank_corp_loan_rate,land_chg_pct,798,0.039160374796208534,0.26919120671170566,0.03126121832506049,0.3778167735737283,False,rates,land_house,0.5092478669772436
ap_pms_day,n_rounds_m,120,0.05381368561355277,0.5593869250398511,-0.0811839419273131,0.37806175983804174,False,hub,site_price,0.5094496547011111
reactivated,kfb_understated,290,-0.051874137968959386,0.37877143761810134,-0.05187413796895941,0.37877143761810045,True,exit,exit,0.5101669499981601
base_rate_chg_12m,appr_vs_rtms_all_3m,765,-0.01567532008244376,0.6651051719513349,-0.03186546014672501,0.3787848871316057,False,rates,valuation,0.5101669499981601
minbid_vs_rtms_dae_3m,kfb_understated,282,0.11157281888291046,0.06132423190607362,-0.05255184637111026,0.37930180420012793,False,valuation,exit,0.5107345119763496
rtms_land_n_yoy_pct,months_permit_idle,284,-0.10171322836991348,0.08708443271301328,-0.05226497857867304,0.380214896707811,False,rtms_land,hub,0.5118351089367235
cci_resi,ap_stcns_day,142,-0.13106674386763523,0.12000546151616247,-0.07408611608105958,0.3808996743211715,False,cci,hub,0.512627877824139
land_chg_pct,br_useapr_day,230,-0.1040704507721271,0.1154911102361231,-0.05803326944625872,0.38099662597497624,False,land_house,hub,0.512629330419778
discount_ratio,rtms_land_unit_3m,499,0.05296624160421183,0.2375876006606401,0.03928056163639593,0.381248256362225,False,site_price,rtms_land,0.5128388495015892
ktb_3y,minbid_vs_rtms_dae_3m,498,-0.006210211994023818,0.8900510378090738,-0.03930998004952826,0.38137150253313196,False,rates,valuation,0.5128472582906154
bldg_area_m2,kiscon_amt_indiv,286,-0.026622572791999158,0.6539105160862717,0.05194624488278703,0.3814463336865116,False,site_price,kiscon,0.5128472582906154
unsold_pct_completed,minbid_unit_land_mn_m2,442,0.037318714119397675,0.433843270380143,0.04162199677713475,0.38268881317782993,False,unsold,valuation,0.5143884072553687
house_idx_yoy_pct,exited,737,-0.03453377245397289,0.3491692259951781,0.03218009667169985,0.38301196371710344,False,land_house,exit,0.5144890143693743
cci_plant,rtms_land_dae_med_unit,797,-0.03144122273881697,0.3753755668925589,-0.030941273066870462,0.3830192172106251,False,cci,rtms_land,0.5144890143693743
cci_total,rtms_land_dae_n_3m,798,0.014956387894846702,0.6731252235216949,0.0309196779996998,0.38305232208798934,False,cci,rtms_land,0.5144890143693743
base_rate_chg_12m,kiscon_cnt_pub,798,0.0028509131825599707,0.9359119178015359,-0.030913051353866423,0.38315434019293515,False,rates,kiscon,0.5144967998522412
cci_civil,stcns_delay_days,141,0.07665460411382066,0.36628672972025106,0.07386961010326357,0.38400806085466277,False,cci,hub,0.515513708609059
stcns_delay_days,hug_sago_n,56,0.13811522834005396,0.3100468539834901,0.11849674892707616,0.38439950382614724,False,hub,hug,0.5159096754413678
cci_yoy_pct,land_chg_pct,798,0.0036887025620190514,0.9171385737653923,-0.030823953975500553,0.38452761904784466,False,cci,land_house,0.5159521151941845
bldg_area_m2,rtms_fac_unit_3m,274,-0.06564562125605536,0.27888428970055185,-0.05261439285875588,0.3856447374456991,False,site_price,rtms_fac,0.5173212270753018
capret_midlarge,months_permit_idle,284,-0.049651807336272155,0.40452274275656375,-0.051590868923029824,0.3863984350623105,False,commercial,hub,0.5182022654321982
cci_civil,rtms_nrg_med_unit,797,0.00041964238292714184,0.990562514620081,0.030715023811890774,0.3865093649681713,False,cci,rtms_nrg,0.5182210567915777
rtms_land_dae_n,kiscon_amt_indiv,798,0.0171474405744938,0.6286183306196388,-0.03066074072722949,0.3870510447473332,False,rtms_land,kiscon,0.518817231452492
rtms_nrg_n_yoy_pct,hug_sago_n,335,-0.03416741285492159,0.5331459691972311,-0.04739119866126168,0.38723359200402896,False,rtms_nrg,hug,0.5189318336956248
land_area_m2,excess_pp_med,200,-0.009144377602613475,0.897742913070875,-0.061444536113402844,0.3874080988095305,False,site_price,excess,0.5190356061975845
rtms_apt_n_3m,ap_useapr_day,100,-0.001234712403195802,0.9902725178624302,-0.08732230403816443,0.3876448793480497,False,rtms_apt,hub,0.5190927047017334
spread_AA_KTB,rtms_apt_n,798,0.047041878816614306,0.1843324495560209,0.030623512458646585,0.38762803667785584,False,rates,rtms_apt,0.5190927047017334
bank_corp_loan_rate,reactivated,499,0.05560512208287046,0.21498696696776495,0.038612347322579316,0.3894075081999141,False,rates,exit,0.5212339351996026
vac_office,rtms_apt_n,777,-0.08808497989402939,0.014042794895194024,-0.030917518905189737,0.3894388575130751,False,commercial,rtms_apt,0.5212339351996026
appr_vs_rtms_dae_3m,ap_pms_day,412,-0.0508007476980564,0.3036328773504828,0.04245354487935626,0.3900744736114763,False,valuation,hub,0.5219540066067476
cci_plant,appr_vs_rtms_all_3m,765,-0.006467039898732721,0.8582683929018023,-0.031029710759353405,0.39142147118431486,False,cci,valuation,0.5233634924787526
bldg_area_m2,rtms_land_n,286,0.038302268121381676,0.5188298992951658,0.05088490439874221,0.3912632699345146,False,site_price,rtms_land,0.5233634924787526
base_rate,br_useapr_day,230,0.02128172260634093,0.74818676810989,-0.05677697471764161,0.39140862164948215,False,rates,hub,0.5233634924787526
rtms_apt_unit_3m,br_useapr_day,230,-0.1119717102733665,0.09022447943430899,-0.05675790565880455,0.39156797383546954,False,rtms_apt,hub,0.523428489024564
hug_sago_last_yr,kiscon_amt_all,335,-0.09048182534105895,0.09827143627833297,0.04693994618825411,0.39177492297436023,False,hug,kiscon,0.5235742347272941
hug_sago_last_yr,kiscon_cnt_all,335,-0.05510925236984192,0.31457953503586633,0.046845516804422276,0.3927292993022417,False,hug,kiscon,0.5247185315764834
rtms_apt_med_unit,stcns_delay_days,141,0.031181341954964095,0.7135807482023978,0.07245703622181193,0.3931914912196836,False,rtms_apt,hub,0.5250950134025453
cci_bldg,rtms_fac_n_yoy_pct,737,0.06480214664943129,0.07873149032793991,-0.03149633925050055,0.3932074871262,False,cci,rtms_fac,0.5250950134025453
bank_facility_loan_rate,rtms_nrg_n_3m,798,-0.06343577691355701,0.0732956090900399,-0.03022144726758093,0.3938928402645664,False,rates,rtms_nrg,0.5258789055916695
spread_AA_KTB,ap_useapr_day,100,-0.001401110715771453,0.9889616531076831,0.08616218949411873,0.3940055293668587,False,rates,hub,0.5258980443146763
cci_bldg,kiscon_amt_indiv,798,0.034943916355100586,0.3241916527077687,-0.030171145264968873,0.3946809070402876,False,cci,kiscon,0.5266680334276062
rtms_apt_n_3m,months_permit_idle,284,-0.0003308645898031752,0.995570775688909,-0.05065338590337797,0.39509868031982504,False,rtms_apt,hub,0.527093972971583
bldg_area_m2,kiscon_amt_pub,286,-0.01987876514494251,0.7378203033777543,0.050388078065530674,0.3959106516636052,False,site_price,kiscon,0.5280454613233466
excess_pp_med,ah_rate_med,195,-0.035608827220790853,0.6211578431692024,0.06110445070351471,0.3961124868989172,False,excess,applyhome,0.5281829095881572
min_bid_mn,kiscon_cnt_indiv,502,0.09120312235498033,0.041091749308126084,0.03791600839861626,0.39660018391002433,False,site_price,kiscon,0.5287013670822488
ap_pms_day,kiscon_amt_pub,425,0.02434206423831739,0.6167788733952256,0.04121480861819563,0.3967037812962716,False,hub,kiscon,0.5287076566777578
ktb_3y,rtms_land_dae_med_unit,797,-0.037752168155170275,0.2871043885770011,-0.030042605675618898,0.39699596708506557,False,rates,rtms_land,0.528965222029366
rtms_fac_med_unit,kiscon_cnt_all,733,0.044914775710539825,0.22453431432269663,-0.031300788604798215,0.3974424329076693,False,rtms_fac,kiscon,0.5293400772145248
discount_ratio,capret_midlarge,499,0.07989549245054287,0.07456913206515821,0.037959923060080024,0.3974752964309551,False,site_price,commercial,0.5293400772145248
vac_office,rtms_land_dae_n_3m,777,0.02212450231863567,0.5380286383456363,0.03038382073708055,0.3976798179443452,False,commercial,rtms_land,0.5294805743397445
excess_pp_med,kiscon_amt_indiv,201,0.04539112824425674,0.5222722931203926,-0.0596932323511911,0.39991647545493275,False,excess,kiscon,0.5322757041940233
bldg_area_m2,yield_office,284,-0.07182680811833522,0.22756021042552785,-0.05013302675382949,0.3999782643447887,False,site_price,commercial,0.5322757041940233
cci_total,capret_office,777,0.07799485078561641,0.029712889897937324,0.03020149257815854,0.4005190609896053,False,cci,commercial,0.5325977167648396
base_rate_chg_12m,house_idx,798,0.16602398053812628,2.4123113129376876e-06,0.02980259157870131,0.4004839133630423,False,rates,land_house,0.5325977167648396
capret_office,br_useapr_day,227,-0.10420525855469942,0.11744033453992576,-0.056086884763995364,0.4003304099591385,False,commercial,hub,0.5325977167648396
hug_sago_amt_mn,kiscon_cnt_pub,335,0.16597626757936107,0.0023061876003331303,0.04606321223473573,0.4006896998642591,False,hug,kiscon,0.5326237995134765
bank_corp_loan_rate,months_permit_idle,284,0.0463542608776278,0.43648116664830816,-0.050052361957260115,0.40073789890456635,False,rates,hub,0.5326237995134765
round_no,rtms_fac_n_3m,211,0.05591088944704111,0.4191134190248006,0.058113144517392544,0.40099939700277526,False,site_price,rtms_fac,0.5326538708939897
bank_facility_loan_rate,minbid_vs_rtms_dae_3m,498,-0.023483043584728143,0.601112901465568,-0.03772047076205553,0.4009361941450326,False,rates,valuation,0.5326538708939897
cci_nonresi,appr_vs_rtms_all_3m,765,-0.009599246059367213,0.790952470574145,-0.030403226082534034,0.4010593761397424,False,cci,valuation,0.5326538708939897
bldg_area_m2,pms_after_exit,286,0.026662530935500424,0.653424847232149,0.04977071564294711,0.4017315265068424,False,site_price,exit,0.533414073064834
rtms_land_dae_n,kiscon_cnt_priv_yoy_pct,798,0.06690835557334474,0.05885945944804629,0.029697309705039192,0.40215096372822,False,rtms_land,kiscon,0.5338384317415075
discount_ratio,unsold_pct_completed,442,0.03926579819098338,0.4102259317183979,0.03986732281841457,0.4030865797877627,False,site_price,unsold,0.5349476153202202
minbid_vs_rtms_dae_3m,stcns_delay_days,101,-0.03556116536872059,0.7240520703932507,0.08405167401897336,0.4033379503486538,False,valuation,hub,0.5351483921871593
spread_AA_KTB,kiscon_amt_indiv,798,0.06799170424889915,0.054870309907552824,0.02960565916888369,0.4036055500106035,False,rates,kiscon,0.5353705968510784
bank_facility_loan_rate,excess_pp_med,201,-0.05780385108460217,0.41502553581868457,-0.059147971169778844,0.4042427796837108,False,rates,excess,0.5360828727601195
land_area_m2,kiscon_amt_priv_yoy_pct,786,0.00044381212298546125,0.990088312105946,0.0297321493706122,0.40517259915355913,False,site_price,kiscon,0.5371827145236996
discount_ratio,corp_bond_BBB3y,499,-0.04067838831185146,0.36452165087148214,-0.037329552095344824,0.40536504187083133,False,site_price,rates,0.5373046303627504
base_rate_chg_12m,n_rounds_m,201,0.11664049815758631,0.09915085027109899,0.058987270810691494,0.40552311897793797,False,rates,site_price,0.5373809460161175
rtms_land_unit_3m,kiscon_cnt_pub,798,0.01710232638897699,0.629521986754724,0.029440661588714993,0.40623214041442307,False,rtms_land,kiscon,0.5381871295331814
unsold_pct_completed,kiscon_amt_priv,697,0.08596350046723403,0.023230004733841837,0.03141714557871008,0.4075843438096765,False,unsold,kiscon,0.5398448071217092
bank_facility_loan_rate,rtms_apt_n_yoy_pct,798,0.02529881989141482,0.47543891124411597,0.029325784263965017,0.4080668682029749,False,rates,rtms_apt,0.5403500604956183
bldg_area_m2,hug_sago_sgg_flag,286,0.08434556629945292,0.15482244210947108,0.04908847015706901,0.4082232194145035,False,site_price,hug,0.5404232617502723
capret_office,months_permit_idle,283,-0.05169356230781223,0.3862978145629871,-0.04933435190536623,0.408371648546881,False,commercial,hub,0.5404859417772705
rtms_land_n,kfb_understated,425,0.019951275864676182,0.6817065150139717,0.04016716254313203,0.40882573402434863,False,rtms_land,exit,0.5409530313853482
land_area_m2,ah_supply_sum,738,-0.01216265723017771,0.7415021526266822,0.0304039737750965,0.409513722538507,False,site_price,applyhome,0.541729310839534
rtms_land_dae_unit_3m,kiscon_cnt_all,798,0.11801120179922611,0.0008373669588327916,0.029212323323042924,0.4098838025678067,False,rtms_land,kiscon,0.5420847618921748
bank_corp_loan_rate,rtms_apt_unit_3m,798,0.0050020243990083445,0.8878059204158144,-0.029181249906325632,0.4103822404319343,False,rates,rtms_apt,0.5423415322762117
cci_plant,rtms_fac_n_3m,798,0.022330819241336574,0.5287530457057635,0.029183713397156932,0.410342711317907,False,cci,rtms_fac,0.5423415322762117
rentidx_midlarge,kiscon_amt_indiv,798,0.08035830230208066,0.023198670352926574,0.029191755637906176,0.41021368143876463,False,commercial,kiscon,0.5423415322762117
base_rate,ap_useapr_day,100,-0.0593452204136372,0.5575339692072686,-0.08313921593173605,0.4108694536699805,False,rates,hub,0.5428512401219139
corp_bond_AA3y,rtms_apt_n_3m,798,0.10761602723325839,0.0023336759069694153,0.02912306581495818,0.41131651735146385,False,rates,rtms_apt,0.5433076626181516
cci_civil,rtms_fac_n,798,0.020582805986921013,0.5615157552323259,0.029102175116528368,0.4116522718622645,False,cci,rtms_fac,0.5435512359891012
spread_BBB_KTB,stcns_after_exit,798,-0.037313940085911004,0.29243639614908323,-0.02909894331504713,0.41170422774562554,False,rates,exit,0.5435512359891012
rtms_nrg_n_3m,kiscon_cnt_priv_yoy_pct,798,-0.045818809588891576,0.19601767949616755,-0.029090547811421202,0.41183921575495397,False,rtms_nrg,kiscon,0.5435952324467388
rentidx_office,br_useapr_day,227,-0.09356025340775526,0.1600424266567034,-0.05471798288164175,0.41194640816339917,False,commercial,hub,0.5436025282452358
rtms_apt_n_yoy_pct,n_rounds_m,201,0.12345414450965614,0.08080505067938583,-0.05804754863353847,0.41305812982890344,False,rtms_apt,site_price,0.5449350654318151
rtms_fac_n_3m,exited,798,-0.0019870310377544317,0.9553071572321957,-0.028970787035959043,0.4137676537722408,False,rtms_fac,exit,0.5457173084233461
vac_office,unsold_total,761,-0.03260528453667048,0.36906981371562037,0.029663115480257306,0.41385518714356995,False,commercial,unsold,0.5457173084233461
cci_resi,rtms_land_dae_n,798,0.006101003010464481,0.8633761875820697,0.028924003201909052,0.41452243322177673,False,cci,rtms_land,0.5464623891609567
apt_idx_yoy_pct,rtms_fac_n_3m,737,0.05746527988797098,0.11906908922316503,-0.030074630322371117,0.4149252566564478,False,land_house,rtms_fac,0.5468586017604206
appraisal_mn,rtms_nrg_n_3m,768,0.061291236258472354,0.08962447338624227,0.029420666885053168,0.4155431839823124,False,site_price,rtms_nrg,0.5475380494710261
capret_office,hug_sago_n,335,0.05186909569721818,0.3439195806687426,0.0445859988236232,0.41598181356765657,False,commercial,hug,0.5479809699793693
bank_corp_loan_rate,kiscon_cnt_all,798,0.0008050408985127641,0.9818848933509529,0.028821478208797453,0.4161793428480463,False,rates,kiscon,0.5481061443863309
ap_pms_day,kiscon_amt_priv_yoy_pct,425,-0.11537371948168183,0.017339159954760125,-0.03949109789572884,0.4167635694102763,False,hub,kiscon,0.5487404101543333
cd_91d,stcns_after_exit,798,0.037008017605845794,0.29641392013652595,0.028722194232419677,0.41778758684561246,False,rates,exit,0.5498179244064705
rtms_land_n,kiscon_amt_priv_yoy_pct,798,-0.04352489828779406,0.21937755098315945,0.028726560246309988,0.4177167875726364,False,rtms_land,kiscon,0.5498179244064705
land_chg_cum12_pct,kiscon_amt_priv_yoy_pct,798,-0.04154246089023222,0.24111875559249088,0.028693634439630997,0.41825088640414,False,land_house,kiscon,0.550292197244817
base_rate,rtms_land_n_3m,798,-0.03014010822616905,0.3951676297425928,-0.02860788701254127,0.41964370188210554,False,rates,rtms_land,0.5519888988840389
months_permit_idle,ah_under_ratio,274,0.022601937768234725,0.7095460378519381,0.048916094615670556,0.41996229051624867,False,hub,applyhome,0.5522721021619237
cci_yoy_pct,house_idx,798,0.17265960585512413,9.262482895639337e-07,-0.028581227769242823,0.4200772881477345,False,cci,land_house,0.5522874993179091
unsold_pct_completed,appr_vs_rtms_all_3m,674,0.01181689249789121,0.7594328697654207,0.03104685697607257,0.42098060770916496,False,unsold,valuation,0.5533390632794751
rtms_land_n_yoy_pct,excess_pp_med,201,-0.02951225530486936,0.6774908445744076,-0.056981781036341196,0.42170264384859896,False,rtms_land,excess,0.5541518890780188
rtms_fac_n,hug_sago_last_yr,335,-0.02819511273620128,0.6070921404113797,0.04402649822121905,0.4218621496539417,False,rtms_fac,hug,0.5542252860441342
bank_facility_loan_rate,hug_sago_last_yr,335,0.05567321938844323,0.3096452695611144,0.04401185189789902,0.4220167309356797,False,rates,hug,0.5542921789027461
round_no,ah_under_ratio,200,0.03322300409115635,0.6404797127350099,0.05702705767033484,0.4225053560122319,False,site_price,applyhome,0.5547976764728398
n_rounds_m,kiscon_cnt_pub,201,-0.11034281536971677,0.11890451231219773,-0.056757239898343186,0.4235372487081187,False,site_price,kiscon,0.5560161229664402
rtms_apt_med_unit,br_useapr_day,230,-0.11278946000088019,0.08788392523138198,-0.05300208897579641,0.42371111563033326,False,rtms_apt,hub,0.5561078388010289
cd_91d,ap_pms_day,425,-0.035881796698677235,0.46064742244848295,-0.038860988668228694,0.4242427518925664,False,rates,hub,0.5566689556735098
base_rate_chg_12m,rtms_apt_n_3m,798,0.0915176772787532,0.009691381411390629,0.028304978342904536,0.4245856558465888,False,rates,rtms_apt,0.5569822133983587
vac_midlarge,hug_sago_last_yr,335,0.08051493642306112,0.14141408214422238,0.043739304881982174,0.4248992917821424,False,commercial,hug,0.5572569323421916
minbid_vs_rtms_all_3m,months_permit_idle,179,-0.08026832399618512,0.28546734929831796,-0.05990657578898831,0.42568568186631073,False,valuation,hub,0.5581513832611975
house_idx_yoy_pct,rtms_nrg_n,737,0.11886825111218002,0.0012249912122241384,0.029353521226544572,0.4262060081484774,False,land_house,rtms_nrg,0.5586966230865185
cci_civil,appr_unit_land_mn_m2,765,-0.009489773525249854,0.793282227230687,-0.02871583874812518,0.4277162679311029,False,cci,valuation,0.5603716132873031
ktb_3y,appr_vs_rtms_dae_3m,765,0.008156619324998112,0.8217958531367507,0.028718997182097656,0.427665429006598,False,rates,valuation,0.5603716132873031
minbid_unit_land_mn_m2,kiscon_amt_priv_yoy_pct,498,0.00018405507944414118,0.9967310475944859,-0.0356068188057819,0.4278632698641827,False,valuation,kiscon,0.5603716132873031
rtms_apt_med_unit,excess_pp_med,201,0.0020367848707241168,0.9771067729950288,-0.056225166663991785,0.4279029917808226,False,rtms_apt,excess,0.5603716132873031
rtms_fac_med_unit,exited,733,0.0015693226623363708,0.9661676214345233,0.02928021478374319,0.4286239685407354,False,rtms_fac,exit,0.5610409693481793
cci_resi,appr_unit_land_mn_m2,765,-0.009879432059771157,0.7849981794627042,-0.02866138975318189,0.42859324425828116,False,cci,valuation,0.5610409693481793
rtms_land_n_3m,kfb_understated,425,0.03079984235114666,0.5265800515428575,0.038476254767477645,0.4288476066658779,False,rtms_land,exit,0.5611963173867962
bank_loan_rate_all,ap_stcns_day,142,0.1690427495044033,0.044318128985189546,0.06689220703457405,0.428971030474883,False,rates,hub,0.5612204795569364
unsold_pct_completed,ap_useapr_day,94,0.0436398987801542,0.6762085456091608,0.08249808388390069,0.42923847818205385,False,unsold,hub,0.561433009500842
rentidx_midlarge,kiscon_amt_all,798,0.04984424881775914,0.1595127564288193,0.028002728371257078,0.429550537783666,False,commercial,kiscon,0.5617037724454053
round_no,rtms_fac_n,211,0.06117183614608014,0.37663030064199143,0.05465467218006363,0.42965660726612487,False,site_price,rtms_fac,0.5617051049026821
rtms_apt_unit_3m,excess_pp_med,201,0.0011872689610201662,0.986654033809455,-0.055972469285726655,0.4299854853721758,False,rtms_apt,excess,0.5619976510107612
corp_bond_AA3y,rtms_nrg_n,798,-0.05243462937125362,0.1388955223680713,-0.027898600747441472,0.4312687471762368,False,rates,rtms_nrg,0.5634604728356485
bank_corp_loan_rate,rtms_apt_med_unit,798,0.006874318083753602,0.8462621959861318,-0.027889692596473004,0.43141592499564735,False,rates,rtms_apt,0.5634604728356485
cd_91d,unsold_pct_completed,697,-0.02567987844882147,0.498492883210349,-0.029847693165992374,0.43142082958465394,False,rates,unsold,0.5634604728356485
cd_91d,kiscon_cnt_priv,798,-0.01901146637397775,0.5917792133232439,-0.027811137304983434,0.4327150497170187,False,rates,kiscon,0.5646311687366861
cci_total,stcns_delay_days,141,0.0750384646274081,0.3765081598554325,0.06659793117042523,0.4326653769865202,False,cci,hub,0.5646311687366861
bank_facility_loan_rate,land_chg_cum12_pct,798,0.05090041443633523,0.15084369997167923,0.027819080913746148,0.4325835779816158,False,rates,land_house,0.5646311687366861
cci_bldg,apt_idx,798,0.1568217074889989,8.560635067679943e-06,-0.02780965537748304,0.4327395791065905,False,cci,land_house,0.5646311687366861
hug_sago_amt_mn,kiscon_cnt_all,335,0.18588316879194589,0.0006277058357888858,0.04296063438074043,0.43319762909974047,False,hug,kiscon,0.5650909301771926
apt_idx,ap_pms_day,425,-0.06569843992072118,0.1764137116293311,-0.038098868472021645,0.4333925287313536,False,land_house,hub,0.5652072807625727
rtms_land_dae_n,kiscon_amt_all,798,0.03192056837119174,0.36783468084825005,-0.027749515804653416,0.43373570822943797,False,rtms_land,kiscon,0.5655169060967581
corp_bond_AA3y,rtms_land_dae_med_unit,797,-0.034609669428771875,0.32914825809134823,-0.027742622643390804,0.43413906269127933,False,rates,rtms_land,0.5659048191638885
house_idx,ap_stcns_day,142,-0.023741865391803646,0.7791277513071575,-0.06603281313210375,0.43493805323058654,False,land_house,hub,0.5664842460697848
bldg_area_m2,minbid_unit_land_mn_m2,216,-0.07855005420240849,0.2503401033805499,0.05339214193132176,0.434976103288761,False,site_price,valuation,0.5664842460697848
br_useapr_day,ah_under_ratio,221,0.06836704817719846,0.3116480545849954,0.052793765906326603,0.4348437650938513,False,hub,applyhome,0.5664842460697848
vac_office,kfb_understated,418,0.0662194181831651,0.17660301889523022,0.03828356757065182,0.4350073526019331,False,commercial,exit,0.5664842460697848
cd_91d,ap_useapr_day,100,-0.004219482533570844,0.9667661453375719,0.07881819144338065,0.43569334156895273,False,rates,hub,0.5672394198610154
house_idx,kiscon_cnt_priv_yoy_pct,798,-0.10189821357340892,0.003957834479289658,-0.027623192603130092,0.4358323808539799,False,land_house,kiscon,0.567282312664613
round_no,ah_n_pblanc,202,-0.006639229643286182,0.9252865983209834,0.05510659207420224,0.4360130045052002,False,site_price,applyhome,0.5673792979044306
discount_ratio,cci_resi,499,-0.04056250819248966,0.36589065570126494,-0.03492633251718293,0.43628842259030803,False,site_price,cci,0.5675995609708947
apt_idx,ah_supply_sum,749,0.05677211613859084,0.12056923263805767,-0.028436481654851426,0.43709793395332985,False,land_house,applyhome,0.5685143889195949
rtms_nrg_unit_3m,ap_useapr_day,100,0.05502287813361647,0.5866319583641348,0.07839925111727723,0.4381445624643009,False,rtms_nrg,hub,0.5697371049359476
land_area_m2,stcns_after_exit,786,-0.007670612155697326,0.8299920046061272,-0.027669979611804143,0.4385401558755806,False,site_price,exit,0.5701128649323437
base_rate,land_chg_pct,798,0.04285989653684881,0.22650823636636921,0.027420081351044307,0.43921575809531355,False,rates,land_house,0.5708523720310261
hug_sago_amt_mn,kiscon_amt_priv_yoy_pct,335,-0.031990996561997796,0.5595620274104793,-0.04236491938757549,0.4396087310241566,False,hug,kiscon,0.5712242733380717
unsold_pct_completed,hug_sago_amt_mn,315,0.13373630774329798,0.017557261872288548,0.04362177933115479,0.44041109147708696,False,unsold,hug,0.5720290033687866
hug_sago_last_yr,kiscon_cnt_pub,335,-0.023016215707231974,0.6746703343294288,0.04228785835371512,0.44044200614724044,False,hug,kiscon,0.5720290033687866
corp_bond_BBB3y,rtms_nrg_n_3m,798,-0.037865454124410905,0.2853565261870243,-0.027312473454816886,0.44101434780040305,False,rates,rtms_nrg,0.5726332485888187
rtms_apt_n_yoy_pct,kfb_understated,425,-0.034305926931353044,0.4805865261027342,-0.03744805954503707,0.4412951806612786,False,rtms_apt,exit,0.572858783927132
corp_bond_BBB3y,rtms_nrg_n,798,-0.051814044805759185,0.14363781098084136,-0.027269457593996592,0.44173450430256206,False,rates,rtms_nrg,0.5732899015790774
rtms_fac_n_3m,ah_rate_med,730,-0.054427567618642717,0.14179999277240485,-0.02846448715628857,0.4425431777391626,False,rtms_fac,applyhome,0.5740607402647506
hug_sago_amt_mn,kiscon_amt_indiv,335,0.1851039404394843,0.000662212448708286,0.042100887868773314,0.4424674956515819,False,hug,kiscon,0.5740607402647506
appr_unit_land_mn_m2,stcns_after_exit,765,-0.021622629017170276,0.5504110851421393,-0.027780077368275112,0.4429325220746419,False,valuation,exit,0.5742871473164671
corp_bond_AA3y,rtms_nrg_n_3m,798,-0.03827130416161512,0.2802210470367817,-0.02720274159215737,0.44285276859623474,False,rates,rtms_nrg,0.5742871473164671
cd_91d,reactivated,499,0.05044718123869983,0.26067600694074433,0.03440032919948219,0.44323319354469237,False,rates,exit,0.5745376693050837
bank_facility_loan_rate,appr_vs_rtms_all_3m,765,-0.028451921471520276,0.43197673797290576,0.027746850891718886,0.4434784302377571,False,rates,valuation,0.5745865391699626
ktb_3y,rtms_nrg_n_3m,798,-0.03614491579412512,0.3078296909800286,-0.027165016525279907,0.44348581394322717,False,rates,rtms_nrg,0.5745865391699626
bank_loan_rate_all,rtms_land_dae_med_unit,797,0.00133144982132055,0.9700628734334331,0.027149898413355904,0.44402624911352867,False,rates,rtms_land,0.575147372579951
corp_bond_AA3y,ap_pms_day,425,-0.029547367435091353,0.5435369027204393,-0.03719111264213781,0.4444377441945655,False,rates,hub,0.5754016024717534
rtms_land_dae_n_3m,hug_sago_amt_mn,335,0.12134417492138237,0.026359474054642378,0.041923357656830126,0.4443956164233722,False,rtms_land,hug,0.5754016024717534
nonbank_corp_loan_rate,rtms_apt_n,798,-0.05297048553701875,0.13489833572893395,-0.02695710952709907,0.44698384094614935,False,rates,rtms_apt,0.5785578788523507
rtms_fac_n,exited,798,0.012705703235801967,0.7200635211310343,-0.02693527972718224,0.44735203303966603,False,rtms_fac,exit,0.5788943176822591
bank_corp_loan_rate,hug_sago_last_yr,335,0.0631791777494723,0.2488287167159579,0.04155241789228865,0.4484396873540246,False,rates,hug,0.5799689191886993
rentidx_office,ap_pms_day,418,0.053623649271876295,0.2740241887409501,0.037182164610886,0.44834507416866143,False,commercial,hub,0.5799689191886993
bldg_area_m2,hug_sago_last_yr,120,0.12429375525558298,0.17619313905899522,-0.06983336056992862,0.44850785128955895,False,site_price,hug,0.5799689191886993
base_rate,minbid_vs_rtms_all_3m,498,-0.04416144603556742,0.3253582814398246,-0.03401006435130593,0.4488836201600881,False,rates,valuation,0.5803144867011584
cci_yoy_pct,br_useapr_day,230,-0.02086641465334372,0.7529401304819409,-0.05008396375246168,0.44971092441389615,False,cci,hub,0.580822297787706
cci_nonresi,house_idx,798,0.17311935099721448,8.65624505060104e-07,-0.02680863107222924,0.4494915442088161,False,cci,land_house,0.580822297787706
bank_facility_loan_rate,pms_after_exit,798,0.07023003768142717,0.04733836602615464,0.026795676087620415,0.4497107224319987,False,rates,exit,0.580822297787706
corp_bond_AA3y,kfb_understated,425,-0.0589694939810206,0.22506758166249066,-0.03677024876183161,0.44961246769185564,False,rates,exit,0.580822297787706
rtms_land_dae_n,ap_pms_day,425,0.008853136309072505,0.8555998977652276,-0.03673313493612059,0.4500704275352584,False,rtms_land,hub,0.5811462390801803
corp_bond_AA3y,rtms_land_n_yoy_pct,798,-0.044384674436602496,0.2103987272229297,0.0267364633993691,0.4507132787227368,False,rates,rtms_land,0.5818358042806552
stcns_delay_days,kiscon_cnt_indiv,141,-0.031416852055746854,0.7115129021023723,0.06395810012737058,0.4511664347544149,False,hub,kiscon,0.5822802140072065
ktb_3y,stcns_delay_days,141,0.07974764788558134,0.34720748145638186,0.06393835933059512,0.45130643411749666,False,rates,hub,0.582320343442629
rentidx_office,kiscon_amt_priv_yoy_pct,777,-0.07778551417002509,0.030155316782078917,-0.027025165742086243,0.4519046288972152,False,commercial,kiscon,0.582810914306177
discount_ratio,rtms_land_med_unit,499,0.06434698321852145,0.1512057243522928,0.033753986952306234,0.4518524066074436,False,site_price,rtms_land,0.582810914306177
house_idx,ap_pms_day,425,-0.06520698199605558,0.1796785064128275,-0.036488993278577006,0.4530895295940451,False,land_house,hub,0.5841981467902964
n_rounds_m,ah_supply_sum,196,-0.08738920208970245,0.22324116653212178,-0.05385498656595916,0.45344056524696874,False,site_price,applyhome,0.5845098125302657
cci_civil,rtms_fac_n_3m,798,0.02481415895413765,0.48393884759306505,0.026533882285095085,0.4541528059916165,False,cci,rtms_fac,0.5850048310376231
nonbank_corp_loan_rate,apt_idx_yoy_pct,737,-0.008910947123611726,0.8091627449706584,0.02762047679109505,0.4540358050160934,False,rates,land_house,0.5850048310376231
round_no,rtms_land_dae_n,211,0.009869363622415691,0.8866750962236384,0.0518130492454535,0.45406205990296994,False,site_price,rtms_land,0.5850048310376231
spread_AA_KTB,appr_unit_land_mn_m2,765,-0.04116971289752005,0.2554052927698647,0.027074130563374977,0.45461336931746177,False,rates,valuation,0.5854570534057004
unsold_total,appr_vs_rtms_dae_3m,734,0.01563449573416477,0.6723824647988762,0.02760856041674335,0.45515370879188205,False,unsold,valuation,0.5858706983414043
exited,kiscon_amt_pub,798,-0.011838928589586035,0.7384368381131037,0.026479735610662837,0.4550746316465398,False,exit,kiscon,0.5858706983414043
corp_bond_BBB3y,appr_vs_rtms_dae_3m,765,0.006380181800962215,0.8601522652440465,0.027011327190027707,0.4556608610911133,False,rates,valuation,0.5862245586188385
base_rate_chg_12m,rtms_apt_n,798,0.08592156464858083,0.015187554314872932,0.026447593950696218,0.45562232771637606,False,rates,rtms_apt,0.5862245586188385
unsold_pct_completed,ap_pms_day,374,-0.005213979012614084,0.9199499960448583,-0.038682076495081805,0.4557575257487398,False,unsold,hub,0.5862245586188385
rtms_land_n_3m,minbid_vs_rtms_dae_3m,498,0.06008454656734951,0.1806742903645074,0.033469891747002996,0.4561247832787539,False,rtms_land,valuation,0.586555848049903
cd_91d,rtms_fac_unit_3m,765,-0.06812212905748052,0.05966350683819548,0.026945393539699408,0.4567620195018116,False,rates,rtms_fac,0.5871648373711938
cci_resi,appr_vs_rtms_all_3m,765,-0.01125498912189542,0.7559538688723243,-0.026942045370983974,0.45681797708325533,False,cci,valuation,0.5871648373711938
spread_AA_KTB,rtms_apt_med_unit,798,0.014945729801690469,0.6733447034332971,0.02636443222708814,0.4570411260148966,False,rates,rtms_apt,0.587310478443079
rtms_fac_n,stcns_delay_days,141,-0.08318096596549296,0.3267764121027986,-0.06306282762596219,0.45753999960747915,False,rtms_fac,hub,0.5878102782078787
cci_yoy_pct,rtms_nrg_n,798,-0.04318259537931046,0.22302765044714365,-0.026324201419771688,0.4577283803269326,False,cci,rtms_nrg,0.5879110376190508
apt_idx_yoy_pct,exited,737,-0.024281757226227548,0.5104269342049321,0.027360528133573994,0.4582965872917547,False,land_house,exit,0.5883581878148889
bank_corp_loan_rate,rtms_land_dae_med_unit,797,0.002519732174368048,0.9433790531502304,0.026313382717151973,0.45819604577972234,False,rates,rtms_land,0.5883581878148889
bank_loan_rate_all,reactivated,499,0.05427083525145843,0.22621357001428039,0.03325828427605724,0.45852630856281773,False,rates,exit,0.588462006057315
bldg_area_m2,ah_n_pblanc,268,-0.007229701420544219,0.9062232503745813,0.045459390168893506,0.4586285912134853,False,site_price,applyhome,0.588462006057315
months_permit_idle,n_rounds_m,80,-0.027439633172860307,0.8090821019508937,0.08401940305296579,0.4587076194589282,False,hub,site_price,0.588462006057315
pms_after_exit,kfb_understated,425,-0.03599308378267173,0.4592569755938798,-0.03599308378267176,0.4592569755938779,True,exit,exit,0.5890254373951703
cci_yoy_pct,rtms_fac_n_yoy_pct,737,0.06860985614631337,0.06265450974804716,-0.027276603501394003,0.45967694820852006,False,cci,rtms_fac,0.5894226959402774
corp_bond_BBB3y,rtms_land_dae_med_unit,797,-0.037556901669162944,0.2896063958871412,-0.026219980900991948,0.4597937465253175,False,rates,rtms_land,0.5894311106858962
rtms_land_n_yoy_pct,kiscon_amt_priv_yoy_pct,798,-0.015288262643107526,0.6663049790113803,0.02616470804364126,0.46045866107128985,False,rtms_land,kiscon,0.5901420088082903
bank_loan_rate_all,rtms_land_n_yoy_pct,798,-0.02516744645238105,0.4777348177983429,-0.026147438420619323,0.4607548349271466,False,rates,rtms_land,0.590380086833322
bldg_area_m2,rtms_nrg_n_yoy_pct,285,0.0396482421972663,0.5049893892806177,0.04380171715535985,0.4613888232748268,False,site_price,rtms_nrg,0.5910507997246044
stcns_delay_days,ah_rate_med,131,-0.010913105272339373,0.9015427091818332,-0.064840025464259,0.4618584358267499,False,hub,applyhome,0.5915106721833848
kiscon_cnt_pub,kiscon_cnt_priv_yoy_pct,798,-0.04659127045189346,0.188576194806481,0.02606608518745559,0.4621514710843487,True,kiscon,kiscon,0.5917442327318038
spread_BBB_KTB,excess_pp_med,201,-0.035231149819291104,0.6195228170729699,-0.05211462456121478,0.4624955760744115,False,rates,excess,0.5917597141110023
unsold_pct_completed,kfb_understated,374,0.032706500118122823,0.5283249532045479,0.0381074011343023,0.46248440378879957,False,unsold,exit,0.5917597141110023
rentidx_midlarge,ah_n_pblanc,749,0.013868025451704668,0.7047453661832445,-0.02689961959237459,0.46228553597827043,False,commercial,applyhome,0.5917597141110023
rtms_nrg_n_yoy_pct,n_rounds_m,201,-0.03609844544849948,0.6109220173237908,-0.05190754951348068,0.4642782455960059,False,rtms_nrg,site_price,0.593898511770776
bank_facility_loan_rate,rtms_land_n_yoy_pct,798,-0.02026133522887172,0.5676460046967726,-0.025881668907516087,0.46532616297486995,False,rates,rtms_land,0.5950966260288518
ap_stcns_day,ah_under_ratio,134,-0.06129822754941806,0.4816865599560187,-0.0634046353243659,0.4667248453383596,False,hub,applyhome,0.596599987574518
bank_facility_loan_rate,hug_sago_n,335,0.002024897715648186,0.9705462229029818,-0.039904178753812275,0.4666586190533646,False,rates,hug,0.596599987574518
appr_vs_rtms_dae_3m,kiscon_cnt_all,765,0.000582856955829044,0.9871588682075282,-0.026284800467286835,0.4678766086336948,False,valuation,kiscon,0.5979293084044852
house_idx,rtms_apt_n_3m,798,-0.04956843472183271,0.16183742772752882,-0.025697417315312686,0.4685100658803524,False,land_house,rtms_apt,0.5985957759288516
bank_facility_loan_rate,ap_stcns_day,142,0.19403390609759008,0.020679831400962002,0.061228581912150346,0.4691557438699812,False,rates,hub,0.5992530663746836
round_no,rtms_apt_n,211,0.03308433699811908,0.6327542742240015,0.05008796392448355,0.4692486607276604,False,site_price,rtms_apt,0.5992530663746836
rtms_land_dae_n,hug_sago_amt_mn,335,0.1433371160637382,0.0086072046249017,0.03965656982779936,0.46943047320659886,False,rtms_land,hug,0.5993421060734679
rtms_land_dae_unit_3m,rtms_fac_n,798,-0.051717919213119745,0.1443833254520342,-0.025604227391161295,0.4701249777843671,False,rtms_land,rtms_fac,0.5997991544292558
rtms_nrg_n_yoy_pct,stcns_delay_days,141,0.06876828671625042,0.4177855238820946,0.0613346633593314,0.46998326903654625,False,rtms_nrg,hub,0.5997991544292558
base_rate_chg_12m,apt_idx,798,0.15299563852103834,1.4198895945349061e-05,0.025605799695345585,0.4700977054948625,False,rates,land_house,0.5997991544292558
rtms_nrg_n_yoy_pct,unsold_completed,760,-0.02690542483441641,0.4589089705213444,-0.026191223840151066,0.4709234038028748,False,rtms_nrg,unsold,0.6005312282694899
rtms_fac_n_yoy_pct,reactivated,458,-0.01668275799145633,0.7217838372204418,-0.03377505317408676,0.4708798564186695,False,rtms_fac,exit,0.6005312282694899
min_bid_mn,unsold_completed,488,-0.008364453476890299,0.8537732653219386,-0.03257101142647231,0.4728421092074058,False,site_price,unsold,0.6028342293590842
stcns_delay_days,ah_under_ratio,133,0.0613621449460876,0.4829009182233565,0.06269503254924996,0.4734264898838452,False,hub,applyhome,0.6034353853179787
rtms_land_dae_n_3m,kiscon_amt_indiv,798,0.02989362791872724,0.39904577597207325,-0.025394207563191783,0.4737756917849443,False,rtms_land,kiscon,0.6037365643408239
bldg_area_m2,ah_rate_med,263,-0.016371795380039172,0.7915803982962364,0.04425832054335095,0.4748063098797162,False,site_price,applyhome,0.6049057276451854
bank_loan_rate_all,kiscon_cnt_all,798,-0.001873660022166962,0.9578546888914515,0.02532666967965476,0.47495298046763085,False,rates,kiscon,0.6049484484422158
bank_corp_loan_rate,kiscon_amt_indiv,798,-8.501270905700298e-05,0.9980868737228995,0.025300647070361552,0.4754070217807795,False,rates,kiscon,0.6053825542895518
cd_91d,hug_sago_sgg_flag,798,0.013615853690163554,0.7009431104066361,0.025280295366732,0.4757622829466249,False,rates,hug,0.6056906968846675
capret_office,unsold_pct_completed,697,0.029179640074421663,0.44180683730343356,-0.027027626196339572,0.47621760274072034,False,commercial,unsold,0.6061260466209549
vac_office,stcns_delay_days,135,0.03132189421108243,0.7183746443675751,0.0617366841013917,0.4768834199165145,False,commercial,hub,0.606829044810472
discount_ratio,rtms_nrg_med_unit,498,0.06021302197532096,0.17974213964551602,0.031862975142725875,0.47804854626270615,False,site_price,rtms_nrg,0.6081669228804877
rtms_apt_n,ah_sale_unit_med,733,0.01625197902451267,0.660455976820974,0.02621672624885643,0.4785098121582607,False,rtms_apt,applyhome,0.6086089356827354
round_no,ap_stcns_day,54,0.019539644270851052,0.8884703373945075,0.09843012414702254,0.4788779147451372,False,site_price,hub,0.6089322735177761
bank_corp_loan_rate,rtms_land_n_yoy_pct,798,-0.021374586971656936,0.5465547110004014,-0.02505410320336767,0.47972047866098033,False,rates,rtms_land,0.6097136675541387
base_rate,hug_sago_amt_mn,335,0.030625537343431104,0.576451636648753,-0.03875036514674996,0.4796518254075159,False,rates,hug,0.6097136675541387
bldg_area_m2,rtms_land_n_yoy_pct,286,-0.05484618452450335,0.3553994405667768,-0.0419400943732123,0.47989213820640186,False,site_price,rtms_land,0.6097868970982963
cci_plant,yield_office,777,0.07350096245398215,0.040531461708916396,0.025357643106700824,0.4803046099660028,False,cci,commercial,0.6101660131832305
spread_BBB_KTB,kiscon_amt_indiv,798,0.04825603679072684,0.17324957141646957,-0.025009928696702145,0.4804955872192757,False,rates,kiscon,0.6102636353590184
appr_vs_rtms_dae_3m,kiscon_amt_pub,765,-0.005661455944028381,0.8757702844994101,-0.025438095838012167,0.48233863566899515,False,valuation,kiscon,0.6124589610358863
bank_loan_rate_all,hug_sago_sgg_flag,798,-0.029059938349311955,0.4123315951794924,-0.02487379142112955,0.48288860016695095,False,rates,hug,0.6130117153591373
vac_midlarge,ap_useapr_day,100,-0.02716536221087028,0.7884778178501936,-0.07087380000429104,0.4834844631325259,False,commercial,hub,0.6136224600924794
corp_bond_BBB3y,ap_pms_day,425,-0.03027348681917094,0.5336732907468507,-0.034068292309923,0.48363339565247715,False,rates,hub,0.6136658202548162
cci_plant,rtms_fac_n,798,0.01668688126615842,0.6378694196534385,0.0248182781096264,0.48386626125872706,False,cci,rtms_fac,0.6138156343891846
rtms_land_dae_med_unit,kiscon_cnt_all,797,0.11543957176451156,0.001095406527623039,0.02482234150277742,0.4840696022584965,False,rtms_land,kiscon,0.6139279324658873
base_rate,rtms_land_n,798,-0.03792394352561843,0.28461253084834226,-0.024762517014430375,0.4848493640559764,False,rates,rtms_land,0.6147710575307815
min_bid_mn,kiscon_amt_pub,502,0.005137476816267783,0.9085871562393073,0.03109810275432891,0.4869329349196434,False,site_price,kiscon,0.6172665725498657
exited,hug_sago_amt_mn,335,-0.004917557991804964,0.9285492895378824,0.03802931108878686,0.48787037572446623,False,exit,hug,0.6183083429719651
hug_sago_amt_mn,ah_under_ratio,328,-0.08537980840674123,0.12277984212584955,-0.03835596305324019,0.4887747891567615,False,hug,applyhome,0.6193077719481525
vac_office,n_rounds_m,198,-0.04769240174789775,0.5046301201597825,0.0492354922578483,0.49092636355568264,False,commercial,site_price,0.6217652406923458
house_idx,ah_supply_sum,749,0.060273663003212456,0.09929006384453688,-0.025206436710484635,0.4909468573411416,False,land_house,applyhome,0.6217652406923458
hug_sago_amt_mn,ah_sale_unit_med,317,0.01430209227504298,0.7997670820032686,0.03879206108548461,0.49132453305887186,False,hug,applyhome,0.6220962060776196
cci_plant,rtms_fac_n_yoy_pct,737,0.05705037298822459,0.12176188775226969,-0.025373801321088598,0.4915894651623045,False,cci,rtms_fac,0.6222842969277562
appraisal_mn,br_useapr_day,220,-0.1496364409562319,0.026464038111076796,-0.04659803992288967,0.49170665911070327,False,site_price,hub,0.6222853269266108
cci_civil,rtms_land_dae_n,798,0.005061527494199958,0.8864802538137211,0.02436537646885773,0.491882335352072,False,cci,rtms_land,0.6223603518995573
bldg_area_m2,kiscon_cnt_pub,286,-0.02866107286356992,0.6293235550799006,0.04073805046856643,0.49258026050473624,False,site_price,kiscon,0.623095967096954
rtms_fac_n,ah_sale_unit_med,733,0.03549319213193576,0.3372545147549195,0.025344877456522464,0.4932647352476569,False,rtms_fac,applyhome,0.6238142240702983
cci_resi,rtms_land_n_yoy_pct,798,-0.040013140092049815,0.25889476983693427,0.024238745459741577,0.4941362813709962,False,cci,rtms_land,0.6247686678861946
land_area_m2,spread_BBB_KTB,786,0.006696970461712445,0.8513019507396143,0.024332754503492416,0.49574446465145,False,site_price,rates,0.6266538185558637
unsold_pct_completed,minbid_vs_rtms_dae_3m,442,0.013712197335593958,0.773745108222917,-0.03245431272413796,0.496149936773037,False,unsold,valuation,0.6270181309206875
nonbank_corp_loan_rate,yield_midlarge,798,0.03442670002441304,0.33140904088800804,0.024103964062130837,0.4965413440830315,False,rates,commercial,0.6273628876439079
appraisal_mn,excess_pp_med,201,-0.07116331154133616,0.31542918421078053,0.04821929954189449,0.49665739730627684,False,site_price,excess,0.6273628876439079
spread_AA_KTB,stcns_after_exit,798,0.017433275327184593,0.6229058851098213,0.024059814708028166,0.4973305051962869,False,rates,exit,0.62806476412011
cd_91d,rentidx_office,777,-0.01247095903832348,0.7285324736915236,0.0243551322418898,0.4978350602598178,False,rates,commercial,0.6285534987507073
appraisal_mn,kiscon_cnt_priv_yoy_pct,768,-0.0742399760788021,0.03969714713102687,-0.02448552213642544,0.4980513369445168,False,site_price,kiscon,0.6286781158268016
br_useapr_day,kiscon_amt_priv,230,0.041737093286779534,0.5288253421878698,0.04483929974993232,0.49862358030933285,False,hub,kiscon,0.6292518961326417
kiscon_amt_pub,kiscon_cnt_priv_yoy_pct,798,-0.09444798608406942,0.007588761426956081,0.02395659196685823,0.49917819031035493,True,kiscon,kiscon,0.6295060810352519
cd_91d,rtms_land_dae_med_unit,797,-0.009992264816822555,0.7782059213317283,0.023982956953272787,0.4989759144046869,False,rates,rtms_land,0.6295060810352519
br_useapr_day,kiscon_amt_indiv,230,0.037312432542493536,0.5734457463035876,0.04479101376207024,0.499086590545201,False,hub,kiscon,0.6295060810352519
rtms_apt_n_yoy_pct,kiscon_cnt_priv_yoy_pct,798,-0.013810998218064783,0.69686753392733,-0.023912537938878414,0.4999678633512413,False,rtms_apt,kiscon,0.6303532575663965
round_no,rtms_apt_unit_3m,211,-0.01373994799516758,0.8427258335221302,-0.046671634136033126,0.500130166356656,False,site_price,rtms_apt,0.6304092408083544
round_no,cci_plant,211,-0.02140000562573067,0.757289693106078,0.0466158104568098,0.5006435143721845,False,site_price,cci,0.6309075822173157
ap_pms_day,ah_rate_med,401,-0.013300775566108383,0.7906026542772651,-0.03371117122838919,0.5008520670145653,False,hub,applyhome,0.6310216782108579
discount_ratio,rtms_apt_med_unit,499,0.07666925599867222,0.08710230232446274,0.030171011527785827,0.5013085962404138,False,site_price,rtms_apt,0.6312993556517882
appraisal_mn,discount_ratio,499,-0.04229700293214072,0.3457341474347993,0.0301762772560074,0.501233873731619,True,site_price,site_price,0.6312993556517882
nonbank_corp_loan_rate,spread_BBB_KTB,798,-0.014185035719270751,0.6890802396809361,-0.023773669344483033,0.5024614211609765,True,rates,rates,0.6326021236043657
rtms_nrg_n_yoy_pct,appr_vs_rtms_dae_3m,764,-0.0069793792127920045,0.8472719660201826,0.02427154522905874,0.5029348806687319,False,rtms_nrg,valuation,0.6330491541750729
cci_yoy_pct,hug_sago_n,335,0.023229914634607333,0.6718245778760079,0.03665367350396169,0.5037573609908221,False,cci,hug,0.633935186918787
rtms_land_unit_3m,unsold_pct_completed,697,0.039047217272675926,0.30328309591521185,-0.025328526555938636,0.5043894875602375,False,rtms_land,unsold,0.6345813152904917
yield_office,kiscon_amt_priv_yoy_pct,777,-0.08187442793283176,0.02246660004338476,0.023964141203439284,0.5047631417946434,False,commercial,kiscon,0.634902027564328
discount_ratio,ap_useapr_day,69,-0.017332577460455793,0.8875890914259227,0.08162295965776796,0.5049391423309457,False,site_price,hub,0.6349740343470288
discount_ratio,cci_yoy_pct,499,-0.04122595080859344,0.35809601812552916,-0.02982427981309141,0.5062417574545415,False,site_price,cci,0.6364624211402383
base_rate_chg_12m,rtms_nrg_unit_3m,798,0.003792956926019317,0.9148054298550242,0.0235489331544538,0.506510703423006,False,rates,rtms_nrg,0.6366508535972762
cci_bldg,minbid_vs_rtms_all_3m,498,-0.02043587776208352,0.6491475276116025,-0.029800257252840568,0.5070128275325811,False,cci,valuation,0.6371322182882988
cci_yoy_pct,kiscon_amt_pub,798,0.028273442816048537,0.4251021018668964,-0.023505098204433562,0.507302509978601,False,cci,kiscon,0.6373464569679465
rtms_apt_unit_3m,stcns_delay_days,141,0.02764127416835188,0.7449067930855903,0.05627865013739549,0.5074273516328218,False,rtms_apt,hub,0.6373535469064361
cci_resi,minbid_vs_rtms_dae_3m,498,-0.00836157547650588,0.8523423897270224,-0.029678392741786182,0.5087523258510741,False,cci,valuation,0.6388677046326193
rtms_land_n_3m,stcns_after_exit,798,-0.01952296731162524,0.5818460573003633,-0.023331271635190925,0.5104487791398307,False,rtms_land,exit,0.6408475280724758
nonbank_corp_loan_rate,rtms_apt_n_yoy_pct,798,-0.01943991705489605,0.5834535634511073,-0.0233157930014464,0.5107294360901299,False,rates,rtms_apt,0.6410493649704048
cci_plant,apt_idx,798,0.15831507435425868,7.0034600644251495e-06,-0.023284952577377328,0.5112888712859112,False,cci,land_house,0.6416009375183682
cci_bldg,reactivated,499,-0.07454328283627512,0.09625049988487065,-0.029398464209483454,0.5123347429050802,False,cci,exit,0.6427625223635532
ap_pms_day,kiscon_cnt_pub,425,0.03910640458036248,0.4213204949881316,0.03182273050299806,0.5129340258077795,False,hub,kiscon,0.643363414495472
rtms_land_unit_3m,rtms_fac_n,798,-0.030854611831123167,0.38405474358193736,-0.02317628351746655,0.5132626351118729,False,rtms_land,rtms_fac,0.6434266995882924
nonbank_corp_loan_rate,minbid_vs_rtms_dae_3m,498,-0.028523037408920197,0.525397553083672,-0.02937188404082964,0.5131411888068623,False,rates,valuation,0.6434266995882924
bank_loan_rate_all,rtms_fac_n,798,0.01872366806107236,0.5974021024572259,0.023171726909529722,0.5133454835316356,False,rates,rtms_fac,0.6434266995882924
bank_loan_rate_all,rtms_nrg_n,798,-0.05945463751363846,0.0932729594832245,-0.023159956380058806,0.5135595279091292,False,rates,rtms_nrg,0.6435441283642169
rtms_land_n,months_permit_idle,284,-0.025939445592569433,0.663355842969703,0.03889952666984922,0.5138191657700693,False,rtms_land,hub,0.6437186221585193
apt_idx,kiscon_cnt_priv_yoy_pct,798,-0.09176707016371377,0.009494121704495385,-0.023047874962459136,0.5156000233200847,False,land_house,kiscon,0.6457983894805558
cci_total,ap_useapr_day,100,0.052834392233160055,0.6016242431250404,-0.06572237018215259,0.5159094735812966,False,cci,hub,0.646034649938921
cci_resi,rtms_apt_unit_3m,798,-0.044181717895915254,0.21249392845888063,-0.022921409760841012,0.517907414934675,False,cci,rtms_apt,0.6483846751710857
vac_office,rtms_land_n,777,-0.05296480006434354,0.14020246211711798,-0.02321005075155412,0.5182669890738046,False,commercial,rtms_land,0.648682956595888
unsold_completed,appr_vs_rtms_dae_3m,734,0.0545918261394323,0.13951307616350805,0.023867471831045695,0.5185268967551298,False,unsold,valuation,0.6488563812192087
rtms_land_dae_unit_3m,rtms_fac_n_3m,798,-0.05258279366066529,0.13778130160715735,-0.022865636781861043,0.5189266992877102,False,rtms_land,rtms_fac,0.64890109005879
kiscon_amt_indiv,kiscon_cnt_priv_yoy_pct,798,-0.09006315876482146,0.010916172116215234,0.022870041164560432,0.5188461689828293,True,kiscon,kiscon,0.64890109005879
rtms_apt_n,minbid_vs_rtms_all_3m,498,-0.034739026723829725,0.4392155883360211,0.028982141787945434,0.5187501242122334,False,rtms_apt,valuation,0.64890109005879
discount_ratio,rtms_nrg_n_3m,499,-0.010899248287460077,0.8081081380532249,-0.02885604183429292,0.5201511068110848,False,site_price,rtms_nrg,0.6502511149645328
appraisal_mn,kiscon_amt_indiv,768,0.052609764531523294,0.14522721230900715,0.023235563765051016,0.5202495361545298,False,site_price,kiscon,0.6502511149645328
vac_midlarge,rtms_land_dae_n_3m,798,0.03892985158841824,0.2720221053530852,0.02278088987931324,0.5204774765022379,False,commercial,rtms_land,0.6503839838414269
br_useapr_day,excess_pp_med,66,0.00928653509068287,0.9410070019408566,0.08034651915248932,0.5213247782497844,False,hub,excess,0.6509863590148522
spread_BBB_KTB,rtms_land_dae_n,798,-0.004475054996254349,0.8995595032066221,-0.022739308279578836,0.5212392458591367,False,rates,rtms_land,0.6509863590148522
spread_BBB_KTB,rtms_land_unit_3m,798,-0.006319692827231483,0.8585295762681276,0.02274077496272159,0.521212366676979,False,rates,rtms_land,0.6509863590148522
bank_loan_rate_all,rtms_fac_n_3m,798,0.008032874196820602,0.8207598656607833,0.02271317893538167,0.5217182248597293,False,rates,rtms_fac,0.651325554126774
land_area_m2,kiscon_cnt_all,786,-0.011824111538342362,0.7406587331931606,-0.022860900151604333,0.5221825069191957,False,site_price,kiscon,0.6517530029171194
cci_resi,rtms_apt_n,798,0.09948392164730577,0.004909902531634451,0.02264234729655994,0.5230177806653736,False,cci,rtms_apt,0.6524909176896297
cci_total,rtms_fac_n,798,0.02039510227646816,0.5650912670366609,0.022644979065083455,0.5229694656667487,False,cci,rtms_fac,0.6524909176896297
corp_bond_AA3y,appr_vs_rtms_all_3m,765,-0.016302465352055262,0.6525687565629403,-0.023068216241743704,0.5240748287404102,False,rates,valuation,0.6536571283589862
rtms_fac_n,minbid_vs_rtms_all_3m,498,-0.019346815910065873,0.6666885239654843,-0.02846784309668775,0.5261996339393055,False,rtms_fac,valuation,0.6560974438423279
rtms_fac_med_unit,kiscon_amt_pub,733,-0.03495775119826819,0.34459821666477275,-0.023436266855686564,0.5263961043741184,False,rtms_fac,kiscon,0.6560974438423279
cci_resi,rtms_apt_med_unit,798,-0.04089555744778662,0.24853046757135805,-0.02245845046397035,0.5263994827162123,False,cci,rtms_apt,0.6560974438423279
min_bid_mn,unsold_total,488,0.007225918074070216,0.8734967555702834,0.028715971430171582,0.5268249046699097,False,site_price,unsold,0.6564746598158955
cci_plant,minbid_vs_rtms_all_3m,498,-0.01505554146429837,0.7375097761596034,-0.028399461602065777,0.5271942146649361,False,cci,valuation,0.6567817953898912
rtms_nrg_n_3m,hug_sago_sgg_flag,798,-0.009939634734186823,0.7792086332582528,0.022397556917066696,0.527521713738554,False,rtms_nrg,hug,0.6570367117074419
vac_office,rtms_apt_n_3m,777,-0.07491536331622332,0.0368143188521153,-0.022675068132021678,0.5279589714489081,False,commercial,rtms_apt,0.6574281835904313
rtms_nrg_n_3m,stcns_after_exit,798,0.00016095929070595975,0.9963777805604767,0.022355273185044364,0.5283016929839122,False,rtms_nrg,exit,0.6575486853782537
rtms_apt_n,appr_vs_rtms_dae_3m,765,-0.06118507465954754,0.09081524173721252,-0.022839483604622717,0.5281986373431843,False,rtms_apt,valuation,0.6575486853782537
cci_nonresi,kiscon_amt_indiv,798,0.034255392721129235,0.33382219950428843,-0.022310561793643113,0.529127090940026,False,cci,kiscon,0.6584227496523898
rtms_nrg_n_yoy_pct,ah_sale_unit_med,733,-0.0901488419769589,0.014626605633679476,-0.023268396601426822,0.5293634904515772,False,rtms_nrg,applyhome,0.6585636536632348
land_area_m2,kiscon_amt_pub,786,-0.007931731307061245,0.824297410087452,0.022402668311098026,0.5305586667862099,False,site_price,kiscon,0.659743532861829
corp_bond_BBB3y,rtms_land_n_yoy_pct,798,-0.044901909960590916,0.20512666017644934,0.02223461544503366,0.5305306033881476,False,rates,rtms_land,0.659743532861829
discount_ratio,rtms_fac_unit_3m,477,0.04524351694022589,0.32411066684016754,0.02859525039129417,0.5332723505730483,False,site_price,rtms_fac,0.6629637894708416
cci_total,appr_vs_rtms_all_3m,765,-0.01017010546927067,0.778834265602648,-0.02254808992355049,0.5334759515366658,False,cci,valuation,0.6630627412521042
cci_bldg,house_idx,798,0.1732346418088861,8.510307476270065e-07,-0.022067133334603143,0.5336323784577787,False,cci,land_house,0.6631030275653597
rtms_apt_n_3m,ap_stcns_day,142,-0.02382593144353346,0.7783658596187177,-0.05263968565841331,0.5338356494610987,False,rtms_apt,hub,0.6632014910939812
cci_yoy_pct,ap_pms_day,425,-0.019275807020513618,0.6919225211896988,-0.03024237560006854,0.5340940506020131,False,cci,hub,0.6633683829428488
bank_loan_rate_all,months_permit_idle,284,0.046288806368616604,0.4371298290870986,-0.037023656375735764,0.5343397132369359,False,rates,hub,0.6635193791634686
ktb_3y,rtms_fac_n,798,0.022140186770840425,0.5322783021072212,0.0220018504003868,0.5348438935013774,False,rates,rtms_fac,0.6639912464712944
vac_midlarge,rtms_land_n,798,-0.01684375899778097,0.6347118515636551,-0.021982805947088603,0.535197579529884,False,commercial,rtms_land,0.6642761043979317
bank_corp_loan_rate,br_useapr_day,230,0.01671505753747618,0.8009383716137001,-0.04103126492665206,0.5358238957825002,False,rates,hub,0.6648991345437523
ktb_3y,rtms_nrg_n,798,-0.04769035637009418,0.17834965647701195,-0.021926152810570237,0.5362504143749028,False,rates,rtms_nrg,0.664965437305799
rtms_fac_med_unit,months_permit_idle,259,0.014268298490434466,0.8192362093359051,-0.03861684696615946,0.5361113279372561,False,rtms_fac,hub,0.664965437305799
cd_91d,kiscon_cnt_indiv,798,-0.005638293082419207,0.8736474954969017,-0.0219299219873242,0.536180336168174,False,rates,kiscon,0.664965437305799
cci_bldg,rtms_fac_n_3m,798,0.025081110268129744,0.479246934380712,0.021903024947570866,0.5366805185766228,False,cci,rtms_fac,0.6651902486854896
cci_civil,n_rounds_m,201,0.11527090041334503,0.10320913129162419,0.04383246412775679,0.5366717492632203,False,cci,site_price,0.6651902486854896
cci_bldg,minbid_vs_rtms_dae_3m,498,-0.007345529557164419,0.8701149464591353,-0.027686686287955856,0.5376178562402054,False,cci,valuation,0.666197607721061
appr_vs_rtms_all_3m,exited,765,0.0033474315642526217,0.9263530329655794,0.02229173518694756,0.5381405803530634,False,valuation,exit,0.6666908441028337
cci_nonresi,rtms_fac_n,798,0.01990592214463486,0.5744605113666233,0.021734948999659175,0.5398113862620084,False,cci,rtms_fac,0.6686058564611904
spread_AA_KTB,rtms_land_dae_n,798,0.012692873457333656,0.7203343353263892,-0.021716524917623662,0.5401551386186119,False,rates,rtms_land,0.6688766850842329
cd_91d,land_chg_pct,798,0.013954542057728041,0.6938751897031783,0.021696148325995254,0.5405354477133859,False,rates,land_house,0.6691926461966832
land_chg_pct,ap_useapr_day,100,0.1380534686092972,0.17076607394931043,0.06189541777793207,0.5406969716783768,False,land_house,hub,0.669237663788028
rtms_land_dae_n_3m,stcns_delay_days,141,0.07929186335876946,0.34997896893884795,0.051908339759397355,0.5409990356887678,False,rtms_land,hub,0.669294662494461
cd_91d,excess_pp_med,201,-0.05772825216758548,0.4156369721346642,-0.04335799134875988,0.541094097794701,False,rates,excess,0.669294662494461
base_rate,rtms_nrg_n,798,-0.03713729571096821,0.29472869363056337,0.02166492077009721,0.5411185386129709,False,rates,rtms_nrg,0.669294662494461
rtms_nrg_n_yoy_pct,ap_useapr_day,100,0.06823919365347043,0.4999302174237531,0.061765288308468023,0.5415500197783186,False,rtms_nrg,hub,0.6696734402762881
base_rate,house_idx_yoy_pct,737,-0.01184814792334355,0.7481226443542329,0.022512168827989867,0.5417329342062815,False,rates,land_house,0.6697447396996503
yield_midlarge,hug_sago_amt_mn,335,0.10402253353220803,0.05717490279210761,0.03342785320223296,0.542051465994513,False,commercial,hug,0.6699836312234537
discount_ratio,rtms_apt_unit_3m,499,0.0734763438919491,0.10112218050789024,0.027288232114688178,0.5430830582630946,False,site_price,rtms_apt,0.6711035619442492
rtms_land_n,ah_under_ratio,745,-0.0033235835158716698,0.9278389589772554,0.02228966733418813,0.5435566872874243,False,rtms_land,applyhome,0.6715336430050504
ktb_3y,rtms_fac_n_3m,798,0.02821055601204522,0.4261330691394181,0.021512344982024086,0.5439719843553622,False,rates,rtms_fac,0.6718914761718924
nonbank_corp_loan_rate,excess_pp_med,201,-0.013946853570168123,0.8442132516164523,-0.04302088573827337,0.5442470487679331,False,rates,excess,0.6720759745409095
rtms_nrg_n_yoy_pct,hug_sago_last_yr,335,0.10986093013992292,0.044499469648241495,0.03314122150839878,0.5455227296685261,False,rtms_nrg,hug,0.6734957366745807
cd_91d,cci_plant,798,0.20712404281237412,3.504843921970791e-09,0.021414224380957195,0.5458109566452379,False,rates,cci,0.6736609098972092
exited,kiscon_amt_indiv,798,-0.008968881007235363,0.8002922460456404,0.021409024682709013,0.5459084949662628,False,exit,kiscon,0.6736609098972092
base_rate,excess_pp_med,201,-0.019444747517624532,0.7840973411520794,-0.04278938107733023,0.5464175505086095,False,rates,excess,0.6741335123602987
cci_nonresi,rtms_fac_n_3m,798,0.024788275739526022,0.48439508752979415,0.021355290331918363,0.5469169734344619,False,cci,rtms_fac,0.6743840099173306
nonbank_corp_loan_rate,hug_sago_n,335,-0.02691783850353733,0.6234796403392795,-0.03301959832632216,0.5469989622239504,False,rates,hug,0.6743840099173306
corp_bond_AA3y,kiscon_amt_pub,798,0.054766064240207045,0.12214904846011472,0.021358200356991763,0.5468623349399284,False,rates,kiscon,0.6743840099173306
cci_civil,rtms_land_dae_n_3m,798,0.013526330350456722,0.7028156845074484,0.021332248747800906,0.5473496963520613,False,cci,rtms_land,0.6746608636225154
excess_pp_med,n_rounds_m,201,0.054909407061706605,0.43880996151045487,0.04257397238252019,0.5484409576215331,False,excess,site_price,0.6756944240558381
rtms_land_dae_n_3m,kiscon_amt_all,798,0.04831882525587536,0.17269025831633034,-0.021280410864526856,0.5483238338055516,False,rtms_land,kiscon,0.6756944240558381
round_no,corp_bond_AA3y,211,-0.06578723552957864,0.34162025575411814,-0.041510334724932305,0.5487401202834129,False,site_price,rates,0.6757515944623235
bank_facility_loan_rate,rtms_land_dae_med_unit,797,-0.0010734344519042656,0.9758622686032763,0.02127262303063735,0.5487217106505292,False,rates,rtms_land,0.6757515944623235
ap_useapr_day,kiscon_amt_priv_yoy_pct,100,-0.1359697633907321,0.17737666846343017,-0.06063742969139833,0.5489711566055563,False,hub,kiscon,0.6758804453994726
round_no,rtms_apt_med_unit,211,-0.011165891481236225,0.8719079421656438,-0.041423686853091814,0.5495755191030891,False,site_price,rtms_apt,0.6764687616584294
spread_BBB_KTB,rtms_fac_med_unit,733,-0.04694446366367199,0.20426137623280208,0.022046668326802063,0.551212209344129,False,rates,rtms_fac,0.6781711190435015
appraisal_mn,kiscon_cnt_all,768,0.06366766703907023,0.07784560938801832,0.021539716242438355,0.5511598696236073,False,site_price,kiscon,0.6781711190435015
nonbank_corp_loan_rate,minbid_unit_land_mn_m2,498,-0.017987550750608105,0.6888381308520718,0.026752239707534643,0.5514377677548824,False,rates,valuation,0.6782925567484142
rtms_apt_n_3m,appr_vs_rtms_dae_3m,765,-0.06155111450781044,0.08889621067215105,-0.021532439198317196,0.5520754987438189,False,rtms_apt,valuation,0.678764702640423
cci_civil,rtms_fac_med_unit,733,-0.04099110180609239,0.26770473022471414,-0.02200220498981331,0.5520156354961427,False,cci,rtms_fac,0.678764702640423
min_bid_mn,stcns_after_exit,502,0.059707694279897576,0.18167054420331533,0.026593268747792952,0.5522102000444882,False,site_price,exit,0.6787742389972133
bldg_area_m2,kiscon_amt_priv_yoy_pct,286,0.20277989222299672,0.0005601421415021162,0.03526456277290082,0.552544991091928,False,site_price,kiscon,0.6790296638401607
rtms_land_n_3m,rtms_nrg_n_yoy_pct,797,0.0003619925924521622,0.9918589725831927,0.021048123036524057,0.5529491963398755,False,rtms_land,rtms_nrg,0.6793702557052652
spread_BBB_KTB,rtms_land_med_unit,798,-0.008590163243881826,0.8085580230014046,0.020999463211221956,0.5536182241181847,False,rates,rtms_land,0.6798797988883633
hug_sago_amt_mn,kiscon_cnt_priv_yoy_pct,335,-0.09514006395251845,0.0820723294852709,-0.03247739423519031,0.553603953929159,False,hug,kiscon,0.6798797988883633
apt_idx,br_useapr_day,230,0.0480379324497074,0.4684639023299519,0.03904896346388449,0.5557237335044989,False,land_house,hub,0.6823087951891057
minbid_unit_land_mn_m2,kiscon_cnt_priv,498,0.0536253142310587,0.23226277923900523,0.02644980036719992,0.5559476642802376,False,valuation,kiscon,0.6824270341842127
cci_yoy_pct,rtms_nrg_n_3m,798,-0.023320563512678402,0.5106429291040361,-0.02086250662417319,0.5562081680677539,False,cci,rtms_nrg,0.6825901020560661
round_no,br_useapr_day,56,0.08089701990110604,0.5533841658891956,-0.08020536010751743,0.5567922796710577,False,site_price,hub,0.68315014212968
cci_nonresi,minbid_vs_rtms_dae_3m,498,-0.006860790459608455,0.8786176205749185,-0.026341384144618916,0.5575686967192484,False,cci,valuation,0.6839458181596286
bank_loan_rate_all,vac_office,777,-0.042537777973576926,0.2362722548575158,-0.021033309468491163,0.558266377314027,False,rates,commercial,0.6845626219430042
rtms_nrg_n,minbid_vs_rtms_all_3m,498,-0.034758057843198915,0.438964791057114,0.02629068158382023,0.5583275844947525,False,rtms_nrg,valuation,0.6845626219430042
bank_corp_loan_rate,rtms_nrg_n_3m,798,-0.04995718045079994,0.15856823150981567,-0.020733298650700126,0.5586569757300839,False,rates,rtms_nrg,0.6848094564944426
rtms_land_n,pms_after_exit,798,0.015479162803038248,0.6623942496678689,-0.020696982782555367,0.5593461904708076,False,rtms_land,exit,0.6854971534374072
ktb_3y,rtms_land_med_unit,798,-0.005043348173479598,0.8868852365679414,-0.020678875758287776,0.5596899854676732,False,rates,rtms_land,0.685761308958673
cci_total,rtms_fac_n_3m,798,0.024922421679063837,0.48203303932651254,0.020636976746168347,0.5604859069206578,False,cci,rtms_fac,0.686421929524681
base_rate_chg_12m,ap_pms_day,425,-0.03389067924763706,0.4859174924386627,-0.028315843098488662,0.5604699793217615,False,rates,hub,0.686421929524681
unsold_total,stcns_after_exit,761,0.051689582205074816,0.15429338639857254,-0.021107831563268363,0.5609755696173533,False,unsold,exit,0.6868642937357426
rtms_nrg_med_unit,rtms_fac_n_3m,797,0.01004842149855293,0.7769922595540054,0.020609328336232167,0.5612577388793731,False,rtms_nrg,rtms_fac,0.6870524564532986
rtms_fac_n_3m,minbid_vs_rtms_dae_3m,498,-0.011133467557783256,0.8042606559442705,-0.026071781393493178,0.5616096948512046,False,rtms_fac,valuation,0.6873259414899041
spread_AA_KTB,rtms_apt_unit_3m,798,0.008164191857291026,0.8178806467752596,0.02056456500770439,0.5618627426339576,False,rates,rtms_apt,0.6874782802891926
spread_AA_KTB,unsold_total,761,0.009101353162870389,0.8020735230454044,-0.021051333770437625,0.5620248483232839,False,rates,unsold,0.6875193008429648
discount_ratio,br_useapr_day,154,-0.1373571379945541,0.0893698780201659,-0.04698661374381222,0.5628201947432941,False,site_price,hub,0.6881773568013706
rtms_nrg_n_yoy_pct,excess_pp_med,201,0.06381370373041167,0.36812526089139586,0.041057428086612065,0.5627894286032241,False,rtms_nrg,excess,0.6881773568013706
round_no,unsold_completed,207,-0.06141249549308937,0.3793733221054335,0.04042482884008062,0.5630436859876946,False,site_price,unsold,0.6882932302186107
cci_civil,appr_vs_rtms_all_3m,765,-0.010241789538791762,0.777316274743825,-0.020878998153169348,0.5642076062283683,False,cci,valuation,0.6895584161149909
bldg_area_m2,excess_pp_med,89,0.2579454855328097,0.014666785794137927,0.061900161305298906,0.5644376007540471,False,site_price,excess,0.6896818672833387
rtms_fac_n_3m,ah_sale_unit_med,733,0.03886344886901788,0.2933554089814662,0.02130945668426249,0.5646067799111003,False,rtms_fac,applyhome,0.689730969199144
rtms_nrg_n_3m,minbid_vs_rtms_all_3m,498,-0.0318199497330769,0.47864334812103615,0.025823307358033693,0.5653464583326557,False,rtms_nrg,valuation,0.6904768187996141
rtms_fac_n,minbid_vs_rtms_dae_3m,498,-0.013788740606333581,0.7588816713030748,-0.025805034726415262,0.5656217272132469,False,rtms_fac,valuation,0.6906552581432361
ktb_3y,rtms_nrg_med_unit,797,-0.013361865286184712,0.7064366262467701,0.02035850404057566,0.566034002511479,False,rates,rtms_nrg,0.690843143444163
discount_ratio,rtms_nrg_n,499,-0.0021493008765863415,0.9618028002671947,-0.02575907020341172,0.5659229904035767,False,site_price,rtms_nrg,0.690843143444163
br_useapr_day,kiscon_cnt_indiv,230,0.008660396536230621,0.8960693843316268,0.038009777338662815,0.5662971342131428,False,hub,kiscon,0.69088520265892
bldg_area_m2,ap_stcns_day,79,-0.03812083384779341,0.7387221395249971,-0.06549495490936583,0.5663268829725165,False,site_price,hub,0.69088520265892
cci_nonresi,minbid_vs_rtms_all_3m,498,-0.01963584657643519,0.6620150036447233,-0.02571523808199962,0.5669754047439839,False,cci,valuation,0.6915185878572268
rentidx_midlarge,excess_pp_med,201,0.00207892635493719,0.9766332406257165,-0.040563876110189835,0.5674975401997334,False,commercial,excess,0.6919975706836886
rtms_fac_n_3m,hug_sago_amt_mn,335,-0.04142040697275463,0.4498839042493092,-0.03130530570170744,0.5680135585287137,False,rtms_fac,hug,0.692167632061289
round_no,exited,211,0.04997540074271251,0.470249197008385,0.039514583419156035,0.5681380718486407,False,site_price,exit,0.692167632061289
rtms_fac_n_3m,minbid_vs_rtms_all_3m,498,-0.017613233798297465,0.6949857350119172,-0.025659057947286807,0.5678231024194255,False,rtms_fac,valuation,0.692167632061289
exited,hug_sago_sgg_flag,798,-0.020234728714657542,0.5681548040241228,-0.020234728714657486,0.5681548040241251,False,exit,hug,0.692167632061289
months_permit_idle,ah_supply_sum,274,-0.05197754734990433,0.3914296204422758,-0.03460581558717273,0.5684198009443745,False,hub,applyhome,0.6923037905481279
rentidx_office,excess_pp_med,198,0.09671781976161234,0.1752571983919989,0.040765339598547105,0.5685255179159957,False,commercial,excess,0.6923037905481279
min_bid_mn,kiscon_cnt_priv_yoy_pct,502,-0.06417321300924966,0.15108216293264773,-0.02549905543643001,0.5686886310364696,False,site_price,kiscon,0.6923447427486346
unsold_pct_completed,ah_supply_sum,665,0.03304911288000223,0.3948325853200348,-0.022126471493018125,0.5689593868484142,False,unsold,applyhome,0.6925166950781859
excess_pp_med,ah_n_pblanc,196,0.03829914839722783,0.5940654017774647,-0.04088889944163495,0.5693418303054845,False,excess,applyhome,0.6926909179517176
vac_office,hug_sago_n,335,-0.10002354486856092,0.06747806563864321,-0.031196386863854814,0.5693616204222552,False,commercial,hug,0.6926909179517176
rtms_land_unit_3m,rtms_fac_n_3m,798,-0.03453642213072961,0.3298693454831103,-0.02016258920148998,0.5695354303833179,False,rtms_land,rtms_fac,0.692744755746042
rentidx_midlarge,rtms_fac_n_yoy_pct,737,-0.11650313084931563,0.0015337366110563713,-0.02094058873493996,0.5703154164162617,False,commercial,rtms_fac,0.6934676561854818
rtms_land_dae_n_3m,ap_pms_day,425,0.017952845420200744,0.7120926125997575,-0.027602798887853455,0.570389143800963,False,rtms_land,hub,0.6934676561854818
bank_facility_loan_rate,capret_midlarge,798,-0.02273880856703161,0.5212484040084019,-0.020041969938386375,0.5718474392512038,False,rates,commercial,0.6950825773303448
bank_loan_rate_all,house_idx_yoy_pct,737,-0.013849351213908286,0.7073938944721194,0.020837930881900585,0.5722071405108963,False,rates,land_house,0.6952469786120248
br_useapr_day,kiscon_amt_all,230,0.03789891561362651,0.5674307539275628,0.037429495921984766,0.5722427441315731,False,hub,kiscon,0.6952469786120248
cci_yoy_pct,rtms_apt_n,798,0.09946331564261268,0.004918850235626017,0.01999700006013914,0.57271055219217,False,cci,rtms_apt,0.6956572745505528
rtms_nrg_n,hug_sago_sgg_flag,798,0.0008666519257956532,0.9804987819484907,0.019989443434647244,0.5728556480758651,False,rtms_nrg,hug,0.6956754826849082
appraisal_mn,kiscon_amt_priv_yoy_pct,768,0.033587194946790536,0.35260836474962187,0.020353138270341048,0.5733107374718411,False,site_price,kiscon,0.6960700529659252
round_no,vac_office,207,0.003115628227637971,0.9644622128552568,0.03926673661321523,0.5742893449605034,False,site_price,commercial,0.6969416993880644
hug_sago_n,kiscon_cnt_priv_yoy_pct,335,0.049142957317533396,0.36990907662318717,0.030805691941082482,0.5742096230175875,False,hug,kiscon,0.6969416993880644
bank_facility_loan_rate,kiscon_cnt_indiv,798,-0.026333544676445532,0.4575687198700948,-0.019876516438756875,0.5750260476982336,False,rates,kiscon,0.6976773943822226
discount_ratio,ah_under_ratio,480,-0.04369985506856332,0.3393875659160017,-0.02563642043458274,0.5752792624218029,False,site_price,applyhome,0.6978262740856126
cci_resi,rtms_nrg_n,798,-0.04100928369925756,0.247216087201501,-0.01982846599561032,0.5759507283487437,False,cci,rtms_nrg,0.6984823190022075
base_rate_chg_12m,rtms_land_dae_med_unit,797,-0.0319034729653202,0.36839261893234454,-0.019824475695263705,0.5762674938101415,False,rates,rtms_land,0.6987080021321603
rentidx_office,months_permit_idle,283,-0.0686592315409902,0.24961952375417726,-0.03327380876913234,0.5772343270858168,False,commercial,hub,0.6996447895869023
cci_plant,minbid_vs_rtms_dae_3m,498,-0.0031870038791096495,0.9434436294628823,-0.025033559170193717,0.5773018162815435,False,cci,valuation,0.6996447895869023
spread_AA_KTB,ah_under_ratio,745,0.04146235463718157,0.2583549661183869,0.020427728121078768,0.5777390339419302,False,rates,applyhome,0.7000160014700886
land_chg_pct,unsold_pct_completed,697,-0.029404073288331244,0.4383018107862785,-0.02111195219656506,0.5779147934773656,False,land_house,unsold,0.7000703218675746
spread_AA_KTB,br_useapr_day,230,0.04805036985815708,0.468348622664632,0.03684344365196444,0.5782772176767537,False,rates,hub,0.7001917551879283
house_idx,rtms_nrg_n_yoy_pct,797,0.030619048703154624,0.3879957218620871,-0.019723140509899605,0.578219153659892,False,land_house,rtms_nrg,0.7001917551879283
nonbank_corp_loan_rate,rtms_land_n,798,-0.029459295082521462,0.40593500532445953,-0.01970095738835078,0.5784078890340526,False,rates,rtms_land,0.7001917551879283
rtms_apt_unit_3m,hug_sago_n,335,0.01621726642833725,0.7674326942041862,-0.030387115932629556,0.5794250813000336,False,rtms_apt,hug,0.7012643525829062
rtms_nrg_n_yoy_pct,stcns_after_exit,797,-0.006069015372172263,0.8641701569674712,0.019621376876342318,0.5801821817348977,False,rtms_nrg,exit,0.7020217528256388
bank_facility_loan_rate,minbid_unit_land_mn_m2,498,-0.03392789353164736,0.4499809301446778,-0.024792457200241962,0.5809751745751913,False,rates,valuation,0.7025043551455332
bank_loan_rate_all,kiscon_amt_indiv,798,-0.003655803623893096,0.9178749791483376,0.01956959745107868,0.5809443990676701,False,rates,kiscon,0.7025043551455332
discount_ratio,kiscon_cnt_pub,499,-0.015393879335989218,0.7315750313810416,-0.024769622445578312,0.5809425296315347,False,site_price,kiscon,0.7025043551455332
cci_bldg,yield_office,777,0.08319581537835924,0.020376152373796783,0.019768950271227506,0.5821681086073565,False,cci,commercial,0.703787672783978
spread_AA_KTB,ah_supply_sum,749,-0.0038051524241317636,0.9171968528335093,0.02012570523962662,0.5823650938713867,False,rates,applyhome,0.703866672000521
rtms_nrg_med_unit,stcns_after_exit,797,-0.003168035942175724,0.928845663319431,0.019495187687957438,0.5826207013322364,False,rtms_nrg,exit,0.7040164723216877
cd_91d,ap_stcns_day,142,0.10888472321656861,0.19709175315588115,0.04647036003951558,0.5828952574233967,False,rates,hub,0.7041890965754409
unsold_pct_completed,pms_after_exit,697,0.02369357802705785,0.5323036494152704,0.02076816326804637,0.5841244548383757,False,unsold,exit,0.7055146735985532
bank_corp_loan_rate,kiscon_amt_all,798,-0.011528206806308061,0.7450604278717963,0.01939762521724839,0.5842729498749659,False,rates,kiscon,0.7055346574032165
minbid_vs_rtms_all_3m,stcns_delay_days,101,-0.07022496372105885,0.48528372273348686,0.054999650596713,0.5848780927901084,False,valuation,hub,0.7056680687896075
rtms_land_n_3m,appr_vs_rtms_all_3m,765,0.01736390226505056,0.6315739885282824,0.019779215458651887,0.5849113298813429,False,rtms_land,valuation,0.7056680687896075
bank_loan_rate_all,capret_midlarge,798,-0.013997540013000454,0.6929797694125504,0.01938437660157123,0.5845297460893335,False,rates,commercial,0.7056680687896075
spread_AA_KTB,ap_stcns_day,142,0.05862743434346182,0.48827941058786817,0.04622918742966655,0.5848546005666486,False,rates,hub,0.7056680687896075
yield_midlarge,br_useapr_day,230,-0.0893603154736575,0.1768441543953744,-0.03617111662136845,0.5852364336568531,False,commercial,hub,0.7059010175418888
cci_civil,hug_sago_last_yr,335,0.017096469271541938,0.7552153663739352,0.02983524151435419,0.5863350652413248,False,cci,hug,0.7070666652786116
excess_pp_med,hug_sago_last_yr,88,0.0776646554960968,0.47199964386453697,0.05874870149251578,0.5866467718277877,False,excess,hug,0.7072103866462326
round_no,rtms_fac_unit_3m,202,-0.035569070659695015,0.615278358491172,-0.03847194250355137,0.5867187722391412,False,site_price,rtms_fac,0.7072103866462326
land_area_m2,kiscon_cnt_pub,786,0.010027535158138094,0.7789493115462661,0.01938264722613312,0.5874107050541391,False,site_price,kiscon,0.7078848410918372
corp_bond_AA3y,rtms_fac_n_yoy_pct,737,0.058535475206827156,0.11233827636215483,0.019925402450964625,0.589152088876058,False,rates,rtms_fac,0.7098060361951517
rtms_land_n_3m,months_permit_idle,284,-0.021771713911329503,0.7148661453670824,0.032158915542525465,0.5894031794850334,False,rtms_land,hub,0.7098060361951517
corp_bond_BBB3y,house_idx,798,0.17852595030248736,3.852855612549365e-07,0.019137324151114677,0.5893279017247692,False,rates,land_house,0.7098060361951517
hug_sago_sgg_flag,ah_rate_med,730,-0.0669513523762619,0.0706290994834852,0.019972675260449924,0.5900518083056352,False,hug,applyhome,0.7104271603265552
rtms_nrg_n_yoy_pct,minbid_unit_land_mn_m2,498,-0.06207436951324994,0.166634422104668,-0.024190507772676024,0.5901935824576174,False,rtms_nrg,valuation,0.7104378850519767
stcns_after_exit,hug_sago_last_yr,335,0.03793360258995441,0.4889669156539525,0.02948495497162616,0.5907406200392816,False,exit,hug,0.7109363257596306
stcns_delay_days,hug_sago_last_yr,56,0.03405356192760049,0.8032384575404905,0.07330411537845369,0.5913307416695956,False,hub,hug,0.711486380672216
bank_loan_rate_all,br_useapr_day,230,0.0033951817022918537,0.959158115539822,-0.0354278670582593,0.5929744376174975,False,rates,hub,0.7131431214441654
minbid_vs_rtms_dae_3m,hug_sago_sgg_flag,498,-0.07702874322929655,0.08594278505233686,-0.024013969507718808,0.5929098156824537,False,valuation,hug,0.7131431214441654
ap_useapr_day,kiscon_cnt_all,100,0.014259449833485684,0.888020931393554,0.05399144855817359,0.5936765654029483,False,hub,kiscon,0.7135060901797179
vac_office,rtms_land_dae_n,777,0.0047713053564058805,0.8943630737044296,0.019175212484805203,0.5935544915911214,False,commercial,rtms_land,0.7135060901797179
rtms_fac_unit_3m,n_rounds_m,194,-0.0013305182600722582,0.9853100037651418,-0.038564202981346905,0.5934352103297102,False,rtms_fac,site_price,0.7135060901797179
rtms_land_n,minbid_vs_rtms_dae_3m,498,0.057501042563414956,0.20018530551382613,0.023952644453226216,0.5938547032738255,False,rtms_land,valuation,0.7135597973944146
land_area_m2,rtms_nrg_n_yoy_pct,785,-0.005988632312634551,0.8669587584365562,0.019042203453005304,0.5942275925712526,False,site_price,rtms_nrg,0.7138474359646119
cci_bldg,rtms_fac_n,798,0.020316184530689452,0.566597802997583,0.01883829918515987,0.595159580134132,False,cci,rtms_fac,0.7148064409203063
excess_pp_med,kiscon_amt_priv_yoy_pct,201,-0.04515211139122181,0.5244675486434398,-0.03767263856097489,0.5954469850621832,False,excess,kiscon,0.7149910238328079
cci_yoy_pct,minbid_vs_rtms_dae_3m,498,-0.006793802618439399,0.8797937570705993,-0.023785007767865626,0.5964411235330671,False,cci,valuation,0.7160239531951751
pms_after_exit,n_rounds_m,201,-0.04261195416587164,0.5480839152947661,-0.03753738791016812,0.5967695699189062,False,exit,site_price,0.7162574389127702
ktb_3y,ap_pms_day,425,-0.029922753495049113,0.5384263837623342,-0.02566312610583211,0.5977855785884798,False,rates,hub,0.7173158637146773
house_idx,br_useapr_day,230,0.04892386940358727,0.46029148762127237,0.0348266275435761,0.5992678356996108,False,land_house,hub,0.7184495779116187
rtms_nrg_n,stcns_after_exit,798,0.0033652299518584713,0.9243821236222564,0.01864015573252032,0.599038259647974,False,rtms_nrg,exit,0.7184495779116187
rtms_apt_n_yoy_pct,exited,798,0.06540792215018461,0.06477859803287495,0.018636771276154526,0.599104609978989,False,rtms_apt,exit,0.7184495779116187
rtms_nrg_n,hug_sago_amt_mn,335,-0.01334228564584382,0.807771472597032,0.02881579433617302,0.5991985214526769,False,rtms_nrg,hug,0.7184495779116187
ap_useapr_day,kiscon_amt_pub,100,-0.02419626100281237,0.8111400772297824,0.05311829575554892,0.5996697726282331,False,hub,kiscon,0.7186092053436043
spread_AA_KTB,unsold_completed,761,0.007393780514412661,0.8386395076712433,-0.01906129330926339,0.5995744854304671,False,rates,unsold,0.7186092053436043
min_bid_mn,hug_sago_last_yr,212,-0.062464864055635214,0.3654605847188206,-0.03622714066961066,0.5999108122756557,False,site_price,hug,0.7187369736136973
discount_ratio,rtms_land_dae_n_3m,499,-0.03117935896590496,0.48710772638335287,-0.023511891446585536,0.6002986282489922,False,site_price,rtms_land,0.7190404940070254
cci_plant,rtms_nrg_n,798,-0.035973985885464056,0.3101244867582644,0.018564494661965896,0.6005223444466427,False,cci,rtms_nrg,0.7191155350390933
discount_ratio,kiscon_cnt_all,499,0.00851327344395195,0.8495452959095472,0.02349050523452463,0.600630256122048,False,site_price,kiscon,0.7191155350390933
round_no,kiscon_amt_priv,211,0.030064367111415895,0.6641329675928479,0.03614766803535785,0.6015820846866586,False,site_price,kiscon,0.7200938900424365
rtms_land_med_unit,kiscon_amt_priv_yoy_pct,798,-0.02872053374449996,0.4178145151665594,0.018476181362497648,0.6022566965181578,False,rtms_land,kiscon,0.7207400528833012
stcns_after_exit,ah_sale_unit_med,733,-0.02272075544825922,0.539102624399472,-0.01926983657271831,0.602458024679334,False,exit,applyhome,0.7208196594227788
rtms_fac_unit_3m,months_permit_idle,268,0.025105546727956257,0.6824377094442305,-0.03193143431426434,0.6027642920401531,False,rtms_fac,hub,0.7210247582860624
cci_bldg,appr_vs_rtms_dae_3m,765,0.004779638573356202,0.8949978552104879,-0.018797711300489805,0.6036807632266133,False,cci,valuation,0.72179808608513
spread_AA_KTB,vac_office,777,-0.038547812265190246,0.28319105894916713,-0.018652185126293352,0.6036683144175307,False,rates,commercial,0.72179808608513
rtms_nrg_n_3m,hug_sago_last_yr,335,0.01204052508422598,0.8262122635090906,-0.028419414917353617,0.6042342063396325,False,rtms_nrg,hug,0.7219754863235789
discount_ratio,kiscon_cnt_indiv,499,0.00450396241763007,0.9200592503709376,0.023274886881511147,0.6039783690241843,False,site_price,kiscon,0.7219754863235789
corp_bond_AA3y,rtms_land_n_3m,798,0.03905402606989479,0.27049468545038874,0.01837678163995382,0.6042114607775155,False,rates,rtms_land,0.7219754863235789
ap_pms_day,hug_sago_sgg_flag,425,-0.005936593898601909,0.9028779148661885,-0.02517470880184743,0.6047768543733787,False,hub,hug,0.7224624308164558
rtms_land_n_3m,ah_under_ratio,745,0.003529012214747128,0.9233920327661412,0.018980526285464105,0.6049856809429915,False,rtms_land,applyhome,0.7225504659374974
bldg_area_m2,ap_useapr_day,72,0.04837253915124185,0.6865749873932258,0.06192015179357494,0.6053581026014269,False,site_price,hub,0.7226724212122861
bldg_area_m2,n_rounds_m,89,0.13768722196912767,0.1981939355633837,-0.055519218046158426,0.6053224172832723,True,site_price,site_price,0.7226724212122861
discount_ratio,ktb_3y,499,-0.035063469982175424,0.43448813916589074,-0.02317690849921758,0.6055025300089378,False,site_price,rates,0.7226834883834353
rtms_nrg_med_unit,stcns_delay_days,141,0.03460812311781421,0.6837049213675036,0.043829127318267935,0.6058143389506213,False,rtms_nrg,hub,0.7227329920501946
bank_facility_loan_rate,rtms_nrg_n_yoy_pct,797,-0.04569042935097115,0.19755680614433024,-0.018307159204880727,0.6058090585898074,False,rates,rtms_nrg,0.7227329920501946
rentidx_midlarge,hug_sago_amt_mn,335,-0.0033482564560552014,0.9513159929192636,-0.02827090800214064,0.6061257269180902,False,commercial,hug,0.7229431768527835
bank_loan_rate_all,apt_idx_yoy_pct,737,-0.01344445802180992,0.7155715449306718,0.018989402215735834,0.6067691032489605,False,rates,land_house,0.723358993044434
round_no,rtms_nrg_unit_3m,211,0.044014063848213686,0.5248732071973602,0.035618828066686314,0.6069142380894063,False,site_price,rtms_nrg,0.723358993044434
excess_pp_med,ah_under_ratio,196,-0.07847529104355128,0.2742560874625727,-0.03694841841288623,0.6071507688018365,False,excess,applyhome,0.723358993044434
round_no,rentidx_office,207,-0.015722914468686015,0.8220901997771699,-0.03597390969134742,0.6068277583150945,False,site_price,commercial,0.723358993044434
rtms_land_n_3m,excess_pp_med,201,0.09412294254387976,0.1838305019528541,0.036482260385499635,0.6071326460198558,False,rtms_land,excess,0.723358993044434
bank_corp_loan_rate,rtms_nrg_n_yoy_pct,797,-0.04938255204856541,0.16368334906095544,-0.018224219394024705,0.6074431982373677,False,rates,rtms_nrg,0.7233850291704242
corp_bond_AA3y,rtms_apt_med_unit,798,-0.04943016682298838,0.16301236786442322,-0.018213405001182934,0.6074305361177165,False,rates,rtms_apt,0.7233850291704242
corp_bond_AA3y,rtms_land_n,798,0.02965409973686287,0.40283635802730494,0.018138899914816736,0.6089010715760871,False,rates,rtms_land,0.724959703789209
rtms_fac_n,hug_sago_amt_mn,335,-0.04485153865237019,0.41320793828864255,-0.027962607245223814,0.6100609224605589,False,rtms_fac,hug,0.7261789297410081
ktb_3y,rtms_land_n,798,0.02986509737312853,0.3994961502412549,0.018071852639647727,0.6102257595896369,False,rates,rtms_land,0.7262134735200954
rtms_fac_n_yoy_pct,ap_pms_day,397,0.030008320447892277,0.551068012969785,-0.02557651213224397,0.6113939945233974,False,rtms_fac,hub,0.7274418532969751
cci_plant,house_idx,798,0.1751459804484553,6.40935877606452e-07,-0.01798931234781657,0.6118583024610268,False,cci,land_house,0.7278323344291681
spread_BBB_KTB,rtms_land_n_yoy_pct,798,-0.04806107074596047,0.1749949216067764,-0.017979996579447752,0.6120426777158996,False,rates,rtms_land,0.7278897236981573
rtms_nrg_med_unit,hug_sago_n,335,0.05968978742410509,0.2759816910174894,-0.027715389949155116,0.6132245744995404,False,rtms_nrg,hug,0.7291331554033895
unsold_total,n_rounds_m,198,-0.027696113454275383,0.6985151330977735,0.03611261164441375,0.6134907655457775,False,unsold,site_price,0.7292874885222926
months_permit_idle,hug_sago_last_yr,143,0.019478327939158945,0.817388978981918,0.04249650638355432,0.614295160572213,False,hub,hug,0.7300814011068288
cd_91d,rtms_fac_n_3m,798,0.026339503490367296,0.4574669101156381,0.01774469813570164,0.6167077522008759,False,rates,rtms_fac,0.7320329381952149
cci_bldg,ap_useapr_day,100,0.05453191645023227,0.5899804432624807,-0.050699172910717426,0.6164133969485801,False,cci,hub,0.7320329381952149
ap_useapr_day,exited,100,0.05992668077866018,0.5536730151373045,0.050650531774808015,0.6167521228762152,False,hub,exit,0.7320329381952149
ktb_3y,house_idx_yoy_pct,737,0.09293333599963896,0.011599084807597774,-0.018489747097349917,0.6162685531680211,False,rates,land_house,0.7320329381952149
bldg_area_m2,stcns_after_exit,286,0.056865357123133314,0.33793951215131574,0.029722157584605162,0.6166832226928535,False,site_price,exit,0.7320329381952149
appr_vs_rtms_dae_3m,kiscon_cnt_pub,765,0.023423607139356806,0.5177003431533425,-0.018121936186468634,0.6167586284962489,False,valuation,kiscon,0.7320329381952149
cci_total,n_rounds_m,201,0.11627502185431546,0.10022123024437612,0.035476788873132985,0.6170815434936343,False,cci,site_price,0.732253664682748
base_rate,rtms_land_dae_n_3m,798,-0.014192543331853626,0.6889242673064639,-0.017716021303255686,0.6172773673342276,False,rates,rtms_land,0.7323235152287807
cci_nonresi,hug_sago_n,335,0.021838261755209577,0.6904390484352727,0.0272570862754274,0.6191084891632187,False,cci,hug,0.7342946630210916
spread_AA_KTB,ah_n_pblanc,749,0.03876811978455091,0.2893143467407529,0.018187591944140637,0.6192135095496731,False,rates,applyhome,0.7342946630210916
round_no,cci_civil,211,-0.035880599123229565,0.6042722485875982,0.034287101436214794,0.620433563684112,False,site_price,cci,0.7354152660206045
vac_midlarge,rtms_land_n_3m,798,-0.006931114430417374,0.8450080005405256,-0.017558853059370466,0.620403314943719,False,commercial,rtms_land,0.7354152660206045
hug_sago_last_yr,ah_supply_sum,328,-0.06947438753507736,0.20949764644215096,0.027344190218506627,0.6217116018676339,False,hug,applyhome,0.736766829606879
cci_resi,house_idx_yoy_pct,737,0.112749403686281,0.002173235991398132,-0.018194838215506538,0.6219057505002055,False,cci,land_house,0.736833602465012
rtms_fac_n_3m,ap_useapr_day,100,0.15488022341546448,0.12389460687655181,0.049754678307586155,0.6230049478593293,False,rtms_fac,hub,0.7379724094381555
rtms_apt_n,exited,798,-0.00698961001661922,0.8437166917102709,0.017371996125231836,0.624128667551875,False,rtms_apt,exit,0.7391397531339702
appr_vs_rtms_dae_3m,kiscon_amt_priv_yoy_pct,765,-0.006409727759216496,0.8595113508453456,0.017681004644745972,0.6253579569651065,False,valuation,kiscon,0.7404315757069143
minbid_unit_land_mn_m2,kiscon_cnt_all,498,0.02274367894538095,0.6126207672193131,-0.021921633827082496,0.6255281661654746,False,valuation,kiscon,0.7404691398022565
bank_facility_loan_rate,house_idx_yoy_pct,737,-0.03959156645030801,0.2830835224888638,-0.01797496519464087,0.6261231095667534,False,rates,land_house,0.7410093552132426
bank_facility_loan_rate,apt_idx_yoy_pct,737,-0.03795510610232393,0.30347153907310986,-0.01795043669788725,0.6265943487820717,False,rates,land_house,0.7412389342782604
cci_nonresi,n_rounds_m,201,0.11590240133656762,0.10132192551544553,-0.034529205196045486,0.6265219777426245,False,cci,site_price,0.7412389342782604
base_rate_chg_12m,rtms_fac_n_3m,798,0.027963643091836972,0.43019501790869674,0.017226497419752768,0.6270361279401441,False,rates,rtms_fac,0.7415151922171028
vac_office,rtms_land_n_3m,777,-0.04902234614352008,0.17222004687625608,-0.017447312462814033,0.627255811147375,False,commercial,rtms_land,0.7415151922171028
spread_BBB_KTB,unsold_pct_completed,697,0.03385899884638865,0.3720956881006949,0.01841787049485748,0.6273825939012854,False,rates,unsold,0.7415151922171028
bldg_area_m2,unsold_pct_completed,261,-0.03362196478139366,0.5886970133144691,0.030200492676558353,0.6271991537334695,False,site_price,unsold,0.7415151922171028
cd_91d,kiscon_amt_priv,798,0.04046633555503355,0.25353507821682775,0.017171524994490466,0.628136136725046,False,rates,kiscon,0.7422417509544356
spread_AA_KTB,rtms_fac_med_unit,733,-0.04263076055504398,0.24901780443713353,0.017862851550892213,0.6292153773593687,False,rates,rtms_fac,0.7433527668450164
bldg_area_m2,months_permit_idle,103,-0.09728473339980528,0.32827027596356523,-0.04809432154240661,0.6295030365389819,False,site_price,hub,0.7435283270099262
ah_sale_unit_med,kiscon_cnt_pub,733,0.0031403155815429087,0.932360030913736,0.01783230541084785,0.6298018856467118,False,applyhome,kiscon,0.7437170235320159
unsold_pct_completed,appr_unit_land_mn_m2,674,0.05327390787629959,0.16712988928713252,0.01852597542627583,0.6311486479531561,False,unsold,valuation,0.745142817532684
nonbank_corp_loan_rate,appr_vs_rtms_dae_3m,765,-0.030853483404121976,0.3941182847313698,-0.017357208965748896,0.6317054772618556,False,rates,valuation,0.7456355821013558
discount_ratio,kiscon_amt_all,499,-0.012897207521619589,0.7738127869565551,0.021451801409509804,0.632614490300463,False,site_price,kiscon,0.7465437386088227
rentidx_office,ap_stcns_day,136,0.028494287211041313,0.7419309721415426,0.04126423803118651,0.6333756316260373,False,commercial,hub,0.747277030517304
rtms_land_dae_n,reactivated,499,-0.008306916151854471,0.8531503882735798,-0.0213920100617598,0.6335633474075709,False,rtms_land,exit,0.7473336021593385
reactivated,n_rounds_m,125,-0.047888228768066816,0.5958816011412772,-0.04301997298065036,0.6338132927491671,False,exit,site_price,0.7474635369055572
min_bid_mn,spread_BBB_KTB,502,-0.015059178058804034,0.7364303528913356,-0.02130249977496361,0.6339644533171435,False,site_price,rates,0.7474769419816464
corp_bond_BBB3y,rtms_nrg_med_unit,797,-0.015875050549526926,0.6545167364764497,0.016883532714743882,0.6341256597507476,False,rates,rtms_nrg,0.7475021831321093
rtms_land_unit_3m,stcns_delay_days,141,-0.003508355780048683,0.9670657370678335,0.040325023319830545,0.6349552519965839,False,rtms_land,hub,0.7483151272703844
rtms_fac_n_yoy_pct,appr_vs_rtms_all_3m,710,-0.00754672262933076,0.8409040750083674,0.01782776196689786,0.6353315458574572,False,rtms_fac,valuation,0.7485936041647915
apt_idx,kiscon_cnt_pub,798,-0.0830267842570247,0.018986827683832915,-0.01679833789745543,0.6356253893678572,False,land_house,kiscon,0.748774830788705
cci_plant,house_idx_yoy_pct,737,0.09839532776200152,0.007513898360328785,-0.017472883765045587,0.6357991752963672,False,cci,land_house,0.7488145793633647
rtms_apt_med_unit,hug_sago_n,335,0.02285145345557564,0.6768675867563688,-0.025831207525679176,0.637569202112142,False,rtms_apt,hug,0.7507338744095184
cci_bldg,excess_pp_med,201,-0.0177543530528921,0.8024626502399533,0.0334093130006113,0.6377577586251083,False,cci,excess,0.7507905626086424
bank_facility_loan_rate,rentidx_office,777,-0.036996885885149405,0.3030240170962487,-0.016895791601726447,0.6381829920945777,False,rates,commercial,0.7511257888465127
bank_facility_loan_rate,kiscon_amt_indiv,798,-0.0021696661282276097,0.9512041792219607,0.016639817125210243,0.6388179903268014,False,rates,kiscon,0.7517077012054153
round_no,hug_sago_last_yr,83,-0.008824759270295836,0.9368897477940571,-0.05222642635429071,0.6391341741577903,False,site_price,hug,0.7518601992114889
bldg_area_m2,rtms_apt_unit_3m,286,-0.09120822591490238,0.12382256089385803,-0.027835917641569004,0.6392288134683801,False,site_price,rtms_apt,0.7518601992114889
ktb_3y,hug_sago_n,335,0.0222598684626525,0.6847793791799174,0.025628515133482858,0.6402120613963453,False,rates,hug,0.7525049415206944
rtms_land_dae_n_3m,n_rounds_m,201,-0.06533886535867613,0.3567653755784495,-0.03317380371172019,0.6401312657632461,False,rtms_land,site_price,0.7525049415206944
rtms_nrg_n_yoy_pct,reactivated,498,-0.046362153907921616,0.3018055482466338,-0.02098722392126401,0.6403399072225845,False,rtms_nrg,exit,0.7525049415206944
rtms_apt_n,appr_vs_rtms_all_3m,765,-0.03632021690677708,0.315737405792703,-0.01693920784072467,0.6399399378975316,False,rtms_apt,valuation,0.7525049415206944
bank_corp_loan_rate,capret_midlarge,798,-0.0178815429758633,0.6139927434303926,-0.016548958536664556,0.6406508998106915,False,rates,commercial,0.7525396224270139
base_rate,appr_vs_rtms_all_3m,765,-0.03235150606562055,0.37155245336739995,0.01690908539268005,0.6405350677834379,False,rates,valuation,0.7525396224270139
base_rate_chg_12m,rtms_land_n_3m,798,0.034184856939385284,0.3348190971907871,0.016460941543434596,0.6424285737735996,False,rates,rtms_land,0.7542963513323314
discount_ratio,capret_office,491,0.04926909741951368,0.275885206052614,0.0210092330848133,0.6423624722544741,False,site_price,commercial,0.7542963513323314
excess_pp_med,kiscon_cnt_priv,201,0.06433711556208019,0.36420178536958503,-0.03290898491962207,0.6428045300998939,False,excess,kiscon,0.7545720795706109
nonbank_corp_loan_rate,ap_useapr_day,100,-0.031948542925198414,0.7523446464038708,-0.04683865407619916,0.6435422302642373,False,rates,hub,0.7552722355625279
cci_civil,house_idx_yoy_pct,737,0.10593111539679373,0.003989211184860712,-0.017066006306352178,0.6436863471077703,False,cci,land_house,0.7552755975390054
corp_bond_AA3y,rtms_land_med_unit,798,-0.003503674407513195,0.9212811236229942,-0.01638791945460454,0.6439049503186975,False,rates,rtms_land,0.7553663381645624
cd_91d,rtms_apt_n,798,0.022612825182014747,0.5235599154688537,0.016368456314707434,0.6442986974912437,False,rates,rtms_apt,0.7556624556888967
rtms_land_dae_med_unit,kiscon_amt_pub,797,-0.01646097564395646,0.6426370202747599,-0.016332503230141855,0.645234155916029,False,rtms_land,kiscon,0.7564639389639471
unsold_completed,excess_pp_med,198,-0.052396433088628624,0.46348597169788996,-0.032915187177970484,0.6452650132063892,False,unsold,excess,0.7564639389639471
appraisal_mn,unsold_completed,737,-0.025300486348545315,0.49284235828223694,-0.01695174646679505,0.6459085052036734,False,site_price,unsold,0.7570523404918986
corp_bond_BBB3y,rtms_apt_med_unit,798,-0.05237636389598675,0.13933558132090595,-0.01626105642767045,0.6464732299024473,False,rates,rtms_apt,0.7575481832759995
spread_AA_KTB,hug_sago_amt_mn,335,0.08938537145102521,0.10243188647927279,0.02493631189571108,0.6492716775826677,False,rates,hug,0.7606047613308176
bank_corp_loan_rate,land_chg_pct,798,0.010670163352600945,0.7634477507074064,-0.016118406453794327,0.6493661371750855,False,rates,land_house,0.7606047613308176
bank_corp_loan_rate,rtms_apt_n,798,-0.042448867880297704,0.23099730881056635,-0.01611081650676573,0.6495202079622381,False,rates,rtms_apt,0.7606186053381706
rtms_nrg_n_yoy_pct,appr_unit_land_mn_m2,764,-0.031709008039290415,0.3814436360870884,-0.016448862860430246,0.649870650862975,False,rtms_nrg,valuation,0.7608623538787668
rtms_land_n,excess_pp_med,201,0.084113699287721,0.23515460679406158,0.03219459211855915,0.650038958334384,False,rtms_land,excess,0.7608927999592713
appr_vs_rtms_all_3m,n_rounds_m,200,-0.012103818302815848,0.8649258745731536,0.03224634732143431,0.6503387081850995,False,valuation,site_price,0.7610770568320698
excess_pp_med,hug_sago_amt_mn,88,0.0018627498750344498,0.9862576730166895,0.04891557460319419,0.6508520495564193,False,excess,hug,0.7615111398201694
months_permit_idle,kiscon_amt_pub,284,-0.009575823486229072,0.8723559882296634,-0.026863013876760454,0.6521421056195759,False,hub,kiscon,0.7628536072517769
corp_bond_AA3y,appr_vs_rtms_dae_3m,765,0.003707026502563001,0.9184677750135709,0.016297397533329268,0.6526696750240623,False,rates,valuation,0.7629699939557631
base_rate,apt_idx_yoy_pct,737,-0.0047862849846129225,0.8967903095513886,0.016613078704360525,0.6525135005966748,False,rates,land_house,0.7629699939557631
cci_total,rtms_apt_med_unit,798,-0.042634784737499015,0.22895905261960106,-0.015960230628297815,0.6525800855664464,False,cci,rtms_apt,0.7629699939557631
rtms_land_n_3m,pms_after_exit,798,-0.0004896849569142481,0.9889804672979715,-0.01594420526165755,0.6529060630484879,False,rtms_land,exit,0.7630795014470524
corp_bond_BBB3y,appr_vs_rtms_all_3m,765,-0.011909360451569888,0.7422542058540925,-0.016273246891134248,0.6531506881327246,False,rates,valuation,0.7631985859802619
rtms_fac_n_yoy_pct,minbid_vs_rtms_all_3m,461,-0.00014637081010569937,0.9974992882863395,0.020941633116816436,0.653818069587817,False,rtms_fac,valuation,0.7633874788985564
rtms_land_dae_n_3m,kiscon_cnt_priv,798,0.03520936800047321,0.3205274397196514,0.015916761574434772,0.6534644581346862,False,rtms_land,kiscon,0.7633874788985564
bldg_area_m2,rtms_apt_med_unit,286,-0.08918127886774246,0.13243037176305608,-0.026624801690040015,0.653883421237215,False,site_price,rtms_apt,0.7633874788985564
appr_vs_rtms_dae_3m,ah_rate_med,701,-0.012353725103567016,0.7440377966310651,-0.016972985062067226,0.6537101678297571,False,valuation,applyhome,0.7633874788985564
cci_nonresi,spread_AA_KTB,798,0.39413000485024996,4.704563990773789e-31,0.015837616359965206,0.6550759052996791,False,cci,rates,0.764612718977818
corp_bond_BBB3y,rtms_land_med_unit,798,-0.0054429625030574524,0.8779899665252576,-0.015796020910741556,0.6559234590681833,False,rates,rtms_land,0.7654349052024391
nonbank_corp_loan_rate,appr_vs_rtms_all_3m,765,-0.04097462032459843,0.25766630610846625,0.016116410116589243,0.6562779316568661,False,rates,valuation,0.7656814533208081
ktb_3y,rtms_apt_med_unit,798,-0.05378675521031695,0.12898071766320232,-0.0157694853001733,0.6564643829804673,False,rates,rtms_apt,0.7657319057147816
kfb_understated,kiscon_amt_priv_yoy_pct,425,0.028032885978896867,0.5643962212115852,-0.021614700593023718,0.6567982153578878,False,exit,kiscon,0.7659542110182391
corp_bond_AA3y,rtms_apt_unit_3m,798,-0.052223325694336964,0.14049652809346821,-0.015736828403544064,0.6571303350385979,False,rates,rtms_apt,0.7661744224708641
cci_total,rtms_apt_unit_3m,798,-0.04571622845667773,0.1970218267303793,-0.01569883639501255,0.657905424842639,False,cci,rtms_apt,0.7669109018167846
cci_total,hug_sago_last_yr,335,0.015929861004473557,0.7714391325485287,0.024249273171899836,0.6583150641230717,False,cci,hug,0.7672211525427342
cci_nonresi,house_idx_yoy_pct,737,0.11038296024797914,0.0026932783889612776,-0.016285838224470668,0.6589215727210715,False,cci,land_house,0.7677606557724057
months_permit_idle,ah_sale_unit_med,268,-0.06162548420987212,0.31485222888388886,-0.027035034923938564,0.6595066469726589,False,hub,applyhome,0.768274954545274
cci_resi,appr_vs_rtms_dae_3m,765,0.004043746958307621,0.9110913461684236,0.01590712742466179,0.6604602916797702,False,cci,valuation,0.7692182922264715
corp_bond_BBB3y,rtms_fac_n_3m,798,0.0280114576237827,0.42940667700665425,0.01556269144815094,0.6606859819318475,False,rates,rtms_fac,0.769313576957663
rtms_land_dae_n_3m,pms_after_exit,798,-0.012298677973621594,0.7286720332669433,-0.015551849126285447,0.6609076219059269,False,rtms_land,exit,0.7694029591337895
kiscon_amt_pub,kiscon_amt_priv_yoy_pct,798,-0.10278229470838784,0.0036533811509879737,0.01554485893461921,0.6610505319357824,True,kiscon,kiscon,0.7694029591337895
house_idx,rtms_apt_n,798,-0.05932945551490302,0.09396566450554703,-0.015501638154570884,0.6619344270500973,False,land_house,rtms_apt,0.7702640656010599
vac_midlarge,br_useapr_day,230,0.059347400160787364,0.37028799542591034,0.028911420126016083,0.6627165424035001,False,commercial,hub,0.7710063864733496
appr_unit_land_mn_m2,kiscon_cnt_priv_yoy_pct,765,-0.015282763674677392,0.673000348174614,0.015736199409768212,0.6638840397679525,False,valuation,kiscon,0.7721966414268527
bank_loan_rate_all,rtms_apt_med_unit,798,0.002167921110538342,0.9512433758805433,-0.01537059807202446,0.6646171591965353,False,rates,rtms_apt,0.7728812418929696
min_bid_mn,kiscon_amt_priv_yoy_pct,502,0.060006103028290125,0.17949344833962833,0.019384387411361483,0.6648170885698126,False,site_price,kiscon,0.7729456343950397
bank_corp_loan_rate,hug_sago_amt_mn,335,0.03984258577018801,0.46734727476463483,-0.023721336957937354,0.6652982658972968,False,rates,hug,0.7731688388943373
cci_yoy_pct,stcns_delay_days,141,0.07122694208357819,0.40129480064673684,0.03675449725846926,0.6652350930665418,False,cci,hub,0.7731688388943373
corp_bond_BBB3y,apt_idx,798,0.16337190269812757,3.5002558208852502e-06,0.01529793200197791,0.6661066761588088,False,rates,land_house,0.773267997703246
round_no,cci_yoy_pct,211,-0.03654143983729001,0.5976254706011043,0.029918962215148552,0.665659206191168,False,site_price,cci,0.773267997703246
pms_after_exit,ah_supply_sum,749,0.03593790844671276,0.32599225935098725,0.015800923271332874,0.6659287695987139,False,exit,applyhome,0.773267997703246
nonbank_corp_loan_rate,rtms_fac_n,798,2.3780674366633003e-05,0.9994648391560601,-0.015313195288012138,0.6657936983538554,False,rates,rtms_fac,0.773267997703246
bank_loan_rate_all,rtms_apt_unit_3m,798,0.0002548136036633619,0.9942657176334507,-0.015300132448874482,0.6660615518186334,False,rates,rtms_apt,0.773267997703246
stcns_after_exit,hug_sago_sgg_flag,798,-0.015249276042911038,0.6671047669532533,-0.01524927604291099,0.6671047669532552,False,exit,hug,0.7741399084722842
cci_yoy_pct,rtms_land_med_unit,798,-0.0017981455514061197,0.9595517956598026,-0.015247202459559421,0.6671473159230008,False,cci,rtms_land,0.7741399084722842
minbid_vs_rtms_all_3m,kiscon_amt_priv_yoy_pct,498,0.0030827196453189903,0.9452913077963497,-0.01929991433735767,0.6674481289906385,False,valuation,kiscon,0.7743209255181046
unsold_total,hug_sago_sgg_flag,761,-0.07334719190217312,0.043096716735397556,0.015580168168841006,0.6678376342659889,False,unsold,hug,0.7744997790639744
apt_idx,rtms_nrg_n_3m,798,-0.10323513235866863,0.003505813707722795,-0.015210919803577012,0.6678919920074782,False,land_house,rtms_nrg,0.7744997790639744
rtms_land_med_unit,rtms_fac_n_3m,798,-0.037236946666532024,0.2934340590768812,-0.01519490029691115,0.6682208850830215,False,rtms_land,rtms_fac,0.7747131553640321
spread_BBB_KTB,ap_pms_day,425,-0.02813309307655457,0.5630042649818398,-0.020819993146861136,0.6686529834911465,False,rates,hub,0.7750460660583484
bldg_area_m2,house_idx,286,0.06708139250080075,0.2581581634420076,-0.025393176813258086,0.6689235393335382,False,site_price,land_house,0.7751582975683287
round_no,ah_supply_sum,202,-0.0006695465490757155,0.9924545256920625,0.030257304602558967,0.6690397500052061,False,site_price,applyhome,0.7751582975683287
rtms_land_dae_n_3m,reactivated,499,-0.014050880916965184,0.7542037783878145,-0.01916721718643283,0.6692856276547696,False,rtms_land,exit,0.7752751843739284
apt_idx_yoy_pct,br_useapr_day,224,-0.10295253903978405,0.12446066037155391,-0.028656958641472895,0.6696807934690543,False,land_house,hub,0.7755649128609559
bank_facility_loan_rate,hug_sago_amt_mn,335,0.03581115419518772,0.5136200195247622,-0.023352248951650553,0.6701975948328239,False,rates,hug,0.7758265167781877
corp_bond_AA3y,n_rounds_m,201,0.12244582714617969,0.0833333344442574,0.030206600479507687,0.6703419688638914,False,rates,site_price,0.7758265167781877
spread_BBB_KTB,rentidx_office,777,0.022056310722985386,0.5392825034816775,-0.015308952260318656,0.6700563250426576,False,rates,commercial,0.7758265167781877
base_rate,ap_stcns_day,142,0.16668345369527432,0.04741224452145158,0.035983024763670414,0.6707382330457615,False,rates,hub,0.7760812343885232
bldg_area_m2,rtms_fac_med_unit,261,-0.04037205193478258,0.5161027052820671,-0.02642776354489992,0.6708523406290918,False,site_price,rtms_fac,0.7760812343885232
appr_vs_rtms_all_3m,ap_stcns_day,138,-0.12688176101654322,0.13808346488729478,0.03643491294882367,0.6713754418312485,False,valuation,hub,0.7761825918857699
bldg_area_m2,apt_idx,286,0.06669293539421808,0.26093138378010394,-0.02521363816602531,0.6711272541090277,False,site_price,land_house,0.7761825918857699
rtms_land_dae_n,pms_after_exit,798,-0.00561167480888239,0.8742390362902709,-0.015043515815380546,0.6713320596292524,False,rtms_land,exit,0.7761825918857699
base_rate_chg_12m,apt_idx_yoy_pct,737,0.08388411272203844,0.022761515178157252,0.015606802565516099,0.6722981244789066,False,rates,land_house,0.7770812951985978
rtms_apt_n_3m,br_useapr_day,230,0.04449580029699693,0.5019222950257292,0.02792846883611596,0.6735136209155435,False,rtms_apt,hub,0.778089363994219
rtms_nrg_n,kfb_understated,425,-0.0076022789028815305,0.8758236137910963,-0.020495187958102404,0.6735221627613938,False,rtms_nrg,exit,0.778089363994219
ktb_3y,house_idx,798,0.17929803850223955,3.425317916410491e-07,0.014933003015552919,0.6736068198857751,False,rates,land_house,0.778089363994219
rtms_land_n_yoy_pct,rtms_nrg_n_yoy_pct,797,-0.03748879367835076,0.29048252079119186,0.01492598862228429,0.6739446017705747,False,rtms_land,rtms_nrg,0.7783114007920654
cci_total,house_idx_yoy_pct,737,0.10894305950541146,0.0030628714082924975,-0.015502304256487283,0.6743660291206565,False,cci,land_house,0.7786299196087562
rtms_fac_med_unit,rtms_fac_n_3m,733,-0.09199628923638739,0.012711904856000598,0.015482976893761232,0.6755849694490482,True,rtms_fac,rtms_fac,0.7797049117581867
nonbank_corp_loan_rate,rtms_land_n_3m,798,-0.019162775344983934,0.5888327617420342,-0.014836836233585159,0.6755887144521562,False,rates,rtms_land,0.7797049117581867
bank_loan_rate_all,hug_sago_amt_mn,335,0.040986327041777744,0.4546512532841365,-0.02288207890978642,0.6764589609368713,False,rates,hug,0.7805407993373868
spread_AA_KTB,rtms_fac_n,798,0.024549880996467058,0.4886081616501894,-0.014781071289076684,0.6767390004047356,False,rates,rtms_fac,0.7806954552673401
round_no,stcns_delay_days,54,-0.10628141034469601,0.44433033845674463,-0.05793186085289077,0.6773374648856118,False,site_price,hub,0.7812173047332541
round_no,rtms_apt_n_yoy_pct,211,-0.06498182875860539,0.34757593879161214,0.02879086788568847,0.6775465560320902,False,site_price,rtms_apt,0.7812899364036201
br_useapr_day,kiscon_cnt_priv,230,0.014238898705744936,0.8299404622575627,0.027448705073192376,0.6788080553311517,False,hub,kiscon,0.7825758240309764
rtms_fac_n_yoy_pct,br_useapr_day,202,0.0701419819363272,0.321226511307257,0.02925641416224703,0.6793723104119698,False,rtms_fac,hub,0.7828887378820695
land_chg_cum12_pct,br_useapr_day,230,-0.05996363735550484,0.3653309920051252,-0.027402306604915407,0.6793209269346807,False,land_house,hub,0.7828887378820695
spread_BBB_KTB,reactivated,499,0.028331742921591928,0.5277641465348742,0.01852954167292043,0.6796681637991505,False,rates,exit,0.7830609075272695
cci_resi,rtms_nrg_n_3m,798,-0.021686916667156247,0.540707791544246,-0.01460305711825384,0.6804159989253119,False,cci,rtms_nrg,0.783753629093848
corp_bond_BBB3y,hug_sago_n,335,0.022113595355797572,0.6867409811580552,0.022574461812225936,0.6805676888409454,False,rates,hug,0.7837595158803652
cci_resi,hug_sago_n,335,0.021827834982451815,0.6905792381013295,0.022559641345189462,0.6807658800602369,False,cci,hug,0.7838189407153502
cci_total,kiscon_amt_pub,798,0.02534818054491806,0.47457783930228103,-0.014556291912389049,0.6813832281731281,False,cci,kiscon,0.7841920191652424
bank_loan_rate_all,unsold_total,761,0.009630106081780974,0.7908340091869663,0.01490805094170724,0.6813631608209263,False,rates,unsold,0.7841920191652424
cci_yoy_pct,hug_sago_amt_mn,335,0.047942604551595935,0.3817279243591617,0.022429063261249493,0.6825130224742358,False,cci,hug,0.7853232475080135
cci_bldg,hug_sago_n,335,0.021749534728218976,0.6916323351495124,0.0224106519411394,0.682759503581306,False,cci,hug,0.785437836843641
minbid_vs_rtms_all_3m,kfb_understated,282,0.11349719470301554,0.05695814386957389,-0.02441961418438656,0.6830427755248397,False,valuation,exit,0.7855946914887757
cci_plant,appr_vs_rtms_dae_3m,765,0.008090201903172611,0.823222895533959,-0.01470507586370026,0.6846844234869994,False,cci,valuation,0.7873134650290292
cci_resi,house_idx,798,0.17324053964423025,8.502905811620444e-07,0.014384014302240736,0.6849508905314492,False,cci,land_house,0.7874505292779315
excess_pp_med,hug_sago_n,88,0.01752984305499106,0.8712226431734729,0.04379416415897184,0.6853701523752148,False,excess,hug,0.7877631566531113
bank_facility_loan_rate,vac_office,777,-0.03694338791583248,0.3037241955313543,-0.014543874464577139,0.685642795473016,False,rates,commercial,0.787907162560545
cci_civil,rtms_apt_med_unit,798,-0.04427756988571246,0.2115025432676407,-0.014318153532839276,0.6863166487231767,False,cci,rtms_apt,0.7885120585996618
rtms_apt_n_yoy_pct,hug_sago_n,335,0.024086711102166793,0.6604622069125138,0.022121828553223626,0.6866305135532484,False,rtms_apt,hug,0.7885337963851416
bldg_area_m2,rtms_land_dae_n_3m,286,0.023723711027951618,0.6895222146012165,0.023960038432742966,0.6865919120268144,False,site_price,rtms_land,0.7885337963851416
rtms_land_dae_med_unit,kiscon_amt_priv_yoy_pct,797,-0.04008124200389066,0.2583838242499571,0.014288407579955949,0.6871202443015814,False,rtms_land,kiscon,0.7889267653597929
appraisal_mn,hug_sago_n,321,0.023616361212884723,0.6733680632570052,0.022545049913065406,0.6873873336139698,False,site_price,hug,0.789063991591648
bank_facility_loan_rate,br_useapr_day,230,0.04010853726642796,0.5450424381067462,-0.026627348935181833,0.6879086682574219,False,rates,hub,0.7891541834740259
corp_bond_AA3y,rtms_fac_n_3m,798,0.029253876233250174,0.40921782849622007,0.014241869060419087,0.68789984244849,False,rates,rtms_fac,0.7891541834740259
ktb_3y,rtms_land_n_3m,798,0.03792280618111641,0.2846269855678226,0.014251952429532488,0.6876904955725947,False,rates,rtms_land,0.7891541834740259
cci_nonresi,rtms_apt_unit_3m,798,-0.044704097415000324,0.20713148540403986,-0.014165978769888711,0.6894762114064117,False,cci,rtms_apt,0.790782776145449
nonbank_corp_loan_rate,hug_sago_last_yr,335,0.02953032616344926,0.5901691324751756,0.021873021926025124,0.6899717686344334,False,rates,hug,0.7911814383204623
base_rate,rtms_land_n_yoy_pct,798,-0.013004095118070009,0.7137749432984373,-0.014006600747646553,0.6927911367151655,False,rates,rtms_land,0.7942440411698091
house_idx,kiscon_cnt_pub,798,-0.08331201281902804,0.018578794908999503,-0.013947479940288483,0.6940222971402656,False,land_house,kiscon,0.7954849352216506
rtms_fac_n,months_permit_idle,284,-0.05932619083542132,0.3191281534143459,0.023428673344585597,0.6942163269027749,False,rtms_fac,hub,0.7955367981031156
appr_vs_rtms_all_3m,kiscon_amt_priv_yoy_pct,765,-0.004347507682375429,0.9044434925877541,-0.014190877183022215,0.6951482269225686,False,valuation,kiscon,0.7964340195746678
kfb_understated,excess_pp_med,122,-0.031728849884719974,0.7286392552674478,0.03580664587120726,0.6953896441450639,False,exit,excess,0.7965399372844166
corp_bond_AA3y,rtms_land_dae_n_3m,798,0.009610820430269632,0.7863327914673165,0.013811287513523592,0.6968614984595759,False,rates,rtms_land,0.7980549223095635
cci_nonresi,hug_sago_amt_mn,335,0.04606064071962632,0.4007160246216241,0.021347437773591677,0.6970496460599948,False,cci,hug,0.798099455563767
rtms_fac_n_yoy_pct,n_rounds_m,190,-0.03294871902310971,0.6517788978193989,-0.02835039983169111,0.6978069118038975,False,rtms_fac,site_price,0.7984535753082475
cci_resi,rtms_fac_med_unit,733,-0.039510437727418905,0.2853869888351916,-0.014373733053025464,0.6976386747628628,False,cci,rtms_fac,0.7984535753082475
ap_stcns_day,n_rounds_m,40,0.09778605258577426,0.5483172148776366,-0.06334298376103549,0.6977917965600058,False,hub,site_price,0.7984535753082475
round_no,rtms_land_n_yoy_pct,211,0.06829485869941064,0.3234954509853597,-0.02680889864684388,0.6986244075402256,False,site_price,rtms_land,0.7988830592955537
rtms_land_n_3m,stcns_delay_days,141,0.06435109684311956,0.44838441357279346,0.03288021055633183,0.6987117215820188,False,rtms_land,hub,0.7988830592955537
rtms_land_dae_n,stcns_delay_days,141,0.07370386370750423,0.3850788379323785,0.032872392757435184,0.6987798893445493,False,rtms_land,hub,0.7988830592955537
cci_yoy_pct,rtms_land_dae_med_unit,797,-0.026985335847559837,0.4467938916516129,-0.013731948767731256,0.6986977007057202,False,cci,rtms_land,0.7988830592955537
cci_total,hug_sago_amt_mn,335,0.04533784403638204,0.40815627523196457,0.021203568730464174,0.6989917017365721,False,cci,hug,0.7989543884534953
cci_resi,apt_idx_yoy_pct,737,0.09706866102731271,0.008365476283842706,-0.014236323992369293,0.6996095272637093,False,cci,land_house,0.7990595705663666
round_no,rtms_land_dae_med_unit,211,0.010184439991487918,0.8830826540078018,-0.026711555019008883,0.6996657676134282,False,site_price,rtms_land,0.7990595705663666
rtms_fac_n_yoy_pct,kiscon_amt_priv_yoy_pct,737,-0.025951659278244978,0.48177434800270164,-0.014232739677727183,0.6996814867012771,False,rtms_fac,kiscon,0.7990595705663666
spread_AA_KTB,hug_sago_sgg_flag,798,0.015027748962289087,0.6716564163700032,0.013686769594287034,0.6994610365940388,False,rates,hug,0.7990595705663666
nonbank_corp_loan_rate,rtms_nrg_n_3m,798,-0.02166879801063884,0.5410461244899684,0.01365716370797484,0.7000796324192501,False,rates,rtms_nrg,0.7991728852574147
cci_bldg,rtms_apt_unit_3m,798,-0.044577109962540266,0.20842595768371003,-0.013663884123682486,0.6999391962416497,False,cci,rtms_apt,0.7991728852574147
rtms_land_n,appr_vs_rtms_all_3m,765,0.016964743046924902,0.6394356192375148,0.013934716569053414,0.7003828855236877,False,rtms_land,valuation,0.7991778252016982
round_no,rtms_land_dae_unit_3m,211,0.02953530440177061,0.6696928522238775,-0.026645012272685006,0.7003779497933601,False,site_price,rtms_land,0.7991778252016982
ktb_3y,rtms_land_unit_3m,798,-0.005489188467356694,0.8769619628683764,-0.013610191953645386,0.7010614842983577,False,rates,rtms_land,0.7995163403500127
appraisal_mn,rentidx_midlarge,768,0.046610399146609166,0.19694560179887402,0.013871046532201075,0.7011281316441387,False,site_price,commercial,0.7995163403500127
rtms_nrg_n_yoy_pct,appr_vs_rtms_all_3m,764,-0.007717037372185283,0.8313604447079349,0.013909505047314166,0.7010856028507109,False,rtms_nrg,valuation,0.7995163403500127
round_no,yield_midlarge,211,0.00930290649775484,0.89313950487947,-0.026544078973995296,0.7014587004064232,False,site_price,commercial,0.7997227443652761
bldg_area_m2,land_chg_pct,286,-0.03996927612137662,0.500787854388441,-0.02271991336983634,0.7020198664688391,False,site_price,land_house,0.8001919049262166
cci_nonresi,ap_useapr_day,100,0.05423597132632273,0.5920030439003618,-0.03865803901013477,0.7025630512733284,False,cci,hub,0.8006403740746989
min_bid_mn,vac_midlarge,502,-0.0694276919179953,0.1202919337586851,0.017059875456316254,0.7029751072611065,False,site_price,commercial,0.8009191109259829
minbid_vs_rtms_dae_3m,reactivated,309,-0.00562351480070044,0.9215729779417613,-0.021767345664931215,0.7031072202518354,False,valuation,exit,0.8009191109259829
appr_vs_rtms_dae_3m,exited,765,-0.04115907724708927,0.2555281981324273,0.013778055533627475,0.7035912962942125,False,valuation,exit,0.8012998213599902
spread_BBB_KTB,rtms_land_n_3m,798,0.03884810768986105,0.2730308146607994,0.013476143625067764,0.7038662370646185,False,rates,rtms_land,0.8014227234664165
ap_pms_day,ah_under_ratio,407,-0.028309112846468927,0.5690355366356635,-0.018888738050152277,0.7039989773932595,False,hub,applyhome,0.8014227234664165
rtms_fac_n,n_rounds_m,201,-0.05703959482513866,0.4212310282933482,0.026933453403400864,0.704290636872136,False,rtms_fac,site_price,0.8015840858568137
rtms_nrg_n,excess_pp_med,201,-0.04546360592167509,0.5216075476285275,0.026864060413089415,0.7050170332310055,False,rtms_nrg,excess,0.8015875695797743
cci_yoy_pct,rtms_land_dae_n,798,0.000837079359177189,0.9811640920008403,-0.013419946929608191,0.7050432653326498,False,cci,rtms_land,0.8015875695797743
cci_bldg,hug_sago_amt_mn,335,0.04683752986111401,0.39281008581826715,0.020791978455143627,0.7045584669098959,False,cci,hug,0.8015875695797743
appr_unit_land_mn_m2,kiscon_amt_pub,765,-0.03018103499048305,0.40451146646457387,0.013707274717784646,0.705042617411682,False,valuation,kiscon,0.8015875695797743
spread_BBB_KTB,kiscon_cnt_pub,798,0.0321783538285759,0.36397698179187526,0.013426943205871554,0.7048966912793944,False,rates,kiscon,0.8015875695797743
discount_ratio,rtms_apt_n_3m,499,-0.0033838615583133558,0.9398961524450394,-0.01694073832108529,0.7057980065240075,False,site_price,rtms_apt,0.8016691318856829
round_no,rtms_land_dae_n_3m,211,-0.004663758822380466,0.9463086898687219,0.026170049664612272,0.7054688620511264,False,site_price,rtms_land,0.8016691318856829
br_useapr_day,hug_sago_sgg_flag,230,-0.024419480674380527,0.7125921921307723,-0.025016111425087924,0.7058911398669888,False,hub,hug,0.8016691318856829
corp_bond_BBB3y,rtms_fac_n,798,0.022411104799885048,0.5272719292083259,0.013397917259838223,0.705504864782559,False,rates,rtms_fac,0.8016691318856829
rtms_land_n,rtms_apt_n_3m,798,0.01725116800772151,0.6265427334805198,0.013389028704781146,0.7056911420759022,False,rtms_land,rtms_apt,0.8016691318856829
cci_bldg,stcns_delay_days,141,0.07374574275905413,0.38480811496629863,0.032027104068150535,0.7061645055510691,False,cci,hub,0.8016691318856829
rentidx_office,kiscon_cnt_priv_yoy_pct,777,-0.05281133960054583,0.1413566461856723,0.013548764229337845,0.706116168298852,False,commercial,kiscon,0.8016691318856829
spread_BBB_KTB,vac_midlarge,798,0.02786830742877748,0.43176936297791507,0.013324394691565591,0.7070462048117229,False,rates,commercial,0.8022365600006116
cci_nonresi,appr_vs_rtms_dae_3m,765,0.00509078246512398,0.8882058955436465,-0.013606322541016565,0.7071144393646684,False,cci,valuation,0.8022365600006116
cci_civil,house_idx,798,0.17467333719530723,6.876820509238583e-07,0.01332317138009533,0.7070718606897172,False,cci,land_house,0.8022365600006116
rtms_land_n_3m,rtms_apt_n_3m,798,0.012935185263977477,0.7152255071350104,0.013305569057157239,0.7074410618467745,False,rtms_land,rtms_apt,0.8024368599267507
cci_bldg,hug_sago_last_yr,335,0.014962517430247811,0.7849679929480523,0.020421183433741948,0.7095870097776193,False,cci,hug,0.8045296313148709
rtms_nrg_unit_3m,unsold_pct_completed,697,0.04041239565978963,0.28667770657579705,0.014132453394412365,0.7095530738240197,False,rtms_nrg,unsold,0.8045296313148709
rtms_land_med_unit,rtms_fac_n,798,-0.026516344207215218,0.45445126969964783,-0.013188121727061545,0.7099062231311792,False,rtms_land,rtms_fac,0.8046484383899023
cci_yoy_pct,rtms_land_n_yoy_pct,798,-0.04174303021604535,0.23885266354682377,0.013183865771727254,0.7099956106323088,False,cci,rtms_land,0.8046484383899023
rtms_apt_n,ap_stcns_day,142,0.013451067802296005,0.8737646614113084,-0.03144256712523721,0.7102937402656329,False,rtms_apt,hub,0.8046484383899023
appraisal_mn,hug_sago_last_yr,321,-0.02753866504140062,0.6230274481303902,-0.020813840045770172,0.7102680625283173,False,site_price,hug,0.8046484383899023
cci_yoy_pct,house_idx_yoy_pct,737,0.11374371317891532,0.001983538827269752,-0.01367394454230567,0.7109325234676643,False,cci,land_house,0.8049036293809683
rtms_apt_n_yoy_pct,minbid_vs_rtms_dae_3m,498,-0.015336111600894674,0.7328029328849425,-0.016645548974929328,0.7109706081104008,False,rtms_apt,valuation,0.8049036293809683
min_bid_mn,months_permit_idle,181,0.006387995701845329,0.9319854100420043,-0.027751946613324516,0.7107500108405764,False,site_price,hub,0.8049036293809683
br_useapr_day,kiscon_cnt_all,230,0.0195904673835832,0.7676014395821241,0.024517456455393175,0.7114902481236615,False,hub,kiscon,0.8053214133609691
discount_ratio,rtms_apt_n,499,-0.00499233334182559,0.9114250096352612,-0.016511985214945693,0.7129106237637983,False,site_price,rtms_apt,0.80675832915662
rtms_land_n_3m,kiscon_amt_priv,798,0.15526225108338995,1.0536702677325804e-05,0.01302757557436325,0.7132809112785962,False,rtms_land,kiscon,0.8068204251831838
rtms_apt_n_yoy_pct,stcns_after_exit,798,0.0008153542281570426,0.9816528624013088,0.013035280364984749,0.713118827566081,False,rtms_apt,exit,0.8068204251831838
discount_ratio,ah_n_pblanc,482,-0.023710866844846246,0.6035643936841243,0.016771025620944995,0.7134181728569465,False,site_price,applyhome,0.8068204251831838
exited,n_rounds_m,201,-0.08637470425912794,0.22276247813789996,-0.025981488323502975,0.7142787680656655,False,exit,site_price,0.8076228743597195
round_no,cci_total,211,-0.034548291099163436,0.6177717859413304,0.02531120611424711,0.7147076051690705,False,site_price,cci,0.8079369058856279
round_no,kiscon_amt_all,211,0.031242228637425394,0.6518209774720101,0.0252590302998269,0.7152702260919891,False,site_price,kiscon,0.8084020078025503
appr_unit_land_mn_m2,hug_sago_amt_mn,319,-0.03525843443319635,0.5303585178854243,-0.020481727710174067,0.7155462327409718,False,valuation,hug,0.8085430487037144
cci_civil,rtms_apt_unit_3m,798,-0.04722915303814851,0.1825896461271492,-0.012902484697653038,0.7159142191278425,False,cci,rtms_apt,0.80861709541119
discount_ratio,vac_office,491,-0.020792594678874704,0.6457972645912042,-0.016470941432591903,0.7158086237894576,False,site_price,commercial,0.80861709541119
corp_bond_BBB3y,rtms_land_n_3m,798,0.038597705528778115,0.2761366223095608,0.012871359107819306,0.7165699746814509,False,rates,rtms_land,0.8091868330774484
months_permit_idle,kiscon_amt_priv,284,-0.03409086467314304,0.5672257678571778,-0.021621485695087775,0.7167489382917288,False,hub,kiscon,0.8092180264032673
appr_unit_land_mn_m2,ah_supply_sum,720,-0.03439996045698042,0.35667630951116447,0.013449156018178582,0.7186467326991575,False,valuation,applyhome,0.8111893771885993
corp_bond_BBB3y,rtms_apt_unit_3m,798,-0.054811624980228436,0.12183822445602756,-0.012759479236036656,0.7189287855334402,False,rates,rtms_apt,0.8113364745139943
ap_useapr_day,ah_sale_unit_med,92,0.05822328885700272,0.581434502292474,0.03798400035943302,0.7192374220149803,False,hub,applyhome,0.8115135040122599
corp_bond_BBB3y,hug_sago_amt_mn,335,0.04369221660886333,0.4253984728088788,0.019694497982664153,0.7194783970192072,False,rates,hug,0.811614132671245
ktb_3y,appr_vs_rtms_all_3m,765,-0.008436347454716147,0.8157921335665952,-0.012990006010776198,0.7198094742556351,False,rates,valuation,0.8118163380816033
rtms_nrg_n_yoy_pct,kfb_understated,425,-0.0018859043271412627,0.9690781936139021,-0.017364571714425424,0.7211274239121566,False,rtms_nrg,exit,0.8130821081558833
ap_pms_day,exited,425,0.03406837429658251,0.4836323426495743,0.017357523161211082,0.721235915276483,False,hub,exit,0.8130821081558833
house_idx_yoy_pct,br_useapr_day,224,-0.10708447008321226,0.10997041937785436,-0.023955893481323667,0.7214030810584866,False,land_house,hub,0.8130991303582901
ktb_3y,rtms_apt_unit_3m,798,-0.05592788902472148,0.11441402520192744,-0.01261839418671777,0.7219071533757093,False,rates,rtms_apt,0.813495795384598
base_rate,minbid_unit_land_mn_m2,498,-0.011334643913279416,0.8007972791159796,0.015957346124488923,0.7224169094404148,False,rates,valuation,0.8138358378516943
months_permit_idle,kiscon_cnt_indiv,284,-0.02851228065451611,0.6323117175044565,-0.021162389192037244,0.7225133200452577,False,hub,kiscon,0.8138358378516943
bldg_area_m2,stcns_delay_days,79,-0.08172635351428556,0.47397866638875535,0.04044645683907352,0.7234057608648705,False,site_price,hub,0.8142969868404596
bank_facility_loan_rate,ap_useapr_day,100,-0.0002591856569169812,0.9979580000735817,-0.0358155171010348,0.7235143997974681,False,rates,hub,0.8142969868404596
cci_nonresi,excess_pp_med,201,-0.017269750738436694,0.8077481356143293,0.025140930361361266,0.7231386358349744,False,cci,excess,0.8142969868404596
spread_BBB_KTB,kfb_understated,425,-0.015628549803853555,0.7480122106208853,0.0172084417009879,0.7235318841367165,False,rates,exit,0.8142969868404596
spread_BBB_KTB,appr_vs_rtms_dae_3m,765,-0.013006578753683688,0.7194670753956922,-0.01277972052442741,0.724158900027966,False,rates,valuation,0.8146889648944088
appr_vs_rtms_all_3m,stcns_delay_days,137,-0.05532372397405573,0.5208041070785185,-0.030402066644052577,0.7243372618492648,False,valuation,hub,0.8146889648944088
rtms_nrg_med_unit,kiscon_cnt_pub,797,0.014926114953005654,0.6739420008425728,0.012512765233186588,0.7243061543461123,False,rtms_nrg,kiscon,0.8146889648944088
cci_resi,rtms_fac_n_3m,798,0.025520541885089596,0.4715777969015574,0.012456862970596397,0.7253223202835677,False,cci,rtms_fac,0.8155085415411314
round_no,kiscon_cnt_indiv,211,-0.0016605539010265194,0.980870422460037,-0.024324703140505256,0.7253709787861644,False,site_price,kiscon,0.8155085415411314
cci_yoy_pct,rtms_land_n_3m,798,0.04047949526955628,0.253380606252556,0.012431353499529433,0.7258621541425742,False,cci,rtms_land,0.815717725557029
cci_total,hug_sago_n,335,0.02083912583606944,0.7039199916017768,0.019231874370258657,0.7258000404329858,False,cci,hug,0.815717725557029
spread_AA_KTB,kfb_understated,425,0.02223853514848157,0.6475521288476769,0.017025351364552493,0.7263550095028593,False,rates,exit,0.8161000705635194
land_chg_cum12_pct,excess_pp_med,201,1.0954962395408677e-05,0.9998768507148232,-0.0248064959578967,0.7266740737944121,False,land_house,excess,0.8162870320543533
rtms_nrg_med_unit,kiscon_amt_priv_yoy_pct,797,-0.03979932616898178,0.26175043647601004,0.012383226961078287,0.7270458377827984,False,rtms_nrg,kiscon,0.8165331011603912
cci_bldg,n_rounds_m,201,0.1171164412853156,0.09777053890802136,-0.024613334084923433,0.7287187047342044,False,cci,site_price,0.8182400071847524
base_rate_chg_12m,rtms_land_med_unit,798,-0.00041931207698168993,0.9905640102004248,-0.012220901712041975,0.7303209201139389,False,rates,rtms_land,0.8198668821854359
stcns_after_exit,ah_supply_sum,749,0.02316776763947236,0.5266825007737859,-0.012607121023181189,0.730494803070157,False,exit,applyhome,0.8198899479462908
cci_nonresi,rtms_apt_med_unit,798,-0.041583727683744354,0.24065128079676876,-0.012160916673527944,0.731593476935908,False,cci,rtms_apt,0.8209398056587862
corp_bond_BBB3y,house_idx_yoy_pct,737,0.0967221123539618,0.008601664650521826,-0.01264873628382975,0.7317372571104872,False,rates,land_house,0.8209398056587862
bldg_area_m2,rtms_nrg_n,286,0.025809959915324053,0.663818760613551,-0.020280250040944234,0.7327247531072418,False,site_price,rtms_nrg,0.8218752370179195
months_permit_idle,excess_pp_med,80,-0.08827549959917842,0.4361827410733292,0.03868986574061831,0.7333038865737656,False,hub,excess,0.8221239145645479
stcns_delay_days,ah_sale_unit_med,132,-0.013889484793804141,0.8744033185465795,0.029906005624326885,0.7335538045501215,False,hub,applyhome,0.8221239145645479
round_no,ap_useapr_day,32,-0.009656691555499197,0.9581667475887634,-0.06260506981951776,0.733561473047963,False,site_price,hub,0.8221239145645479
nonbank_corp_loan_rate,rtms_apt_unit_3m,798,0.0322772953264521,0.36250307563793754,-0.012072222773767703,0.7334764301904081,False,rates,rtms_apt,0.8221239145645479
rtms_land_n_3m,ah_n_pblanc,749,0.21336526799413644,3.6873207847258977e-09,0.012421385258492859,0.7343143617416737,False,rtms_land,applyhome,0.8227952414569843
cd_91d,pms_after_exit,798,0.028813583251839053,0.4163070950817244,0.012022764301538709,0.7345271196701273,False,rates,exit,0.8228064837845539
bank_facility_loan_rate,kiscon_cnt_all,798,-0.0092867957701162,0.7933706895315428,0.012017821139104068,0.7346321588904919,False,rates,kiscon,0.8228064837845539
spread_BBB_KTB,vac_office,777,0.009171356654631532,0.798535588369463,0.012068976972796791,0.736953842681909,False,rates,commercial,0.8252242859760947
bank_corp_loan_rate,rtms_nrg_n,798,-0.055446678414160254,0.11756974338807485,-0.011887578956567297,0.7374015065402619,False,rates,rtms_nrg,0.8252242859760947
minbid_vs_rtms_dae_3m,hug_sago_n,210,0.11892655063035,0.08557258333123176,-0.023272812949319224,0.7374081986896914,False,valuation,hug,0.8252242859760947
cci_plant,ap_useapr_day,100,0.04532291306365376,0.6543255994505044,-0.033981423326174924,0.7371431971171499,False,cci,hub,0.8252242859760947
spread_AA_KTB,unsold_pct_completed,697,-0.009312843256868767,0.8061233952099883,-0.012598695270351323,0.7398656452964406,False,rates,unsold,0.8278011310734605
corp_bond_AA3y,rtms_fac_n,798,0.02378252976836135,0.5023021254517953,0.011743694919964517,0.7404648814001201,False,rates,rtms_fac,0.8280556373251203
house_idx,hug_sago_last_yr,335,0.09023696683867405,0.09918869227446263,0.018134633458222457,0.740867433881312,False,land_house,hug,0.8280556373251203
base_rate_chg_12m,rtms_land_n,798,0.02155800284336768,0.543117316409012,0.011732062663582928,0.7407127192182762,False,rates,rtms_land,0.8280556373251203
discount_ratio,ah_supply_sum,482,-0.031536666768468384,0.4897252950571056,0.015137232331663242,0.7402770716618255,False,site_price,applyhome,0.8280556373251203
ktb_3y,apt_idx,798,0.16377174176063186,3.3104676612085025e-06,0.011735477819030771,0.7406399528469533,False,rates,land_house,0.8280556373251203
min_bid_mn,round_no,211,0.11737295615901175,0.08900007120948356,0.02285849880012673,0.7413171663940343,True,site_price,site_price,0.8283851387061445
corp_bond_BBB3y,rtms_land_n,798,0.029039520964331867,0.412660219892933,0.011685574417637923,0.7417034695797744,False,rates,rtms_land,0.8285700161885872
corp_bond_BBB3y,kiscon_amt_pub,798,0.04666231618956378,0.1879023649724505,0.01168139640078829,0.7417925317925503,False,rates,kiscon,0.8285700161885872
spread_BBB_KTB,land_chg_cum12_pct,798,-0.003589856399119632,0.9193513440629334,-0.011663377511363161,0.7421766775212897,False,rates,land_house,0.8288259596295605
bank_corp_loan_rate,unsold_total,761,0.0026897387790105892,0.9409483910203983,0.011817437109513586,0.7448223555224696,False,rates,unsold,0.8316068354517947
nonbank_corp_loan_rate,br_useapr_day,230,0.047805428364735336,0.47062180277040105,-0.021540377685238837,0.7452311442531788,False,rates,hub,0.8318895466224941
rtms_nrg_n_3m,stcns_delay_days,141,0.006706882258731631,0.9370868890507275,-0.02738875659351496,0.7471580596159303,False,rtms_nrg,hub,0.8336924342166901
ap_stcns_day,ah_rate_med,132,-0.047196226662754026,0.591001302830921,0.02833590333177315,0.747056440059962,False,hub,applyhome,0.8336924342166901
unsold_total,br_useapr_day,221,0.049729941399162196,0.4620036456451706,-0.021747168444360216,0.7478318439143523,False,unsold,hub,0.8342701584414859
ktb_3y,hug_sago_amt_mn,335,0.04010590728361484,0.4644070720597042,0.017570635731847334,0.7486513857172935,False,rates,hug,0.8348593299807915
cci_bldg,rtms_apt_med_unit,798,-0.04140644627475264,0.2426640612486442,-0.011359144684971172,0.7486722437362812,False,cci,rtms_apt,0.8348593299807915
months_permit_idle,hug_sago_amt_mn,143,-0.06490406674521494,0.4412166263728046,-0.026999644241199567,0.7488974848946185,False,hub,hug,0.8349363744227534
cci_civil,ap_useapr_day,100,0.05075902651080032,0.6159967002685062,-0.032243737315556076,0.7501312091341575,False,cci,hub,0.8357890342238675
vac_office,rtms_land_n_yoy_pct,777,-0.13902546476547625,0.00010109337408104614,-0.011456219254187439,0.7498514494729819,False,commercial,rtms_land,0.8357890342238675
rtms_apt_n_3m,appr_vs_rtms_all_3m,765,-0.03374777596672389,0.3512556259641362,-0.011534559922411501,0.7500912265939951,False,rtms_apt,valuation,0.8357890342238675
apt_idx,rtms_nrg_n_yoy_pct,797,0.03565654667497506,0.3147204152758825,-0.01127888985513167,0.7505404493191932,False,land_house,rtms_nrg,0.8360707880228596
ktb_3y,apt_idx_yoy_pct,737,0.07688863770634058,0.036897170698876804,-0.011717970390940918,0.7507979365322092,False,rates,land_house,0.8361834131717814
cci_yoy_pct,ap_useapr_day,100,0.059764387143151784,0.5547493625820955,-0.032080365174866315,0.7513559630346227,False,cci,hub,0.8366306402220174
cci_resi,n_rounds_m,201,0.11933628617083908,0.09153278103559645,0.022433304205939877,0.7519241933432522,False,cci,site_price,0.8370890405593108
minbid_vs_rtms_dae_3m,ap_pms_day,280,-0.07079580156435838,0.2376730177118171,-0.018908286827817353,0.7527548750598323,False,valuation,hub,0.8375514075935917
cci_resi,rtms_fac_n_yoy_pct,737,0.06618095009073573,0.07256090713114213,-0.011620036438632351,0.7528125622061347,False,cci,rtms_fac,0.8375514075935917
appr_vs_rtms_dae_3m,reactivated,483,-0.005510060187673695,0.9038627743543107,-0.014376241023496288,0.7526492582432347,False,valuation,exit,0.8375514075935917
rtms_fac_n_3m,rtms_apt_n_yoy_pct,798,0.029877261669311202,0.399304091154584,-0.011158493180063796,0.7529660774831486,False,rtms_fac,rtms_apt,0.8375514075935917
round_no,kiscon_cnt_all,211,0.010748463805482635,0.87665776457045,-0.021726296459563466,0.7537071350916014,False,site_price,kiscon,0.8382013417917622
vac_office,months_permit_idle,283,0.043093071603927016,0.4702547473210704,0.018687282323826472,0.7542770924179555,False,commercial,hub,0.8386607638092759
rtms_nrg_med_unit,rtms_fac_n,797,0.00833412308044288,0.81427315469381,0.01108980775198971,0.7545870980832082,False,rtms_nrg,rtms_fac,0.8388310215074666
vac_office,unsold_completed,761,-0.09288724991869593,0.010355067392874501,-0.011320623390352351,0.7552001695447862,False,commercial,unsold,0.8393380391926776
rtms_nrg_n,stcns_delay_days,141,0.0015241772467090992,0.9856887093882755,-0.026316859786896737,0.7567378872685601,False,rtms_nrg,hub,0.8408722949345366
min_bid_mn,rtms_nrg_n_yoy_pct,502,-0.042780126682294015,0.3387931736366952,0.013822796831831442,0.7573615472336098,False,site_price,rtms_nrg,0.8413904411091029
base_rate,capret_office,777,0.04985167754222521,0.1650677563843892,0.011082794972965989,0.7577460906520364,False,rates,commercial,0.8416427807886245
base_rate,rtms_apt_n_yoy_pct,798,-0.0011941875875821177,0.9731310437649017,0.010856873861669506,0.7594349045948131,False,rates,rtms_apt,0.8433433924960468
vac_midlarge,rtms_land_dae_n,798,0.02116995757229531,0.5504023187085773,0.01083991108042588,0.7597992094503677,False,commercial,rtms_land,0.8435727518544677
spread_AA_KTB,rtms_land_n,798,0.011432754441055886,0.7470989749397303,-0.010831815035890164,0.7599731046681536,False,rates,rtms_land,0.8435906561471076
rtms_nrg_n_3m,excess_pp_med,201,-0.060579561887280864,0.39294325806109426,0.021630843699385855,0.7605236811128268,False,rtms_nrg,excess,0.8440265925509101
months_permit_idle,kiscon_amt_all,284,-0.026096052701704352,0.6614489809304106,-0.018133946496323525,0.7609176854104467,False,hub,kiscon,0.8440871972750194
ktb_3y,n_rounds_m,201,0.111121519168377,0.11630778260232925,0.021581645698159294,0.7610518754559319,False,rates,site_price,0.8440871972750194
rtms_land_dae_med_unit,unsold_pct_completed,697,0.02329741835774594,0.5391830393527405,0.011551376900402324,0.7608019287202903,False,rtms_land,unsold,0.8440871972750194
corp_bond_AA3y,hug_sago_amt_mn,335,0.04746235274329794,0.3865204371833239,0.01665051167351385,0.7614049527561118,False,rates,hug,0.8441286092446464
apt_idx,kiscon_amt_priv_yoy_pct,798,0.03205090147398199,0.36588111031636894,-0.010767368813474034,0.7613577784844856,False,land_house,kiscon,0.8441286092446464
cd_91d,unsold_total,761,0.030458188309317732,0.4014468469757087,0.0109994952114051,0.761931806438946,False,rates,unsold,0.8445375972282431
ap_useapr_day,ah_rate_med,93,-0.016776082299094358,0.873191589421781,-0.03157875111378407,0.7638029236261278,False,hub,applyhome,0.8464361103894105
discount_ratio,hug_sago_last_yr,212,0.016311605823184493,0.813345681149008,-0.020614388080705953,0.7653924220584845,False,site_price,hug,0.8476945699188435
cci_yoy_pct,n_rounds_m,201,0.1183786466565819,0.09418366434809741,0.021192790710229045,0.7652305302200704,False,cci,site_price,0.8476945699188435
rtms_land_med_unit,stcns_delay_days,141,0.027290292939887162,0.7480364710230489,0.025349634454181237,0.7654141356963113,False,rtms_land,hub,0.8476945699188435
base_rate_chg_12m,rtms_apt_med_unit,798,-0.04591322097736242,0.1950968168348071,-0.010563031855142038,0.7657531325703394,False,rates,rtms_apt,0.8478943880417487
rentidx_office,ap_useapr_day,99,0.042711196574184054,0.6746568019769484,0.030224675497290524,0.7664816091996406,False,commercial,hub,0.8483795656003569
appraisal_mn,rtms_nrg_n_yoy_pct,767,-0.028489734433413322,0.4307612963791705,-0.010739262029480086,0.7665086368833597,False,site_price,rtms_nrg,0.8483795656003569
cci_nonresi,hug_sago_last_yr,335,0.014314677657476897,0.7940649805917438,0.01619058171809614,0.7678044210558558,False,cci,hug,0.8496378806675623
stcns_delay_days,kiscon_cnt_priv_yoy_pct,141,0.045215641343654064,0.5944496243923304,0.025000668956016162,0.7685516659650051,False,hub,kiscon,0.8501128998582711
discount_ratio,stcns_after_exit,499,0.01295213723964575,0.7728757642878638,0.013211408553081165,0.7684574415127466,False,site_price,exit,0.8501128998582711
round_no,land_chg_cum12_pct,211,0.06254791249661851,0.36596927143428193,-0.020347921594079173,0.7688761488259287,False,site_price,land_house,0.8502959188774024
cci_bldg,house_idx_yoy_pct,737,0.11110192237164294,0.0025243900674814922,-0.010804557676137501,0.7696520694923878,False,cci,land_house,0.8509083572962138
corp_bond_AA3y,hug_sago_n,335,0.020816124277859373,0.704231455452731,0.016041557757875857,0.7698813496506465,False,rates,hug,0.8509083572962138
bldg_area_m2,capret_midlarge,286,-0.05730295779931801,0.33422905966146643,-0.01733379084936002,0.7703790336682266,False,site_price,commercial,0.8509083572962138
yield_office,hug_sago_n,335,0.04181210586008528,0.445606329128393,0.016009349283323218,0.7703304517994226,False,commercial,hug,0.8509083572962138
minbid_unit_land_mn_m2,kiscon_cnt_indiv,498,0.05319429320673731,0.23604304717506047,0.013111467037553223,0.7703847685937855,False,valuation,kiscon,0.8509083572962138
cd_91d,rtms_apt_n_yoy_pct,798,0.04350252411976088,0.21961481934187757,-0.010357202679421772,0.7701882071679189,False,rates,rtms_apt,0.8509083572962138
rtms_land_dae_n,minbid_vs_rtms_dae_3m,498,0.039105795171717,0.38385152582271614,-0.01304953085083094,0.7714392790697399,False,rtms_land,valuation,0.8518971138343451
rtms_land_n_3m,kiscon_cnt_priv_yoy_pct,798,0.04068058334640575,0.2510283197961985,0.010287906616853526,0.7716830516717661,False,rtms_land,kiscon,0.8519903525271388
bldg_area_m2,hug_sago_n,120,0.012781964762095466,0.8897982589005166,-0.026714803588020333,0.7720957900426684,False,site_price,hug,0.8520941567302678
rtms_land_n,stcns_delay_days,141,0.0688498145038656,0.4172324482310943,0.024608113232711844,0.7720855987306471,False,rtms_land,hub,0.8520941567302678
rtms_land_n,ap_pms_day,425,0.03867828411235112,0.4264259291388834,-0.014079217414693614,0.7722676337584323,False,rtms_land,hub,0.8521079318420012
cci_resi,apt_idx,798,0.15702230182678067,8.333748455316812e-06,0.010250322797974639,0.7724941586916158,False,cci,land_house,0.852182023215199
corp_bond_BBB3y,n_rounds_m,201,0.11533622549842858,0.10301263391946339,0.020495008059526684,0.7727458915223676,False,rates,site_price,0.8522838865449875
capret_office,exited,777,-0.020165857879508725,0.5746136713140017,-0.010340830374941951,0.7735064357567042,False,commercial,exit,0.8527745745873007
apt_idx,rtms_nrg_n,798,-0.1158550996141797,0.0010428839371752693,-0.010203279640015253,0.7735097600053129,False,land_house,rtms_nrg,0.8527745745873007
kiscon_cnt_pub,kiscon_amt_priv_yoy_pct,798,-0.12391216614900306,0.0004507698004952874,-0.010118089839415183,0.7753498825741441,True,kiscon,kiscon,0.8546270505306016
corp_bond_BBB3y,rtms_fac_n_yoy_pct,737,0.05732043516959151,0.12000380756020022,0.010511158923287628,0.7757377929241701,False,rates,rtms_fac,0.8548783962830869
rtms_apt_n,kfb_understated,425,-0.02244318364191231,0.6445306331372366,-0.013845966541229503,0.7759392073340114,False,rtms_apt,exit,0.8549241585854026
rtms_land_n_yoy_pct,stcns_after_exit,798,0.11350245797093711,0.001319626952380229,0.0100755804536371,0.7762685685404228,False,rtms_land,exit,0.8551108438371736
vac_midlarge,hug_sago_amt_mn,335,-0.12660708882470748,0.020451292727762332,-0.015549850521443661,0.7767458014729501,False,commercial,hug,0.8554603090578505
rtms_apt_n_3m,kfb_understated,425,-0.010016501503937713,0.8368749069828647,-0.013754567034882375,0.7773792826234217,False,rtms_apt,exit,0.8556292762839514
rtms_fac_n_yoy_pct,ap_useapr_day,88,0.06082650663451118,0.5734578607079185,-0.03057943468015669,0.7773109429341785,False,rtms_fac,hub,0.8556292762839514
rtms_nrg_n_yoy_pct,unsold_total,760,0.01647288069657042,0.6502540681417414,0.010283696298250817,0.7771440380248071,False,rtms_nrg,unsold,0.8556292762839514
cci_resi,kiscon_amt_pub,798,0.027084336290918214,0.44484139871812617,-0.01000276294063041,0.7778429800697426,False,cci,kiscon,0.8556780472283945
cci_civil,hug_sago_n,335,0.019553427378390328,0.7214040937071816,0.015455590837689567,0.7780637115437542,False,cci,hug,0.8556780472283945
spread_AA_KTB,kiscon_amt_priv_yoy_pct,798,-0.014161510670171734,0.6895690633804336,-0.009997703299826341,0.7779524101519164,False,rates,kiscon,0.8556780472283945
nonbank_corp_loan_rate,rtms_fac_n_3m,798,-0.005121834495657486,0.8851370004743541,-0.01000852238020727,0.7777184200683999,False,rates,rtms_fac,0.8556780472283945
corp_bond_AA3y,rtms_land_unit_3m,798,-0.004278264166042742,0.903954533181296,-0.009974481557650357,0.7784547071283827,False,rates,rtms_land,0.8559320006200828
cci_civil,rtms_nrg_n_3m,798,-0.021005577652229917,0.5535027334353804,-0.009893183984696095,0.7802139377192175,False,cci,rtms_nrg,0.8576899516827007
rtms_nrg_med_unit,ap_useapr_day,100,0.047414995669632046,0.6394611486915519,0.028203327994734257,0.7805956906065613,False,rtms_nrg,hub,0.8579332287098219
bldg_area_m2,rtms_land_dae_n,286,0.018381903670164488,0.7569176851232732,0.016451194837746017,0.7817683799250034,False,site_price,rtms_land,0.8590455255772694
yield_office,rtms_fac_n_yoy_pct,719,-0.030852077847756218,0.4087869152192153,-0.010303215533145692,0.7827025612665353,False,commercial,rtms_fac,0.8598953349275045
round_no,yield_office,207,0.012645140377447267,0.8564951815959215,-0.01922256683992577,0.7833813532324619,False,site_price,commercial,0.8604642760340949
bldg_area_m2,round_no,109,0.16350120069406368,0.08936165841915511,0.02657340835678295,0.7838660224581291,True,site_price,site_price,0.8608198032621927
unsold_pct_completed,months_permit_idle,251,-0.04365182296476327,0.4911687120868765,-0.017337858983401847,0.7845974019819478,False,unsold,hub,0.8613400316825331
cci_yoy_pct,appr_vs_rtms_all_3m,765,-0.0075681409854319644,0.8344598399333952,-0.00989527252840225,0.7846619215121786,False,cci,valuation,0.8613400316825331
appraisal_mn,ah_rate_med,704,-0.010883019343864453,0.7731519029947911,0.010299847270191393,0.785001246117451,False,site_price,applyhome,0.8615356451128922
ktb_3y,rtms_fac_n_yoy_pct,737,0.052395284439676254,0.15532388062661062,0.010045136788057489,0.7854322692321726,False,rates,rtms_fac,0.8617201914004565
cci_civil,apt_idx,798,0.1584221680985973,6.902858929263856e-06,0.009644047765686345,0.7856120587255813,False,cci,land_house,0.8617201914004565
cci_total,rtms_nrg_n,798,-0.03929682402639506,0.26752510846413863,0.009642165731592003,0.7856528769547833,False,cci,rtms_nrg,0.8617201914004565
minbid_vs_rtms_dae_3m,months_permit_idle,179,-0.0662789461521916,0.37804224897291155,-0.020451846776202934,0.7858230835065274,False,valuation,hub,0.8617301122865878
base_rate,rtms_nrg_n_3m,798,-0.04035107397116866,0.2548908442118473,0.009553403763723605,0.78757864446897,False,rates,rtms_nrg,0.862112233612688
house_idx,excess_pp_med,201,-0.04108557967695137,0.5625214487543225,-0.019224957643665476,0.7864787477632583,False,land_house,excess,0.862112233612688
round_no,n_rounds_m,95,0.017076257033501366,0.869536414591335,0.02807103804011591,0.787134230144092,True,site_price,site_price,0.862112233612688
corp_bond_BBB3y,rtms_land_dae_n_3m,798,0.008070098982127679,0.8199434431463974,0.009585478994717369,0.7868825943796209,False,rates,rtms_land,0.862112233612688
rtms_land_dae_unit_3m,kiscon_amt_priv_yoy_pct,798,-0.043490345522801815,0.21974404532811945,-0.009551376589492774,0.7876226409571686,False,rtms_land,kiscon,0.862112233612688
base_rate_chg_12m,rtms_fac_n,798,0.019785874275695586,0.5767709468834838,0.009565223876893824,0.7873221217987515,False,rates,rtms_fac,0.862112233612688
cci_plant,apt_idx_yoy_pct,737,0.08335086983257496,0.023642720659044766,-0.00997201598135203,0.786956433989055,False,cci,land_house,0.862112233612688
round_no,ah_rate_med,198,0.003010006226363819,0.9664297684430908,-0.019269484776754345,0.7875803853456398,False,site_price,applyhome,0.862112233612688
base_rate,rtms_fac_n_3m,798,0.0020156821211876515,0.9546634170226496,-0.009555090796449603,0.7875420307094628,False,rates,rtms_fac,0.862112233612688
months_permit_idle,kiscon_cnt_priv,284,-0.03944024060146446,0.5079808365326293,-0.016038819343460468,0.787840246661735,False,hub,kiscon,0.8621739252763605
rtms_apt_n,kiscon_cnt_priv_yoy_pct,798,-0.043479018394214544,0.2198642853419838,-0.00952345081043815,0.7882287929264176,False,rtms_apt,kiscon,0.8624226224222539
cci_civil,apt_idx_yoy_pct,737,0.0905722971643044,0.013904657142589913,-0.009833533671331258,0.7898452535549071,False,cci,land_house,0.8638377113434421
land_chg_pct,stcns_delay_days,141,-0.05780499059458741,0.49596272867473756,0.022655003271331294,0.7897364732658196,False,land_house,hub,0.8638377113434421
cci_nonresi,rtms_nrg_n,798,-0.03870861268453024,0.2747580555780527,0.009432117044826748,0.7902121595453743,False,cci,rtms_nrg,0.8640622529834594
round_no,land_chg_pct,211,0.036224950978639744,0.6008046216816169,-0.018353619187326628,0.7909783934619006,False,site_price,land_house,0.8645464983321305
bank_facility_loan_rate,rtms_fac_n,798,0.022420222776492058,0.5271038534961491,0.009403165601260248,0.7908411411043396,False,rates,rtms_fac,0.8645464983321305
capret_midlarge,br_useapr_day,230,-0.09556197554735933,0.14854746642778735,-0.017507411447942416,0.7917131453916896,False,commercial,hub,0.8650305981475962
minbid_unit_land_mn_m2,stcns_delay_days,101,-0.07227560835088756,0.4725971215930961,0.026599958093316563,0.7917448564305846,False,valuation,hub,0.8650305981475962
rtms_apt_med_unit,kiscon_amt_priv_yoy_pct,798,-0.04054535889078534,0.2526084659645439,-0.009341072900258287,0.7921905876588266,False,rtms_apt,kiscon,0.8653407706254843
round_no,kiscon_cnt_priv,211,0.002825848433126804,0.9674521020258785,-0.018224741887212476,0.7924126678231216,False,site_price,kiscon,0.8654065634906517
cci_nonresi,apt_idx_yoy_pct,737,0.09489897584422036,0.009944886320005604,-0.00967124580704218,0.7932343396173739,False,cci,land_house,0.8661270193861749
capret_midlarge,excess_pp_med,201,0.029553478995039004,0.6770655978020187,-0.018559151628856737,0.7937047258028802,False,commercial,excess,0.8662867595910178
rtms_fac_unit_3m,br_useapr_day,215,-0.08726358729329212,0.20248312076124833,0.017948468714109655,0.7935811991559248,False,rtms_fac,hub,0.8662867595910178
discount_ratio,cci_plant,499,-0.028054208399163793,0.5318168640381311,0.011726080286746996,0.7938666770143982,False,site_price,cci,0.8662867595910178
hug_sago_last_yr,kiscon_amt_priv,335,-0.10488425183313023,0.055134561373373754,0.014304778039320053,0.794204211351978,False,hug,kiscon,0.86636939736562
discount_ratio,rtms_land_n_3m,499,-0.018099966824185555,0.6866968884560455,-0.011702816477109948,0.7942664645382962,False,site_price,rtms_land,0.86636939736562
n_rounds_m,kiscon_cnt_priv_yoy_pct,201,-0.04630586335539636,0.5139143971500315,-0.018489659307668087,0.7944599499406739,False,site_price,kiscon,0.8664037022910022
bank_loan_rate_all,kiscon_cnt_indiv,798,-0.02066028572859032,0.5600430576036394,-0.009188651749944978,0.7955057499220993,False,rates,kiscon,0.8673673011487489
rtms_land_n,reactivated,499,0.029161309071940002,0.5157446448724601,-0.01161732956618203,0.7957360153422627,False,rtms_land,exit,0.8674414829837062
discount_ratio,rtms_land_n,499,-0.016558609834310345,0.712135944113592,-0.011596161701574913,0.7961000103871038,False,site_price,rtms_land,0.8674845639983378
ap_useapr_day,kiscon_cnt_pub,100,-0.020185429275089338,0.8419993108645265,0.02617373748052908,0.7960280199912335,False,hub,kiscon,0.8674845639983378
base_rate_chg_12m,reactivated,499,-0.013758449797590163,0.7591598663417548,-0.011577015105808195,0.7964292865182007,False,rates,exit,0.8676665434011449
rtms_nrg_n_yoy_pct,kiscon_cnt_priv_yoy_pct,797,-0.00695435343152602,0.8445914670309014,-0.00914288028425915,0.7966271402087117,False,rtms_nrg,kiscon,0.8677053002028889
excess_pp_med,kiscon_cnt_priv_yoy_pct,201,-0.030448401630952172,0.6678593176530261,-0.01822192683244487,0.7973713774277815,False,excess,kiscon,0.8683390539931461
nonbank_corp_loan_rate,kiscon_amt_all,798,-0.022643130599515966,0.523003400255357,-0.009078647746950467,0.7979006337872553,False,rates,kiscon,0.868561622325011
spread_BBB_KTB,appr_unit_land_mn_m2,765,-0.02174215026747054,0.5482091785710806,0.009277443489166587,0.7978061972521611,False,rates,valuation,0.868561622325011
rtms_fac_unit_3m,kiscon_cnt_pub,765,-0.009335330243606475,0.7965721649108689,0.009146893358493375,0.8005911179003549,False,rtms_fac,kiscon,0.8713129874645222
rtms_fac_med_unit,kiscon_amt_priv_yoy_pct,733,-0.04553436765042139,0.21819910054455968,-0.009321773379467671,0.8010780186886624,False,rtms_fac,kiscon,0.871540403844122
rtms_land_dae_n,n_rounds_m,201,-0.03937479883043764,0.5789166710963932,-0.01787702764349148,0.8011260678686852,False,rtms_land,site_price,0.871540403844122
ktb_3y,rtms_land_dae_n_3m,798,0.006712107506996384,0.8498463136483313,0.008918738383374784,0.8013853838140826,False,rates,rtms_land,0.8716451682778479
nonbank_corp_loan_rate,rtms_nrg_n,798,-0.032036505698916494,0.36609657140497687,0.008904562342736308,0.8016945000641543,False,rates,rtms_nrg,0.8718040455243102
bank_facility_loan_rate,rtms_fac_n_3m,798,0.007971809852221814,0.8220995623256954,0.00888524648963222,0.8021157425766562,False,rates,rtms_fac,0.8720847652617691
bank_loan_rate_all,appr_vs_rtms_all_3m,765,-0.04472269976534401,0.21662056472095256,-0.009056048915250697,0.8025305252074727,False,rates,valuation,0.8723583489092004
cci_total,rtms_fac_n_yoy_pct,737,0.06432045808160602,0.08098510861265927,-0.009201331667960649,0.8030694262381907,False,cci,rtms_fac,0.8727667118080499
appr_vs_rtms_dae_3m,hug_sago_sgg_flag,765,-0.024036219588223308,0.5068069422134573,-0.008955825406168702,0.8046715718296968,False,valuation,hug,0.8743301960116621
corp_bond_BBB3y,rtms_land_unit_3m,798,-0.005649919212979099,0.8733891488288749,-0.008756021591204241,0.8049353662666642,False,rates,rtms_land,0.8744391311312176
rtms_land_dae_unit_3m,unsold_pct_completed,697,0.040112131755006074,0.2902763686315464,0.009326191060224635,0.8058510526537772,False,rtms_land,unsold,0.8752560590168081
kiscon_cnt_indiv,kiscon_amt_priv_yoy_pct,798,-0.10278380562563168,0.0036528795493364157,-0.008666461246522861,0.8068910179996422,True,kiscon,kiscon,0.8762076103257691
corp_bond_AA3y,house_idx_yoy_pct,737,0.1009874059530121,0.006070581436632978,-0.008995506231883865,0.8073871791281033,False,rates,land_house,0.876568374984359
base_rate_chg_12m,excess_pp_med,201,-0.03984158663268299,0.5744211840599522,-0.01728080670950276,0.8076274516609712,False,rates,excess,0.876651235085508
rtms_nrg_n,kiscon_cnt_priv_yoy_pct,798,-0.017764038261056058,0.6163237243717955,-0.008590296564575196,0.8085551093711305,False,rtms_nrg,kiscon,0.8774800425832018
appr_vs_rtms_dae_3m,n_rounds_m,200,-0.0054636512041941615,0.9387954183751519,0.01718131799344251,0.809186725323664,False,valuation,site_price,0.877987301198383
cci_resi,rtms_fac_n,798,0.020885784682877072,0.5557675480362289,0.008541488971262329,0.8096219418579729,False,cci,rtms_fac,0.878281299069706
rtms_apt_unit_3m,kiscon_amt_priv_yoy_pct,798,-0.04087126317798131,0.2488118775411647,-0.008512285701022285,0.8102604336318656,False,rtms_apt,kiscon,0.878795646780849
cci_yoy_pct,rtms_fac_med_unit,733,-0.037629051644849344,0.3089681465776267,-0.008859734822222635,0.8107461608403671,False,cci,rtms_fac,0.8791441334442188
bank_facility_loan_rate,rtms_nrg_n,798,-0.05316740019161681,0.13345196515996335,-0.00847053344337379,0.8111735116288881,False,rates,rtms_nrg,0.879429190324344
bank_corp_loan_rate,ap_useapr_day,100,-0.029083346442067518,0.7739302982499388,-0.02402191043211087,0.8124758981799198,False,rates,hub,0.8804841158427302
cci_plant,ap_pms_day,425,-0.02281838876656807,0.6390061833155121,0.011547800312888325,0.8123691564804102,False,cci,hub,0.8804841158427302
land_chg_cum12_pct,stcns_delay_days,141,-0.06540594134279176,0.4409650191903315,0.020109640302232862,0.8128995617792758,False,land_house,hub,0.8807647328943846
spread_AA_KTB,rtms_fac_unit_3m,765,-0.05793771731137538,0.10933199372083147,0.008562252479277853,0.8130933678822514,False,rates,rtms_fac,0.8807962394786057
bank_loan_rate_all,rentidx_office,777,-0.027238813550976793,0.44833569897668474,0.008467873163602879,0.8136935576799589,False,rates,commercial,0.8808881304175213
stcns_delay_days,kiscon_amt_priv_yoy_pct,141,-0.05069895617910741,0.5504793585646044,0.020015091595063886,0.8137632271938986,False,hub,kiscon,0.8808881304175213
cci_plant,n_rounds_m,201,0.10502911447938801,0.1378447456656296,-0.016747142162026368,0.8134579198512122,False,cci,site_price,0.8808881304175213
rtms_apt_n,stcns_after_exit,798,0.0015625727505359129,0.9648471827676226,0.008343842378310812,0.8139456768452732,False,rtms_apt,exit,0.8808881304175213
cci_civil,hug_sago_amt_mn,335,0.0431622520930147,0.4310400700538376,0.012901668796513223,0.8140019174103185,False,cci,hug,0.8808881304175213
bank_corp_loan_rate,rtms_fac_n_3m,798,0.004443351838620446,0.9002673418763119,0.008324480064227953,0.8143695553555441,False,rates,rtms_fac,0.8809293976302033
bank_facility_loan_rate,reactivated,499,0.01254423466702162,0.7798417876126368,-0.010538721771129382,0.8143380972951617,False,rates,exit,0.8809293976302033
cci_plant,rtms_nrg_n_3m,798,-0.018548964654593967,0.6008271691606515,0.008316816366853358,0.8145373435094134,False,cci,rtms_nrg,0.8809326811781621
discount_ratio,kfb_understated,283,-0.023725128151779497,0.6910666940309085,-0.013989981335226616,0.8147383143043007,False,site_price,exit,0.8809718435965815
exited,hug_sago_n,335,0.02912947805544304,0.5952268906280095,0.012735459860844995,0.8163552270248146,False,exit,hug,0.8825417304694063
base_rate_chg_12m,house_idx_yoy_pct,737,0.09845537762272749,0.00747725680687998,0.008553612407924644,0.8166767606744441,False,rates,land_house,0.8827108630131902
appr_unit_land_mn_m2,stcns_delay_days,137,-0.09903435805586383,0.24957619830859942,0.01994992101556268,0.8170108054642489,False,valuation,hub,0.8828934472144985
cd_91d,appr_vs_rtms_all_3m,765,-0.04639956890968204,0.19986348425804265,-0.008348252083361927,0.8176817515185323,False,rates,valuation,0.8831253301512506
base_rate_chg_12m,rtms_land_dae_n,798,-0.006635261763741769,0.8515453424156781,-0.008154361136905815,0.8180961068678494,False,rates,rtms_land,0.8831253301512506
cci_plant,hug_sago_amt_mn,335,0.037132872546947304,0.49819250882219934,0.01260500009915604,0.8182035298953786,False,cci,hug,0.8831253301512506
n_rounds_m,hug_sago_last_yr,88,-0.006607000522517351,0.9512846505910352,-0.02485255630765196,0.8182163616175978,False,site_price,hug,0.8831253301512506
min_bid_mn,kiscon_cnt_pub,502,0.0318850971416567,0.47597119544267763,0.010301279186541171,0.8179094992875608,False,site_price,kiscon,0.8831253301512506
spread_AA_KTB,excess_pp_med,201,-0.014805050718909682,0.8347603792448054,-0.016341387436104398,0.8178978235536869,False,rates,excess,0.8831253301512506
kfb_understated,kiscon_cnt_priv_yoy_pct,425,-0.0205059886830469,0.6733600275415536,-0.011104381065760598,0.819447614856252,False,exit,kiscon,0.8842757611778768
cci_nonresi,yield_office,777,0.08117821992602037,0.02364106503703146,0.008152425138869181,0.8205135690199753,False,cci,commercial,0.8852473877219144
stcns_delay_days,hug_sago_sgg_flag,141,-0.09650988655925327,0.25493265291781597,-0.019230244307735463,0.8209410540614344,False,hub,hug,0.8854441011954498
n_rounds_m,hug_sago_amt_mn,88,0.003095742556547265,0.9771632970756301,0.02446172852947127,0.8210270906540191,False,site_price,hug,0.8854441011954498
rtms_apt_n_3m,exited,798,-0.03697211412642543,0.29688308546971603,-0.008004514610648524,0.8213819847573771,False,rtms_apt,exit,0.8856482098200636
cci_yoy_pct,rtms_land_unit_3m,798,-0.005007777239311222,0.887677739422278,-0.007974422632560773,0.8220422296473098,False,cci,rtms_land,0.8860795859917365
yield_office,excess_pp_med,198,0.053219907674277554,0.45647915648125825,-0.016078562341659962,0.8221134890789237,False,commercial,excess,0.8860795859917365
rtms_land_dae_med_unit,stcns_delay_days,140,0.007491808246451417,0.9299952910193471,-0.019113419856188175,0.8226437458916243,False,rtms_land,hub,0.8864724121891405
round_no,rtms_land_unit_3m,211,-0.05391887670850116,0.43590237612859606,-0.015460088484692679,0.8233408892497265,False,site_price,rtms_land,0.8866875598828374
unsold_pct_completed,minbid_vs_rtms_all_3m,442,0.0006608138733557173,0.9889468783491879,-0.010652102164703586,0.8232866199519125,False,unsold,valuation,0.8866875598828374
bank_loan_rate_all,ah_sale_unit_med,733,0.014884700904853594,0.6874466897179671,-0.008271204633240508,0.8231027939486613,False,rates,applyhome,0.8866875598828374
capret_midlarge,unsold_pct_completed,697,0.03564936675161425,0.3473305571344186,0.008383737315894445,0.8251363284884936,False,commercial,unsold,0.8884421966226289
corp_bond_AA3y,rtms_nrg_med_unit,797,-0.018654432183868207,0.5989882737823299,0.007813681523571345,0.8256790599543387,False,rates,rtms_nrg,0.8888475807481072
br_useapr_day,exited,230,0.03531996150234199,0.5941017078390189,0.014474278657799157,0.8271729821230485,False,hub,exit,0.890276557047492
spread_AA_KTB,kiscon_cnt_priv,798,0.009378016633637484,0.7913876227505242,-0.007711453842809507,0.8278173042897071,False,rates,kiscon,0.8907907277192723
unsold_completed,kiscon_amt_priv_yoy_pct,761,-0.0220845314999878,0.5429874206932002,-0.00787997291544617,0.8281890402857895,False,unsold,kiscon,0.8910114282511301
cci_total,house_idx,798,0.17390115226370587,7.711878556467783e-07,0.007682598291662057,0.8284515750209017,False,cci,land_house,0.8911145788848847
months_permit_idle,ah_n_pblanc,274,-0.03281382963882917,0.5886261149576612,-0.01308596484879487,0.8292759946429783,False,hub,applyhome,0.8918219516001619
base_rate,kiscon_amt_all,798,-0.02413201490865672,0.4960402870946271,-0.007614947607663918,0.8299390344042104,False,rates,kiscon,0.8923555232172357
rtms_nrg_med_unit,exited,797,0.001278892541988372,0.9712440819155915,-0.007582202080867876,0.8307640990945534,False,rtms_nrg,exit,0.8925247413820729
discount_ratio,rtms_fac_n_yoy_pct,462,-0.01504255981849725,0.7470967229334102,-0.009970129728278656,0.8307618350827044,False,site_price,rtms_fac,0.8925247413820729
cci_total,apt_idx_yoy_pct,737,0.09346351558005841,0.011130479463909368,-0.007891504817745011,0.8306435698904546,False,cci,land_house,0.8925247413820729
unsold_total,kiscon_amt_priv_yoy_pct,761,-0.014503613299432585,0.6895518537690994,0.007782265966345063,0.8302868304889436,False,unsold,kiscon,0.8925247413820729
rtms_land_dae_unit_3m,kiscon_amt_pub,798,-0.019235286795378153,0.5874231406093864,-0.007550473393681618,0.8313572180883926,False,rtms_land,kiscon,0.8929825321652541
base_rate_chg_12m,hug_sago_amt_mn,335,0.04652242308946286,0.39600533058204157,0.011614896914147507,0.8322630206080684,False,rates,hug,0.8936267508535027
bldg_area_m2,hug_sago_amt_mn,120,-0.09830244018477466,0.28544493812713334,-0.019514171695627025,0.8324583590801005,False,site_price,hug,0.8936267508535027
base_rate_chg_12m,rtms_apt_unit_3m,798,-0.04829544531433618,0.17289836669941355,-0.007504549894836489,0.8323676923111774,False,rates,rtms_apt,0.8936267508535027
spread_AA_KTB,rtms_apt_n_3m,798,0.007875714626381378,0.8242088523481986,-0.007448316499453953,0.833605396056917,False,rates,rtms_apt,0.8946784529739733
rtms_fac_n_yoy_pct,kfb_understated,397,-0.0009963497858485812,0.9842112650858125,-0.010530865245609684,0.8343153876514594,False,rtms_fac,exit,0.8952607621457662
cd_91d,unsold_completed,761,0.0068383949571007956,0.8506119897242614,-0.007573374053331061,0.8347758203128056,False,rates,unsold,0.8953954485882791
min_bid_mn,rentidx_midlarge,502,0.13905725733377758,0.001789894160196735,0.009338164165712355,0.8346762947489487,False,site_price,commercial,0.8953954485882791
bank_corp_loan_rate,kiscon_cnt_priv,798,-0.018643309127094686,0.5989764421430972,0.007372344619324437,0.8352781994921425,False,rates,kiscon,0.8957546194714172
round_no,rtms_fac_n_yoy_pct,199,-0.011979301441137208,0.8666381132207568,-0.014685677719053067,0.8368901134103526,False,site_price,rtms_fac,0.8972880533506205
bank_corp_loan_rate,rtms_fac_n,798,0.014963136707920419,0.6729862609730911,0.007292198200786371,0.8370437273448467,False,rates,rtms_fac,0.8972880533506205
spread_BBB_KTB,rtms_fac_n_3m,798,0.021151579051775775,0.550748536855349,0.007274944074252346,0.8374239222098632,False,rates,rtms_fac,0.8973909249897499
rentidx_office,rtms_fac_n_yoy_pct,719,-0.03429217775112882,0.3585211595122624,-0.007638344284124338,0.8379920757545841,False,commercial,rtms_fac,0.8973909249897499
round_no,stcns_after_exit,211,0.0375268136155769,0.5877762836487916,0.014153038421759762,0.8380614473636742,False,site_price,exit,0.8973909249897499
cci_total,rtms_nrg_n_3m,798,-0.020761436808297774,0.5581232436493094,-0.007245534552717487,0.8380720486350732,False,cci,rtms_nrg,0.8973909249897499
cd_91d,rtms_fac_n,798,0.02760553173309651,0.4361259744843486,0.007247504883396981,0.8380286230960103,False,rates,rtms_fac,0.8973909249897499
rtms_fac_med_unit,br_useapr_day,202,-0.06736844140086443,0.3407794831822157,0.014461002792106482,0.8381466765286724,False,rtms_fac,hub,0.8973909249897499
discount_ratio,rtms_nrg_unit_3m,499,0.06237557302787862,0.16415711349571258,0.00910573524758235,0.8392125689127555,False,site_price,rtms_nrg,0.8981724591626309
spread_BBB_KTB,rtms_apt_n_3m,798,0.06215004086186719,0.07932531145886186,-0.007196305530347077,0.8391572020358317,False,rates,rtms_apt,0.8981724591626309
rtms_apt_n_yoy_pct,excess_pp_med,201,-0.06797854826995678,0.33762868197074813,0.014287746209101903,0.840455640745921,False,rtms_apt,excess,0.8993228559272444
exited,kfb_understated,425,0.00977530738937384,0.8407498636459109,0.009775307389373867,0.8407498636459108,True,exit,exit,0.8994576872578401
rtms_fac_med_unit,kiscon_cnt_priv,733,0.0978340864819518,0.00803494275368811,0.007383796746946353,0.8418166919591625,False,rtms_fac,kiscon,0.9004188541519588
minbid_vs_rtms_all_3m,pms_after_exit,498,-0.010257819224449575,0.8193793099444863,0.008930925089584225,0.8424153757668782,False,valuation,exit,0.9008790028450996
round_no,rtms_land_n,211,0.0019372881246780653,0.9776832112929092,0.013739066146348304,0.8427357967888566,False,site_price,rtms_land,0.9009728547913418
rtms_apt_n_3m,minbid_vs_rtms_dae_3m,498,-0.06598953735241023,0.14142113382382862,0.008884224694541107,0.8432287133005643,False,rtms_apt,valuation,0.9009728547913418
rtms_apt_n_3m,stcns_after_exit,798,-0.011126888853140282,0.7536430927155994,-0.007021420128628356,0.8430146490148847,False,rtms_apt,exit,0.9009728547913418
discount_ratio,pms_after_exit,499,0.012825671288138607,0.7750335856962308,0.00886856750976012,0.8433456402151983,False,site_price,exit,0.9009728547913418
cci_yoy_pct,rtms_land_dae_n_3m,798,0.0120477707658854,0.7339958233915513,0.007007463944741558,0.8433226438553301,False,cci,rtms_land,0.9009728547913418
corp_bond_AA3y,excess_pp_med,201,-0.036974196296476546,0.6022911006904148,-0.013949104516432161,0.8441884281156824,False,rates,excess,0.901693073338904
rtms_land_n_3m,ap_pms_day,425,0.03958445499119024,0.4156620817678127,-0.009505202435663601,0.8450938575889876,False,rtms_land,hub,0.9022996917987853
rentidx_midlarge,stcns_delay_days,141,-0.02756031681205048,0.7456283174382364,0.016617130397935994,0.8449431846481105,False,commercial,hub,0.9022996917987853
cci_civil,excess_pp_med,201,-0.021342300961304676,0.7636230757870902,0.013849867789947056,0.8452829591395459,False,cci,excess,0.9023214179515177
cci_civil,rtms_nrg_n,798,-0.03892617098425547,0.2720674687221581,0.0068608611506583055,0.8465594134713215,False,cci,rtms_nrg,0.9029385160671792
cci_yoy_pct,rtms_fac_n_3m,798,0.025771660162085,0.467225689435725,0.006848422082552369,0.8468341691918465,False,cci,rtms_fac,0.9029385160671792
appr_vs_rtms_all_3m,reactivated,483,-0.012059592944323233,0.7915027590223572,0.00881326080136077,0.8468076520358113,False,valuation,exit,0.9029385160671792
rtms_fac_n_yoy_pct,appr_vs_rtms_dae_3m,710,-0.00935970441690385,0.8033893513675622,0.007288062018980187,0.8462879880886116,False,rtms_fac,valuation,0.9029385160671792
rtms_nrg_n,minbid_vs_rtms_dae_3m,498,-0.041926516488073655,0.3504648909954314,-0.00867643697595321,0.8468495691332912,False,rtms_nrg,valuation,0.9029385160671792
base_rate_chg_12m,ap_useapr_day,100,0.023596928418559024,0.8157342253734169,-0.019554824148191114,0.8468742581030305,False,rates,hub,0.9029385160671792
spread_BBB_KTB,rtms_fac_unit_3m,765,-0.04882753510540337,0.1773050791257395,-0.006974941263452572,0.8472689363204821,False,rates,rtms_fac,0.9031792269748041
rtms_fac_n_yoy_pct,kiscon_cnt_priv_yoy_pct,737,-0.07481195235690147,0.04231851156750033,-0.00707442645085606,0.8479528239749567,False,rtms_fac,kiscon,0.9037280745055001
discount_ratio,cci_civil,499,-0.03493562169847994,0.43616634292642803,-0.00859238428928607,0.8481640447741086,False,site_price,cci,0.9037730465139813
rtms_fac_n,rtms_apt_n_yoy_pct,798,0.04001356085185706,0.25888975767388456,0.006767519312543845,0.8486216119627095,False,rtms_fac,rtms_apt,0.9040804461375986
bank_facility_loan_rate,kiscon_amt_all,798,-0.03607273483987479,0.3087973746859418,0.0067573884055726645,0.8488454962801613,False,rates,kiscon,0.9041388184482116
base_rate_chg_12m,appr_unit_land_mn_m2,765,-0.012913805208436099,0.7213845315118447,-0.006845348337652805,0.8500727571448728,False,rates,valuation,0.905265690590248
cci_bldg,rtms_nrg_n,798,-0.039530694635695876,0.2646859423954295,0.006644343987432364,0.8513445020660338,False,cci,rtms_nrg,0.9062590190219157
nonbank_corp_loan_rate,minbid_vs_rtms_all_3m,498,-0.04985189494736655,0.2668329626231986,-0.008424795227012656,0.8512389268396153,False,rates,valuation,0.9062590190219157
appraisal_mn,kiscon_cnt_pub,768,0.04757694916703679,0.18780865809140485,0.006726167436501833,0.852366725835966,False,site_price,kiscon,0.9068927610595335
bank_loan_rate_all,land_chg_pct,798,0.007607195384314258,0.8301095242278486,-0.006594417831749081,0.852448665996861,False,rates,land_house,0.9068927610595335
cd_91d,hug_sago_n,335,-0.023421881295877845,0.669272207417896,-0.010200188240098898,0.8524438839264881,False,rates,hug,0.9068927610595335
rtms_land_dae_n_3m,br_useapr_day,230,0.0766494565401049,0.2469386487393498,0.012189558923162421,0.8541205950727977,False,rtms_land,hub,0.9083100282128579
cci_plant,stcns_delay_days,141,0.07161383054489368,0.39873552550572255,0.015625319135714077,0.854091906250398,False,cci,hub,0.9083100282128579
months_permit_idle,kiscon_cnt_all,284,-0.026011751557779187,0.6624751686216058,-0.010927442323541488,0.8545266775595858,False,hub,kiscon,0.9085611741720232
rentidx_midlarge,kiscon_cnt_all,798,0.09343041753831653,0.008267454829322087,0.006453377132998899,0.8555694666116502,False,commercial,kiscon,0.9093850530638895
nonbank_corp_loan_rate,rtms_apt_med_unit,798,0.03528837025269646,0.31944215442530116,-0.006442430378480072,0.8558117798798376,False,rates,rtms_apt,0.9093850530638895
rtms_fac_n_yoy_pct,exited,737,0.03286434356678685,0.3729725997490689,-0.006711768184236419,0.8556595310359268,False,rtms_fac,exit,0.9093850530638895
rentidx_office,stcns_delay_days,135,-0.05291271730481217,0.542192731883146,-0.01574616894842611,0.8561604363567867,False,commercial,hub,0.9095747771110151
base_rate_chg_12m,rtms_fac_n_yoy_pct,737,0.045912472137191844,0.21314611065252548,0.00667482536973799,0.8564453726274109,False,rates,rtms_fac,0.909696743631062
nonbank_corp_loan_rate,hug_sago_amt_mn,335,0.04188716314209473,0.4447893028904851,-0.009896669472926526,0.8567866198574179,False,rates,hug,0.9098784620412341
cci_plant,hug_sago_n,335,0.017181032936372152,0.7540434294442744,0.00987873615207906,0.8570433456207217,False,cci,hug,0.9099703671632245
cci_bldg,ap_pms_day,425,-0.01724838040056597,0.7229165533609712,0.008748865301523832,0.8572823226718127,False,cci,hub,0.9100433947441299
br_useapr_day,kiscon_cnt_pub,230,0.029608541804959296,0.6551009332694767,0.011893457238013092,0.857626139614672,False,hub,kiscon,0.910227663461622
rtms_nrg_n_yoy_pct,ap_pms_day,425,0.031612134394064836,0.5157284371421987,-0.008654379600448079,0.858807418902829,False,rtms_nrg,hub,0.9113005097982588
unsold_pct_completed,appr_vs_rtms_dae_3m,674,0.033779119873627715,0.3812589222389577,0.006834670722278988,0.8594211370010991,False,unsold,valuation,0.9117707975287453
excess_pp_med,kiscon_cnt_pub,201,0.07114444670325959,0.3155578148102442,-0.012537605245427318,0.8597836465796682,False,excess,kiscon,0.9119744412341769
spread_AA_KTB,rtms_land_dae_n_3m,798,0.02889707146708634,0.41495730034828066,-0.006249223192259896,0.860090754866681,False,rates,rtms_land,0.9121192515414802
spread_AA_KTB,ap_pms_day,425,-0.009525631242164455,0.8447651431180581,0.008563316578400653,0.860277766609143,False,rates,hub,0.9121366682647408
minbid_vs_rtms_all_3m,hug_sago_n,210,0.12275344985575298,0.07590322574246551,-0.012164657431591681,0.860893466639102,False,valuation,hug,0.91260851826314
base_rate_chg_12m,rtms_land_n_yoy_pct,798,-0.055271936173548336,0.11873241092986267,0.006189687348341031,0.8614101328827957,False,rates,rtms_land,0.9129752191326677
rtms_land_dae_n,kiscon_cnt_priv,798,0.01911475929849605,0.5897670496513813,0.006172502737440591,0.8617910342193614,False,rtms_land,kiscon,0.9130169724531257
bldg_area_m2,yield_midlarge,286,-0.040662469176196446,0.49338398979405174,-0.010345218584413424,0.8617145854411387,False,site_price,commercial,0.9130169724531257
cci_resi,ap_useapr_day,100,0.05507598377700562,0.5862702845864258,-0.017586163988968347,0.8621295019663485,False,cci,hub,0.9131946210408212
round_no,apt_idx,211,0.029239284710733584,0.672811586090321,0.011956391539486664,0.8629256951051653,False,site_price,land_house,0.9138569403302275
excess_pp_med,kiscon_amt_pub,201,0.05723821363705109,0.41961313868966693,-0.012161497657646087,0.8639485791979302,False,excess,kiscon,0.9147590203903629
cci_yoy_pct,rtms_fac_n,798,0.021260973349534237,0.5486893237865992,0.006011293288804803,0.8653658336487913,False,cci,rtms_fac,0.9160782246129652
corp_bond_AA3y,rtms_fac_med_unit,733,-0.0471120047477841,0.20264932686863638,0.0062466965766351905,0.8659257157873693,False,rates,rtms_fac,0.9164894699752699
unsold_pct_completed,hug_sago_n,315,0.014260976560076175,0.8009530921572346,-0.009533608786322737,0.8661616845222104,False,unsold,hug,0.9165577928241162
appr_vs_rtms_all_3m,pms_after_exit,765,-0.009370285950408928,0.7958272231720966,0.006052266330431986,0.8672715262674386,False,valuation,exit,0.9175506234570626
apt_idx,excess_pp_med,201,-0.036454294377912644,0.6074083998993624,-0.011777032164279336,0.8682099458516827,False,land_house,excess,0.9178422560774018
rtms_land_dae_n,br_useapr_day,230,0.07842377387899306,0.23613576324578228,0.011000435782050878,0.868215241626944,False,rtms_land,hub,0.9178422560774018
cci_yoy_pct,appr_unit_land_mn_m2,765,-0.005924004293250149,0.8700591386022086,0.006005807320974275,0.8682810653936295,False,cci,valuation,0.9178422560774018
spread_BBB_KTB,rtms_land_dae_unit_3m,798,-0.026919212355038982,0.44762314313549256,-0.005874315871228167,0.8684054560492941,False,rates,rtms_land,0.9178422560774018
bank_facility_loan_rate,unsold_total,761,0.003175095031337165,0.9303176925793117,0.006029718477435547,0.8681055828669676,False,rates,unsold,0.9178422560774018
cci_yoy_pct,rtms_land_n,798,0.0304781979904619,0.38988523413477777,0.0058427632046913255,0.8691059081471113,False,cci,rtms_land,0.9178763205048456
appraisal_mn,kiscon_cnt_indiv,768,0.0662898030962147,0.06634219353465991,0.0059553040367210045,0.8691243334049061,False,site_price,kiscon,0.9178763205048456
spread_BBB_KTB,rtms_apt_n,798,0.059681412277768506,0.09202850245924563,0.00585287837946114,0.8688813455558778,False,rates,rtms_apt,0.9178763205048456
appr_vs_rtms_dae_3m,hug_sago_last_yr,319,0.10136349908850484,0.0706123692009925,0.009262936736951905,0.8691050069389818,False,valuation,hug,0.9178763205048456
ap_useapr_day,kiscon_cnt_priv_yoy_pct,100,0.02190293893485287,0.8287526754415065,0.01649983798668907,0.8705695997039806,False,hub,kiscon,0.9190396149293553
base_rate_chg_12m,rtms_land_unit_3m,798,-0.006672273342715002,0.8507269447888156,-0.005781761619402502,0.8704604005670008,False,rates,rtms_land,0.9190396149293553
cci_plant,rtms_apt_unit_3m,798,-0.049790376543228945,0.15996482100607423,-0.00576586832988724,0.8708133610672683,False,cci,rtms_apt,0.9191154839373634
n_rounds_m,hug_sago_n,88,-0.011014257963125773,0.9188768237821912,-0.017503527420510277,0.8714143082766762,False,site_price,hug,0.919568246764434
rtms_apt_n_3m,excess_pp_med,201,-0.05052937432853708,0.47623886874649657,-0.01144157996510857,0.8719311664992911,False,rtms_apt,excess,0.9199321127213319
cd_91d,vac_office,777,-0.01923349791876821,0.5924322320028198,0.005766928325988038,0.8724919126454016,False,rates,commercial,0.9203421299891423
appr_vs_rtms_dae_3m,pms_after_exit,765,-0.00721317704223747,0.8421196174473929,-0.005800088566663986,0.8727538211277361,False,valuation,exit,0.9204368208224862
rtms_fac_n,ap_useapr_day,100,0.14888275945488963,0.13931087388577934,0.01606844733134478,0.8739253301710115,False,rtms_fac,hub,0.9214905818229931
house_idx,n_rounds_m,201,-0.041565148252800915,0.5579657703820842,-0.011219132048654117,0.8744003713015485,False,land_house,site_price,0.9218096974269281
ktb_3y,kiscon_amt_pub,798,0.038550163297413495,0.27672900753752455,0.0055922393495803965,0.8746709969573194,False,rates,kiscon,0.921913230973938
rtms_land_dae_unit_3m,stcns_delay_days,141,-0.013509906720016507,0.8736684821781963,0.013341067910971885,0.8752344253226606,False,rtms_land,hub,0.9223252802917355
corp_bond_BBB3y,rtms_fac_med_unit,733,-0.045455739466987215,0.21899588146810423,0.005780338322621925,0.875850989082564,False,rates,rtms_fac,0.9225055661443609
excess_pp_med,kiscon_cnt_indiv,201,0.07562942650943397,0.28593844300202936,-0.011082006705519534,0.8759230894548196,False,excess,kiscon,0.9225055661443609
rtms_land_n_yoy_pct,ap_useapr_day,100,0.12208381768399454,0.22627070463354465,0.015823914694318958,0.8758285129997893,False,rtms_land,hub,0.9225055661443609
rtms_land_n_yoy_pct,hug_sago_amt_mn,335,0.03245339031482469,0.5538972601041455,0.008487449529910174,0.8770042396642765,False,rtms_land,hug,0.9232805019659158
cd_91d,months_permit_idle,284,0.06502257549734401,0.27478772181603645,0.009233165489130609,0.8768866550128352,False,rates,hub,0.9232805019659158
cci_yoy_pct,rtms_apt_unit_3m,798,-0.04283920590273502,0.22673271486945418,0.005454260122493065,0.8777387035399012,False,cci,rtms_apt,0.9238718204385535
round_no,rtms_fac_med_unit,198,-0.023008966540107485,0.7476363898600863,0.010982820083283674,0.8779502765813627,False,site_price,rtms_fac,0.9239126409920383
minbid_unit_land_mn_m2,stcns_after_exit,498,-0.01417860436821972,0.752283926106964,0.006885277470121399,0.8781877573176452,False,valuation,exit,0.923980704127794
rtms_fac_n_3m,pms_after_exit,798,0.05868512061833084,0.09759653106776384,-0.005421706082820758,0.878462749941328,False,rtms_fac,exit,0.9240882006563605
apt_idx,stcns_after_exit,798,0.02982870241888079,0.4000711123955577,0.005384137637415577,0.8792984496799063,False,land_house,exit,0.9247853679068566
vac_office,ap_useapr_day,99,0.03440794099770374,0.7352826674788127,0.015236245804118543,0.8810154575718822,False,commercial,hub,0.9262758285918332
rtms_land_dae_n_3m,minbid_vs_rtms_all_3m,498,0.04020510904358767,0.3706154460088049,0.006721581916849431,0.8810620654980482,False,rtms_land,valuation,0.9262758285918332
minbid_vs_rtms_dae_3m,kiscon_amt_priv_yoy_pct,498,0.0030033026075786586,0.9466985935994298,-0.006692696166741104,0.8815694297738786,False,valuation,kiscon,0.9264449176495536
rtms_nrg_n_yoy_pct,br_useapr_day,230,-0.019219182124113582,0.7718835300499526,-0.009886891417536169,0.881451978184009,False,rtms_nrg,hub,0.9264449176495536
kfb_understated,ah_rate_med,399,0.017091558951909537,0.733587409929596,0.0074485533094894325,0.8820902302618657,False,exit,applyhome,0.9268100729436424
round_no,hug_sago_n,83,-0.04031082445595742,0.7174815830884963,-0.016465787986889552,0.8825436605176016,False,site_price,hug,0.9271043129248754
corp_bond_BBB3y,apt_idx_yoy_pct,737,0.08077205125868711,0.02833329346949565,-0.00541949925638823,0.8832279031251382,False,rates,land_house,0.9274586798920098
cci_yoy_pct,rtms_apt_n_yoy_pct,798,-0.04038865422130394,0.2544482542046543,-0.005209210784377053,0.883191402346764,False,cci,rtms_apt,0.9274586798920098
spread_AA_KTB,rtms_fac_n_3m,798,0.021903895910424062,0.5366643183186208,0.0051644501116471005,0.8841879961820652,False,rates,rtms_fac,0.9282845504782059
kiscon_cnt_all,kiscon_amt_priv_yoy_pct,798,-0.11752917218847243,0.0008797572272048265,-0.0051466163597394384,0.8845851147060768,True,kiscon,kiscon,0.9283369201831978
rentidx_midlarge,n_rounds_m,201,0.02030492222100482,0.7747968860932846,0.010306672005032954,0.8845412658492754,False,commercial,site_price,0.9283369201831978
nonbank_corp_loan_rate,rtms_land_dae_n_3m,798,0.0036528406043302604,0.9179413064392026,-0.005113827662798947,0.8853153224939664,False,rates,rtms_land,0.9285564985043622
round_no,vac_midlarge,211,-0.024029531166127358,0.7285719842303341,0.010016473547567071,0.8849974838829648,False,site_price,commercial,0.9285564985043622
minbid_vs_rtms_all_3m,n_rounds_m,190,-0.009750413033152288,0.893784962402784,0.010548950746814638,0.8851437669844203,False,valuation,site_price,0.9285564985043622
discount_ratio,cci_total,499,-0.03680472961930617,0.41200437461396333,-0.006437508686204819,0.8859396193586097,False,site_price,cci,0.929029053679248
minbid_vs_rtms_dae_3m,n_rounds_m,190,-0.006822551439194191,0.9255676089941683,-0.010454286294745176,0.8861674696098087,False,valuation,site_price,0.9290857764713034
stcns_delay_days,hug_sago_amt_mn,56,-0.02571649817188386,0.850770641487076,-0.019516566297966966,0.8864733237127566,False,hub,hug,0.9292242426763594
hug_sago_last_yr,kiscon_amt_indiv,335,-0.09264747615035168,0.09044935471395774,0.007817184091823555,0.8866492630685665,False,hug,kiscon,0.9292265012990248
cci_bldg,apt_idx_yoy_pct,737,0.09554723914087812,0.009447284941707454,-0.005229667819205166,0.8872903807970783,False,cci,land_house,0.9297161799180831
rtms_fac_med_unit,n_rounds_m,190,-0.02091934185994794,0.7745091653634987,0.010241344342287214,0.8884709129522312,False,rtms_fac,site_price,0.9307707624521121
rtms_land_unit_3m,kiscon_amt_priv_yoy_pct,798,-0.029108801174346867,0.41154576054106073,0.0049529818929214976,0.8888987717634899,False,rtms_land,kiscon,0.9308542367057149
ap_pms_day,excess_pp_med,120,0.040015113817356535,0.6643397324004351,-0.01290369627006645,0.8887554398759805,False,hub,excess,0.9308542367057149
spread_BBB_KTB,ap_useapr_day,100,0.03403850900198465,0.736717749447953,0.014079223833175622,0.88942722794833,False,rates,hub,0.9312252570667163
bldg_area_m2,rtms_apt_n_yoy_pct,286,0.005615431090690098,0.9246719438629076,0.008220046613354869,0.8899186560349881,False,site_price,rtms_apt,0.9314892286449917
cd_91d,kiscon_cnt_all,798,0.0056046402567174365,0.8743953776444292,0.0049023273420549665,0.8900277668126544,False,rates,kiscon,0.9314892286449917
minbid_vs_rtms_dae_3m,pms_after_exit,498,-0.008414315097225062,0.8514218312115528,-0.006150870586989915,0.8910950897071912,False,valuation,exit,0.9324237660791294
corp_bond_BBB3y,rtms_land_dae_n,798,-0.0031769538349962993,0.9286011288861145,-0.004765140948687126,0.8930865060246833,False,rates,rtms_land,0.9343247011766742
hug_sago_last_yr,kiscon_cnt_indiv,335,-0.11703882334808384,0.032232100508585486,0.007340148603256829,0.8935240160343365,False,hug,kiscon,0.9345995527651795
ap_pms_day,hug_sago_n,199,0.03740577339576328,0.5999079817231214,0.009517165459578055,0.8938664517171919,False,hub,hug,0.9347748713733278
rtms_land_n_3m,reactivated,499,0.010088672822779152,0.8221314347667856,-0.005969590840843896,0.8941796881237318,False,rtms_land,exit,0.9349195917867803
round_no,rtms_land_med_unit,211,-0.036179975660772495,0.6012570165817618,-0.00917116036531177,0.894644018584067,False,site_price,rtms_land,0.9352222028091898
excess_pp_med,kiscon_cnt_all,201,0.0706346549398554,0.31904679338048547,-0.009374386948888284,0.8949219036048617,False,excess,kiscon,0.9353298316214221
spread_BBB_KTB,ap_stcns_day,142,-0.03981110290845193,0.6380710496420525,-0.011097998019100788,0.8957096132081142,False,rates,hub,0.9359701586522936
base_rate_chg_12m,rtms_land_dae_n_3m,798,0.006008820715811106,0.8654206842564613,0.00462646993360415,0.8961799604873938,False,rates,rtms_land,0.9362786730609798
bank_facility_loan_rate,months_permit_idle,284,0.06153683976670482,0.3013964983523076,0.007760892889252644,0.896397096342981,False,rates,hub,0.93632257748504
spread_BBB_KTB,rtms_nrg_unit_3m,798,0.0033520999263606036,0.9246762817167539,-0.004577859270124701,0.8972647361654246,False,rates,rtms_nrg,0.9369751531422469
spread_BBB_KTB,rtms_land_dae_med_unit,797,-0.02908534414896298,0.4122169263256998,-0.004552347126166927,0.897898014718697,False,rates,rtms_land,0.9369751531422469
exited,excess_pp_med,201,0.01063547023081823,0.8808848169032947,-0.009120297671176532,0.8977542663388081,False,exit,excess,0.9369751531422469
cd_91d,kfb_understated,425,0.008811165080734488,0.8562770302481798,0.006262096902396585,0.8975811981960171,False,rates,exit,0.9369751531422469
base_rate,appr_vs_rtms_dae_3m,765,-0.02312006471159378,0.5231423506715747,-0.004657625805577977,0.8976633983619949,False,rates,valuation,0.9369751531422469
base_rate,ap_pms_day,425,-0.0009010530139430921,0.9852232415713938,-0.0062102910013667,0.8984239067795199,False,rates,hub,0.937341000887823
cci_nonresi,capret_office,777,0.07717149411849675,0.03148576347754105,-0.004559785662748683,0.899020513211951,False,cci,commercial,0.9374647479033607
rentidx_office,rtms_land_n,777,0.01632300993855332,0.6496150244513148,-0.004549648219368928,0.8992438174670538,False,commercial,rtms_land,0.9374647479033607
cci_resi,hug_sago_amt_mn,335,0.048678518649056354,0.37445490212993915,0.006955569433228025,0.8990721719558522,False,cci,hug,0.9374647479033607
cci_civil,appr_vs_rtms_dae_3m,765,0.005591908685668059,0.8772842228390241,0.004602432169706692,0.898869562704216,False,cci,valuation,0.9374647479033607
cci_plant,rtms_apt_med_unit,798,-0.04728220360918556,0.1820981725528483,-0.004457666821016594,0.8999477204022571,False,cci,rtms_apt,0.9378328709785361
discount_ratio,cci_nonresi,499,-0.0369242559198603,0.4104866644672016,0.005646715703904457,0.8998722447101631,False,site_price,cci,0.9378328709785361
bank_corp_loan_rate,house_idx_yoy_pct,737,-0.02036767714930004,0.580910533236802,0.004565287376646271,0.9015310153321549,False,rates,land_house,0.9392997542831317
base_rate,rtms_fac_n,798,0.007228263300388813,0.8384527232784734,-0.004364241049352058,0.9020339982211772,False,rates,rtms_fac,0.9396407146870513
appr_vs_rtms_dae_3m,stcns_delay_days,137,-0.04460599003159152,0.6047557627461804,0.010433500150871897,0.9036868144180606,False,valuation,hub,0.941179079994813
yield_midlarge,unsold_pct_completed,697,0.012575558424912824,0.740326152680622,0.004570011181072109,0.9041379093234126,False,commercial,unsold,0.9414162586570283
house_idx,kiscon_amt_priv_yoy_pct,798,0.03531070021281872,0.31913583443137183,-0.004264292907209398,0.9042666737352716,False,land_house,kiscon,0.9414162586570283
rtms_fac_n,pms_after_exit,798,0.07614962295145147,0.03148453999301425,-0.004216689198719317,0.905330328277816,False,rtms_fac,exit,0.9423401334049994
rtms_apt_n,br_useapr_day,230,0.03702479140313811,0.576406739457817,0.007859568800023198,0.9056329406858334,False,rtms_apt,hub,0.9424716492501268
cd_91d,appr_vs_rtms_dae_3m,765,-0.019735378353632833,0.5857438297821299,0.004271885984807312,0.9060978795437237,False,rates,valuation,0.942588591813286
bank_loan_rate_all,corp_bond_BBB3y,798,-0.15387948009654412,1.2646088739057866e-05,-0.004186691446533975,0.9060006835390224,True,rates,rates,0.942588591813286
cci_civil,kiscon_amt_pub,798,0.026792776972064607,0.4497597792452442,-0.004151854910905025,0.9067792542320411,False,cci,kiscon,0.942879450847393
rtms_nrg_n_3m,kfb_understated,425,0.000293776595994312,0.9951819851464544,-0.0056892007247572925,0.9069064925580965,False,rtms_nrg,exit,0.942879450847393
rtms_nrg_n,kiscon_amt_priv_yoy_pct,798,-0.03551667035178042,0.3163194094028494,-0.004152712765350471,0.9067600807455447,False,rtms_nrg,kiscon,0.942879450847393
round_no,ktb_3y,211,-0.04082512994037968,0.5553633337226865,0.008041091986752227,0.9075640747666665,False,site_price,rates,0.9432330481130589
stcns_delay_days,excess_pp_med,40,0.12568084487981065,0.43967536921608064,0.018951121201704925,0.9075994076195414,False,hub,excess,0.9432330481130589
corp_bond_AA3y,appr_unit_land_mn_m2,765,-0.012768650937658292,0.7243881049442648,-0.004170938365738291,0.9083069580832083,False,rates,valuation,0.9436764703833651
ap_stcns_day,hug_sago_amt_mn,56,0.036115049048451864,0.7915865844604317,0.015732553857770795,0.9083790523776286,False,hub,hug,0.9436764703833651
nonbank_corp_loan_rate,ap_pms_day,425,0.0012758910548166993,0.9790773081819932,-0.005554391501805643,0.9091027524649791,False,rates,hub,0.944244836330661
rtms_land_dae_n,excess_pp_med,201,0.07704611930727405,0.2769831128710136,0.008026638718828203,0.9099597285302272,False,rtms_land,excess,0.9445497325108546
corp_bond_BBB3y,ap_useapr_day,100,0.05221756796441859,0.6058803513227404,-0.011461474443890507,0.9098898680113602,False,rates,hub,0.9445497325108546
rtms_land_n,n_rounds_m,201,-0.0725271828602973,0.3062201580762042,-0.008044560445510007,0.9097595402942534,False,rtms_land,site_price,0.9445497325108546
rtms_land_n_3m,n_rounds_m,201,-0.07632197493381551,0.28153666473070704,-0.008013821432964578,0.9101029029167613,False,rtms_land,site_price,0.9445497325108546
kiscon_cnt_priv,kiscon_amt_priv_yoy_pct,798,-0.11234729179915266,0.001478959814466828,-0.003956320357707519,0.9111509446240995,True,kiscon,kiscon,0.9452745827873187
rtms_fac_n,reactivated,499,0.09237571681541895,0.039135972345105186,0.005007621061343089,0.9111548905341014,False,rtms_fac,exit,0.9452745827873187
rtms_apt_n,excess_pp_med,201,-0.051739598428909586,0.46572688755586994,-0.007887562883482923,0.9115134172775713,False,rtms_apt,excess,0.9454403139633877
base_rate_chg_12m,appr_vs_rtms_dae_3m,765,0.004072596990085419,0.9104596840283118,0.0040173990754129975,0.9116682735730741,False,rates,valuation,0.9454403139633877
rtms_land_dae_n_3m,kiscon_cnt_priv_yoy_pct,798,0.03269316100722616,0.35634891168133365,-0.003912517499141277,0.9121306459121618,False,rtms_land,kiscon,0.9457363900896508
bldg_area_m2,rtms_apt_n,286,0.07022513737321157,0.23646220583282734,0.006486991967820552,0.9130234839511325,False,site_price,rtms_apt,0.9464785902843554
base_rate,rtms_apt_unit_3m,798,0.04251798637612959,0.23023804665786868,-0.003858587800518014,0.913337028586304,False,rates,rtms_apt,0.9466200992151516
cd_91d,br_useapr_day,230,-0.018593062221164525,0.7791202646614888,0.0071871108844849966,0.9136740654341475,False,rates,hub,0.9467858968752688
bank_corp_loan_rate,rentidx_office,777,-0.024041721130456623,0.5033844592546702,0.0038691083377987547,0.9142518508075625,False,rates,commercial,0.9472010552737913
house_idx,rtms_nrg_n,798,-0.11478352976308358,0.0011615134316278882,0.0038052224252028157,0.9145309838422709,False,land_house,rtms_nrg,0.9473066971337898
discount_ratio,months_permit_idle,181,-0.0015817144429167915,0.9831400589332587,0.007941270218820492,0.9155027392531817,False,site_price,hub,0.947946000539652
rtms_fac_n_3m,n_rounds_m,201,-0.06270937680645458,0.3764885226773675,0.0075314668965822534,0.9154930682311888,False,rtms_fac,site_price,0.947946000539652
minbid_vs_rtms_dae_3m,ah_rate_med,469,-0.013511442223586715,0.7704075900533849,-0.004865064772113842,0.9163128894091146,False,valuation,applyhome,0.948290610672148
rtms_fac_n_yoy_pct,stcns_delay_days,132,-0.01852664807352817,0.8330054406572426,0.009227547809766822,0.9163676052633232,False,rtms_fac,hub,0.948290610672148
corp_bond_BBB3y,excess_pp_med,201,-0.03689675340502357,0.6030521340532656,-0.0074835330446681204,0.9160289292703113,False,rates,excess,0.948290610672148
capret_office,excess_pp_med,198,0.047652673019621124,0.504985563221118,-0.0074347890674079575,0.9172044207636061,False,commercial,excess,0.9486275097199796
vac_midlarge,excess_pp_med,201,-0.02151992183288752,0.7617147049649832,-0.007376518322684906,0.9172254021418167,False,commercial,excess,0.9486275097199796
cci_resi,ap_pms_day,425,-0.01650602503257536,0.7343827195982863,-0.0050775275254236266,0.9168770810004306,False,cci,hub,0.9486275097199796
bank_loan_rate_all,ap_useapr_day,100,-0.030312559725527446,0.7646475555075957,-0.010439320979594617,0.9178966812659394,False,rates,hub,0.948954670287892
vac_midlarge,stcns_delay_days,141,-0.0046097225615694265,0.9567356212489729,-0.00876579736731837,0.9178332064001249,False,commercial,hub,0.948954670287892
corp_bond_AA3y,ap_useapr_day,100,0.05018838813785504,0.6199743862112785,-0.01040481658971998,0.9181671114443499,False,rates,hub,0.9490507529273031
discount_ratio,stcns_delay_days,100,0.04032004759420221,0.6904140137411762,0.010297524045423227,0.919008082471653,False,site_price,hub,0.9497364161144044
spread_BBB_KTB,br_useapr_day,230,0.035512074650211105,0.5920954128500733,-0.006697772794689719,0.9195310486220913,False,rates,hub,0.950093239996584
spread_BBB_KTB,land_chg_pct,798,0.024632692848309722,0.48714242349087195,-0.0035343414677969534,0.9205943758954964,False,rates,land_house,0.9507898002273903
rtms_nrg_n_3m,hug_sago_amt_mn,335,-0.023555092749791933,0.6675032711843729,0.00545163174538363,0.9208135181533985,False,rtms_nrg,hug,0.9507898002273903
apt_idx,hug_sago_last_yr,335,0.08444569813705693,0.12293042296831953,0.005467980098571951,0.920576834899377,False,land_house,hug,0.9507898002273903
unsold_completed,br_useapr_day,221,0.058008599200226954,0.3907862253530541,0.006716263805383979,0.9209164719240049,False,unsold,hub,0.9507898002273903
cci_nonresi,ap_pms_day,425,-0.01744202959026761,0.7199355607284401,0.004810522147767362,0.9212335880838113,False,cci,hub,0.9509335898618029
ap_stcns_day,excess_pp_med,40,-0.10804267545506718,0.5069460408437322,0.016042028255370225,0.9217356391986583,False,hub,excess,0.9512681842878259
round_no,hug_sago_sgg_flag,211,-0.0382314564995862,0.5807791471172497,-0.006770624538418286,0.922118192355677,False,site_price,hug,0.951479346685798
bldg_area_m2,spread_AA_KTB,286,0.02422252531170933,0.6833427344946469,-0.005733294608592161,0.9230956958836297,False,site_price,rates,0.9521205026793534
appraisal_mn,cd_91d,768,-0.01625736339388948,0.6528307509974342,0.003494337096191306,0.9229801471144626,False,site_price,rates,0.9521205026793534
round_no,kfb_understated,127,0.01556476803536416,0.8621151985114586,0.008605399118568528,0.9235040229654713,False,site_price,exit,0.9523579577235053
appr_unit_land_mn_m2,kiscon_cnt_pub,765,-0.0006220770230274089,0.9862948789064633,0.0034304388377667514,0.924532166026959,False,valuation,kiscon,0.9530506056961924
months_permit_idle,hug_sago_n,143,-0.02760782969029242,0.7434360746361823,-0.007992990665198714,0.9245174633742689,False,hub,hug,0.9530506056961924
rtms_fac_n_yoy_pct,unsold_pct_completed,649,-0.09892615515654293,0.011684887532599438,-0.0036687539491677998,0.9256784176977778,False,rtms_fac,unsold,0.9531296937088423
cci_civil,ap_pms_day,425,-0.02051348110019269,0.6732475639103448,0.004548106450219658,0.9255175059000453,False,cci,hub,0.9531296937088423
cci_total,apt_idx,798,0.157548972575762,7.765028889347951e-06,0.0033286204285731553,0.9252023294754234,False,cci,land_house,0.9531296937088423
vac_office,exited,777,-0.00880034778944582,0.8065206674974129,-0.003353646620563436,0.9256400320427961,False,commercial,exit,0.9531296937088423
discount_ratio,reactivated,308,-0.0005666213488521865,0.9920980945548332,-0.00538821443914882,0.9249669924042948,False,site_price,exit,0.9531296937088423
nonbank_corp_loan_rate,capret_office,777,0.03219327043553163,0.37016413556517314,-0.0033896497035239104,0.9248440884250805,False,rates,commercial,0.9531296937088423
appraisal_mn,rtms_fac_n_3m,768,0.1357958692944089,0.0001602299858766735,0.0033368940983136766,0.9264403394394796,False,site_price,rtms_fac,0.9537305535200032
apt_idx_yoy_pct,stcns_after_exit,737,-0.006966955505836522,0.8502351689370529,0.003371188619840958,0.9272025081486153,False,land_house,exit,0.9543314362022418
rtms_fac_n_yoy_pct,stcns_after_exit,737,0.005442612748737911,0.8827334710911653,-0.0033373798121192487,0.9279305812681927,False,rtms_fac,exit,0.9548970011626302
ktb_3y,appr_unit_land_mn_m2,765,-0.008587470119167558,0.8125530945356063,-0.003263020813512057,0.9282050817463045,False,rates,valuation,0.9549956844520858
rtms_nrg_n,exited,798,-0.007873838176799439,0.8242500530822348,-0.0031764512443860776,0.9286123939755384,False,rtms_nrg,exit,0.9550472149619549
minbid_vs_rtms_all_3m,ap_pms_day,280,-0.09698326619973,0.10536117290836484,0.005381829015578993,0.9285629560122697,False,valuation,hub,0.9550472149619549
ap_stcns_day,ah_sale_unit_med,133,0.01016256340947445,0.9075755940672172,0.007717049197689953,0.9297506370569159,False,hub,applyhome,0.9560339723737171
ap_stcns_day,hug_sago_n,56,0.08529040162025384,0.5319710893953601,0.011912487057883326,0.9305623535164207,False,hub,hug,0.9565007505290852
cd_91d,rtms_apt_unit_3m,798,-0.01652206064388439,0.6411939372655255,0.003090474536470458,0.9305396882144407,False,rates,rtms_apt,0.9565007505290852
rtms_land_dae_n_3m,excess_pp_med,201,0.08084562968717254,0.2539095820623562,0.006125368335115924,0.9312269222595092,False,rtms_land,excess,0.956999875710474
round_no,capret_office,207,0.02427986133621054,0.7283943204639167,-0.00593688303757067,0.9323405908366235,False,site_price,commercial,0.9579602496547704
months_permit_idle,kiscon_cnt_pub,284,-0.00933901621154008,0.8754866481376133,-0.005037342291296836,0.9326454355043606,False,hub,kiscon,0.9580893647726831
cd_91d,rtms_apt_med_unit,798,-0.013142757219871196,0.7108592152504124,0.002976969538594945,0.9330846904892462,False,rates,rtms_apt,0.9583564809923165
house_idx_yoy_pct,stcns_after_exit,737,-0.006781538931121621,0.854175769148756,0.00308729905185435,0.9333179038013126,False,land_house,exit,0.9584119131218779
base_rate,rtms_apt_med_unit,798,0.043476452002147885,0.21989153471691725,-0.002927698153408911,0.9341896646218666,False,rates,rtms_apt,0.959108603497247
rtms_nrg_n_3m,kiscon_amt_priv_yoy_pct,798,-0.03038849474192678,0.391282585493245,0.0029203218238208557,0.9343550992364241,False,rtms_nrg,kiscon,0.959108603497247
unsold_pct_completed,ap_stcns_day,124,-0.0016616204449243568,0.9853870504405748,-0.007449850941516441,0.934552093514062,False,unsold,hub,0.9591266879116486
round_no,rtms_land_n_3m,211,-0.0012477682905580392,0.9856251165196276,0.0056697732916626865,0.9347503833159343,False,site_price,rtms_land,0.9591460947208407
bldg_area_m2,rtms_nrg_med_unit,286,-0.003945835593764742,0.9470289960819847,0.004822149725687501,0.9352882437241405,False,site_price,rtms_nrg,0.9595138601674942
minbid_unit_land_mn_m2,hug_sago_amt_mn,210,-0.0909009242031311,0.18947452019593927,-0.005612435071534276,0.9355635523439688,False,valuation,hug,0.9596121838448496
stcns_delay_days,exited,141,-0.042618568174553055,0.615814736432562,0.006769472338601322,0.936500992250828,False,hub,exit,0.9599761737449876
rtms_apt_n_3m,hug_sago_last_yr,335,0.03757407292329399,0.49309785793209726,-0.004359711931702655,0.9366365622643725,False,rtms_apt,hug,0.9599761737449876
round_no,corp_bond_BBB3y,211,-0.04950811758737269,0.4744152012488703,-0.005538755878073363,0.9362549480839009,False,site_price,rates,0.9599761737449876
minbid_vs_rtms_dae_3m,hug_sago_last_yr,210,0.08016224090866345,0.2474399685754211,-0.0055275610275856485,0.9365359340381556,False,valuation,hug,0.9599761737449876
bank_loan_rate_all,appr_vs_rtms_dae_3m,765,-0.023415425598252104,0.5178466401861874,-0.002849600828002483,0.9372813131119307,False,rates,valuation,0.9604528902279597
kfb_understated,ah_under_ratio,405,-0.006075606946999809,0.9029841990096868,-0.003860903686181957,0.9382581495997107,False,exit,applyhome,0.9609014223155818
rtms_nrg_n_3m,unsold_pct_completed,697,0.03943291715691084,0.2985282538818741,-0.0029539228152842246,0.9379505589997419,False,rtms_nrg,unsold,0.9609014223155818
appraisal_mn,rtms_fac_n,768,0.13087094903027746,0.00027631844734907196,0.0028003527333287357,0.9382421805327547,False,site_price,rtms_fac,0.9609014223155818
cd_91d,kiscon_amt_indiv,798,0.010188876870391788,0.7738207747795431,-0.0027230020448507797,0.9387815692491535,False,rates,kiscon,0.9612533609297632
ap_useapr_day,hug_sago_sgg_flag,100,-0.027086026556728843,0.7890811678548425,-0.007676993756600266,0.9395735572889233,False,hub,hug,0.9615374923558664
bank_corp_loan_rate,appr_vs_rtms_dae_3m,765,-0.023440778977703504,0.5173933568553974,-0.002745351848494504,0.9395713288787965,False,rates,valuation,0.9615374923558664
spread_BBB_KTB,rtms_land_dae_n_3m,798,0.02056097432481245,0.561931058262351,0.002686593097212382,0.9395985407816349,False,rates,rtms_land,0.9615374923558664
round_no,kiscon_cnt_priv_yoy_pct,211,-0.06544706707919154,0.3441277208977109,0.005208228407193966,0.9400516190436969,False,site_price,kiscon,0.9618170698481913
cci_yoy_pct,apt_idx_yoy_pct,737,0.09810141114678658,0.00769557004511778,-0.0027580743232212164,0.9404147826139551,False,cci,land_house,0.961820551384242
vac_office,excess_pp_med,198,-0.035076570017486784,0.623711482557886,0.005351535101707295,0.9403527365970535,False,commercial,excess,0.961820551384242
bank_corp_loan_rate,apt_idx_yoy_pct,737,-0.0187995062552117,0.6103717183775502,0.0027395232548015056,0.9408148215525288,False,rates,land_house,0.9618617305624038
reactivated,kiscon_amt_priv_yoy_pct,499,-0.035438554170140586,0.4295860983163375,-0.0033359716645654193,0.940745196468431,False,exit,kiscon,0.9618617305624038
cci_bldg,capret_office,777,0.07863808756725278,0.028388118559823747,-0.0026474558962182137,0.9412662775692807,False,cci,commercial,0.9621393206199472
rtms_nrg_unit_3m,stcns_delay_days,141,0.06486675260852107,0.44474875005718056,0.006125225162815251,0.9425332684032437,False,rtms_nrg,hub,0.963039393220261
discount_ratio,kiscon_amt_pub,499,-0.04094626855643434,0.3613691565137962,-0.0032210026283744646,0.9427837646129537,False,site_price,kiscon,0.963039393220261
rtms_fac_n,rtms_fac_med_unit,733,-0.09094707472608905,0.013770202094966004,-0.002671801617377475,0.9424324318402856,True,rtms_fac,rtms_fac,0.963039393220261
min_bid_mn,rtms_fac_n_3m,502,0.11495748562885774,0.009943337110228127,0.003206621334741874,0.9428672570615422,False,site_price,rtms_fac,0.963039393220261
rtms_apt_n,hug_sago_last_yr,335,0.040637546165435745,0.45850223458065736,0.0038468458752371946,0.9440775115932288,False,rtms_apt,hug,0.9639072855621529
house_idx,stcns_after_exit,798,0.0241001956420121,0.4966086778356064,0.002487408616115968,0.9440690935412154,False,land_house,exit,0.9639072855621529
corp_bond_AA3y,apt_idx_yoy_pct,737,0.0850897566983367,0.020873485361841887,-0.0025762994570582187,0.944335243233594,False,rates,land_house,0.9639863584517043
round_no,kiscon_cnt_pub,211,0.02420996598446446,0.726614688564796,-0.004805623154502396,0.9446780457024683,False,site_price,kiscon,0.9641522256864092
br_useapr_day,kiscon_amt_pub,230,0.02216948247591872,0.738058042067508,-0.004558571618852182,0.9451823724826275,False,hub,kiscon,0.9644828522260704
base_rate,hug_sago_last_yr,335,0.027406450914775046,0.617188181800804,0.00372409522857905,0.9458591922265441,False,rates,hug,0.9648052462486325
spread_BBB_KTB,rtms_apt_unit_3m,798,-0.03396068352380473,0.33800008675501064,-0.0024081959866649317,0.9458474608603366,False,rates,rtms_apt,0.9648052462486325
cd_91d,hug_sago_amt_mn,335,0.05250802601377855,0.33800044570133686,-0.003688989803329359,0.9463687845699986,False,rates,hug,0.9651409290665235
rtms_land_dae_n_3m,minbid_vs_rtms_dae_3m,498,0.037143330751744266,0.408186140158361,0.0030019224750716263,0.9467230513022341,False,rtms_land,valuation,0.9653181074204893
bldg_area_m2,land_chg_cum12_pct,286,-0.030622604031816773,0.6060442619794917,-0.003914593759432113,0.9474477969410208,False,site_price,land_house,0.9658729018577003
cd_91d,ah_rate_med,730,-0.033624094011993066,0.36431548663416313,0.0024170017713683344,0.9480211487790484,False,rates,applyhome,0.9660890189673284
bldg_area_m2,cd_91d,286,-0.009630683166971674,0.8711797691864319,-0.003880670495065652,0.947902559072248,False,site_price,rates,0.9660890189673284
spread_BBB_KTB,rtms_fac_n,798,0.021320181256286624,0.5475763923092304,-0.0022790288058640094,0.9487479092608647,False,rates,rtms_fac,0.9664612442022945
bank_corp_loan_rate,appr_vs_rtms_all_3m,765,-0.04223223518751632,0.24333300428456997,-0.002329442257254938,0.9487123067416521,False,rates,valuation,0.9664612442022945
land_chg_pct,excess_pp_med,201,0.013454308679236568,0.8496487022069553,0.004465062529731832,0.9498392133681637,False,land_house,excess,0.9673886235961088
bldg_area_m2,rtms_nrg_n_3m,286,-0.007326073021097,0.9018266230034292,0.0037217308248237006,0.9500334651293201,False,site_price,rtms_nrg,0.9674021973046039
appraisal_mn,ap_useapr_day,97,0.09772422353083512,0.34095671264547023,0.006397380559533735,0.9504109534050179,False,site_price,hub,0.9674181168582964
cci_plant,hug_sago_last_yr,335,0.01729005518058502,0.7525333620827047,-0.003418940085520396,0.950289556501213,False,cci,hug,0.9674181168582964
rtms_nrg_unit_3m,hug_sago_n,335,0.0944099115738339,0.08445865511326246,-0.0032498916688970697,0.9527445363184261,False,rtms_nrg,hug,0.9694243645470265
spread_AA_KTB,hug_sago_n,335,-0.002290842816629394,0.9666799454204367,-0.003257636367106746,0.9526320551861286,False,rates,hug,0.9694243645470265
cci_resi,excess_pp_med,201,-0.018030289368595707,0.799457039899332,-0.004171150919773376,0.9531371309095863,False,cci,excess,0.9696393148732035
cci_total,appr_vs_rtms_dae_3m,765,0.005133676360061772,0.8872701954586288,-0.002036630384416504,0.95515192343484,False,cci,valuation,0.9714153938449289
land_area_m2,n_rounds_m,200,-0.012795087711331645,0.8572915076343304,0.00397705952328308,0.9554280075239352,True,site_price,site_price,0.9714153938449289
bank_facility_loan_rate,kiscon_cnt_priv,798,-0.021061854987056816,0.5524403103841886,0.001982427320753239,0.9554105975021917,False,rates,kiscon,0.9714153938449289
rtms_fac_n_3m,months_permit_idle,284,-0.0787926828865336,0.18548942491835474,0.003311483410062696,0.9556922205932382,False,rtms_fac,hub,0.9714992972456359
rtms_nrg_n,unsold_pct_completed,697,0.051886898581760196,0.171213027463345,-0.0020985524541833485,0.9558962811165833,False,rtms_nrg,unsold,0.9715220329082629
spread_AA_KTB,rtms_land_n_3m,798,0.02702055883800967,0.4459146511904923,-0.0019417315532914217,0.956325017381844,False,rates,rtms_land,0.9717730649830331
yield_midlarge,excess_pp_med,201,0.03816016551004351,0.5906906239461486,0.0038607941736981503,0.9566204392745349,False,commercial,excess,0.9718885595289641
rtms_nrg_n_3m,minbid_vs_rtms_dae_3m,498,-0.037959376131326564,0.39795780777962014,-0.002431724613078287,0.9568316954390226,False,rtms_nrg,valuation,0.9719185173845847
ktb_3y,ap_useapr_day,100,0.05307793203803589,0.5999474749911666,-0.005265433780666305,0.9585345139171949,False,rates,hub,0.9734632565840914
rtms_nrg_n_yoy_pct,months_permit_idle,284,-0.04869321735855721,0.4136663901232841,0.0030396952053788687,0.9593254823727221,False,rtms_nrg,hub,0.9740815332789489
minbid_vs_rtms_all_3m,reactivated,309,-0.014010753207407363,0.8062238088650657,0.0028830921410504923,0.9597439983885978,False,valuation,exit,0.9743214656130306
discount_ratio,rentidx_office,491,0.032405332203602956,0.47373687828857836,-0.0022721783142300844,0.959947197386033,False,site_price,commercial,0.9743427609003642
rtms_apt_n,minbid_vs_rtms_dae_3m,498,-0.06623660297722267,0.13993391966608587,0.0022034346443180705,0.9608809230912128,False,rtms_apt,valuation,0.9749203597284088
round_no,kiscon_amt_pub,211,0.039426801766198394,0.5689986978275802,0.0034062588610086035,0.9607718751778489,False,site_price,kiscon,0.9749203597284088
ktb_3y,rtms_land_dae_n,798,-0.002996424157360183,0.932648430980362,-0.001672295208610625,0.9623805499906426,False,rates,rtms_land,0.9762566497438752
spread_BBB_KTB,rtms_apt_med_unit,798,-0.02893841723760994,0.41428980012271216,-0.0016262525088030014,0.963415577660783,False,rates,rtms_apt,0.9770250554166613
cci_total,excess_pp_med,201,-0.019271417962748713,0.7859751876649387,0.003247736697159966,0.9635034818051346,False,cci,excess,0.9770250554166613
bldg_area_m2,rtms_apt_n_3m,286,0.05570183747077043,0.34793254796990775,-0.0025979248917833947,0.965109613914137,False,site_price,rtms_apt,0.9784681656425654
bank_corp_loan_rate,kiscon_cnt_indiv,798,-0.018217790279000362,0.6073440315242912,-0.0015299224006991479,0.9655812499283913,False,rates,kiscon,0.9787607475577457
unsold_pct_completed,n_rounds_m,181,0.06813388469951381,0.3621075052106336,0.0031586837798449436,0.9663381203694249,False,unsold,site_price,0.9793422914358065
rtms_land_n,rtms_apt_n,798,0.0096446102880029,0.7855998586543874,0.0014091232622700637,0.9682973858167453,False,rtms_land,rtms_apt,0.9811419598184834
rtms_land_n,kiscon_amt_priv,798,0.15236661581428557,1.5412808680198676e-05,0.0013992248356378394,0.9685199659570015,False,rtms_land,kiscon,0.9811815570238891
rentidx_midlarge,hug_sago_sgg_flag,798,-0.00224319265300121,0.9495527316770176,0.0013889319469364567,0.9687514187312396,False,commercial,hug,0.981230126151911
appr_unit_land_mn_m2,kiscon_amt_priv_yoy_pct,765,-0.011930293467964686,0.7418172765115585,-0.001396866024123779,0.9692314296754799,False,valuation,kiscon,0.9815303891050741
round_no,house_idx,211,0.0254407357785982,0.7133115299613003,0.002608083303052711,0.96995907737285,False,site_price,land_house,0.9820812699702006
rtms_fac_n_3m,reactivated,499,0.0723010623588761,0.10671308435608674,0.001609680514712383,0.9713881027640999,False,rtms_fac,exit,0.9833419510563504
ktb_3y,rtms_fac_med_unit,733,-0.044575855948353366,0.2280546992042633,0.0013171323394734432,0.9716019773361277,False,rates,rtms_fac,0.9833722833269496
rtms_land_n,ah_n_pblanc,749,0.206214997557609,1.229647100833506e-08,-0.0012816369862077989,0.9720661061314558,False,rtms_land,applyhome,0.9836558420675425
stcns_after_exit,excess_pp_med,201,-0.002738639787338731,0.969221391434066,-0.002437333391107163,0.9726062655332188,False,exit,excess,0.9836754091436155
spread_BBB_KTB,hug_sago_n,335,0.01749905298846153,0.7496411718313684,0.0018810782398850981,0.9726373458279961,False,rates,hug,0.9836754091436155
rtms_land_n_3m,rtms_apt_n,798,0.0006118769340835353,0.9862309885303021,-0.0012285661966681427,0.9723578373055806,False,rtms_land,rtms_apt,0.9836754091436155
base_rate_chg_12m,rtms_nrg_med_unit,797,-0.031201210243076708,0.37903327125236824,-0.0011424425883701573,0.9743110396256364,False,rates,rtms_nrg,0.9840637497421796
round_no,capret_midlarge,211,0.004209616655436371,0.9515302462378878,-0.0022466368530275247,0.9741207924496214,False,site_price,commercial,0.9840637497421796
cci_civil,rtms_fac_n_yoy_pct,737,0.06346273693026508,0.0851272282801792,0.0011937941175240374,0.9741898909935642,False,cci,rtms_fac,0.9840637497421796
rtms_nrg_n_yoy_pct,kiscon_amt_priv_yoy_pct,797,-0.03974394767920783,0.2624153007754941,0.0011343186755785127,0.9744936515587882,False,rtms_nrg,kiscon,0.9840637497421796
rtms_land_n_yoy_pct,stcns_delay_days,141,-0.00856026342338359,0.9197532766247822,0.002813771964536309,0.9735834100062964,False,rtms_land,hub,0.9840637497421796
cci_plant,capret_office,777,0.07061331836553833,0.04911244991288024,-0.0011667865284510593,0.9740960461743252,False,cci,commercial,0.9840637497421796
months_permit_idle,kiscon_amt_indiv,284,0.0012647673931392954,0.9830699654198998,-0.001999952326127877,0.9732318604072123,False,hub,kiscon,0.9840637497421796
months_permit_idle,ah_rate_med,270,0.006885367720491621,0.910336137911765,-0.0019854649220498915,0.9740946980774381,False,hub,applyhome,0.9840637497421796
cci_nonresi,rtms_nrg_n_3m,798,-0.019969187328540205,0.5732446744377345,0.0011185275411271442,0.9748327953776567,False,cci,rtms_nrg,0.984220346843718
spread_BBB_KTB,rtms_nrg_n_yoy_pct,797,-0.020744807814274152,0.5586860227728284,-0.0010979949839430717,0.9753101634075076,False,rates,rtms_nrg,0.9845164137700478
rtms_nrg_unit_3m,kiscon_amt_priv_yoy_pct,798,-0.04207627455823103,0.23512081052047598,-0.0010842001613712371,0.9756049276311756,False,rtms_nrg,kiscon,0.984628076263476
discount_ratio,kiscon_amt_priv_yoy_pct,499,-0.0033629368935498465,0.9402671192955838,-0.0013349956292208738,0.9762690136180704,False,site_price,kiscon,0.9851123638074774
bank_loan_rate_all,kiscon_cnt_priv,798,-0.022398010693076943,0.5275133464212454,0.0009773721012673942,0.9780079741619315,False,rates,kiscon,0.986680875064877
cci_yoy_pct,excess_pp_med,201,-0.0201608041224252,0.7763529373434948,0.0017912299402045237,0.9798661607683022,False,cci,excess,0.9883690552024358
cd_91d,cci_bldg,798,0.23907780845025783,7.778682160192414e-12,0.0008816191591921937,0.9801620611212718,False,rates,cci,0.9884330863712938
round_no,rtms_nrg_med_unit,211,0.02308376174842362,0.7388598649758107,0.0017101355026114765,0.9802993560925698,False,site_price,rtms_nrg,0.9884330863712938
spread_BBB_KTB,hug_sago_amt_mn,335,0.0747255769763969,0.17241060939186645,0.0012986920641948451,0.9811069570669806,False,rates,hug,0.9890608784760831
cci_yoy_pct,rtms_apt_med_unit,798,-0.03969885768457007,0.26265731465180997,0.0008311296212528018,0.9812979480732315,False,cci,rtms_apt,0.9890669421955831
rtms_land_dae_n,minbid_vs_rtms_all_3m,498,0.049757907775315594,0.2677368450586702,0.000994717745453462,0.9823344774646862,False,rtms_land,valuation,0.9897385436223246
base_rate,rtms_land_dae_n,798,-0.0167055614002344,0.6374930882633487,-0.0007863281057135174,0.9823059006660402,False,rates,rtms_land,0.9897385436223246
discount_ratio,vac_midlarge,499,-0.022868230574492776,0.6103155414671443,-0.0009113668911242754,0.9837981992648945,False,site_price,commercial,0.9910265583024475
discount_ratio,cci_bldg,499,-0.03812613810354334,0.39541042436066226,0.0008802826776620608,0.9843507261472035,False,site_price,cci,0.9911462158179101
corp_bond_AA3y,rtms_land_dae_n,798,-0.0014265240858267504,0.9679061096434477,0.0006900054408612549,0.984473078774812,False,rates,rtms_land,0.9911462158179101
house_idx,rtms_nrg_n_3m,798,-0.10049904312491724,0.004486891404776182,0.0006908601697976359,0.9844538475735214,False,land_house,rtms_nrg,0.9911462158179101
kfb_understated,hug_sago_last_yr,199,-0.017242736642715507,0.8089937292713896,-0.0013143078673318249,0.985300763808971,False,exit,hug,0.9917927680885859
bank_loan_rate_all,rtms_apt_n,798,-0.03241314374398855,0.36048546410834115,0.0006346169773155758,0.9857193249532764,False,rates,rtms_apt,0.99202733493792
discount_ratio,yield_office,491,0.031224782127276484,0.49000568769845126,-0.0007861719320112453,0.9861366493780092,False,site_price,commercial,0.9922605691050461
rtms_nrg_n_3m,exited,798,-0.0011175960711836443,0.9748537468000521,0.0006064047664096059,0.9863541161878148,False,rtms_nrg,exit,0.9922926546107705
cci_bldg,rtms_nrg_n_3m,798,-0.020626662274193044,0.5606819264650532,-0.0005916822593817331,0.9866853846502213,False,cci,rtms_nrg,0.9924391933266993
cd_91d,ah_n_pblanc,749,-0.007009961465159545,0.8481106855450071,-0.000571575762471123,0.9875401962009972,False,rates,applyhome,0.9931121739865962
bldg_area_m2,rtms_nrg_unit_3m,286,-0.008224495894047425,0.8898594498984013,0.0008733269409055871,0.9882678334212855,False,site_price,rtms_nrg,0.993657033716362
spread_BBB_KTB,rtms_land_n,798,0.01559893754885522,0.6599452507242923,-0.0005101388500287861,0.988520218053824,False,rates,rtms_land,0.993723934185711
ap_useapr_day,ah_under_ratio,94,-0.007896804240466584,0.9397857708582628,-0.001455589311035046,0.9888908992392835,False,hub,applyhome,0.9939097064346709
minbid_unit_land_mn_m2,ah_supply_sum,481,-0.012822747461088586,0.7790903733154468,-0.000562701872676359,0.9901791612696823,False,valuation,applyhome,0.9940780692438834
rtms_nrg_n_3m,ap_useapr_day,100,0.08299108700416269,0.41170650484764476,-0.0012781699966153022,0.9899301618297879,False,rtms_nrg,hub,0.9940780692438834
rentidx_office,rtms_land_n_3m,777,0.014212724486018288,0.692431222018012,-0.00044853870750183496,0.9900404552243114,False,commercial,rtms_land,0.9940780692438834
base_rate_chg_12m,hug_sago_n,335,0.004903893055569845,0.9287473101595992,0.0006626134191472439,0.9903598045375288,False,rates,hug,0.9940780692438834
min_bid_mn,ap_useapr_day,71,0.1024183996544468,0.3953735977804399,-0.0015929040317799214,0.9894811457467055,False,site_price,hub,0.9940780692438834
round_no,hug_sago_amt_mn,83,0.0723880558861722,0.5154732625635425,-0.0014276895977791413,0.9897796838595855,False,site_price,hug,0.9940780692438834
min_bid_mn,rtms_fac_n,502,0.11802737255389723,0.008118265787495532,0.0005671792684953661,0.9898861462572749,False,site_price,rtms_fac,0.9940780692438834
cd_91d,ah_under_ratio,745,-0.023180940199083105,0.5275574407456688,-0.00032407898420297156,0.9929541470424535,False,rates,applyhome,0.9952761382521349
reactivated,kiscon_cnt_priv_yoy_pct,499,-0.024869901502932976,0.579411883403441,0.0004096807307361041,0.992716513459972,False,exit,kiscon,0.9952761382521349
nonbank_corp_loan_rate,rtms_land_dae_n,798,-0.008439378947374374,0.81185499485598,-0.0003129730504829583,0.9929569380274007,False,rates,rtms_land,0.9952761382521349
cci_total,ap_pms_day,425,-0.01869483698402357,0.7007542941592648,-0.0004721156827173592,0.9922572505673617,False,cci,hub,0.9952761382521349
minbid_vs_rtms_dae_3m,ap_stcns_day,102,-0.10366432908545742,0.29980499485244166,-0.0009612666101369395,0.9923494678235677,False,valuation,hub,0.9952761382521349
ktb_3y,excess_pp_med,201,-0.035923780669080384,0.6126499059003988,-0.0006852943922164722,0.9922964396829033,False,rates,excess,0.9952761382521349
apt_idx,n_rounds_m,201,-0.05166166712589574,0.466399920213308,0.0006189253261630488,0.9930424906630146,False,land_house,site_price,0.9952761382521349
corp_bond_BBB3y,appr_unit_land_mn_m2,765,-0.009905962030929288,0.7844350297898325,0.0003477952438388896,0.9923373849556896,False,rates,valuation,0.9952761382521349
rtms_fac_n_yoy_pct,minbid_vs_rtms_dae_3m,461,0.0003432833605196738,0.9941351256047566,-0.00038507474901679434,0.9934211498151775,False,rtms_fac,valuation,0.9954690569830873
yield_office,unsold_pct_completed,697,0.054479623013075754,0.15077798676716797,-0.0002782297923233819,0.9941497289040391,False,commercial,unsold,0.9960124790050396
rtms_apt_n_yoy_pct,unsold_pct_completed,697,0.0439364554737014,0.2466873089394984,0.00021023419546503712,0.9955794390492635,False,rtms_apt,unsold,0.9970163605697324
minbid_vs_rtms_all_3m,ap_stcns_day,102,-0.14954634783744916,0.13356790256296844,-0.0005824144755535574,0.9953646332864297,False,valuation,hub,0.9970163605697324
house_idx,exited,798,-0.13452392432623342,0.00013810767517125424,-0.00019058365757836896,0.9957111212721846,False,land_house,exit,0.9970163605697324
unsold_pct_completed,ah_under_ratio,664,0.0015310039129226502,0.9685898953963165,-0.00015149747931427374,0.9968910813494508,False,unsold,applyhome,0.9980109739703265
n_rounds_m,hug_sago_sgg_flag,201,0.029768199363366457,0.6748522842691311,-0.00025975733977226864,0.9970799662458061,False,site_price,hug,0.998013212189503
rtms_nrg_n,ap_useapr_day,100,0.07149737660965427,0.4796347295654155,-0.000339070527701429,0.9973286273962344,False,rtms_nrg,hub,0.9980752705760183
cci_nonresi,stcns_delay_days,141,0.07229199026437305,0.39427300842814317,0.00026240709535868073,0.9975359968748373,False,cci,hub,0.998095990885059
round_no,kiscon_amt_indiv,211,-0.010183526465848546,0.8830930664438323,0.0001221843026320833,0.9985923039037033,False,site_price,kiscon,0.9989659586479143
apt_idx,exited,798,-0.12477704946168033,0.00041070973356729663,-4.0426836456017666e-05,0.9990902336694848,False,land_house,exit,0.9992771192350796
base_rate_chg_12m,rtms_fac_med_unit,733,-0.052779012310801024,0.15343759157114278,-2.3282835649717865e-05,0.9994979048036315,False,rates,rtms_fac,0.9994979048036315
