var1,var2,n,pearson_r,pearson_p,spearman_r,spearman_p,same_block,block1,block2,abs_r,cluster_boot_p,q_fdr,q_cluster_fdr
rtms_land_n,rtms_land_n_yoy_pct,4724,0.2799163073187206,8.987719455707827e-86,0.5449500650218558,0.0,True,rtms_land,rtms_land,0.5449500650218558,,0.0,
land_chg_cum12_pct,rentidx_midlarge,4732,0.6249433094070078,0.0,0.5703334925467712,0.0,False,land_house,commercial,0.5703334925467712,0.0,0.0,0.0
appraisal_mn,appr_unit_land_mn_m2,4548,0.008211755346212324,0.5798194021385075,0.6362826249433423,0.0,False,site_price,valuation,0.6362826249433423,0.0,0.0,0.0
min_bid_mn,discount_ratio,2853,0.18746314497524616,5.619625775476646e-24,0.7974181454423378,0.0,True,site_price,site_price,0.7974181454423378,,0.0,
rtms_apt_med_unit,rtms_apt_unit_3m,4731,0.5141603934693038,1.2080765e-317,0.5665300126956032,0.0,True,rtms_apt,rtms_apt,0.5665300126956032,,0.0,
kiscon_cnt_priv,kiscon_cnt_all,4732,0.7380039423332172,0.0,0.7409643330016658,0.0,True,kiscon,kiscon,0.7409643330016658,,0.0,
rtms_apt_n,rtms_apt_n_yoy_pct,4732,0.5766956732466899,0.0,0.5854609174531761,0.0,True,rtms_apt,rtms_apt,0.5854609174531761,,0.0,
kiscon_cnt_priv,kiscon_cnt_priv_yoy_pct,4732,0.5546976471984293,0.0,0.5621427128987846,0.0,True,kiscon,kiscon,0.5621427128987846,,0.0,
rtms_apt_n,rtms_apt_n_3m,4732,0.5882189381987962,0.0,0.556197974397843,0.0,True,rtms_apt,rtms_apt,0.556197974397843,,0.0,
min_bid_mn,minbid_unit_land_mn_m2,2849,0.30588772234742284,9.012779416833977e-63,0.8694113224664343,0.0,False,site_price,valuation,0.8694113224664343,0.0,0.0,0.0
rtms_nrg_n,rtms_nrg_n_yoy_pct,4716,0.7056054929865705,0.0,0.6700062158171692,0.0,True,rtms_nrg,rtms_nrg,0.6700062158171692,,0.0,
discount_ratio,minbid_unit_land_mn_m2,2829,0.013677504287359862,0.4671057013413764,0.7325572334205113,0.0,False,site_price,valuation,0.7325572334205113,0.0,0.0,0.0
rtms_land_unit_3m,appr_vs_rtms_all_3m,4548,-0.003434722833437459,0.816871383277851,-0.7005101538713089,0.0,False,rtms_land,valuation,0.7005101538713089,0.0,0.0,0.0
rtms_land_dae_unit_3m,minbid_vs_rtms_dae_3m,2850,-0.013944978270902686,0.45677501428120343,-0.6378564965736362,0.0,False,rtms_land,valuation,0.6378564965736362,0.0,0.0,0.0
rtms_land_dae_unit_3m,appr_vs_rtms_dae_3m,4548,-0.01675339489682983,0.2586454116106095,-0.7276020441375912,0.0,False,rtms_land,valuation,0.7276020441375912,0.0,0.0,0.0
appr_vs_rtms_all_3m,minbid_vs_rtms_all_3m,2845,0.9903629457290256,0.0,0.8067857076546701,0.0,True,valuation,valuation,0.8067857076546701,,0.0,
kiscon_cnt_pub,kiscon_amt_pub,4732,0.6868071759812068,0.0,0.5755232221983109,0.0,True,kiscon,kiscon,0.5755232221983109,,0.0,
house_idx,house_idx_yoy_pct,4394,0.7186402165429628,0.0,0.556725086294292,0.0,True,land_house,land_house,0.556725086294292,,0.0,
house_idx,apt_idx_yoy_pct,4394,0.654256428401786,0.0,0.5430016361014905,0.0,True,land_house,land_house,0.5430016361014905,,0.0,
yield_office,yield_midlarge,4636,0.7697630740998382,0.0,0.8136021554951292,0.0,True,commercial,commercial,0.8136021554951292,,0.0,
yield_office,capret_office,4636,0.920130405677675,0.0,0.8847209742278999,0.0,True,commercial,commercial,0.8847209742278999,,0.0,
kiscon_amt_priv,kiscon_amt_priv_yoy_pct,4732,0.3095941380497672,1.2113029157011182e-105,0.5820496918021293,0.0,True,kiscon,kiscon,0.5820496918021293,,0.0,
kiscon_amt_priv,kiscon_amt_all,4732,0.8822055006667049,0.0,0.8610339145952858,0.0,True,kiscon,kiscon,0.8610339145952858,,0.0,
yield_office,capret_midlarge,4636,0.6804168285551628,0.0,0.7171239247371772,0.0,True,commercial,commercial,0.7171239247371772,,0.0,
appr_vs_rtms_dae_3m,minbid_vs_rtms_dae_3m,2845,0.9116668935369102,0.0,0.8417353359214134,0.0,True,valuation,valuation,0.8417353359214134,,0.0,
house_idx,apt_idx,4732,0.9915147457179023,0.0,0.9914566001658093,0.0,True,land_house,land_house,0.9914566001658093,,0.0,
apt_idx,apt_idx_yoy_pct,4394,0.6659252418147534,0.0,0.5483395374869705,0.0,True,land_house,land_house,0.5483395374869705,,0.0,
yield_midlarge,capret_office,4636,0.5663863348755932,0.0,0.6187042743426064,0.0,True,commercial,commercial,0.6187042743426064,,0.0,
yield_midlarge,capret_midlarge,4732,0.7477130644108054,0.0,0.7836743850886106,0.0,True,commercial,commercial,0.7836743850886106,,0.0,
house_idx_yoy_pct,apt_idx_yoy_pct,4394,0.978521445450763,0.0,0.9730621727492782,0.0,True,land_house,land_house,0.9730621727492782,,0.0,
house_idx_yoy_pct,apt_idx,4394,0.7128707166695576,0.0,0.5559896389531132,0.0,True,land_house,land_house,0.5559896389531132,,0.0,
capret_office,capret_midlarge,4636,0.7375418480698526,0.0,0.7502711395405348,0.0,True,commercial,commercial,0.7502711395405348,,0.0,
rtms_fac_n,rtms_fac_n_yoy_pct,3791,0.5449244514816958,3.162380582048881e-292,0.6340736262245549,0.0,True,rtms_fac,rtms_fac,0.6340736262245549,,0.0,
kiscon_amt_pub,kiscon_amt_all,4732,0.5670375441017288,0.0,0.5342497422859745,0.0,True,kiscon,kiscon,0.5342497422859745,,0.0,
kiscon_cnt_pub,kiscon_cnt_all,4732,0.9117032981571155,0.0,0.8437346299089203,0.0,True,kiscon,kiscon,0.8437346299089203,,0.0,
kiscon_cnt_indiv,kiscon_amt_indiv,4732,0.5249320622820743,0.0,0.5038148896439308,4.207966309998187e-303,True,kiscon,kiscon,0.5038148896439308,,2.816999668637675e-301,
rtms_land_unit_3m,minbid_vs_rtms_all_3m,2850,-0.005055935303599537,0.7873168911792008,-0.6150237065938479,3.092025275220693e-296,False,rtms_land,valuation,0.6150237065938479,0.0,2.0139948414275325e-294,0.0
rtms_nrg_n,rtms_nrg_n_3m,4732,0.5683924581821017,0.0,0.4963857468452831,6.43003984995653e-293,True,rtms_nrg,rtms_nrg,0.4963857468452831,,4.077998957472431e-291,
vac_midlarge,rentidx_midlarge,4732,-0.41597015165941553,2.0267852335619108e-197,-0.4927832565341773,4.536188094628379e-288,True,commercial,commercial,0.4927832565341773,,2.803131617449844e-286,
apt_idx,rentidx_midlarge,4732,0.5023924331884848,3.922666815662267e-301,0.48856345899719167,1.830474482992656e-282,False,land_house,commercial,0.48856345899719167,0.0,1.1028608760030753e-280,0.0
unsold_completed,unsold_pct_completed,4041,0.45088821710700777,1.2851906759665728e-201,0.5226149137169659,3.95012885687868e-282,True,unsold,unsold,0.5226149137169659,,2.3219050109945414e-280,
rtms_nrg_med_unit,rtms_nrg_unit_3m,4711,0.5758104843015637,0.0,0.4876093513187983,5.730782117862144e-280,True,rtms_nrg,rtms_nrg,0.4876093513187983,,3.2883773581066115e-278,
ah_n_pblanc,ah_supply_sum,3877,0.5770342978588878,0.0,0.5295175535620871,3.241687104056883e-279,True,applyhome,applyhome,0.5295175535620871,,1.816852539715602e-277,
kiscon_cnt_indiv,kiscon_cnt_all,4732,0.5923586816392981,0.0,0.48277835652517115,6.623877205281438e-275,True,kiscon,kiscon,0.48277835652517115,,3.6280781965291507e-273,
rtms_land_dae_n,rtms_land_dae_n_3m,4732,0.504597004580887,3.4449697510519326e-304,0.4797249663506436,5.652855888561919e-271,True,rtms_land,rtms_land,0.4797249663506436,,3.0274183758742724e-269,
house_idx,rentidx_midlarge,4732,0.4996422682368373,2.3716614496928327e-297,0.4791653038001606,2.9410166723149477e-270,False,land_house,commercial,0.4791653038001606,0.0,1.540836995712831e-268,0.0
rtms_fac_n,rtms_fac_n_3m,4732,0.4342327874197212,6.609567592839212e-217,0.46581706078808033,1.4503853571762565e-253,True,rtms_fac,rtms_fac,0.46581706078808033,,7.437082363393145e-252,
kiscon_amt_all,kiscon_amt_priv_yoy_pct,4732,0.24974829219978112,3.277088949172883e-68,0.46509181906676644,1.1152523942469035e-252,True,kiscon,kiscon,0.46509181906676644,,5.5994963961146615e-251,
land_area_m2,appr_unit_land_mn_m2,4548,-0.2869533516510452,6.131586229873464e-87,-0.46398117554822,1.2435503228066735e-241,False,site_price,valuation,0.46398117554822,0.0,6.116237301967516e-240,0.0
rtms_land_n,rtms_land_dae_n,4732,0.43562903945020626,1.9067004943305436e-218,0.4528014634265138,5.480268703579711e-238,True,rtms_land,rtms_land,0.4528014634265138,,2.6414895151254207e-236,
unsold_total,unsold_pct_completed,4041,-0.3650840675362331,1.1898940822867162e-127,-0.46966992667998153,7.049661520152172e-221,True,unsold,unsold,0.46966992667998153,,3.331310639915046e-219,
rtms_land_n,rtms_land_n_3m,4732,0.5106900147162519,9.37860250665e-313,0.4370365555778328,5.255659726676758e-220,True,rtms_land,rtms_land,0.4370365555778328,,2.435796142555959e-218,
rtms_land_n_3m,rtms_land_dae_n_3m,4732,0.394827412170619,2.5288636425417906e-176,0.43403021699358535,1.1040328150964417e-216,True,rtms_land,rtms_land,0.43403021699358535,,5.020224687514009e-215,
land_chg_cum12_pct,rentidx_office,4636,0.43408310516936954,2.1957021808592075e-212,0.4241540734542828,7.28112018667217e-202,False,land_house,commercial,0.4241540734542828,0.0,3.249536972199987e-200,0.0
rtms_land_med_unit,rtms_land_unit_3m,4723,0.4199378794460453,3.586299563104148e-201,0.4186638121393587,7.672208054657645e-200,True,rtms_land,rtms_land,0.4186638121393587,,3.361822074859078e-198,
rentidx_office,rentidx_midlarge,4636,0.5518097159621075,0.0,0.418456502208802,5.514922218637295e-196,True,commercial,commercial,0.418456502208802,,2.3733861690921215e-194,
kiscon_cnt_all,kiscon_amt_pub,4732,0.5266984255997658,0.0,0.4018042250747358,4.0748918379161445e-183,True,kiscon,kiscon,0.4018042250747358,,1.722892864803142e-181,
rtms_land_dae_med_unit,rtms_land_dae_unit_3m,4666,0.32679576101532026,1.4791940766828437e-116,0.4024575979414286,3.1701876729926654e-181,True,rtms_land,rtms_land,0.4024575979414286,,1.3172676365366074e-179,
vac_office,rentidx_office,4636,0.3672163178188933,5.5814931285854994e-148,0.40359171570811336,3.581940171814257e-181,True,commercial,commercial,0.40359171570811336,,1.4631314939105694e-179,
kiscon_cnt_pub,kiscon_cnt_priv,4732,0.42303423345380997,8.16294217928294e-205,0.3959542191595443,2.074375359298809e-177,True,kiscon,kiscon,0.3959542191595443,,8.332074359850217e-176,
ah_under_ratio,ah_rate_med,3478,-0.04367165092982506,0.010000270700252402,-0.4476166589566663,5.128488441793489e-171,True,applyhome,applyhome,0.4476166589566663,,2.026173302413493e-169,
rtms_fac_med_unit,rtms_fac_unit_3m,3740,0.8725580466327967,0.0,0.4309976796035705,4.763259437434641e-169,True,rtms_fac,rtms_fac,0.4309976796035705,,1.851525039389917e-167,
kiscon_cnt_all,kiscon_cnt_priv_yoy_pct,4732,0.33792560908659774,9.797492926111064e-127,0.3806505277893694,5.124135966072108e-163,True,kiscon,kiscon,0.3806505277893694,,1.9601853457513935e-161,
kiscon_cnt_indiv,kiscon_cnt_priv,4732,0.4445153551907063,2.0349823427900123e-228,0.3732759286208064,2.369924961971008e-156,True,kiscon,kiscon,0.3732759286208064,,8.924248684922077e-155,
rtms_nrg_n_3m,rtms_nrg_n_yoy_pct,4716,0.38945344347939953,1.2495072206443665e-170,0.372929060695204,1.6032310105251955e-155,True,rtms_nrg,rtms_nrg,0.372929060695204,,5.9442872851780326e-154,
kiscon_cnt_pub,kiscon_amt_all,4732,0.3895577078681828,2.6671408908950456e-171,0.36964928905536854,3.8842575949115104e-153,True,kiscon,kiscon,0.36964928905536854,,1.4183425460207183e-151,
land_chg_pct,land_chg_cum12_pct,4732,0.4695096045425237,4.1462935099140744e-258,0.36197815384254556,1.7933156402825296e-146,True,land_house,land_house,0.36197815384254556,,6.450583124001338e-145,
land_chg_cum12_pct,apt_idx,4732,0.4865655766493321,7.75111150972674e-280,0.344786567495441,3.441633370780895e-132,True,land_house,land_house,0.344786567495441,,1.2197553564091112e-130,
land_chg_cum12_pct,house_idx,4732,0.4835670540093304,6.297672365437625e-276,0.3385553512395943,3.134922559741098e-127,True,land_house,land_house,0.3385553512395943,,1.0949512128950792e-125,
house_idx,rentidx_office,4636,0.4833804981385741,3.9198655297725335e-270,0.33812782022307675,2.3319875714222824e-124,False,land_house,commercial,0.33812782022307675,1.1102230246251565e-15,8.028700067325286e-123,7.730819043032053e-15
rtms_land_dae_n,rtms_land_n_yoy_pct,4724,0.3804430886818599,1.4840367254166343e-162,0.33501879452380323,2.9355476777766203e-124,True,rtms_land,rtms_land,0.33501879452380323,,9.964323807664303e-123,
apt_idx,rentidx_office,4636,0.4602530329367307,7.417526213146249e-242,0.33393103954178477,3.7372513719416243e-121,False,land_house,commercial,0.33393103954178477,4.618527782440651e-14,1.2509410842193493e-119,2.804370069497963e-13
rentidx_midlarge,kiscon_cnt_priv_yoy_pct,4732,0.26530768167473073,4.708908699973266e-77,0.32905729055678906,6.892538000368811e-120,False,commercial,kiscon,0.32905729055678906,0.0,2.2754817234094295e-118,0.0
land_chg_cum12_pct,vac_midlarge,4732,-0.30494062678334943,2.154336600932528e-102,-0.3143102555307458,5.354539233432797e-109,False,land_house,commercial,0.3143102555307458,0.0,1.7438431827801406e-107,0.0
rtms_land_n_3m,rtms_land_n_yoy_pct,4724,0.1800812343651449,1.0083505753659205e-35,0.30241790783618405,1.7278006353816185e-100,True,rtms_land,rtms_land,0.30241790783618405,,5.551999375026267e-99,
rtms_land_med_unit,appr_vs_rtms_all_3m,4539,-0.0025466664116084144,0.8638091749307388,-0.3072277385738963,8.081771786719006e-100,False,rtms_land,valuation,0.3072277385738963,0.0,2.5627723692095798e-98,0.0
kiscon_cnt_indiv,kiscon_cnt_priv_yoy_pct,4732,0.24053908179981953,2.9233253916535107e-63,0.2973196244497214,3.3783369409102125e-97,True,kiscon,kiscon,0.2973196244497214,,1.0573755879991704e-95,
rtms_land_dae_med_unit,appr_vs_rtms_dae_3m,4486,0.0006463908080845977,0.9654770189318005,-0.3043602924473886,8.686531278370996e-97,False,rtms_land,valuation,0.3043602924473886,0.0,2.6839154334453973e-95,0.0
rentidx_midlarge,kiscon_cnt_indiv,4732,0.26421435239741975,2.0614052791249352e-76,0.29599915548568084,2.5880689763709104e-96,False,commercial,kiscon,0.29599915548568084,0.0,7.895248396270751e-95,0.0
rtms_fac_n_3m,rtms_fac_n_yoy_pct,3791,0.2902200012231966,1.799513603988142e-74,0.32851217649817066,4.314490529046357e-96,True,rtms_fac,rtms_fac,0.32851217649817066,,1.299740271875215e-94,
kiscon_cnt_pub,kiscon_cnt_indiv,4732,0.39246978188009374,4.58766917253922e-174,0.291904542366935,1.3345919323946816e-93,True,kiscon,kiscon,0.291904542366935,,3.9708229099644234e-92,
vac_midlarge,rtms_apt_n_3m,4732,0.27913107568438456,2.0037854998569714e-85,0.2903706025642668,1.3488755490541947e-92,False,commercial,rtms_apt,0.2903706025642668,0.0,3.964378138073914e-91,0.0
rtms_land_n,kiscon_cnt_pub,4732,0.24180091816486288,6.307885752453763e-64,0.28992723779319024,2.625317602109801e-92,False,rtms_land,kiscon,0.28992723779319024,0.0,7.622910145885084e-91,0.0
rtms_land_unit_3m,rtms_land_dae_n_3m,4732,0.21087564168369743,1.0421162337002768e-48,0.2897113847914685,3.6290735629953075e-92,True,rtms_land,rtms_land,0.2897113847914685,,1.0411984865260346e-90,
kiscon_cnt_all,kiscon_amt_all,4732,0.29437471109240654,3.1217914878312535e-95,0.28567914194441807,1.458496700313213e-89,True,kiscon,kiscon,0.28567914194441807,,4.135267115005698e-88,
rentidx_midlarge,rtms_apt_n_3m,4732,-0.2637854176524096,3.6720472364469817e-76,-0.28203890232367096,3.006959230144676e-87,False,commercial,rtms_apt,0.28203890232367096,0.0,8.42647877284729e-86,0.0
rtms_apt_n_3m,rtms_apt_unit_3m,4732,0.16948336449005372,7.88948852921289e-32,0.28097051618055724,1.4149988617548212e-86,True,rtms_apt,rtms_apt,0.28097051618055724,,3.919709490608183e-85,
yield_office,ah_supply_sum,3857,-0.43565344980435194,1.9368359505235468e-178,-0.30558034437349557,3.6353622206236266e-84,False,commercial,applyhome,0.30558034437349557,0.0,9.955935172389704e-83,0.0
vac_midlarge,kiscon_cnt_priv_yoy_pct,4732,-0.30592879438261755,4.4475323345779933e-103,-0.27349949638864246,5.90828092335098e-82,False,commercial,kiscon,0.27349949638864246,0.0,1.5998828118287485e-80,0.0
rtms_apt_n_3m,rtms_apt_n_yoy_pct,4732,0.2651354259038587,5.944979620193966e-77,0.27295283603582465,1.2702793505846958e-81,True,rtms_apt,rtms_apt,0.27295283603582465,,3.4015258165656856e-80,
yield_office,kiscon_amt_pub,4636,0.3729112810099372,6.693168552262856e-153,0.2690014608795677,1.1331293581061508e-77,False,commercial,kiscon,0.2690014608795677,0.0,3.00092500333607e-76,0.0
appr_vs_rtms_dae_3m,appr_vs_rtms_all_3m,4548,0.6858280204807389,0.0,0.2693361362766351,2.002060166542439e-76,True,valuation,valuation,0.2693361362766351,,5.244527175399215e-75,
rtms_land_n,kiscon_cnt_all,4732,0.25550042851719557,2.0754210194632273e-71,0.26394729698033637,2.9534679809251696e-76,False,rtms_land,kiscon,0.26394729698033637,0.0,7.653610574225439e-75,0.0
vac_midlarge,rtms_apt_unit_3m,4732,0.19502398149640804,8.799821404365223e-42,0.2623512402445384,2.5113822640117067e-75,False,commercial,rtms_apt,0.2623512402445384,0.0,6.438756655604482e-74,0.0
kiscon_amt_indiv,kiscon_amt_all,4732,0.30892899843508326,3.559813734605976e-105,0.26054789803184886,2.7699992008047164e-74,True,kiscon,kiscon,0.26054789803184886,,7.027050604146702e-73,
rtms_land_unit_3m,rtms_land_dae_unit_3m,4732,0.4641537423770389,1.5490709388662891e-251,0.2591703524815398,1.7114385686987776e-73,True,rtms_land,rtms_land,0.2591703524815398,,4.2964239068375565e-72,
minbid_vs_rtms_dae_3m,minbid_vs_rtms_all_3m,2850,0.7742728679301167,0.0,0.3296939478070114,3.09486754961883e-73,True,valuation,valuation,0.3296939478070114,,7.689310097506577e-72,
rtms_land_med_unit,rtms_land_dae_med_unit,4666,0.6454928138809034,0.0,0.25940741717475957,1.2561026036162893e-72,True,rtms_land,rtms_land,0.25940741717475957,,3.0889870150155686e-71,
land_chg_cum12_pct,kiscon_cnt_priv_yoy_pct,4732,0.21053079382939527,1.495598341615276e-48,0.25761681961832633,1.3169240031224052e-72,False,land_house,kiscon,0.25761681961832633,0.0,3.2058453005302994e-71,0.0
vac_office,rentidx_midlarge,4636,-0.32041899707207777,3.585028151696451e-111,-0.2577722483611542,2.9438431332553314e-71,True,commercial,commercial,0.2577722483611542,,7.094661951145349e-70,
capret_office,rtms_apt_n_3m,4636,-0.25953820157796914,3.02546111920745e-72,-0.2521289570337057,3.761166524318941e-68,False,commercial,rtms_apt,0.2521289570337057,0.0,8.974664676840247e-67,0.0
capret_office,rtms_land_n_3m,4636,-0.24800915006601137,6.224691120470581e-66,-0.2480704935068474,5.77273906489706e-66,False,commercial,rtms_land,0.2480704935068474,0.0,1.3639510927845014e-64,0.0
rentidx_midlarge,rtms_apt_unit_3m,4732,-0.004737277783366748,0.7445825897987941,-0.24419176108614252,3.3675964843762657e-65,False,commercial,rtms_apt,0.24419176108614252,1.219024881038422e-13,7.879521871210485e-64,7.172402207040018e-13
capret_midlarge,kiscon_cnt_indiv,4732,-0.17660590389072303,1.8593940490469199e-34,-0.24364132862307442,6.630369052527609e-65,False,commercial,kiscon,0.24364132862307442,0.0,1.5364605208261095e-63,0.0
yield_office,rtms_land_n_3m,4636,-0.22820723085083588,7.770834995996614e-56,-0.24257606796152897,4.544412610476933e-63,False,commercial,rtms_land,0.24257606796152897,0.0,1.0430508944047056e-61,0.0
yield_midlarge,kiscon_cnt_indiv,4732,-0.15694069979866565,1.7799257502775384e-27,-0.2397873314746152,7.257730403965003e-63,False,commercial,kiscon,0.2397873314746152,0.0,1.650106629580722e-61,0.0
rtms_land_dae_n_3m,appr_vs_rtms_all_3m,4548,0.01855723792792291,0.21084593614223718,-0.2401411499133099,1.1399378815494609e-60,False,rtms_land,valuation,0.2401411499133099,0.0,2.5675236397515893e-59,0.0
yield_midlarge,kiscon_amt_pub,4732,0.23044718071479225,4.4991072085462764e-58,0.2314937171031239,1.3385957876796228e-58,False,commercial,kiscon,0.2314937171031239,0.0,2.987051711396195e-57,0.0
capret_office,ah_supply_sum,3857,-0.38506755525123415,1.488725806040427e-136,-0.25300054733928007,2.1382018371996305e-57,False,commercial,applyhome,0.25300054733928007,0.0,4.727583878579e-56,0.0
ah_supply_sum,ah_under_ratio,3825,0.19756665568765142,5.752440875691249e-35,0.25282790459996457,7.40020603117093e-57,True,applyhome,applyhome,0.25282790459996457,,1.6213178668292674e-55,
land_chg_pct,rtms_land_n,4732,0.14261282137069767,6.32322086332721e-23,0.22372040061023174,9.428420415044355e-55,False,land_house,rtms_land,0.22372040061023174,0.0,2.047071459482603e-53,0.0
land_chg_pct,house_idx,4732,0.3648548766956228,5.968362435856839e-149,0.22291891949088724,2.306535745033872e-54,True,land_house,land_house,0.22291891949088724,,4.963170665653242e-53,
ah_rate_med,kiscon_amt_indiv,3478,0.01239048616872955,0.4650913492449942,0.25831594875457875,3.9129773926462544e-54,False,applyhome,kiscon,0.25831594875457875,0.0,8.34537656307741e-53,0.0
vac_midlarge,ah_n_pblanc,3877,0.2948579353218541,1.2685697384236843e-78,0.24472625889617025,5.62586592459866e-54,False,commercial,applyhome,0.24472625889617025,0.0,1.189327796340594e-52,0.0
capret_office,kiscon_amt_pub,4636,0.328520434867386,4.2737959770178586e-117,0.22412223130130784,7.208128122143288e-54,False,commercial,kiscon,0.22412223130130784,0.0,1.5105729369013328e-52,0.0
rtms_land_med_unit,rtms_land_dae_n,4723,0.13132732993270585,1.2780492221680871e-19,0.22177973790472555,1.0269145518628678e-53,True,rtms_land,rtms_land,0.22177973790472555,,2.1335035086116478e-52,
minbid_unit_land_mn_m2,minbid_vs_rtms_all_3m,2850,0.8697921214709083,0.0,0.2831036920560283,1.1363885836223053e-53,True,valuation,valuation,0.2831036920560283,,2.34076622780321e-52,
vac_office,vac_midlarge,4636,0.23070078103072844,4.680762716295225e-57,0.21945718140490356,1.1399738910924718e-51,True,commercial,commercial,0.21945718140490356,,2.328251760621065e-50,
rtms_land_dae_med_unit,minbid_vs_rtms_dae_3m,2801,0.003719458434686423,0.8440128523640525,-0.2796742673897036,1.6878655965626306e-51,False,rtms_land,valuation,0.2796742673897036,0.0,3.41828242665205e-50,0.0
land_chg_pct,apt_idx,4732,0.3642705646555264,1.9107601892741583e-148,0.21556225503479917,7.210314470974091e-51,True,land_house,land_house,0.21556225503479917,,1.4480714895872969e-49,
rtms_nrg_n_3m,rtms_nrg_unit_3m,4730,0.3585242285669974,1.7983514547702517e-143,0.21111936699399397,8.44794300850301e-49,True,rtms_nrg,rtms_nrg,0.21111936699399397,,1.6826068306191945e-47,
ah_supply_sum,ah_rate_med,3478,-0.02668870324502086,0.1155639149807035,-0.2443588068576433,1.859732425352338e-48,True,applyhome,applyhome,0.2443588068576433,,3.673733725491094e-47,
land_area_m2,minbid_unit_land_mn_m2,2850,-0.17529893574292948,4.204428417601431e-21,-0.26791152741399715,4.8070495052997824e-48,False,site_price,valuation,0.26791152741399715,1.0252324766923948e-08,9.418690494123964e-47,3.7774342223763474e-08
yield_midlarge,ah_supply_sum,3877,-0.21050580752540043,4.405796402338782e-40,-0.2304842569769317,6.485660726032535e-48,False,commercial,applyhome,0.2304842569769317,0.0,1.2605195443337427e-46,0.0
yield_midlarge,kiscon_cnt_priv,4732,-0.2794510464559397,1.2654666767526796e-85,-0.20819756485792126,1.6946683519380247e-47,False,commercial,kiscon,0.20819756485792126,0.0,3.2673205825365117e-46,0.0
appr_unit_land_mn_m2,minbid_unit_land_mn_m2,2845,0.7451530167855579,0.0,0.2665840618812708,1.7257477423660717e-47,True,valuation,valuation,0.2665840618812708,,3.3008349675414545e-46,
capret_midlarge,rtms_land_n_3m,4732,-0.18449512019572784,1.682506023093217e-37,-0.20610309079109274,1.4610264302439672e-46,False,commercial,rtms_land,0.20610309079109274,0.0,2.7724989739275282e-45,0.0
kiscon_amt_pub,kiscon_amt_priv,4732,0.12147946016982125,5.056265980017754e-17,0.2060740957868096,1.5050055012484051e-46,True,kiscon,kiscon,0.2060740957868096,,2.833643170319263e-45,
land_chg_pct,rentidx_midlarge,4732,0.3084483248865458,7.744702121498613e-105,0.2059323004840814,1.7397927795256605e-46,False,land_house,commercial,0.2059323004840814,5.117404278109916e-10,3.250310541594451e-45,2.2194913411916723e-09
minbid_unit_land_mn_m2,minbid_vs_rtms_dae_3m,2850,0.8648276759526501,0.0,0.2627586663314918,3.2315591071246425e-46,True,valuation,valuation,0.2627586663314918,,5.99081342166953e-45,
kiscon_cnt_all,kiscon_amt_indiv,4732,0.24351934171105177,7.702676470459244e-65,0.20321447122206893,2.7430417587235565e-45,True,kiscon,kiscon,0.20321447122206893,,5.04635926604868e-44,
apt_idx,unsold_completed,4377,-0.1405611147332444,9.352635138756797e-21,-0.2104879397234714,5.063045198201926e-45,False,land_house,unsold,0.2104879397234714,4.818822540997303e-08,9.243893127020183e-44,1.6401283895143288e-07
yield_midlarge,kiscon_cnt_priv_yoy_pct,4732,-0.1569157265783513,1.814360513627677e-27,-0.20054536703084294,3.9612853084911393e-44,False,commercial,kiscon,0.20054536703084294,0.0,7.1779681153862e-43,0.0
rtms_land_n,kiscon_cnt_indiv,4732,0.20951285824112964,4.328456029713665e-48,0.20030269963573785,5.040194987122852e-44,False,rtms_land,kiscon,0.20030269963573785,0.0,9.064828297735876e-43,0.0
vac_midlarge,capret_midlarge,4732,0.27353656214193506,5.609093420926037e-82,0.19998288901928693,6.920006654230795e-44,True,commercial,commercial,0.19998288901928693,,1.2353493360515714e-42,
yield_midlarge,rtms_land_n_3m,4732,-0.17862478166070384,3.1907746540108114e-35,-0.19863650675543043,2.6124961872785567e-43,False,commercial,rtms_land,0.19863650675543043,0.0,4.6294969201039127e-42,0.0
yield_midlarge,rtms_apt_n_yoy_pct,4732,0.20022453781134011,5.446444528257323e-44,0.1985473741755589,2.851695396317583e-43,False,commercial,rtms_apt,0.1985473741755589,0.0,5.01648606213531e-42,0.0
yield_office,rtms_apt_n_3m,4636,-0.23972386480311791,1.3560551032803207e-61,-0.20046855744789052,3.0933296896649587e-43,False,commercial,rtms_apt,0.20046855744789052,2.220446049250313e-15,5.402119240646776e-42,1.4914323463548562e-14
rtms_apt_n,rtms_apt_med_unit,4731,0.09202127670816289,2.2795705676076875e-10,0.19842655447660537,3.2765405552086284e-43,True,rtms_apt,rtms_apt,0.19842655447660537,,5.6809084446422976e-42,
capret_midlarge,kiscon_amt_pub,4732,0.16068835530591366,9.6838390220385e-29,0.19834853137443526,3.4666977468826315e-43,False,commercial,kiscon,0.19834853137443526,0.0,5.967672549990816e-42,0.0
yield_office,kiscon_cnt_indiv,4636,-0.1828195400490636,3.954891441657321e-36,-0.2003073433544757,3.618320875652606e-43,False,commercial,kiscon,0.2003073433544757,0.0,6.184505893845942e-42,0.0
rtms_land_med_unit,minbid_vs_rtms_all_3m,2842,-0.003460472317593425,0.8537007680179959,-0.2533125796629141,7.4280809636108e-43,False,rtms_land,valuation,0.2533125796629141,0.0,1.260681346640988e-41,0.0
rentidx_midlarge,unsold_pct_completed,4041,-0.12073411836261938,1.3528090791020499e-14,-0.21208055711031706,2.552033569711183e-42,False,commercial,unsold,0.21208055711031706,2.1749746470511866e-07,4.3009796524503155e-41,6.710592508584758e-07
rtms_land_n,rtms_land_dae_n_3m,4732,0.1881518511766859,5.8557815500212725e-39,0.19561022898952493,4.9961945650894644e-42,True,rtms_land,rtms_land,0.19561022898952493,,8.361686737406673e-41,
rtms_land_dae_n,kiscon_cnt_pub,4732,0.09486810379635724,6.194799597239093e-11,0.19538808482299014,6.192772216418353e-42,False,rtms_land,kiscon,0.19538808482299014,0.0,1.0292814511426366e-40,0.0
house_idx,unsold_completed,4377,-0.11306671045573172,6.270737188919081e-14,-0.202601111435406,8.993531811472446e-42,False,land_house,unsold,0.202601111435406,1.8749529839823253e-07,1.4845487442225065e-40,5.95434859766772e-07
vac_midlarge,kiscon_amt_priv,4732,0.18534356387592715,7.767546197759619e-38,0.19072894729214274,5.266626856121702e-40,False,commercial,kiscon,0.19072894729214274,0.0,8.634401852553267e-39,0.0
min_bid_mn,minbid_vs_rtms_all_3m,2849,0.014223040425462399,0.44792758365087243,0.24422186669520857,5.833526029171277e-40,False,site_price,valuation,0.24422186669520857,3.4661162828797387e-13,9.499187655609986e-39,1.963270342317703e-12
land_chg_cum12_pct,kiscon_cnt_indiv,4732,0.17398791087247825,1.7717094048262603e-33,0.1898886864994788,1.1594702429513161e-39,False,land_house,kiscon,0.1898886864994788,2.220446049250313e-16,1.875384755377632e-38,1.6522730895892036e-15
rtms_apt_med_unit,rtms_apt_n_3m,4731,0.15457286804488948,1.0930340485109127e-26,0.18573978621219292,5.50345359089389e-38,True,rtms_apt,rtms_apt,0.18573978621219292,,8.842215436036183e-37,
capret_office,kiscon_cnt_indiv,4636,-0.21927890151512736,1.3801659733987614e-51,-0.1874397183476847,6.367285493457637e-38,False,commercial,kiscon,0.1874397183476847,0.0,1.0162356317372786e-36,0.0
vac_office,yield_midlarge,4636,-0.26361338307878984,1.4832235176241311e-74,-0.18723605691076656,7.655936910206156e-38,True,commercial,commercial,0.18723605691076656,,1.2138689443155815e-36,
yield_office,kiscon_cnt_priv,4636,-0.23775808055932546,1.3722028650484748e-60,-0.18607471686814403,2.1810763134727214e-37,False,commercial,kiscon,0.18607471686814403,0.0,3.4355515787380775e-36,0.0
rtms_land_n_3m,rtms_land_dae_n,4732,0.17940761938462374,1.6018117164386128e-35,0.18355945999610074,3.92866910818782e-37,True,rtms_land,rtms_land,0.18355945999610074,,6.14811204593029e-36,
yield_midlarge,kiscon_cnt_all,4732,-0.15178098160719117,8.723990537677626e-26,-0.18306625220241352,6.1317128287311565e-37,False,commercial,kiscon,0.18306625220241352,0.0,9.533824462736831e-36,0.0
rtms_apt_n,rtms_apt_unit_3m,4732,0.11039370492792465,2.632632854049872e-14,0.18261087886745098,9.238446372432624e-37,True,rtms_apt,rtms_apt,0.18261087886745098,,1.427221522920681e-35,
vac_midlarge,ah_rate_med,3478,-0.060767466620029416,0.00033609670471903684,-0.2117520913984146,1.4998936032725095e-36,False,commercial,applyhome,0.2117520913984146,0.0,2.302384448335508e-35,0.0
land_chg_cum12_pct,capret_midlarge,4732,-0.08120348894484652,2.2226345726127012e-08,-0.18135814248893567,2.8373274406450565e-36,False,land_house,commercial,0.18135814248893567,5.855780165209268e-07,4.327822235414295e-35,1.70677144065699e-06
kiscon_cnt_pub,kiscon_amt_priv,4732,0.07137365254907066,8.89040897910668e-07,0.17969168116164078,1.2464404927062942e-35,True,kiscon,kiscon,0.17969168116164078,,1.8892588600139428e-34,
ah_n_pblanc,kiscon_cnt_all,3877,0.3029688262863436,4.084056057206462e-83,0.1975619992311843,2.0370494486882028e-35,False,applyhome,kiscon,0.1975619992311843,1.554312234475219e-14,3.0683057320866055e-34,9.913638537535222e-14
capret_midlarge,kiscon_cnt_priv_yoy_pct,4732,-0.14286861348046775,5.291906779210258e-23,-0.1775515249139404,8.165271473046373e-35,False,commercial,kiscon,0.1775515249139404,0.0,1.2222549223628422e-33,0.0
ah_rate_med,kiscon_cnt_priv_yoy_pct,3478,0.027852058245889173,0.1005296453108312,0.2040718776961177,5.145211271601779e-34,False,applyhome,kiscon,0.2040718776961177,0.0,7.654295780592771e-33,0.0
min_bid_mn,minbid_vs_rtms_dae_3m,2849,0.012968666935181901,0.48897424967941394,0.224284146858788,8.18790962716832e-34,False,site_price,valuation,0.224284146858788,3.9250824812597784e-12,1.210605043035316e-32,2.0545776574318428e-11
appr_vs_rtms_dae_3m,minbid_vs_rtms_all_3m,2845,0.7302116412923292,0.0,0.2242194254483396,9.490682240617542e-34,True,valuation,valuation,0.2242194254483396,,1.3946673292614805e-32,
vac_office,yield_office,4636,-0.330639212992768,1.1256880836455669e-118,-0.17507374855923516,3.1444115612135746e-33,True,commercial,commercial,0.17507374855923516,,4.5927465833483113e-32,
rentidx_office,ah_under_ratio,3811,0.0850087201959212,1.474926851399943e-07,0.19273015125600707,3.276742310490352e-33,False,commercial,applyhome,0.19273015125600707,5.10702591327572e-15,4.757198173663703e-32,3.4002040948914667e-14
land_chg_cum12_pct,rtms_apt_n_3m,4732,-0.2180344353967007,4.986064260575917e-52,-0.17317773517351756,3.533916338193379e-33,False,land_house,rtms_apt,0.17317773517351756,3.17605941546617e-11,5.099843338350924e-32,1.596443110158161e-10
appr_unit_land_mn_m2,appr_vs_rtms_all_3m,4548,0.7136993917024843,0.0,0.17567433876205704,7.594535763336759e-33,True,valuation,valuation,0.17567433876205704,,1.089454237478666e-31,
rtms_apt_unit_3m,kiscon_cnt_indiv,4732,-0.07186293790967174,7.478349959739595e-07,-0.17221603582136238,7.98543039350345e-33,False,rtms_apt,kiscon,0.17221603582136238,4.440892098500626e-16,1.1387507247540421e-31,3.210130574059024e-15
rtms_land_dae_n_3m,rtms_land_n_yoy_pct,4724,0.18809942538030516,7.106383772508863e-39,0.1713762317857222,1.8277813025084018e-32,True,rtms_land,rtms_land,0.1713762317857222,,2.5911487876736757e-31,
rentidx_midlarge,rtms_land_n_3m,4732,0.11945599853507183,1.6559199590288301e-16,0.17110681874170877,2.032750391861601e-32,False,commercial,rtms_land,0.17110681874170877,5.7941871300926096e-09,2.8648704353137186e-31,2.2099437345428597e-08
rentidx_midlarge,rtms_apt_med_unit,4731,-0.014878910212868753,0.30621738215503314,-0.17015723387238293,4.567905425798968e-32,False,commercial,rtms_apt,0.17015723387238293,1.7255197271026645e-10,6.400379114055531e-31,7.918591043920296e-10
discount_ratio,minbid_vs_rtms_all_3m,2829,-0.005831591496777432,0.7565318649045156,0.21634089962796466,2.5851137405250164e-31,False,site_price,valuation,0.21634089962796466,4.000533238013304e-11,3.6012278119452546e-30,1.971691381592271e-10
vac_midlarge,rtms_apt_med_unit,4731,0.0744219769248976,2.980640223728441e-07,0.16750680409051572,4.096597343934795e-31,False,commercial,rtms_apt,0.16750680409051572,0.0,5.674022757978653e-30,0.0
rentidx_midlarge,rtms_land_dae_n_3m,4732,0.09870035060972855,1.0148768644872345e-11,0.16704639067293323,5.890313436852434e-31,False,commercial,rtms_land,0.16704639067293323,1.1218070916640954e-10,8.111803075893923e-30,5.223629340938948e-10
min_bid_mn,rentidx_midlarge,2873,0.0006753119857707893,0.9711378551746674,0.21325455328259774,6.666757190780182e-31,False,site_price,commercial,0.21325455328259774,1.3192721581845035e-08,9.128911835102408e-30,4.8373312466765135e-08
kiscon_cnt_priv,kiscon_amt_pub,4732,0.12476268718494253,7.069416539836013e-18,0.16687258077850528,6.790549073552556e-31,True,kiscon,kiscon,0.16687258077850528,,9.24588885156026e-30,
vac_midlarge,ah_supply_sum,3877,0.2475960721437869,3.017336278585491e-55,0.18376254870941683,8.610498306430755e-31,False,commercial,applyhome,0.18376254870941683,0.0,1.1658034223875348e-29,0.0
rtms_land_unit_3m,appr_vs_rtms_dae_3m,4548,-0.0010142399136575512,0.9454828232654449,-0.1691945074994298,1.479778074178399e-30,False,rtms_land,valuation,0.1691945074994298,1.9984014443252818e-15,1.9923269043407495e-29,1.3542738359311508e-14
yield_midlarge,rtms_apt_n,4732,0.1397489790275645,4.539653805760064e-22,0.16558313754010193,1.9410608279475567e-30,False,commercial,rtms_apt,0.16558313754010193,0.0,2.598864775196451e-29,0.0
capret_midlarge,ah_supply_sum,3877,-0.12595071509908287,3.5118318733839997e-15,-0.18058303229381178,8.92737770508321e-30,False,commercial,applyhome,0.18058303229381178,2.76489942052649e-12,1.1886729430525157e-28,1.4778582113940887e-11
rtms_land_dae_n,kiscon_cnt_all,4732,0.08198697589003434,1.624519408223961e-08,0.16291444019647203,1.661037535870642e-29,False,rtms_land,kiscon,0.16291444019647203,0.0,2.1995057480484878e-28,0.0
rtms_land_dae_n,rtms_nrg_n,4732,0.07197399687769143,7.189332283800966e-07,0.16288032955064163,1.7068463963597997e-29,False,rtms_land,rtms_nrg,0.16288032955064163,0.0,2.247814106681485e-28,0.0
land_chg_pct,kiscon_cnt_indiv,4732,0.16197367978666788,3.509870111726267e-29,0.16281345829222138,1.8003185255910984e-29,False,land_house,kiscon,0.16281345829222138,6.661338147750939e-16,2.358025894931819e-28,4.769769485040531e-15
min_bid_mn,vac_midlarge,2873,-0.006634980820921239,0.7222250843722285,-0.20668559104162088,4.329221865751365e-29,False,site_price,commercial,0.20668559104162088,1.7257004714110735e-09,5.63968902511394e-28,6.967056690430876e-09
rtms_land_med_unit,rtms_land_dae_n_3m,4723,0.12203767978639607,3.8895367595616625e-17,0.16098683556350193,8.624701019656254e-29,True,rtms_land,rtms_land,0.16098683556350193,,1.1175015837296543e-27,
land_chg_pct,kiscon_cnt_pub,4732,0.09726164314124983,2.0179825567338658e-11,0.16043966129067116,1.1773557858327095e-28,False,land_house,kiscon,0.16043966129067116,0.0,1.5173408790678235e-27,0.0
kiscon_cnt_all,kiscon_amt_priv,4732,0.040309641107711125,0.005549503713049854,0.16020594773173324,1.4142688284334359e-28,True,kiscon,kiscon,0.16020594773173324,,1.8129722747471174e-27,
rentidx_midlarge,kiscon_amt_priv,4732,-0.1746674027100867,9.902974497010433e-34,-0.1599960744942495,1.666984107575504e-28,False,commercial,kiscon,0.1599960744942495,0.0,2.1256252377020976e-27,0.0
rtms_apt_n_3m,kiscon_amt_priv,4732,0.19546003476607093,5.776918926453393e-42,0.15947484215900623,2.505166303821676e-28,False,rtms_apt,kiscon,0.15947484215900623,0.0,3.1776056801106523e-27,0.0
minbid_vs_rtms_dae_3m,appr_vs_rtms_all_3m,2845,0.7209410180651539,0.0,0.20363517045386362,5.211560274414485e-28,True,valuation,valuation,0.20363517045386362,,6.575843068763827e-27,
yield_office,kiscon_cnt_all,4636,-0.11072500434922744,4.0218105127066046e-14,-0.1595982985367783,7.92932723240777e-28,False,commercial,kiscon,0.1595982985367783,0.0,9.95295761984517e-27,0.0
yield_office,kiscon_cnt_priv_yoy_pct,4636,-0.09141302916081523,4.502600569110224e-10,-0.15941917741978948,9.093221451002701e-28,False,commercial,kiscon,0.15941917741978948,0.0,1.1354748029490419e-26,0.0
rentidx_midlarge,unsold_completed,4377,-0.13957296790039025,1.7465102185983147e-20,-0.16303607456802865,1.8692543876314257e-27,False,commercial,unsold,0.16303607456802865,1.6686379435082443e-05,2.322114986696771e-26,3.9952561486522316e-05
rtms_land_dae_n_3m,minbid_vs_rtms_all_3m,2850,0.02206011326882769,0.23907004016404534,-0.201023884292349,2.277750539902854e-27,False,rtms_land,valuation,0.201023884292349,6.064038160502605e-12,2.815066051879937e-26,3.152469153302382e-11
land_chg_cum12_pct,yield_midlarge,4732,-0.04273907897081421,0.0032761089473048216,-0.15657446910065262,2.35668695199705e-27,False,land_house,commercial,0.15657446910065262,6.444226388069296e-06,2.89776303791474e-26,1.630389276181532e-05
apt_idx,rtms_land_n_3m,4732,0.10427565191368113,6.441832200789684e-13,0.1560017786463552,3.65032942347975e-27,False,land_house,rtms_land,0.1560017786463552,8.02367936536541e-08,4.465631426693501e-26,2.6828073296530164e-07
rentidx_office,kiscon_cnt_priv_yoy_pct,4636,0.13025994571085514,5.351462392938283e-19,0.15757131734481472,3.700901295232007e-27,False,commercial,kiscon,0.15757131734481472,1.5020495025552805e-07,4.504632384600574e-26,4.830743951014652e-07
land_chg_pct,house_idx_yoy_pct,4394,0.2626065504509084,3.252181076323333e-70,0.1613897610117881,4.998883002178218e-27,True,land_house,land_house,0.1613897610117881,,6.053923635803771e-26,
house_idx,rtms_land_n_3m,4732,0.08840902011017952,1.115505365438447e-09,0.15412045314022543,1.5189110401025998e-26,False,land_house,rtms_land,0.15412045314022543,3.5347546711861355e-07,1.8302878033236328e-25,1.0646344426310621e-06
rtms_apt_med_unit,rtms_apt_n_yoy_pct,4731,0.11604549673438722,1.17706691558508e-15,0.15382430231937624,1.9210698911702654e-26,True,rtms_apt,rtms_apt,0.15382430231937624,,2.303372357074796e-25,
rtms_apt_n_yoy_pct,kiscon_amt_pub,4732,0.1320385849800373,7.482705120193163e-20,0.15302460767335876,3.4564921905677194e-26,False,rtms_apt,kiscon,0.15302460767335876,0.0,4.123834742211982e-25,0.0
rtms_nrg_med_unit,rtms_nrg_n_yoy_pct,4700,0.1408543823263873,2.946988767747951e-22,0.15283824567004897,5.818317702288227e-26,True,rtms_nrg,rtms_nrg,0.15283824567004897,,6.907460917494889e-25,
apt_idx_yoy_pct,vac_office,4394,-0.0809911406753569,7.61647365241331e-08,-0.15792349953346982,6.185065792043338e-26,False,land_house,commercial,0.15792349953346982,7.427002054893883e-05,7.306866940600217e-25,0.0001579018083939624
ah_n_pblanc,ah_rate_med,3478,-0.02337927044644736,0.16805661322362062,-0.17610247937959222,1.2679379341407267e-25,True,applyhome,applyhome,0.17610247937959222,,1.490600205502025e-24,
ah_supply_sum,kiscon_cnt_priv,3877,0.2876256027978865,9.714226240255088e-75,0.16663774671679868,1.5354962642244784e-25,False,applyhome,kiscon,0.16663774671679868,1.9095836023552692e-13,1.7963815518354333e-24,1.0980105713542798e-12
rtms_nrg_n,rtms_nrg_med_unit,4711,0.25637718386683306,1.3594286911127044e-71,0.15085137943969706,2.212987956504806e-25,True,rtms_nrg,rtms_nrg,0.15085137943969706,,2.5764739010514894e-24,
vac_midlarge,kiscon_cnt_indiv,4732,-0.10115076046091862,3.0768564411480126e-12,-0.1495875483406235,4.38176947940481e-25,False,commercial,kiscon,0.1495875483406235,0.0,5.07695406027192e-24,0.0
rtms_apt_med_unit,kiscon_cnt_priv_yoy_pct,4731,-0.0784058994876061,6.670622822191188e-08,-0.14952537449526315,4.637885834197818e-25,False,rtms_apt,kiscon,0.14952537449526315,0.0,5.347992756180259e-24,0.0
house_idx_yoy_pct,vac_office,4394,-0.07352101995173103,1.0677476045734772e-06,-0.15465673903090757,6.287881184666765e-25,False,land_house,commercial,0.15465673903090757,4.3981270239079606e-05,7.216092216689002e-24,9.704007009145763e-05
rtms_apt_unit_3m,kiscon_cnt_priv_yoy_pct,4732,-0.09320832153467601,1.3269422940362703e-10,-0.14907813759173594,6.352373745467731e-25,False,rtms_apt,kiscon,0.14907813759173594,5.284661597215745e-14,7.255554846719067e-24,3.183379485941865e-13
discount_ratio,minbid_vs_rtms_dae_3m,2829,-0.013921720745004248,0.4591896278375283,0.19195068359751088,6.9765189816832415e-25,False,site_price,valuation,0.19195068359751088,1.5575405409862242e-09,7.930854125404062e-24,6.321782195767616e-09
rtms_nrg_med_unit,rtms_nrg_n_3m,4711,0.2080462140225215,3.1605699519085495e-47,0.148958331208272,8.791370918756154e-25,True,rtms_nrg,rtms_nrg,0.148958331208272,,9.947044091174802e-24,
capret_office,kiscon_amt_all,4636,0.11545758431228925,3.1312914957279965e-15,0.14934539395534285,1.5594757733339794e-24,False,commercial,kiscon,0.14934539395534285,0.0,1.7562320624929393e-23,0.0
rtms_land_n,rtms_fac_n,4732,0.10424010153189575,6.559181412211184e-13,0.1476468812364769,1.7908860668752833e-24,False,rtms_land,rtms_fac,0.1476468812364769,0.0,2.007458335427643e-23,0.0
ah_n_pblanc,kiscon_cnt_priv,3877,0.2555731878144867,7.248523558139912e-59,0.1628851463286565,1.8429064240581606e-24,False,applyhome,kiscon,0.1628851463286565,8.545786300828695e-10,2.056205778694522e-23,3.583564531673469e-09
kiscon_cnt_priv,kiscon_amt_indiv,4732,0.05151679416520086,0.0003922644845024828,0.14757310999853301,1.8886362474581128e-24,True,kiscon,kiscon,0.14757310999853301,,2.097517675748411e-23,
ah_sale_unit_med,kiscon_amt_all,3493,0.04278098942035333,0.011449303819686535,0.17132094957846664,2.0407893179813787e-24,False,applyhome,kiscon,0.17132094957846664,0.0,2.256101952447304e-23,0.0
house_idx_yoy_pct,rentidx_midlarge,4394,0.19769194050394093,5.771296716423303e-40,0.15281375452771642,2.275780237113255e-24,False,land_house,commercial,0.15281375452771642,0.0007554541513987711,2.5043974298826234e-23,0.0012411032487265525
rtms_land_n_3m,kiscon_cnt_indiv,4732,0.12286063507917293,2.224200533622267e-17,0.14680987614294952,3.267700672064252e-24,False,rtms_land,kiscon,0.14680987614294952,6.035172361862351e-13,3.575532447578806e-23,3.3681586931275913e-12
rentidx_midlarge,minbid_unit_land_mn_m2,2850,0.023922391064976997,0.2016980604521533,0.18852156362519454,3.2788077631324317e-24,False,commercial,valuation,0.18852156362519454,2.6756042670328384e-07,3.575532447578806e-23,8.18864370434647e-07
yield_office,kiscon_amt_all,4636,0.1105118440260402,4.500629623134684e-14,0.1476019545252109,5.378697387518094e-24,False,commercial,kiscon,0.1476019545252109,0.0,5.839036353116489e-23,0.0
ah_sale_unit_med,kiscon_amt_priv_yoy_pct,3493,0.06792625498671734,5.8755289191394995e-05,0.169077358866588,8.158851565677499e-24,False,applyhome,kiscon,0.169077358866588,8.881784197001252e-15,8.817413575463127e-23,5.811443280624095e-14
kiscon_cnt_priv,kiscon_amt_all,4732,0.04655729476704368,0.0013574653211884246,0.14523897784209996,1.0007091416738009e-23,True,kiscon,kiscon,0.14523897784209996,,1.076655817604402e-22,
discount_ratio,vac_midlarge,2853,-0.059774824183938174,0.0014020016510712878,-0.18548236365453993,1.6906031892834206e-23,False,site_price,commercial,0.18548236365453993,4.3139958982862936e-07,1.8108238605213526e-22,1.2891034987398806e-06
vac_midlarge,minbid_unit_land_mn_m2,2850,-0.020456834807318216,0.2749512326423163,-0.18509503352168297,2.2074265257950417e-23,False,commercial,valuation,0.18509503352168297,7.814999669619738e-08,2.3539371359141814e-22,2.6245950217882213e-07
apt_idx,vac_midlarge,4732,-0.06678187723296418,4.269475313998867e-06,-0.1440162242856906,2.371073773407885e-23,False,land_house,commercial,0.1440162242856906,0.00014907440411615624,2.5173073981995606e-22,0.0002930978929799382
rtms_apt_n_3m,kiscon_amt_priv_yoy_pct,4732,0.024570470358924575,0.09102799463031645,0.14395978345234356,2.4669458563761884e-23,False,rtms_apt,kiscon,0.14395978345234356,0.0,2.6076050499414973e-22,0.0
rtms_nrg_n_3m,unsold_completed,4377,0.07826518718557196,2.166958974260491e-07,0.1495248987501488,2.6375275507795324e-23,False,rtms_nrg,unsold,0.1495248987501488,1.6045609285697537e-10,2.7757386014754033e-22,7.425986248685628e-10
unsold_total,unsold_completed,4377,0.10836367383150279,6.55792154307769e-13,0.14948664212248272,2.7065862140653144e-23,True,unsold,unsold,0.14948664212248272,,2.836031641694525e-22,
rtms_nrg_n,kiscon_cnt_pub,4732,0.06475137792469605,8.283651507140543e-06,0.1431413145156215,4.3754071500273536e-23,False,rtms_nrg,kiscon,0.1431413145156215,0.0,4.564818714963603e-22,0.0
land_chg_pct,rtms_land_dae_n,4732,0.12376810373428897,1.2901410035206151e-17,0.1428093163814991,5.515061439288359e-23,False,land_house,rtms_land,0.1428093163814991,0.0,5.729007788226269e-22,0.0
rtms_land_unit_3m,rtms_land_dae_med_unit,4666,0.17362917160345623,6.653766264312986e-33,0.14375246396261399,5.722556190842432e-23,True,rtms_land,rtms_land,0.14375246396261399,,5.919038806837021e-22,
land_chg_pct,rtms_land_n_3m,4732,0.1602780870450023,1.3364956602990124e-28,0.1423675570478884,7.498061577207383e-23,False,land_house,rtms_land,0.1423675570478884,7.33924032658706e-12,7.704091203680037e-22,3.789444495156176e-11
rentidx_office,yield_office,4636,-0.11956673375525939,3.130182126357295e-16,-0.14381686941682656,7.512288103173481e-23,True,commercial,commercial,0.14381686941682656,,7.704091203680037e-22,
apt_idx_yoy_pct,rentidx_midlarge,4394,0.14549745372807504,3.2130661751571527e-22,0.14714655310143637,1.0759546827641243e-22,False,land_house,commercial,0.14714655310143637,0.0012894159263807659,1.0987503328226862e-21,0.001997278955353064
capret_midlarge,rtms_apt_unit_3m,4732,0.11475226422468415,2.4167926934998606e-15,0.14170498850533159,1.1864087206870368e-22,False,commercial,rtms_apt,0.14170498850533159,1.3999629788763457e-07,1.2064324965636113e-21,4.54090555968866e-07
rentidx_midlarge,ah_n_pblanc,3877,-0.16799282257016493,6.169514799904557e-26,-0.15614374245138016,1.3818988794419705e-22,False,commercial,applyhome,0.15614374245138016,0.0,1.3993177728803147e-21,0.0
discount_ratio,rentidx_midlarge,2853,0.030497490082790915,0.10338881132236781,0.18137197655278417,1.598148398556766e-22,False,site_price,commercial,0.18137197655278417,6.587092493237634e-06,1.6115220253229316e-21,1.660997741650287e-05
rtms_land_dae_unit_3m,appr_vs_rtms_all_3m,4548,-0.00196282063743611,0.8947200129932585,-0.14392846073444443,1.7641553243794793e-22,False,rtms_land,valuation,0.14392846073444443,2.095658313550075e-09,1.771505971564394e-21,8.371603473602668e-09
capret_midlarge,kiscon_amt_indiv,4732,-0.11737885405012409,5.481568126700101e-16,-0.14073725204049184,2.3099464634458295e-22,False,commercial,kiscon,0.14073725204049184,0.0,2.3099464634458292e-21,0.0
land_chg_pct,rentidx_office,4636,0.2897415411869064,2.357615277163433e-90,0.14187741404722254,2.823091568045965e-22,False,land_house,commercial,0.14187741404722254,0.00010797940327544886,2.8114259004094115e-21,0.0002197221637696131
appr_unit_land_mn_m2,appr_vs_rtms_dae_3m,4548,0.8322049378660414,0.0,0.1413920698522864,9.623393365888254e-22,True,valuation,valuation,0.1413920698522864,,9.544188482218392e-21,
house_idx_yoy_pct,rtms_apt_n_3m,4394,0.08360434847409326,2.855973926169739e-08,0.14370490942853015,1.0403091975054654e-21,False,land_house,rtms_apt,0.14370490942853015,3.663850299817639e-06,1.02751851065089e-20,9.689415949691945e-06
kiscon_amt_indiv,kiscon_cnt_priv_yoy_pct,4732,0.05909460583870936,4.750567659697361e-05,0.1380872350821625,1.398456689901436e-21,True,kiscon,kiscon,0.1380872350821625,,1.3756247439438616e-20,
appraisal_mn,discount_ratio,2853,-0.14363765150932042,1.2697668817110502e-14,-0.1772975851562653,1.4062288476389202e-21,True,site_price,site_price,0.1772975851562653,,1.3776469604917876e-20,
land_chg_cum12_pct,unsold_pct_completed,4041,-0.09181638891116206,4.998816201447912e-09,-0.1492096349137427,1.4905611560960606e-21,False,land_house,unsold,0.1492096349137427,5.932782676199011e-05,1.4543531927900835e-20,0.0001275632309131742
rtms_land_n,kiscon_cnt_priv,4732,0.14869844843524244,8.37111435690762e-25,0.13677768044296998,3.361433676540862e-21,False,rtms_land,kiscon,0.13677768044296998,2.531308496145357e-14,3.266554500186886e-20,1.587820783945724e-13
land_chg_pct,kiscon_cnt_all,4732,0.10352094019001558,9.438140508207063e-13,0.13637879474958564,4.3833343095229365e-21,False,land_house,kiscon,0.13637879474958564,0.0,4.2425042915462964e-20,0.0
apt_idx,unsold_pct_completed,4041,-0.06617934419400451,2.5507708895115208e-05,-0.14728678314975613,4.8992123009003986e-21,False,land_house,unsold,0.14728678314975613,0.00026457758082187866,4.722840658067984e-20,0.0004934014345056656
rtms_nrg_n_yoy_pct,kiscon_amt_pub,4716,0.07788640883278723,8.535661136791075e-08,0.13520223222198685,1.1083122094693333e-20,False,rtms_nrg,kiscon,0.13520223222198685,0.0,1.0641563445502363e-19,0.0
ah_rate_med,kiscon_cnt_indiv,3478,0.0004541823229801886,0.9786387300188241,0.15679251498339175,1.3909420909643696e-20,False,applyhome,kiscon,0.15679251498339175,8.881784197001252e-16,1.3302263647714804e-19,6.241920560670324e-15
yield_office,ah_rate_med,3464,0.15359915841721755,9.819844370638614e-20,0.1567619538032026,1.6877378702991387e-20,False,commercial,applyhome,0.1567619538032026,0.0,1.6076870622217091e-19,0.0
rtms_apt_n_yoy_pct,kiscon_cnt_pub,4732,0.1318761018009609,8.30626361876772e-20,0.13393325324834546,2.1933295073343535e-20,False,rtms_apt,kiscon,0.13393325324834546,0.0,2.08107248530543e-19,0.0
rentidx_office,capret_midlarge,4636,0.004112881528591104,0.7795049112391639,-0.13452909920327452,3.605713460093416e-20,True,commercial,commercial,0.13452909920327452,,3.407752721107895e-19,
yield_midlarge,unsold_completed,4377,0.09998231293553106,3.3694646923830885e-11,0.13816576323194726,4.217700235347235e-20,False,commercial,unsold,0.13816576323194726,1.4367404549187057e-05,3.9705693621823577e-19,3.47288536714426e-05
rtms_land_n,rtms_apt_n,4732,0.03611034062052077,0.012985475350919425,0.13262780459850437,5.118471154154178e-20,False,rtms_land,rtms_apt,0.13262780459850437,0.0,4.79981147140528e-19,0.0
rtms_land_n,kiscon_amt_pub,4732,0.05854114689021872,5.5916995081827326e-05,0.13200961076192438,7.623407317722148e-20,False,rtms_land,kiscon,0.13200961076192438,0.0,7.121089781283092e-19,0.0
kiscon_amt_indiv,kiscon_amt_priv,4732,0.19760007210171465,7.216751272531754e-43,0.1317709630139992,8.886250302054735e-20,True,kiscon,kiscon,0.1317709630139992,,8.268673060985293e-19,
vac_office,kiscon_cnt_indiv,4636,-0.2129491461089703,1.0976790565941227e-48,-0.13240140093882213,1.3983790914885027e-19,False,commercial,kiscon,0.13240140093882213,2.800707392669466e-07,1.2961898501874197e-18,8.537096028257529e-07
house_idx,vac_midlarge,4732,-0.041930079130517856,0.003915911778264753,-0.13067164467793688,1.793878096295568e-19,False,land_house,commercial,0.13067164467793688,0.00028588665753881415,1.656416173207785e-18,0.0005292389587120974
land_chg_cum12_pct,house_idx_yoy_pct,4394,0.26183345833112737,8.485358842133188e-70,0.13523113840891735,2.197663753657003e-19,True,land_house,land_house,0.13523113840891735,,2.0215151321806785e-18,
rentidx_office,yield_midlarge,4636,-0.02039297799957772,0.16504855970482757,-0.13129729372511287,2.8011360380475395e-19,True,commercial,commercial,0.13129729372511287,,2.5668204759294942e-18,
capret_midlarge,kiscon_cnt_priv,4732,-0.10506202173334417,4.3142963829631265e-13,-0.12988343926415988,2.957593506676811e-19,False,commercial,kiscon,0.12988343926415988,0.0,2.6999243754133007e-18,0.0
house_idx,unsold_pct_completed,4041,-0.05588001281714849,0.0003795538565959429,-0.14041380129750664,3.0292628955295036e-19,False,land_house,unsold,0.14041380129750664,0.0008236357397020111,2.7549145578211714e-18,0.0013443860783523148
vac_office,rtms_land_dae_n_3m,4636,-0.08887470075187234,1.3470498960967597e-09,-0.13077495328754243,3.883102091631948e-19,False,commercial,rtms_land,0.13077495328754243,9.087573769051005e-07,3.5181488875312015e-18,2.6028182983810238e-06
apt_idx_yoy_pct,rtms_apt_unit_3m,4394,0.06425576381267607,2.02124042666763e-05,0.1328818645604118,9.143216036006874e-19,False,land_house,rtms_apt,0.1328818645604118,0.00010909266743341917,8.25286541077774e-18,0.0002208035588852404
rtms_nrg_n,kiscon_amt_pub,4732,0.08130046434098591,2.1383804724458202e-08,0.12794424183075004,9.989075765737964e-19,False,rtms_nrg,kiscon,0.12794424183075004,0.0,8.982713655010633e-18,0.0
rentidx_midlarge,capret_midlarge,4732,-0.05231283727109674,0.0003181070132337761,-0.12753883378574768,1.2853374862355075e-18,True,commercial,commercial,0.12753883378574768,,1.1515477107165699e-17,
capret_office,kiscon_cnt_priv_yoy_pct,4636,-0.06556460073427184,7.903628577959853e-06,-0.12841626458623281,1.669475348065266e-18,False,commercial,kiscon,0.12841626458623281,2.4236168627567167e-12,1.4901613291989967e-17,1.3046278005903177e-11
ah_rate_med,kiscon_amt_priv,3478,-0.00790523794928957,0.6411813486608329,-0.14792270975900332,1.805462454925532e-18,False,applyhome,kiscon,0.14792270975900332,9.086065233532281e-13,1.6055957624983513e-17,4.997335878442755e-12
land_chg_pct,apt_idx_yoy_pct,4394,0.23044965974116438,4.709848330296024e-54,0.13154608778980015,2.033477068985977e-18,True,land_house,land_house,0.13154608778980015,,1.8017204912706636e-17,
rtms_apt_unit_3m,rtms_apt_n_yoy_pct,4732,0.09403270149853783,9.104364817595281e-11,0.1267892199766976,2.044318034448517e-18,True,rtms_apt,rtms_apt,0.1267892199766976,,1.8046910120955772e-17,
house_idx_yoy_pct,yield_midlarge,4394,0.15239152444766896,3.0488884390167943e-24,0.13151992277190572,2.065397350147018e-18,False,land_house,commercial,0.13151992277190572,0.00010850426399300339,1.8166451145453696e-17,0.00022019982986815393
vac_office,ah_supply_sum,3857,0.2758678540755508,2.5478984324339106e-68,0.14013709545670958,2.2592781654090583e-18,False,commercial,applyhome,0.14013709545670958,4.964606503676805e-11,1.9799492285948474e-17,2.3848964153738576e-10
vac_office,unsold_pct_completed,4041,0.036110467082861836,0.02170221414486427,0.13623121019714216,3.3789971987340884e-18,False,commercial,unsold,0.13623121019714216,4.282066892447034e-05,2.95050117715549e-17,9.531052115446624e-05
rtms_land_unit_3m,minbid_vs_rtms_dae_3m,2850,-0.0042767462942369956,0.8194778110365875,-0.16186773842263663,3.4689242012240155e-18,False,rtms_land,valuation,0.16186773842263663,1.5270795739041887e-09,3.018089286985515e-17,6.231469874157415e-09
yield_midlarge,ah_sale_unit_med,3493,0.1511036844418661,2.735538667604371e-19,0.14599745822573965,4.242234028913866e-18,False,commercial,applyhome,0.14599745822573965,0.0,3.677620147367776e-17,0.0
land_chg_cum12_pct,apt_idx_yoy_pct,4394,0.20894946860025607,1.5246860867364554e-44,0.12974034337193888,5.9140077583821686e-18,True,land_house,land_house,0.12974034337193888,,5.108515662258432e-17,
rtms_nrg_n,kiscon_cnt_all,4732,0.0569480980703833,8.870373333018886e-05,0.12420256004868452,9.926003215064945e-18,False,rtms_nrg,kiscon,0.12420256004868452,0.0,8.543452767252328e-17,0.0
capret_midlarge,kiscon_cnt_all,4732,-0.11007536889985722,3.1230330068643666e-14,-0.12406364439102112,1.0795063484874588e-17,False,commercial,kiscon,0.12406364439102112,0.0,9.258399643611301e-17,0.0
rtms_land_n_3m,kiscon_amt_indiv,4732,0.10342367067323646,9.912398530879961e-13,0.1234962633542301,1.5194184490458793e-17,False,rtms_land,kiscon,0.1234962633542301,1.7386092565629951e-13,1.2985100929789252e-16,1.0150803274856256e-12
yield_midlarge,kiscon_amt_indiv,4732,-0.13266798676162694,4.987311188413449e-20,-0.1234460583905472,1.5659587425141715e-17,False,commercial,kiscon,0.1234460583905472,0.0,1.333554971540337e-16,0.0
rtms_land_dae_n,kiscon_cnt_indiv,4732,0.0705182904993615,1.1997171915298144e-06,0.12296337860723176,2.0916116950394832e-17,False,rtms_land,kiscon,0.12296337860723176,8.881784197001252e-16,1.7749240088187164e-16,6.241920560670324e-15
rtms_land_dae_n,kiscon_amt_pub,4732,0.03189741481018641,0.028221975591225353,0.12273584998626468,2.3964209273198565e-17,False,rtms_land,kiscon,0.12273584998626468,0.0,2.026447170119598e-16,0.0
land_chg_cum12_pct,kiscon_cnt_all,4732,0.0981111169618038,1.3464402818980409e-11,0.12259759187186303,2.6026197287342133e-17,False,land_house,kiscon,0.12259759187186303,0.0,2.1931166245627463e-16,0.0
kiscon_cnt_pub,kiscon_amt_indiv,4732,0.2076874583970078,2.8700122215093677e-47,0.12234003252924874,3.0344683388676226e-17,True,kiscon,kiscon,0.12234003252924874,,2.548107559815669e-16,
apt_idx,vac_office,4636,-0.08827446044057105,1.7379099100269351e-09,-0.12349917367612795,3.203690457089776e-17,False,land_house,commercial,0.12349917367612795,0.0015528955049994853,2.680865972773042e-16,0.002352590196196825
rtms_apt_n_3m,kiscon_amt_all,4732,0.13652727962624417,3.9712906887138116e-21,0.12159100444912387,4.733435123309603e-17,False,rtms_apt,kiscon,0.12159100444912387,1.8096635301390052e-13,3.9472590474657938e-16,1.0484997094469503e-12
rtms_apt_n_3m,kiscon_cnt_priv_yoy_pct,4732,-0.0692439877079859,1.8631662002326473e-06,-0.12156889994920668,4.795752111129215e-17,False,rtms_apt,kiscon,0.12156889994920668,1.731865761911422e-10,3.98543537511083e-16,7.918591043920296e-10
capret_midlarge,kiscon_amt_all,4732,0.06836757268911614,2.510942613510163e-06,0.121418087987739,5.243049288411151e-17,False,commercial,kiscon,0.121418087987739,4.440892098500626e-16,4.3421817130827746e-16,3.210130574059024e-15
rtms_nrg_n_3m,rtms_apt_n_3m,4732,0.03910872997472932,0.007132582417627598,0.12108879450172576,6.367604621148172e-17,False,rtms_nrg,rtms_apt,0.12108879450172576,2.869270900873744e-07,5.255454498961334e-16,8.711106455052686e-07
rtms_apt_n,kiscon_amt_indiv,4732,0.11193021060648395,1.1463719143710844e-14,0.12084574942468118,7.347115426922076e-17,False,rtms_apt,kiscon,0.12084574942468118,1.1978862346495589e-11,6.043190504737953e-16,6.10198424227527e-11
capret_midlarge,rtms_apt_n_3m,4732,-0.08675845753234526,2.2621159915264524e-09,-0.12060565282717756,8.46020481901789e-17,False,commercial,rtms_apt,0.12060565282717756,2.003338912981434e-06,6.919360716483126e-16,5.430479410546101e-06
rentidx_midlarge,ah_supply_sum,3877,-0.15768877248631868,5.2237787809858563e-23,-0.13314056839848473,8.469756893620424e-17,False,commercial,applyhome,0.13314056839848473,4.285460875053104e-14,6.919360716483126e-16,2.6231167775526665e-13
rtms_apt_n_yoy_pct,ah_supply_sum,3877,-0.09579366289614856,2.2802374592197845e-09,-0.13283207816582343,9.980090399473596e-17,False,rtms_apt,applyhome,0.13283207816582343,0.0,8.125681710382219e-16,0.0
rtms_nrg_n,rtms_fac_n,4732,0.07755368113132499,9.217137061391512e-08,0.12011088076040138,1.1304303187191642e-16,False,rtms_nrg,rtms_fac,0.12011088076040138,3.2458480347941077e-12,9.172852081189176e-16,1.7108324016727277e-11
rtms_land_n_yoy_pct,kiscon_cnt_pub,4724,0.019926187178289746,0.17089693435628803,0.1200057658321891,1.274893818831317e-16,False,rtms_land,kiscon,0.1200057658321891,0.0,1.0258860319129951e-15,0.0
apt_idx_yoy_pct,rtms_apt_n_3m,4394,0.08659764493248587,8.951315527027198e-09,0.12439766313771024,1.276000879279037e-16,False,land_house,rtms_apt,0.12439766313771024,7.886676386803515e-05,1.0258860319129951e-15,0.00016581682486381907
rtms_apt_n_3m,ah_supply_sum,3877,0.2079986277630313,3.7367964402444816e-39,0.13236722838950535,1.2770365542485417e-16,False,rtms_apt,applyhome,0.13236722838950535,1.4366285938649526e-12,1.0258860319129951e-15,7.788579305310707e-12
capret_midlarge,ah_sale_unit_med,3493,0.15085348570954302,3.135829205753425e-19,0.13935074178117945,1.3030133803454593e-16,False,commercial,applyhome,0.13935074178117945,0.0,1.0432764938978595e-15,0.0
yield_office,rtms_apt_n_yoy_pct,4636,0.12903571074708242,1.1411989421219763e-18,0.12055973365674082,1.7726799079997271e-16,False,commercial,rtms_apt,0.12055973365674082,3.2862601528904634e-14,1.4146220457878617e-15,2.0278629723933835e-13
apt_idx,rtms_land_dae_n_3m,4732,0.06723383264016775,3.674351142915644e-06,0.11928493626460024,1.828931303824821e-16,False,land_house,rtms_land,0.11928493626460024,8.008464904118995e-06,1.4546945353854187e-15,1.97994295186525e-05
apt_idx,rtms_apt_n_3m,4732,-0.13888457631242823,8.164664631562381e-22,-0.11922971409540015,1.8884975099650001e-16,False,land_house,rtms_apt,0.11922971409540015,1.78117391411714e-05,1.497131249676201e-15,4.237965519795954e-05
ah_sale_unit_med,kiscon_cnt_pub,3493,0.010998608025784994,0.5158069428429444,0.13837076272784118,2.12961032003197e-16,False,applyhome,kiscon,0.13837076272784118,3.5292657685204176e-11,1.6827412692711633e-15,1.7623109988861823e-10
vac_office,kiscon_amt_priv,4636,0.20674286915028905,6.237246536451341e-46,0.1202230451381337,2.1507364909878402e-16,False,commercial,kiscon,0.1202230451381337,6.73683331342545e-13,1.6938807004185279e-15,3.732304003569282e-12
rentidx_midlarge,kiscon_cnt_all,4732,0.11085754945581389,2.050753466336298e-14,0.11862450527947484,2.680646486664288e-16,False,commercial,kiscon,0.11862450527947484,0.0,2.104351150769034e-15,0.0
apt_idx,kiscon_cnt_priv_yoy_pct,4732,0.019660681408605725,0.17630414834392452,0.11858195845405423,2.7472919796917687e-16,False,land_house,kiscon,0.11858195845405423,6.585632732525326e-05,2.1496667763172607e-15,0.00014080268292920346
apt_idx,rtms_apt_n_yoy_pct,4732,-0.18431944589123528,1.9735836890539647e-37,-0.11839506093367357,3.0599149167619926e-16,False,land_house,rtms_apt,0.11839506093367357,6.627860926755602e-09,2.386535582328933e-15,2.5027594245808465e-08
vac_midlarge,kiscon_amt_priv_yoy_pct,4732,0.10696752459657283,1.613174707175784e-13,0.11817524627750706,3.4726641211494716e-16,False,commercial,kiscon,0.11817524627750706,4.440892098500626e-16,2.699716300635557e-15,3.210130574059024e-15
house_idx,rtms_apt_n_3m,4732,-0.13273149413613905,4.786756461002782e-20,-0.11803433478370289,3.7656225021444596e-16,False,land_house,rtms_apt,0.11803433478370289,3.061503450174641e-05,2.9180547363884714e-15,7.041457935401674e-05
house_idx,kiscon_cnt_priv_yoy_pct,4732,0.004202766524217319,0.7725574650244883,0.11741775434959635,5.361084856969016e-16,False,land_house,kiscon,0.11741775434959635,0.00011515904573822233,4.141094392722862e-15,0.00023123205215690675
house_idx,kiscon_cnt_indiv,4732,0.09737050777043062,1.916373734810517e-11,0.11731098891552004,5.698180428868817e-16,False,land_house,kiscon,0.11731098891552004,4.469357903769122e-07,4.387416879736053e-15,1.3250947847502983e-06
rentidx_office,ah_supply_sum,3857,0.15805881763254304,5.335029419935106e-23,0.12977376934341073,5.908404425460077e-16,False,commercial,applyhome,0.12977376934341073,1.7601080593010465e-08,4.534794479413626e-15,6.301518948157993e-08
house_idx,rtms_apt_n_yoy_pct,4732,-0.17865852567928767,3.0975902916022994e-35,-0.1167538540788276,7.826088755622152e-16,False,land_house,rtms_apt,0.1167538540788276,2.0946862067106053e-07,5.987579016206154e-15,6.569697648319627e-07
land_chg_cum12_pct,rtms_apt_n_yoy_pct,4732,-0.13631661216383084,4.56819731577765e-21,-0.11658059661534514,8.635088963040051e-16,False,land_house,rtms_apt,0.11658059661534514,1.6557035298347955e-08,6.585621645862823e-15,6.012818082031626e-08
rtms_land_n,rtms_nrg_n,4732,0.006528678999918346,0.6534382055345247,0.11613834301023274,1.1092540822281612e-15,False,rtms_land,rtms_nrg,0.11613834301023274,2.94364532749114e-12,8.433130404321351e-15,1.5623963661299128e-11
min_bid_mn,appr_unit_land_mn_m2,2844,0.0026648269200279604,0.8870398985937005,0.14944231628670257,1.1363599716163632e-15,False,site_price,valuation,0.14944231628670257,0.00029271085455140344,8.612036262878727e-15,0.0005392415985546485
capret_office,rtms_land_n,4636,-0.11783526635884134,8.341855099852449e-16,-0.11675570197196437,1.5259485184943741e-15,False,commercial,rtms_land,0.11675570197196437,1.5543122344752192e-15,1.1528325798029597e-14,1.0724754417879012e-14
house_idx,vac_office,4636,-0.06445224576205687,1.1240614666934155e-05,-0.11674700872574167,1.5333528304109204e-15,False,land_house,commercial,0.11674700872574167,0.0025631898384783636,1.1548063504032244e-14,0.003705640166485863
house_idx_yoy_pct,rtms_apt_unit_3m,4394,0.0972533192441162,1.0460668099154203e-10,0.11964749660762175,1.7562593822598011e-15,False,land_house,rtms_apt,0.11964749660762175,0.0002059915492829134,1.3185623399520626e-14,0.00039382263452325257
capret_midlarge,rtms_land_n,4732,-0.1007562168878009,3.7359696864232274e-12,-0.11487260711237164,2.25962221479037e-15,False,commercial,rtms_land,0.11487260711237164,1.5987211554602254e-14,1.6912079309455876e-14,1.0111911308285925e-13
apt_idx,kiscon_cnt_indiv,4732,0.09602731170956133,3.610752465422244e-11,0.1146511006780324,2.5572024502160258e-15,False,land_house,kiscon,0.1146511006780324,2.1279462658618797e-07,1.9080055433500378e-14,6.646548213124143e-07
capret_office,rtms_land_dae_n_3m,4636,-0.06973799928577784,2.0057915460710288e-06,-0.11563362171335172,2.8417927687045857e-15,False,commercial,rtms_land,0.11563362171335172,5.869134993563563e-07,2.1138026458574236e-14,1.70677144065699e-06
house_idx,rtms_land_dae_n_3m,4732,0.05040819159128972,0.0005227006102993902,0.11421701758637166,3.256550907128315e-15,False,land_house,rtms_land,0.11421701758637166,2.6474006354915147e-05,2.4148577495936124e-14,6.163733381405091e-05
yield_office,ah_n_pblanc,3857,-0.20694870386956218,1.4091529114504773e-38,-0.12637057384015535,3.3462064852250204e-15,False,commercial,applyhome,0.12637057384015535,4.23498902613062e-09,2.4737293341694172e-14,1.6483880363246875e-08
appraisal_mn,appr_vs_rtms_all_3m,4548,0.004050203082114207,0.7848016193421129,0.11624588660587619,3.720336487364058e-15,False,site_price,valuation,0.11624588660587619,1.756761284132935e-05,2.7418993683631136e-14,4.1930245743927594e-05
vac_office,unsold_total,4377,-0.20964305764240396,1.145324337413695e-44,-0.11821672535211432,4.2821338733300305e-15,False,commercial,unsold,0.11821672535211432,0.00076998795438743,3.146323974001638e-14,0.0012595277098708176
rentidx_midlarge,ah_rate_med,3478,0.0023893684692127735,0.8879793347987434,0.13225651700930097,4.825013251697576e-15,False,commercial,applyhome,0.13225651700930097,9.479566021042274e-09,3.5344321995717806e-14,3.544330349739451e-08
ah_sale_unit_med,kiscon_amt_priv,3493,0.04304392590060245,0.010951774570885198,0.13105631145900395,7.46012982188828e-15,False,applyhome,kiscon,0.13105631145900395,4.706124379083576e-11,5.448155415379016e-14,2.2897105152079705e-10
rtms_land_n,kiscon_amt_indiv,4732,0.1156019483247859,1.5010453477432524e-15,0.11265780745256206,7.702229089288374e-15,False,rtms_land,kiscon,0.11265780745256206,6.750495717966487e-10,5.6079674033791477e-14,2.8623610334841136e-09
rtms_land_dae_n_3m,kiscon_cnt_pub,4732,0.08552783518430425,3.800161257268985e-09,0.11212922607964836,1.0284802415776024e-14,False,rtms_land,kiscon,0.11212922607964836,2.0983215165415459e-13,7.46577524759645e-14,1.1974631812443859e-12
rtms_land_n,rtms_apt_n_3m,4732,0.10720654043409977,1.4241520842322026e-13,0.11097488241514329,1.924871974440105e-14,False,rtms_land,rtms_apt,0.11097488241514329,5.484501741648273e-14,1.3929032074780025e-13,3.2777455290638105e-13
rtms_land_dae_n_3m,unsold_pct_completed,4041,-0.09406088044039684,2.088388785459849e-09,-0.12002501202027263,1.9304135738491818e-14,False,rtms_land,unsold,0.12002501202027263,7.618770089257154e-06,1.3929032074780025e-13,1.9021863479428224e-05
rentidx_office,ah_rate_med,3464,0.008942616614271223,0.5987874494944985,-0.12935838533095764,2.1243388511241585e-14,False,commercial,applyhome,0.12935838533095764,1.1647213500332043e-06,1.528255710808723e-13,3.262079353045026e-06
rtms_land_med_unit,rtms_land_dae_unit_3m,4723,0.2895723449454762,6.635478481744428e-92,0.11084818919362878,2.181070265545656e-14,True,rtms_land,rtms_land,0.11084818919362878,,1.5643986130848304e-13,
apt_idx,yield_office,4636,0.19116816437854245,2.1001159393442153e-39,0.11155373367238458,2.591834484353117e-14,False,land_house,commercial,0.11155373367238458,0.0012820130998598689,1.8535077469706268e-13,0.0019898730936475264
house_idx,yield_office,4636,0.19545950416063612,3.787486377000178e-41,0.1115135521762526,2.647839231206821e-14,False,land_house,commercial,0.1115135521762526,0.0012123597579223322,1.8879563749137392e-13,0.0018972805283774229
rtms_apt_n_yoy_pct,kiscon_amt_indiv,4732,0.08619384135501125,2.872521622905953e-09,0.11005230088943099,3.161871181777924e-14,False,rtms_apt,kiscon,0.11005230088943099,9.549272483866389e-10,2.2478199256887307e-13,3.98236143695307e-09
rentidx_office,unsold_completed,4377,-0.10876556738113022,5.386733108840018e-13,-0.11408691395808532,3.719697201669716e-14,False,commercial,unsold,0.11408691395808532,0.0014961183036512615,2.631254507190746e-13,0.002275658902748111
rtms_land_n_3m,unsold_completed,4377,-0.1256301117563547,7.289279710796875e-17,-0.1140851558376435,3.7230613566474875e-14,False,rtms_land,unsold,0.1140851558376435,5.076425729266809e-05,2.631254507190746e-13,0.00011071859564693989
rtms_fac_n,kiscon_cnt_indiv,4732,0.14684661108478803,3.182816888776603e-24,0.10894455899549656,5.706719047768815e-14,False,rtms_fac,kiscon,0.10894455899549656,3.889863986472619e-08,4.0214014342464455e-13,1.354315030152623e-07
capret_office,kiscon_cnt_priv,4636,-0.14296894357593418,1.3431405892901239e-22,-0.10997529386544261,5.967953304543309e-14,False,commercial,kiscon,0.10997529386544261,1.8801182832817176e-11,4.193226665874454e-13,9.513398513405491e-11
appraisal_mn,min_bid_mn,2868,0.022374232060839667,0.2309751212557064,0.13867993471899057,8.674720850934973e-14,True,site_price,site_price,0.13867993471899057,,6.077348038009676e-13,
rtms_apt_n_yoy_pct,kiscon_cnt_all,4732,0.08906212320115,8.40299177172982e-10,0.10806900668501444,9.062692525165402e-14,False,rtms_apt,kiscon,0.10806900668501444,5.551115123125783e-15,6.330750430622788e-13,3.6637359812630166e-14
rtms_land_dae_unit_3m,minbid_vs_rtms_all_3m,2850,-0.0033278718650923836,0.8590510288133409,-0.13899570251500204,9.104097529161298e-14,False,rtms_land,valuation,0.13899570251500204,2.1546677635431166e-06,6.341293365687494e-13,5.7992653635788135e-06
ah_n_pblanc,kiscon_cnt_pub,3877,0.2589999273944884,1.8433014176743416e-60,0.1192210788739465,9.509031596244803e-14,False,applyhome,kiscon,0.1192210788739465,2.588725842578299e-07,6.6042553737608e-13,7.954829613428861e-07
kiscon_cnt_priv,kiscon_amt_priv,4732,-0.018497207722693546,0.2033066953376899,0.10754599550689799,1.1925634182361616e-13,True,kiscon,kiscon,0.10754599550689799,,8.258844361922843e-13,
land_chg_pct,rtms_apt_n,4732,0.015032797393743556,0.30119023468220035,0.1074085996203541,1.28146550338799e-13,False,land_house,rtms_apt,0.1074085996203541,3.171338303076254e-08,8.849088433137694e-13,1.1092376829653812e-07
land_chg_pct,kiscon_amt_pub,4732,0.07026333089478085,1.3109613594050115e-06,0.10685754139173924,1.7082322094496964e-13,False,land_house,kiscon,0.10685754139173924,9.78994663114463e-13,1.1762398927925051e-12,5.345733448229335e-12
apt_idx,capret_office,4636,0.1903359987751665,4.525236121537228e-39,0.10787972013033571,1.7734014980778862e-13,False,land_house,commercial,0.10787972013033571,0.0005248725144617605,1.2176346468284062e-12,0.0008932247499472562
rtms_apt_n_3m,kiscon_amt_indiv,4732,0.11639648225316447,9.585097523487851e-16,0.10624390310289095,2.3486415176537296e-13,False,rtms_apt,kiscon,0.10624390310289095,3.4319191932752346e-10,1.60801876634815e-12,1.5144341091255251e-09
kiscon_cnt_pub,kiscon_cnt_priv_yoy_pct,4732,0.13275726510939498,4.707664631498002e-20,0.1061046178212511,2.5240152058140664e-13,True,kiscon,kiscon,0.1061046178212511,,1.7231945172838242e-12,
house_idx,capret_office,4636,0.1973495448501406,6.268580691057856e-42,0.10708155565284817,2.670471420980977e-13,False,land_house,commercial,0.10708155565284817,0.00045983802849391964,1.8180328035491962e-12,0.000795027479787893
rtms_land_unit_3m,rtms_land_dae_n,4732,0.10090169964380458,3.478227181721741e-12,0.10594685702616778,2.7382098846577653e-13,True,rtms_land,rtms_land,0.10594685702616778,,1.85889741465499e-12,
rentidx_midlarge,kiscon_amt_priv_yoy_pct,4732,-0.03916334969837697,0.007052596812253335,-0.10593279191904494,2.7581509646098447e-13,False,commercial,kiscon,0.10593279191904494,1.4210854715202004e-14,1.8671752316600352e-12,9.140710787151118e-14
rentidx_midlarge,rtms_land_n,4732,0.06612284108299032,5.305246525348078e-06,0.10589921879787513,2.806328123265722e-13,False,commercial,rtms_land,0.10589921879787513,2.4141018073464693e-09,1.894468004781622e-12,9.593210846994607e-09
rtms_fac_n,kiscon_cnt_all,4732,0.12300341301166756,2.042085925224368e-17,0.10571798043121185,3.0810259878228e-13,False,rtms_fac,kiscon,0.10571798043121185,1.0991629828538407e-10,2.0740985001823874e-12,5.149782123370772e-10
yield_office,rtms_land_dae_n_3m,4636,-0.06298962395833943,1.7710724750277944e-05,-0.10674505002523521,3.170655156286056e-13,False,commercial,rtms_land,0.10674505002523521,1.8159591557154187e-05,2.1284899517129234e-12,4.3072281224625086e-05
rentidx_midlarge,kiscon_cnt_pub,4732,0.08153039066492049,1.950814737362254e-08,0.10548424093438165,3.4745572520516636e-13,False,commercial,kiscon,0.10548424093438165,2.220446049250313e-16,2.3260230492901417e-12,1.6522730895892036e-15
rentidx_office,unsold_pct_completed,4041,-0.11363886334455894,4.3199944448392565e-13,-0.11399715145992953,3.6449614453240023e-13,False,commercial,unsold,0.11399715145992953,0.0013364402232574069,2.4333399122523117e-12,0.002061703515147097
ah_sale_unit_med,kiscon_cnt_all,3493,0.007562625654601644,0.6550124342523568,0.12203931673725339,4.580293878751558e-13,False,applyhome,kiscon,0.12203931673725339,6.223255022419494e-09,3.0493116706605675e-12,2.361725281008198e-08
kiscon_cnt_priv,kiscon_amt_priv_yoy_pct,4732,0.006138942674127566,0.6728882247761768,0.10395755167774877,7.569532534211105e-13,True,kiscon,kiscon,0.10395755167774877,,5.0255023161015885e-12,
vac_midlarge,yield_midlarge,4732,0.07454131880137055,2.844778572340698e-07,0.10393355932815115,7.662044478417963e-13,True,commercial,commercial,0.10393355932815115,,5.072947031040465e-12,
land_chg_cum12_pct,rtms_land_n_3m,4732,0.14075411387074438,2.2833752892970047e-22,0.1038511511145416,7.98833058940034e-13,False,land_house,rtms_land,0.1038511511145416,0.0004264957076656195,5.274486772727348e-12,0.0007424546837573514
rtms_land_n_3m,rtms_apt_n_3m,4732,0.04164693918973492,0.004165356874453685,0.10383009462826125,8.073864770143567e-13,False,rtms_land,rtms_apt,0.10383009462826125,4.021462607362025e-08,5.316397294001639e-12,1.3874045995398987e-07
rtms_apt_med_unit,kiscon_cnt_indiv,4731,-0.010971032587767533,0.4505875988863083,-0.10380543688719093,8.220413825527669e-13,False,rtms_apt,kiscon,0.10380543688719093,8.631801873271172e-08,5.398146408589015e-12,2.873481413075798e-07
land_chg_cum12_pct,unsold_completed,4377,-0.07359899876697182,1.0911223820691504e-06,-0.10781587949769646,8.564884420984578e-13,False,land_house,unsold,0.10781587949769646,0.005004292101096874,5.609068330046965e-12,0.006806913449341447
capret_midlarge,unsold_completed,4377,0.06716923383003212,8.683640397589422e-06,0.10768693937183277,9.118653924584207e-13,False,commercial,unsold,0.10768693937183277,0.0001494451707289013,5.9433351426109705e-12,0.0002930978929799382
apt_idx_yoy_pct,yield_midlarge,4394,0.11809822449869047,4.0401525396909996e-15,0.1074781691086138,9.124622418116428e-13,False,land_house,commercial,0.1074781691086138,0.002549787988507468,5.9433351426109705e-12,0.0036932997772465043
vac_office,capret_office,4636,-0.17190172905794915,4.438583387537091e-32,-0.10455270707681028,9.577269350966332e-13,True,commercial,commercial,0.10455270707681028,,6.221352866800232e-12,
rentidx_midlarge,rtms_nrg_unit_3m,4730,-0.07432445798134615,3.097892480377824e-07,-0.10340047018361481,1.013937779017276e-12,False,commercial,rtms_nrg,0.10340047018361481,0.00022744288370835086,6.5687904500850415e-12,0.0004315728718365957
land_chg_cum12_pct,unsold_total,4377,0.2142283916637138,1.3071553330032155e-46,0.10738948885522756,1.0533598588405316e-12,False,land_house,unsold,0.10738948885522756,0.0034134019696399065,6.80589077695893e-12,0.00481460699224943
rtms_land_n_yoy_pct,kiscon_cnt_all,4724,0.010590934635167632,0.46676227544459403,0.10331040448787016,1.096333993493474e-12,False,rtms_land,kiscon,0.10331040448787016,5.1159076974727213e-11,7.064612097110354e-12,2.4421219763407517e-10
rtms_land_n,rtms_nrg_unit_3m,4730,-0.06575106026325671,6.018699343768998e-06,-0.10309125592373565,1.1844707741397961e-12,False,rtms_land,rtms_nrg,0.10309125592373565,4.347934789983299e-07,7.612198841805089e-12,1.2941500021950288e-06
ah_n_pblanc,ah_sale_unit_med,3493,-0.07788478438740208,4.056433219476732e-06,-0.11953412651296448,1.3650220640442207e-12,True,applyhome,applyhome,0.11953412651296448,,8.74921057007067e-12,
rentidx_midlarge,rtms_land_unit_3m,4732,0.1396693297258352,4.792686547694338e-22,0.10236095111965297,1.688587618017626e-12,False,commercial,rtms_land,0.10236095111965297,3.40525334066033e-05,1.0794419521014532e-11,7.80842080229967e-05
rtms_land_n_yoy_pct,kiscon_amt_pub,4724,0.012036108802312626,0.4081978562744555,0.102338930366084,1.7821179238833683e-12,False,rtms_land,kiscon,0.102338930366084,3.019806626980426e-14,1.1362180414177031e-11,1.8787157621951993e-13
rtms_land_n_3m,kiscon_cnt_all,4732,0.1197392879550384,1.404205943017514e-16,0.10217716547280593,1.8505188143836165e-12,False,rtms_land,kiscon,0.10217716547280593,9.24200715957113e-11,1.1767151299906374e-11,4.356946232369247e-10
house_idx_yoy_pct,rtms_apt_n,4394,0.03586658748102413,0.01742637472873375,0.1059005935081431,1.9549601120492605e-12,False,land_house,rtms_apt,0.1059005935081431,4.540666930008541e-06,1.2398562815891364e-11,1.1722334013185316e-05
capret_office,kiscon_cnt_all,4636,-0.09476765671186281,1.0105005794161838e-10,-0.10292769812090627,2.141682392127095e-12,False,commercial,kiscon,0.10292769812090627,0.0,1.3547124842588711e-11,0.0
ah_supply_sum,kiscon_cnt_all,3877,0.2306995213110718,5.288416895726529e-48,0.11228271033109542,2.361607490091232e-12,False,applyhome,kiscon,0.11228271033109542,3.7898928439972224e-10,1.4899146730680287e-11,1.6627333344473362e-09
rtms_land_n,kiscon_cnt_priv_yoy_pct,4732,0.1183032979096183,3.225985631809539e-16,0.10158010994142205,2.488895767953906e-12,False,rtms_land,kiscon,0.10158010994142205,1.9305645970746355e-10,1.566119791323476e-11,8.619403112821461e-10
yield_midlarge,ah_n_pblanc,3877,-0.11753749269825298,2.1099597266107801e-13,-0.11172317668645693,3.034601497388074e-12,False,commercial,applyhome,0.11172317668645693,5.079020914955379e-08,1.904528543933661e-11,1.7209718189513984e-07
yield_office,unsold_completed,4377,0.06112204175927501,5.2012333355724693e-05,0.10463662396637619,3.928681687939519e-12,False,commercial,unsold,0.10463662396637619,5.78805058362164e-05,2.4592526929699326e-11,0.0001248048407093416
vac_office,ah_n_pblanc,3857,0.3160150544451353,3.4331849977495475e-90,0.11042183168374242,6.1326172303991074e-12,False,commercial,applyhome,0.11042183168374242,1.1977062814860773e-06,3.8289138666481473e-11,3.3298866946810724e-06
ah_rate_med,kiscon_cnt_priv,3478,0.025428252991093567,0.13378968566585112,0.11613722094044503,6.422968320884055e-12,False,applyhome,kiscon,0.11613722094044503,1.13464793116691e-13,3.9998329853567366e-11,6.728107654341287e-13
apt_idx,appr_vs_rtms_all_3m,4548,-0.006540056731787096,0.6592582763847472,-0.10149956385125242,6.844838532776492e-12,False,land_house,valuation,0.10149956385125242,4.337446797841871e-05,4.251562078348285e-11,9.626088068894678e-05
rentidx_office,rtms_nrg_unit_3m,4634,-0.058714344051073376,6.354023075043435e-05,-0.10042927451137153,7.27961673924397e-12,False,commercial,rtms_nrg,0.10042927451137153,0.00017294125802114202,4.509993918143436e-11,0.00033743551372248537
rentidx_midlarge,rtms_apt_n,4732,-0.12382800212680115,1.244407970864784e-17,-0.0991627334746594,8.120183581966397e-12,False,commercial,rtms_apt,0.0991627334746594,3.5881940041448956e-07,5.0178570339843636e-11,1.0764582012434687e-06
house_idx_yoy_pct,capret_midlarge,4394,0.1189658885449128,2.5371617178075864e-15,0.10284960501158247,8.269047275181336e-12,False,land_house,commercial,0.10284960501158247,0.0017100284195386006,5.096778499536322e-11,0.002585481215995613
vac_midlarge,rtms_land_dae_n_3m,4732,-0.03487881195924037,0.01642226257153582,-0.09845784237848086,1.1403286259355898e-11,False,commercial,rtms_land,0.09845784237848086,8.008097054368335e-06,7.010693848226458e-11,1.97994295186525e-05
yield_midlarge,ah_under_ratio,3825,-0.11910480961892947,1.4667769527306273e-13,-0.10903050582482532,1.3692486467031412e-11,False,commercial,applyhome,0.10903050582482532,2.1699548335973873e-07,8.396664729146489e-11,6.710592508584758e-07
unsold_pct_completed,appr_vs_rtms_all_3m,3894,0.008258140908835875,0.6064361800617178,0.10804865655554559,1.3791799996095873e-11,False,unsold,valuation,0.10804865655554559,3.6852692102407048e-06,8.436101012840368e-11,9.712219897821858e-06
rtms_nrg_n,rtms_nrg_unit_3m,4730,0.27351346929656273,6.263455861057454e-82,0.09701196129987473,2.293397253345748e-11,True,rtms_nrg,rtms_nrg,0.09701196129987473,,1.3992626279906968e-10,
land_chg_cum12_pct,appr_vs_rtms_all_3m,4548,-0.005201699845094271,0.7258114305725852,-0.09848831160500598,2.8080397339276883e-11,False,land_house,valuation,0.09848831160500598,0.00040096514585452603,1.7089332724155882e-10,0.0007044734854249658
land_chg_pct,rtms_nrg_n,4732,0.06863829816933747,2.2907230408123445e-06,0.09647711047480396,2.9233766728276696e-11,False,land_house,rtms_nrg,0.09647711047480396,1.2386456305080173e-09,1.7746442774596182e-10,5.081794775976136e-09
rtms_land_dae_n,kiscon_cnt_priv,4732,0.01468173170603001,0.31262127160919323,0.09623337236717916,3.2781922630838366e-11,False,rtms_land,kiscon,0.09623337236717916,1.8444423766084128e-10,1.9850360186010167e-10,8.303404945868196e-10
land_chg_cum12_pct,rtms_land_dae_n_3m,4732,0.09811637307954373,1.3430590467990935e-11,0.09620203718207643,3.3267591038404235e-11,False,land_house,rtms_land,0.09620203718207643,0.00018966649969343052,2.0093958496880755e-10,0.0003653727747901365
rtms_land_dae_n,rtms_nrg_n_yoy_pct,4716,0.03991391112419032,0.006118183164908239,0.096320163625476,3.396434216924571e-11,False,rtms_land,rtms_nrg,0.096320163625476,1.183331210796723e-09,2.0463516156970542e-10,4.881241244536483e-09
land_chg_pct,rtms_land_dae_n_3m,4732,0.15621487307325266,3.102466678962719e-27,0.09576524335190283,4.0816872787941366e-11,False,land_house,rtms_land,0.09576524335190283,8.073899097138515e-05,2.4530838757840075e-10,0.00016928423797591527
yield_midlarge,ah_rate_med,3478,0.0339452272822671,0.04531028556711344,0.11134588039192887,4.558079198121653e-11,False,commercial,applyhome,0.11134588039192887,3.841260642900579e-11,2.732579817779399e-10,1.9055665542232285e-10
rtms_nrg_unit_3m,rtms_nrg_n_yoy_pct,4714,0.13127295701516153,1.4321681179743842e-19,0.09553132530539905,4.953032841686362e-11,True,rtms_nrg,rtms_nrg,0.09553132530539905,,2.961987381752887e-10,
vac_office,ah_under_ratio,3811,0.051974552993582335,0.0013288404187402024,0.1061151408776726,5.12572531696016e-11,False,commercial,applyhome,0.1061151408776726,0.00013596590303199818,3.057672775711383e-10,0.0002687451052116839
rtms_fac_n,kiscon_cnt_pub,4732,0.10496709310734041,4.528927207669151e-13,0.09523331902538357,5.229604505233762e-11,False,rtms_fac,kiscon,0.09523331902538357,3.3555966894027733e-09,3.111937495707004e-10,1.3196362110138368e-08
rtms_nrg_n_yoy_pct,rtms_apt_n_yoy_pct,4716,0.04892390363022218,0.0007769458839313064,0.09520839912376998,5.699532016197664e-11,False,rtms_nrg,rtms_apt,0.09520839912376998,1.0129214800258524e-08,3.3832197436050174e-10,3.750280016290839e-08
min_bid_mn,land_chg_cum12_pct,2873,-0.013665158302946349,0.4640629682155178,0.12167996796306028,6.006305747124656e-11,False,site_price,land_house,0.12167996796306028,0.0024178836316728347,3.5565594227445753e-10,0.003522406288751788
rtms_land_n_3m,kiscon_cnt_pub,4732,0.09717818473970462,2.0994314618165913e-11,0.0948859846989003,6.143732117273988e-11,False,rtms_land,kiscon,0.0948859846989003,7.408011981624441e-10,3.6290182359388014e-10,3.123711718918306e-09
vac_midlarge,kiscon_amt_all,4732,0.1040895184528946,7.079943609420254e-13,0.0947611988703739,6.50888970372067e-11,False,commercial,kiscon,0.0947611988703739,1.9984014443252818e-15,3.835311536911201e-10,1.3542738359311508e-14
yield_office,ah_under_ratio,3811,-0.145322533426945,1.947334104706751e-19,-0.10545367721384726,6.751756102965534e-11,False,commercial,applyhome,0.10545367721384726,1.5909339423636482e-07,3.968715172718765e-10,5.095016296430418e-07
yield_office,rtms_land_n,4636,-0.10061268129822942,6.597389695996621e-12,-0.0955950660658777,6.933936815872705e-11,False,commercial,rtms_land,0.0955950660658777,1.1422143231243354e-09,4.0658850915457956e-10,4.7373807172206044e-09
rentidx_midlarge,kiscon_amt_all,4732,-0.11594633536921245,1.236298502960073e-15,-0.09423668205418155,8.289951669138203e-11,False,commercial,kiscon,0.09423668205418155,1.7740564572932271e-10,4.849219301607541e-10,8.062927252009338e-10
apt_idx_yoy_pct,rtms_apt_n,4394,0.04285914043623585,0.004490015901103222,0.09699731894161986,1.170934275268674e-10,False,land_house,rtms_apt,0.09699731894161986,1.9516622592474775e-05,6.832812599025434e-10,4.600346753940483e-05
capret_office,kiscon_amt_priv_yoy_pct,4636,-0.029497026531594327,0.04461204136755405,-0.09443101167129575,1.1767533317434766e-10,False,commercial,kiscon,0.09443101167129575,7.885942787666522e-09,6.850182438410093e-10,2.9630844434845995e-08
bldg_area_m2,min_bid_mn,933,0.08414898641875117,0.01012733130227114,0.20877585651453656,1.1978012235469546e-10,True,site_price,site_price,0.20877585651453656,,6.948535278690526e-10,
house_idx,appr_vs_rtms_all_3m,4548,-0.004042965573654236,0.7851767326771025,-0.09529394241622478,1.199415218230398e-10,False,land_house,valuation,0.09529394241622478,0.0003487715671739444,6.948535278690526e-10,0.0006229549273897691
rtms_apt_n_3m,unsold_total,4377,-0.09207597040371689,1.0417902889748145e-09,-0.0970415605084265,1.2468428091113636e-10,False,rtms_apt,unsold,0.0970415605084265,0.0010700339510001378,7.205974028677185e-10,0.0016955235256975044
rtms_land_n,rtms_nrg_med_unit,4711,-0.04952729023130145,0.0006724409108056377,-0.0935239022715155,1.26291777989529e-10,False,rtms_land,rtms_nrg,0.0935239022715155,9.73919045410554e-08,7.281415908008729e-10,3.2279674911205697e-07
ah_under_ratio,kiscon_amt_indiv,3825,-0.05038572297552655,0.0018261095376376788,-0.10313237877063783,1.622855091389438e-10,False,applyhome,kiscon,0.10313237877063783,2.220446049250313e-16,9.33432164737123e-10,1.6522730895892036e-15
rtms_land_dae_n_3m,kiscon_cnt_all,4732,0.07526548825835286,2.1780314330568627e-07,0.09272223757517488,1.6544749734738797e-10,False,rtms_land,kiscon,0.09272223757517488,5.272808856204847e-10,9.493534966838215e-10,2.2738988192383403e-09
rentidx_midlarge,kiscon_amt_indiv,4732,0.002689673866838563,0.8532503183334696,0.09251452866942664,1.8174034715821149e-10,False,commercial,kiscon,0.09251452866942664,1.4772627277004347e-07,1.0403663578415432e-09,4.771244299253744e-07
yield_midlarge,rtms_apt_unit_3m,4732,0.07941280865732117,4.501196250183697e-08,0.09208836211163346,2.2022463525374273e-10,False,commercial,rtms_apt,0.09208836211163346,0.0003460591946391478,1.2576809738424644e-09,0.0006209430939269815
yield_office,kiscon_amt_priv_yoy_pct,4636,-0.024258576770768536,0.09863245956104623,-0.09257072544563696,2.704497443961626e-10,False,commercial,kiscon,0.09257072544563696,1.8488477415701254e-10,1.5408602458504773e-09,8.303404945868196e-10
rentidx_midlarge,rtms_apt_n_yoy_pct,4732,-0.1333443414307548,3.217986659238938e-20,-0.0914675062969507,2.9088218697438556e-10,False,commercial,rtms_apt,0.0914675062969507,5.056129350089478e-06,1.6533633740761065e-09,1.29648722186416e-05
yield_office,ah_sale_unit_med,3479,0.09278374368190322,4.1928354354223365e-08,0.10622580486328846,3.362982073066992e-10,False,commercial,applyhome,0.10622580486328846,2.220446049250313e-16,1.907008657903871e-09,1.6522730895892036e-15
rentidx_midlarge,rtms_land_dae_n,4732,0.03505434342387316,0.01588809847107782,0.09111932682379914,3.397374629256855e-10,False,commercial,rtms_land,0.09111932682379914,2.812421984188518e-08,1.9219889334528217e-09,9.882538361106875e-08
apt_idx_yoy_pct,rtms_land_n_3m,4394,0.12650012273876918,3.869368059120678e-17,0.09448810111367621,3.482464497257401e-10,False,land_house,rtms_land,0.09448810111367621,0.0008826024860972836,1.9655127490375495e-09,0.0014222829871503998
apt_idx,rtms_nrg_n_3m,4732,0.033722839984853065,0.020350326597514862,-0.0905619548752571,4.3507161155522194e-10,False,land_house,rtms_nrg,0.0905619548752571,0.0008362914412374245,2.449819121140385e-09,0.0013591974387563279
rtms_nrg_n,kiscon_cnt_priv,4732,0.03062658344698988,0.0351413392096105,0.09055500292700144,4.3641180826639063e-10,False,rtms_nrg,kiscon,0.09055500292700144,1.0633494085254824e-11,2.4516374310536163e-09,5.4532581153435213e-11
land_chg_cum12_pct,kiscon_cnt_pub,4732,0.0682036003396391,2.6540557388762516e-06,0.09006232623983658,5.423828222762809e-10,False,land_house,kiscon,0.09006232623983658,5.497833299727972e-10,3.039866515548458e-09,2.344300828367152e-09
unsold_completed,kiscon_cnt_priv_yoy_pct,4377,-0.07612539701293297,4.6008582382770945e-07,-0.09362195663116979,5.44227250083802e-10,False,unsold,kiscon,0.09362195663116979,0.0005515940900384653,3.043126850816619e-09,0.0009365993609377967
land_area_m2,appr_vs_rtms_dae_3m,4548,-0.2781172383592636,1.437702410074685e-81,-0.09160691140427946,6.047630032115187e-10,False,site_price,valuation,0.09160691140427946,0.00025361155607028785,3.3737936058790742e-09,0.00047646329469640714
rtms_land_unit_3m,unsold_pct_completed,4041,-0.01526050503520925,0.332121633714637,-0.09702380156408254,6.395165453035071e-10,False,rtms_land,unsold,0.09702380156408254,8.134075606980318e-05,3.559433889564555e-09,0.00017007612632777028
vac_office,rtms_land_dae_n,4636,-0.056383740282499276,0.00012249088050399125,-0.09059242139020518,6.437882593538445e-10,False,commercial,rtms_land,0.09059242139020518,1.927635546739026e-07,3.574953237425726e-09,6.096147416562169e-07
rtms_land_unit_3m,rtms_apt_n_3m,4732,-0.02705167178166219,0.06278361964488882,-0.08953771267844184,6.827882715528933e-10,False,rtms_land,rtms_apt,0.08953771267844184,4.579373078206217e-05,3.782803987224076e-09,0.00010074620772053678
apt_idx,ah_supply_sum,3877,-0.05834611817261323,0.0002781112199925655,-0.09866407988314944,7.440826641451235e-10,False,land_house,applyhome,0.09866407988314944,9.59523882571034e-09,4.1129339921783206e-09,3.569993268977523e-08
discount_ratio,appr_unit_land_mn_m2,2829,-0.015867368720647104,0.3988710515784879,-0.11494885173544268,8.701558353340288e-10,False,site_price,valuation,0.11494885173544268,0.02124937952041739,4.798799915686521e-09,0.025474278706538137
house_idx,ah_supply_sum,3877,-0.04937433596776023,0.002103579685628175,-0.09823976586598043,8.798212767735765e-10,False,land_house,applyhome,0.09823976586598043,2.1715586440151924e-08,4.841025746630866e-09,7.701929957044537e-08
rtms_land_dae_n,appr_vs_rtms_all_3m,4548,0.008524854839940168,0.5654543569318567,-0.0906534158440337,9.097110314895703e-10,False,rtms_land,valuation,0.0906534158440337,2.818635325141372e-09,4.994085617061195e-09,1.1142417769699486e-08
ah_sale_unit_med,kiscon_cnt_priv_yoy_pct,3493,-0.10143376392589856,1.875315798977104e-09,-0.10313854370265246,9.977399147657382e-10,False,applyhome,kiscon,0.10313854370265246,5.88418203051333e-13,5.464893624057793e-09,3.308217897155272e-12
vac_midlarge,ah_sale_unit_med,3493,0.07007092467287343,3.399363989684336e-05,0.10265020672609877,1.1966731145451544e-09,False,commercial,applyhome,0.10265020672609877,9.103828801926284e-15,6.5396421905982365e-09,5.905817145864999e-14
capret_office,rtms_fac_n_yoy_pct,3726,0.06743291589556859,3.797303074648175e-05,0.09912025252855836,1.3335475979620835e-09,False,commercial,rtms_fac,0.09912025252855836,1.6799069557649204e-07,7.271153192508193e-09,5.357350333720902e-07
vac_midlarge,ah_under_ratio,3825,0.12192276965892553,3.840510742313077e-14,0.09760319820978752,1.4583992592076779e-09,False,commercial,applyhome,0.09760319820978752,0.00033598343958685106,7.933955337901813e-09,0.0006115382029890167
kiscon_cnt_indiv,kiscon_amt_all,4732,0.04714397651647225,0.001178806816532226,0.08772848808035276,1.4953547629844142e-09,True,kiscon,kiscon,0.08772848808035276,,8.11667788016315e-09,
capret_office,ah_rate_med,3464,0.12419619414629822,2.2099678732551758e-13,0.1024243643619724,1.5223143806704236e-09,False,commercial,applyhome,0.1024243643619724,1.462950804942409e-08,8.244444173967912e-09,5.338363754573502e-08
capret_office,rtms_apt_unit_3m,4636,0.08416619412899866,9.503329201445797e-09,0.08822410907371266,1.7753160239427745e-09,False,commercial,rtms_apt,0.08822410907371266,0.00023502185418355914,9.59012075943935e-09,0.00044373529185403324
rtms_nrg_unit_3m,unsold_total,4375,0.19567997194088677,5.16264137739958e-39,0.09080377335292647,1.7787485391989167e-09,False,rtms_nrg,unsold,0.09080377335292647,0.0008425887935363807,9.59012075943935e-09,0.0013665061843891302
rtms_nrg_n_yoy_pct,kiscon_cnt_pub,4716,0.06463858106859827,8.89595139921157e-06,0.08729751927696976,1.914831794370013e-09,False,rtms_nrg,kiscon,0.08729751927696976,6.337352864704826e-11,1.0300769250963686e-08,3.006281765194352e-10
yield_office,rtms_nrg_n_3m,4636,-0.004655270034997585,0.7513307901094124,-0.08765606861632082,2.255581996003984e-09,False,commercial,rtms_nrg,0.08765606861632082,0.00010739741402887582,1.2106798686791984e-08,0.00021912536894601274
round_no,kiscon_cnt_indiv,315,0.1441848784488339,0.010399452506891258,0.3284919406783111,2.321393730056036e-09,False,site_price,kiscon,0.3284919406783111,3.6810851048896254e-05,1.2432353087633437e-08,8.379363907868956e-05
capret_office,unsold_completed,4377,0.03625536441410851,0.01645255795480534,0.09002904375104749,2.4218830704613486e-09,False,commercial,unsold,0.09002904375104749,6.398695613762939e-05,1.2941769844372172e-08,0.00013719237205779862
rtms_nrg_n,rtms_apt_n_3m,4732,0.03514835806895003,0.015608329720681987,0.08643953322622498,2.5893912746538244e-09,False,rtms_nrg,rtms_apt,0.08643953322622498,3.9836646426039124e-08,1.3806267636981674e-08,1.3806399377791642e-07
yield_midlarge,unsold_pct_completed,4041,0.012728878807791222,0.4185480743276691,0.09344481457793542,2.659106326006661e-09,False,commercial,unsold,0.09344481457793542,0.004706366227521519,1.4146680454031022e-08,0.006447891636622442
rtms_apt_n,kiscon_cnt_pub,4732,0.006334289364130347,0.6631109574404899,0.08632147859609542,2.721868282326357e-09,False,rtms_apt,kiscon,0.08632147859609542,4.159555389016134e-08,1.4448684053758856e-08,1.4285531856394777e-07
land_chg_pct,rtms_land_n_yoy_pct,4724,0.05045260432832878,0.0005224622619492906,0.0862711335002899,2.8669913302562756e-09,False,land_house,rtms_land,0.0862711335002899,9.866578865036502e-08,1.5185602430588186e-08,3.2559710254620456e-07
vac_office,rtms_land_n_3m,4636,-0.07895100020136146,7.342435012026908e-08,-0.08692064714337748,3.068441747843568e-09,False,commercial,rtms_land,0.08692064714337748,0.0022729779100654213,1.6216983798910084e-08,0.0033304830767174804
rentidx_midlarge,yield_midlarge,4732,0.023152874410518495,0.11127956012016998,-0.08602324005761522,3.086617126518403e-09,True,commercial,commercial,0.08602324005761522,,1.627734633459377e-08,
house_idx,rtms_nrg_n_3m,4732,0.0357238517838209,0.013988355491545408,-0.0857148135367505,3.513761973259004e-09,False,land_house,rtms_nrg,0.0857148135367505,0.0009915988781683538,1.8489446191166374e-08,0.0015811419086760095
yield_midlarge,kiscon_amt_all,4732,0.05336541530892943,0.00024006768134484716,0.0855947185672017,3.6951971380542023e-09,False,commercial,kiscon,0.0855947185672017,1.8001649060295222e-09,1.9401797609391348e-08,7.229233670245541e-09
rentidx_midlarge,appr_vs_rtms_all_3m,4548,0.01886308587156185,0.20341984407062338,-0.08708635180791902,4.0394833421927145e-09,False,commercial,valuation,0.08708635180791902,0.0012286649884412082,2.1163380118879222e-08,0.0019149008752091929
rtms_nrg_n_yoy_pct,kiscon_cnt_all,4716,0.055983624969396274,0.00011978347547496046,0.08546002330982963,4.1523329550891964e-09,False,rtms_nrg,kiscon,0.08546002330982963,4.894062932692123e-10,2.170742390838387e-08,2.1348240033984603e-09
land_chg_pct,rtms_nrg_n_3m,4732,0.07425327434614891,3.1614552628421566e-07,0.08491124593493102,4.914875741224046e-09,False,land_house,rtms_nrg,0.08491124593493102,1.6040262663441496e-05,2.5638204624134093e-08,3.8527086587190176e-05
ah_supply_sum,kiscon_cnt_indiv,3877,0.20244721433728863,3.8521594898478525e-37,0.09371111575047873,5.036509761454359e-09,False,applyhome,kiscon,0.09371111575047873,5.384970247490628e-10,2.62159579375918e-08,2.3091482586697097e-09
rtms_apt_n,kiscon_amt_pub,4732,0.02812691806094142,0.05302599500412755,0.08482589730332687,5.092302920683677e-09,False,rtms_apt,kiscon,0.08482589730332687,8.421850294926259e-07,2.6449245773378578e-08,2.4212819597912993e-06
land_chg_cum12_pct,rtms_land_unit_3m,4732,0.0839574418373619,7.290959080099215e-09,0.08470758533229943,5.3485947088870675e-09,False,land_house,rtms_land,0.08470758533229943,0.0008615173396213649,2.7720673652511466e-08,0.0013912588527076936
rtms_land_n_3m,unsold_pct_completed,4041,-0.07453017445976826,2.106493003596343e-06,-0.09152654172025988,5.586918598825251e-09,False,rtms_land,unsold,0.09152654172025988,0.0012103207122773352,2.889372065057694e-08,0.0018972805283774229
yield_office,rtms_apt_n,4636,0.04417225713691385,0.0026274326303883625,0.08543674586968494,5.666332314455621e-09,False,commercial,rtms_apt,0.08543674586968494,1.6162554263843276e-06,2.9241672115284893e-08,4.4127261461356285e-06
bldg_area_m2,minbid_unit_land_mn_m2,916,0.02394743931292891,0.46913009941493866,0.19068497155702493,6.000416194775008e-09,False,site_price,valuation,0.19068497155702493,0.022550468932750034,3.0899579122666173e-08,0.026911644528234708
rtms_apt_n_yoy_pct,ah_rate_med,3478,-0.05126796095246203,0.0024912016620082613,0.09836157162862773,6.1419437509733334e-09,False,rtms_apt,applyhome,0.09836157162862773,2.1515027182061885e-07,3.156094763293333e-08,6.692584275075807e-07
vac_office,capret_midlarge,4636,-0.12935300748421438,9.384716834980712e-19,-0.0850123601954527,6.740210312438937e-09,True,commercial,commercial,0.0850123601954527,,3.456150394250604e-08,
ah_under_ratio,kiscon_amt_priv,3825,0.08305274136471504,2.6932551884179483e-07,0.09304352979316187,8.163228808062414e-09,False,applyhome,kiscon,0.09304352979316187,1.8024276329242639e-06,4.176938731938518e-08,4.903378399245578e-06
vac_midlarge,rtms_land_dae_n,4732,-0.04603705980260509,0.0015364431637737428,-0.0832719839532783,9.654309704470065e-09,False,commercial,rtms_land,0.0832719839532783,4.350509841266614e-08,4.9294250821552666e-08,1.4874040403249372e-07
ah_sale_unit_med,kiscon_amt_pub,3493,0.02615257703243709,0.12225669016428205,0.09582776057892478,1.3900464827147942e-08,False,applyhome,kiscon,0.09582776057892478,5.667467384284919e-09,7.082477850618718e-08,2.1725291639758858e-08
ah_under_ratio,kiscon_amt_priv_yoy_pct,3825,-0.005197002273224448,0.7479724818757376,0.09153682456291787,1.417188472298584e-08,False,applyhome,kiscon,0.09153682456291787,2.0132597589039847e-08,7.205536325399973e-08,7.174010126798706e-08
rtms_land_dae_med_unit,appr_vs_rtms_all_3m,4486,-0.00013599649726513314,0.9927344186028632,-0.08442885534316245,1.484194366740265e-08,False,rtms_land,valuation,0.08442885534316245,1.4341115934790594e-06,7.530333523882187e-08,3.92956931209605e-06
rtms_land_dae_n_3m,kiscon_cnt_indiv,4732,0.03914282439424681,0.007082559326663686,0.08219557520448012,1.4937101189109207e-08,False,rtms_land,kiscon,0.08219557520448012,4.369690491001776e-06,7.562691988603612e-08,1.131943714221962e-05
yield_midlarge,rtms_apt_med_unit,4731,0.05649929874648892,0.00010097842992835008,0.08212673543024536,1.541064506395021e-08,False,commercial,rtms_apt,0.08212673543024536,7.922664994275408e-06,7.786091111974844e-08,1.971574665788536e-05
rtms_fac_med_unit,unsold_pct_completed,3304,0.02635269701281269,0.12991067944644671,0.09820525023901454,1.5456199813161807e-08,False,rtms_fac,unsold,0.09820525023901454,1.0055904475780864e-06,7.792770198686183e-08,2.826826480413954e-06
land_chg_pct,rtms_apt_n_3m,4732,-0.00866395481361655,0.5512800198714785,0.08198553424238043,1.625461036291881e-08,False,land_house,rtms_apt,0.08198553424238043,0.0017204124806617926,8.178206884057273e-08,0.0025960100851337986
rtms_fac_n,rtms_land_n_yoy_pct,4724,0.15215223880899295,7.279261029985228e-26,0.08204390808778578,1.632539086519784e-08,False,rtms_fac,rtms_land,0.08204390808778578,5.4359567958073285e-09,8.196706663568083e-08,2.0943610192983566e-08
apt_idx_yoy_pct,rtms_apt_med_unit,4394,0.008957162322992308,0.5527872625272533,0.08487724128306766,1.7521217133360455e-08,False,land_house,rtms_apt,0.08487724128306766,0.0014509601678129869,8.778821890103679e-08,0.002211403147329432
rtms_fac_n,kiscon_amt_pub,4732,0.021265137314218318,0.14357746610616376,0.08169562127577357,1.8259909927438033e-08,False,rtms_fac,kiscon,0.08169562127577357,3.1259060493393775e-06,9.129954963719017e-08,8.324781373503816e-06
capret_office,ah_n_pblanc,3857,-0.12648483443647085,3.1593237485729557e-15,-0.09044278701016667,1.8375343067501853e-08,False,commercial,applyhome,0.09044278701016667,1.2497212529494206e-05,9.16864943947815e-08,3.049962800606464e-05
rtms_apt_med_unit,kiscon_cnt_all,4731,-0.022197215760525153,0.12687060793576993,-0.08144269964371072,2.0273221495745805e-08,False,rtms_apt,kiscon,0.08144269964371072,1.6973065841696666e-08,1.00947239266007e-07,6.105477238790412e-08
rtms_nrg_n_yoy_pct,kiscon_amt_all,4716,0.02407266437848553,0.09834171000602587,0.08151413505265376,2.0744168647048962e-08,False,rtms_nrg,kiscon,0.08151413505265376,2.361984541288109e-08,1.0307927100904742e-07,8.338354729477556e-08
round_no,kiscon_amt_all,315,-0.12833771399863744,0.022718136581370407,-0.3085800461049281,2.2442348104893756e-08,False,site_price,kiscon,0.3085800461049281,3.6927206642278776e-05,1.112881871045143e-07,8.379363907868956e-05
round_no,rtms_apt_n_yoy_pct,315,0.0996899968353741,0.07727994138797108,0.3078457417607178,2.432408971809084e-08,False,site_price,rtms_apt,0.3078457417607178,1.1966942872199127e-06,1.2037177868706146e-07,3.3298866946810724e-06
capret_office,ah_under_ratio,3811,-0.13158267742530183,3.467293038315642e-16,-0.09002537936871066,2.59092493662433e-08,False,commercial,applyhome,0.09002537936871066,2.6699091151272114e-06,1.2795346510788188e-07,7.1606396409242175e-06
rentidx_office,capret_office,4636,-0.06310703585725223,1.7082075596157874e-05,-0.08128864822047285,2.9822213719027766e-08,True,commercial,commercial,0.08128864822047285,,1.469765543207708e-07,
min_bid_mn,rtms_apt_n_3m,2873,0.04290496125423593,0.02146067939025383,-0.10315256273673765,3.0006812886367375e-08,False,site_price,rtms_apt,0.10315256273673765,0.0011023343085048154,1.4758452868601097e-07,0.0017396259488191628
rtms_apt_n_3m,minbid_unit_land_mn_m2,2850,0.01648096067548076,0.37912140413377526,-0.10354955462783551,3.0159612618018157e-08,False,rtms_apt,valuation,0.10354955462783551,0.0006180657786962751,1.4803394380738036e-07,0.0010355671656301828
house_idx_yoy_pct,kiscon_cnt_indiv,4394,0.08515539646823038,1.5732103465583916e-08,0.08344948593678814,3.029423861745409e-08,False,land_house,kiscon,0.08344948593678814,0.0013948449828431464,1.4839251030094384e-07,0.0021344502862458634
yield_office,unsold_total,4377,0.1281511070487168,1.723984457192273e-17,0.08351620380622819,3.140270225032393e-08,False,commercial,unsold,0.08351620380622819,0.001862312300761726,1.535101671871819e-07,0.0027715588946630393
rtms_apt_med_unit,rtms_fac_n,4731,-0.034195095880137284,0.018668635813668295,-0.08021875061731897,3.293452899287159e-08,False,rtms_apt,rtms_fac,0.08021875061731897,9.335408288624336e-07,1.606724997425517e-07,2.6597900651297847e-06
capret_office,unsold_total,4377,0.10869837600166542,5.567135694269455e-13,0.08331859385428,3.384364606633613e-08,False,commercial,unsold,0.08331859385428,0.00037680101557358014,1.647741151916567e-07,0.0006697704234668555
rtms_land_dae_n_3m,unsold_completed,4377,-0.09667016408763807,1.4668967194038572e-10,-0.08297511904194996,3.8530894761926745e-08,False,rtms_land,unsold,0.08297511904194996,0.0019347348698153244,1.8721664591984568e-07,0.0028625024682062987
rtms_land_dae_n,rtms_fac_n,4732,0.1139489828862506,3.779113366631675e-15,0.0796873970869673,4.04350953365755e-08,False,rtms_land,rtms_fac,0.0796873970869673,7.078868162757601e-07,1.9607360112906833e-07,2.0429129032444942e-06
yield_office,rtms_fac_n_yoy_pct,3726,0.06557409678479537,6.184062926423137e-05,0.08883351701899285,5.591209037969e-08,False,commercial,rtms_fac,0.08883351701899285,9.527079232185542e-07,2.705785899900661e-07,2.6981541556823982e-06
vac_office,ah_rate_med,3464,0.021536481689284973,0.20507113184484765,-0.09174425714819567,6.332835281526021e-08,False,commercial,applyhome,0.09174425714819567,0.0008294852096666361,3.0585436930817057e-07,0.0013510284852724823
house_idx_yoy_pct,yield_office,4394,0.11959302556188639,1.8087954083936265e-15,0.08112940921097425,7.236647279098278e-08,False,land_house,commercial,0.08112940921097425,0.009324183791357576,3.48806398852537e-07,0.01197471319397699
capret_midlarge,unsold_pct_completed,4041,-0.01730880636090487,0.2713133476891646,0.08453580699773558,7.373741264386461e-08,False,commercial,unsold,0.08453580699773558,0.00812928331429763,3.5470491910521697e-07,0.010583406578991256
vac_midlarge,unsold_total,4377,0.028343980276224943,0.0607861702421544,-0.0811833525805206,7.517312511342422e-08,False,commercial,unsold,0.0811833525805206,0.028585148957079642,3.6089089944890907e-07,0.03332458106357353
kiscon_cnt_all,kiscon_amt_priv_yoy_pct,4732,-0.009318470071487983,0.5216150904159382,0.07796113554299694,7.888209966918506e-08,True,kiscon,kiscon,0.07796113554299694,,3.7794405606905765e-07,
rtms_fac_n,kiscon_cnt_priv_yoy_pct,4732,0.04004654826495842,0.005866330111692031,0.07792881460863078,7.986462947342825e-08,False,rtms_fac,kiscon,0.07792881460863078,6.099248532898116e-07,3.818923750614327e-07,1.76691970857621e-06
discount_ratio,land_chg_cum12_pct,2853,0.0009826197899444784,0.9581604486462133,0.09995658531704048,8.790919412284369e-08,False,site_price,land_house,0.09995658531704048,0.014277545152975968,4.195270452199075e-07,0.017620580115624
house_idx_yoy_pct,rtms_land_n_3m,4394,0.10437962740604219,4.032914343825468e-12,0.08035390445240409,9.6311041396731e-08,False,land_house,rtms_land,0.08035390445240409,0.00543828326592366,4.5871464380656464e-07,0.0072926802099577
land_chg_cum12_pct,minbid_unit_land_mn_m2,2850,-0.021686986886910058,0.24711040519016322,0.09966383047913777,9.738505527275327e-08,False,land_house,valuation,0.09966383047913777,0.009880875083946306,4.629151542550994e-07,0.012625562607264723
rtms_nrg_n_3m,minbid_vs_rtms_dae_3m,2850,-0.007925187513267363,0.6723607264284449,-0.09932120209028428,1.0776605954192537e-07,False,rtms_nrg,valuation,0.09932120209028428,0.0003968302568158055,5.112523690866932e-07,0.0007020082735456775
ah_rate_med,kiscon_cnt_all,3478,0.009161066640811311,0.5891369670959746,0.08970635745671862,1.1632483706471821e-07,False,applyhome,kiscon,0.08970635745671862,4.3942154359655206e-09,5.50771821858489e-07,1.7016375081111377e-08
rtms_fac_n_yoy_pct,kiscon_cnt_priv_yoy_pct,3791,0.04675449965965396,0.003984944356568874,0.08591446228730956,1.171415012245609e-07,False,rtms_fac,kiscon,0.08591446228730956,2.902958721184845e-06,5.535510155905721e-07,7.758259399222879e-06
apt_idx_yoy_pct,capret_midlarge,4394,0.067601425783513,7.292457743910569e-06,0.07956044192322893,1.2868079756584373e-07,False,land_house,commercial,0.07956044192322893,0.02713732837139271,6.068264597208324e-07,0.03183498026875899
rtms_apt_n_3m,unsold_pct_completed,4041,-0.022901170916404104,0.14551931965819534,0.08294793907448923,1.2891914828923907e-07,False,rtms_apt,unsold,0.08294793907448923,0.001779912622273061,6.068264597208324e-07,0.0026646029197342274
land_chg_cum12_pct,kiscon_amt_priv,4732,-0.12882447418355922,5.762176016220111e-19,-0.07655141050389852,1.3473777752760977e-07,False,land_house,kiscon,0.07655141050389852,1.1524595233680657e-07,6.32978642965964e-07,3.78665271963793e-07
apt_idx_yoy_pct,kiscon_cnt_indiv,4394,0.07461685981534538,7.358947589097131e-07,0.07940456751982652,1.3617415803062064e-07,False,land_house,kiscon,0.07940456751982652,0.0018675580167539785,6.38481947186373e-07,0.0027739266824193145
rtms_land_n_yoy_pct,kiscon_amt_all,4724,0.008856215495122046,0.5428223616080015,0.07657392684890678,1.3688894891381062e-07,False,rtms_land,kiscon,0.07657392684890678,3.358496856176174e-07,6.40587120159774e-07,1.0155773361903251e-06
round_no,kiscon_cnt_priv_yoy_pct,315,0.11444608302469624,0.042375321100988225,0.29125903594014196,1.4146615422903727e-07,False,site_price,kiscon,0.29125903594014196,1.87699337002023e-05,6.607237048294183e-07,4.4381245104216655e-05
ah_n_pblanc,kiscon_amt_priv,3877,0.014550548473492035,0.36506615365931505,0.08412722441904218,1.5557121088602312e-07,False,applyhome,kiscon,0.08412722441904218,1.3533996856551767e-07,7.251965536466455e-07,4.427717075052927e-07
rentidx_midlarge,ah_sale_unit_med,3493,-0.036449891319914066,0.031225123384253907,-0.08833987622927737,1.700739390627921e-07,False,commercial,applyhome,0.08833987622927737,1.334058945534622e-06,7.912706431299787e-07,3.669086521440601e-06
round_no,kiscon_amt_priv,315,-0.11598564837418832,0.0396568452972672,-0.28881988896281907,1.815795229329331e-07,False,site_price,kiscon,0.28881988896281907,0.0002914683991241951,8.431727365479166e-07,0.0005382591604264332
ah_rate_med,kiscon_amt_priv_yoy_pct,3478,-0.05524132603119689,0.0011174612945960064,-0.08829530334131462,1.8332762787823323e-07,False,applyhome,kiscon,0.08829530334131462,4.3517883885124675e-05,8.496530445895039e-07,9.629759145425548e-05
land_area_m2,minbid_vs_rtms_dae_3m,2850,-0.16489412127387476,8.016783277799643e-19,-0.0971837890929966,2.0119847550975777e-07,False,site_price,valuation,0.0971837890929966,0.0011024507001080597,9.306877657936971e-07,0.0017396259488191628
apt_idx,kiscon_amt_pub,4732,0.04285667843448292,0.0031914788033420315,0.07545539863322621,2.029887298440678e-07,False,land_house,kiscon,0.07545539863322621,7.806319135972295e-05,9.371701895099681e-07,0.00016458322845008255
rtms_fac_unit_3m,unsold_pct_completed,3795,0.00746709112337352,0.6456207665998883,0.08400489562332453,2.1897976067894574e-07,False,rtms_fac,unsold,0.08400489562332453,0.0019956628890374084,1.0090654363982012e-06,0.002941180840348336
land_chg_pct,rtms_fac_n_3m,4732,0.08742931840285327,1.6997840520047907e-09,0.07477703967264776,2.60862443807155e-07,False,land_house,rtms_fac,0.07477703967264776,0.0003302849462352153,1.199768109876419e-06,0.0006040633113072974
vac_office,rtms_land_unit_3m,4636,-0.028373984125412737,0.05338409376782308,-0.07534437965831593,2.806784871127205e-07,False,commercial,rtms_land,0.07534437965831593,0.0005554808846905956,1.2884479122698217e-06,0.0009389977538533678
rentidx_office,appr_vs_rtms_all_3m,4453,-0.0067226584114766655,0.6538013960197414,-0.07685497632401943,2.8251931753821117e-07,False,commercial,valuation,0.07685497632401943,0.009426791597760387,1.2944326145762147e-06,0.012086038551858334
rentidx_office,rtms_apt_n_yoy_pct,4636,-0.18384363661251457,1.5986303904172858e-36,-0.07517228318474359,2.987802959843024e-07,False,commercial,rtms_apt,0.07517228318474359,0.00021383537892449844,1.366338734956677e-06,0.00040676955539773016
vac_office,kiscon_cnt_priv,4636,0.08749906396770586,2.4092658438399767e-09,0.07505472173422838,3.1178829946688836e-07,False,commercial,kiscon,0.07505472173422838,1.668636562257575e-08,1.4215211090726569e-06,6.030929289302378e-08
house_idx,kiscon_amt_pub,4732,0.03816380199599789,0.008651341849614755,0.07428675704415665,3.122966495194189e-07,False,land_house,kiscon,0.07428675704415665,0.0002518715530814841,1.4215211090726569e-06,0.0004743685081609093
vac_midlarge,unsold_pct_completed,4041,0.038093178531827254,0.015449386160321222,0.08036924890815558,3.1261667543921497e-07,False,commercial,unsold,0.08036924890815558,0.016865944480132677,1.4215211090726569e-06,0.020613932142384384
apt_idx,minbid_unit_land_mn_m2,2850,-0.009162770768609416,0.6248744200576102,0.09558890030482894,3.178852546352254e-07,False,land_house,valuation,0.09558890030482894,0.014840141114961458,1.44275605211091e-06,0.01825553825973379
min_bid_mn,kiscon_cnt_priv_yoy_pct,2873,0.00783869726323182,0.6744995461943767,0.09518983893176522,3.194402645708039e-07,False,site_price,kiscon,0.09518983893176522,0.0004535749272409628,1.447088416570747e-06,0.0007859894287120794
capret_office,rtms_nrg_n_3m,4636,-0.0012494835157733737,0.9322199328900285,-0.07454221969429753,3.751660545815599e-07,False,commercial,rtms_nrg,0.07454221969429753,0.0006413766580555258,1.696341822779661e-06,0.0010699008427783386
discount_ratio,appr_vs_rtms_all_3m,2829,-0.01217330860369072,0.5174921805540268,-0.09511289325826752,4.016912002766783e-07,False,site_price,valuation,0.09511289325826752,0.0041996167648334914,1.8128760162299526e-06,0.005837928799466338
round_no,kiscon_amt_pub,315,-0.1267312284793252,0.024487626773432775,-0.28055674781498113,4.157294974759271e-07,False,site_price,kiscon,0.28055674781498113,0.0004023949566935858,1.8708009430909028e-06,0.0007053528224721285
house_idx_yoy_pct,rtms_apt_med_unit,4394,0.03524865028993915,0.019460122325652213,0.07626679177485292,4.160785499986406e-07,False,land_house,rtms_apt,0.07626679177485292,0.007849176426277138,1.8708009430909028e-06,0.01024524705484631
ah_under_ratio,ah_sale_unit_med,3441,-0.06643517025303639,9.619960586224193e-05,-0.08602691469060389,4.3292473505650923e-07,True,applyhome,applyhome,0.08602691469060389,,1.9429210642200878e-06,
vac_office,kiscon_cnt_pub,4636,-0.10959163233667438,7.29615319851903e-14,-0.07406705419522532,4.4490523019317824e-07,False,commercial,kiscon,0.07406705419522532,4.505440465152333e-11,1.9929769605307797e-06,2.2062124600326586e-10
round_no,kiscon_cnt_pub,315,-0.13013835491558967,0.020867245845749248,-0.2781980986889061,5.240599834547209e-07,False,site_price,kiscon,0.2781980986889061,8.826143804041564e-06,2.343199554964522e-06,2.1750140088530996e-05
rtms_land_dae_n_3m,rtms_land_dae_unit_3m,4732,0.0910017913839456,3.579713249904729e-10,0.07274192393517298,5.465736262734754e-07,True,rtms_land,rtms_land,0.07274192393517298,,2.439337850590881e-06,
ah_n_pblanc,kiscon_cnt_indiv,3877,0.18981143002370388,8.932816000222372e-33,0.08033862864235024,5.476641178141506e-07,False,applyhome,kiscon,0.08033862864235024,9.722562262082235e-05,2.4396867355491738e-06,0.00019999023707552535
land_chg_pct,kiscon_amt_all,4732,0.01185269128955456,0.41498397203242177,0.0723118729350866,6.374696767921162e-07,False,land_house,kiscon,0.0723118729350866,5.372534577219312e-07,2.8345053894261995e-06,1.58052470701917e-06
discount_ratio,vac_office,2809,-0.04430405596593321,0.018863231985286825,-0.0931048700421936,7.68893622124114e-07,False,site_price,commercial,0.0931048700421936,0.03303750080096002,3.412584952705552e-06,0.03799312592110402
land_chg_cum12_pct,yield_office,4636,0.024096567683383037,0.10090392032430905,-0.07246775770975235,7.837860370529428e-07,False,land_house,commercial,0.07246775770975235,0.039047336490564355,3.4722874067970445e-06,0.04436665927595561
land_chg_pct,ah_under_ratio,3825,0.017358732949010615,0.2831328081708335,0.07965363850913586,8.116968946100104e-07,False,land_house,applyhome,0.07965363850913586,0.0003447848716144897,3.589338561486468e-06,0.0006209430939269815
rtms_nrg_n_yoy_pct,kiscon_cnt_priv,4716,0.03136142760703936,0.0312679072511151,0.07171284160393025,8.23188009708174e-07,False,rtms_nrg,kiscon,0.07171284160393025,1.3961983769128494e-07,3.6334855373565924e-06,4.54090555968866e-07
land_area_m2,appr_vs_rtms_all_3m,4548,-0.19079086953482355,1.5355867192632943e-38,-0.0728039597665342,8.878716675391136e-07,False,site_price,valuation,0.0728039597665342,0.003967044761269856,3.911829467585492e-06,0.0055349025253746695
rtms_land_dae_n,kiscon_cnt_priv_yoy_pct,4732,0.020577186844149324,0.1569890632534998,0.07121284229826617,9.408149033044802e-07,False,rtms_land,kiscon,0.07121284229826617,3.919614073977229e-06,4.137525395919338e-06,1.0258576145340403e-05
house_idx,ah_n_pblanc,3877,-0.010105061613647371,0.5293421891498821,-0.07853957890603083,9.765873638052493e-07,False,land_house,applyhome,0.07853957890603083,2.1436822326137417e-06,4.287022853862753e-06,5.7902306567751955e-06
rentidx_office,kiscon_cnt_all,4636,-0.010185650814222725,0.4880878150739382,0.07170057448856353,1.0241764773609502e-06,False,commercial,kiscon,0.07170057448856353,5.638554909648263e-07,4.487755109890709e-06,1.6523796047965375e-06
apt_idx_yoy_pct,ah_n_pblanc,3674,-0.05340858777798592,0.0012016303330689498,-0.08005137332359197,1.183720363930992e-06,False,land_house,applyhome,0.08005137332359197,3.4462824518577406e-06,5.177433896685464e-06,9.145903429930158e-06
house_idx,minbid_unit_land_mn_m2,2850,-0.007393371346605585,0.6931895867050064,0.09064602473761979,1.2532251237794142e-06,False,land_house,valuation,0.09064602473761979,0.015475754562761734,5.4715082396891096e-06,0.01900663060378019
land_area_m2,appraisal_mn,4548,-0.047891638215540905,0.001234773153287286,0.07179004638892711,1.257459894629611e-06,True,site_price,site_price,0.07179004638892711,,5.480069341875882e-06,
vac_office,unsold_completed,4377,-0.0027463918899263843,0.8558599885113659,0.07269934472173387,1.474163812331648e-06,False,commercial,unsold,0.07269934472173387,0.022697851250193857,6.412878678193631e-06,0.027045006434689385
vac_midlarge,kiscon_cnt_priv,4732,-0.01826692753920433,0.2089904508592159,-0.06989802397358826,1.4877859019907424e-06,False,commercial,kiscon,0.06989802397358826,2.637057239240903e-10,6.460475718554395e-06,1.1704833009262255e-09
apt_idx,ah_n_pblanc,3877,-0.024040289450881526,0.1344932870480932,-0.077183311782768,1.4980854090952944e-06,False,land_house,applyhome,0.077183311782768,4.020154221739958e-06,6.493499704891474e-06,1.0449647446235026e-05
yield_midlarge,rtms_land_n,4732,-0.07219928509281165,6.635734609267992e-07,-0.06958513288280511,1.6572684592557172e-06,False,commercial,rtms_land,0.06958513288280511,9.624215477899156e-07,7.1705870499215044e-06,2.715531430381212e-06
rtms_apt_n_yoy_pct,kiscon_cnt_priv,4732,-0.016556420490873226,0.2548343098432794,0.06957523327649148,1.6629225417129706e-06,False,rtms_apt,kiscon,0.06957523327649148,4.995394462525837e-07,7.182156497362471e-06,1.4752935397109379e-06
rtms_fac_n,kiscon_cnt_priv,4732,0.07391693710822522,3.5743601156426507e-07,0.06955695369960953,1.6734115250257567e-06,False,rtms_fac,kiscon,0.06955695369960953,2.7695211183065283e-05,7.2145291150484325e-06,6.408739417056874e-05
rtms_nrg_n_3m,kiscon_amt_priv_yoy_pct,4732,0.03411883731557944,0.018921081925806073,0.06928398993262318,1.8378077837236107e-06,False,rtms_nrg,kiscon,0.06928398993262318,7.608814350357207e-06,7.903484712283091e-06,1.9021863479428224e-05
rtms_land_dae_n,minbid_vs_rtms_all_3m,2850,0.007547599062672364,0.6871244182054164,-0.08921629119143458,1.8397738272161054e-06,False,rtms_land,valuation,0.08921629119143458,3.7204817351144115e-05,7.903484712283091e-06,8.379363907868956e-05
land_chg_cum12_pct,rtms_apt_n,4732,-0.1135193240390572,4.79379379725677e-15,-0.06926892082613764,1.8473213024864913e-06,False,land_house,rtms_apt,0.06926892082613764,0.0017878575954128895,7.92178708005773e-06,0.002669578450019195
rentidx_midlarge,rtms_nrg_med_unit,4711,-0.0400998054496448,0.0059106743996913125,-0.0693342030852184,1.904122082342168e-06,False,commercial,rtms_nrg,0.0693342030852184,0.00034096288802420993,8.150860068285302e-06,0.0006188410830398772
rtms_nrg_unit_3m,rtms_apt_unit_3m,4730,0.02439196410271793,0.09347144583653735,0.06915133630245981,1.932816903307097e-06,False,rtms_nrg,rtms_apt,0.06915133630245981,0.004376159246449962,8.259022583280325e-06,0.006072220965366583
capret_office,ah_sale_unit_med,3479,0.08724209842491237,2.5528139883336595e-07,0.08048634485635357,2.0008656815477056e-06,False,commercial,applyhome,0.08048634485635357,6.382989536923844e-08,8.534666004477825e-06,2.1531951371223102e-07
round_no,kiscon_amt_indiv,315,0.11457915875677055,0.042134308358898406,0.26368440859321884,2.079110109860817e-06,False,site_price,kiscon,0.26368440859321884,0.00018412934679079562,8.85274799428369e-06,0.00035742755553507384
apt_idx_yoy_pct,rtms_land_dae_n_3m,4394,0.031187293042197653,0.038712049205246034,0.0713796461665531,2.177020449366861e-06,False,land_house,rtms_land,0.0713796461665531,0.00541419212339167,9.253296795368844e-06,0.007273224463104916
vac_office,kiscon_amt_pub,4636,-0.1685044976790062,7.14803967589062e-31,-0.0694069626827927,2.2427206924910295e-06,False,commercial,kiscon,0.0694069626827927,2.0476417894599308e-07,9.515769135393277e-06,6.448797170954719e-07
appr_unit_land_mn_m2,minbid_vs_rtms_all_3m,2845,0.7595129326163018,0.0,0.08851331936067577,2.263190155224041e-06,True,valuation,valuation,0.08851331936067577,,9.585743891194971e-06,
rtms_land_dae_unit_3m,rtms_nrg_unit_3m,4730,0.04987265964945738,0.0006008718048817062,0.06861986921109968,2.31646488304958e-06,False,rtms_land,rtms_nrg,0.06861986921109968,0.0002759145557231779,9.794176084472786e-06,0.0005120272562197849
capret_office,rtms_land_unit_3m,4636,0.07458876051366159,3.689326779607042e-07,0.06922794715914984,2.38180936415363e-06,False,commercial,rtms_land,0.06922794715914984,0.0036351944562116323,1.0052820608774517e-05,0.005109467763453016
capret_midlarge,ah_under_ratio,3825,-0.12305702650654307,2.2197709999383267e-14,-0.07605999168774592,2.485252238084312e-06,False,commercial,applyhome,0.07605999168774592,0.0006592977829564806,1.0471080233886699e-05,0.0010973838097894052
appraisal_mn,minbid_unit_land_mn_m2,2845,0.00403583215853672,0.8296334720357668,0.08796240973826894,2.6164993718920576e-06,False,site_price,valuation,0.08796240973826894,0.05400378867045896,1.099291487480757e-05,0.0603665325491581
yield_midlarge,kiscon_amt_priv_yoy_pct,4732,-0.004278823329533759,0.768557823069536,-0.06824383744440193,2.618229517900226e-06,False,commercial,kiscon,0.06824383744440193,1.5602935429459563e-05,1.099291487480757e-05,3.7595644415745424e-05
apt_idx,rtms_land_dae_unit_3m,4732,-0.031622516885711716,0.029610077602859178,0.0681617397102828,2.691826506180822e-06,False,land_house,rtms_land,0.0681617397102828,0.004523572024835776,1.1282264138949184e-05,0.006242529394273371
rtms_fac_n_3m,kiscon_cnt_indiv,4732,0.03979233715341622,0.00618784999181603,0.06773125505411476,3.111391103984968e-06,False,rtms_fac,kiscon,0.06773125505411476,9.313104507402414e-05,1.3018146806603772e-05,0.00019313241314531236
rtms_apt_med_unit,ah_rate_med,3478,0.006996794280847474,0.6799805560734956,-0.07870482964502586,3.365933967425972e-06,False,rtms_apt,applyhome,0.07870482964502586,6.6912380500827595e-06,1.4058753659439501e-05,1.6816720794744417e-05
apt_idx_yoy_pct,rtms_fac_unit_3m,4064,-0.09510447663721518,1.2416419595468997e-09,-0.07280821004401754,3.380609957857605e-06,False,land_house,rtms_fac,0.07280821004401754,0.005131566358464568,1.4095622834665793e-05,0.006925905036594222
rtms_apt_med_unit,kiscon_cnt_pub,4731,-0.0023643079076731896,0.8708493649531541,-0.06741094954747785,3.471774498203153e-06,False,rtms_apt,kiscon,0.06741094954747785,9.973157145459766e-06,1.4450736685094299e-05,2.4497172405838066e-05
vac_midlarge,kiscon_amt_indiv,4732,-0.0013699709510508781,0.9249385201315456,-0.06695331725086746,4.033599513904008e-06,False,commercial,kiscon,0.06695331725086746,9.356573746899244e-07,1.6760301428463206e-05,2.6597900651297847e-06
land_chg_cum12_pct,rtms_land_n,4732,0.06262941724718452,1.622660391153155e-05,0.06686732846903753,4.150302022750488e-06,False,land_house,rtms_land,0.06686732846903753,0.00042329889721193226,1.721553851089273e-05,0.0007385835930663369
land_chg_cum12_pct,kiscon_cnt_priv,4732,0.06436076059093065,9.38967145253664e-06,0.06678146541393584,4.270057510549394e-06,False,land_house,kiscon,0.06678146541393584,3.939961384258339e-06,1.7674380497558473e-05,1.0276394125952163e-05
yield_midlarge,rtms_nrg_n,4732,0.03222816768668505,0.0266264548235956,-0.06677755703298338,4.2755866514840625e-06,False,commercial,rtms_nrg,0.06677755703298338,0.0001895600065464631,1.7674380497558473e-05,0.0003653727747901365
vac_midlarge,kiscon_cnt_pub,4732,-0.07168194680833885,7.973484244931852e-07,-0.06658135435509603,4.562138343886596e-06,False,commercial,kiscon,0.06658135435509603,4.799027841784209e-11,1.882663254925804e-05,2.320039574467653e-10
house_idx,rtms_land_dae_unit_3m,4732,-0.02325566685955066,0.1097006335637856,0.06648078456624401,4.7160603524412675e-06,False,land_house,rtms_land,0.06648078456624401,0.006289692355288201,1.9428556323732403e-05,0.008360554286626524
discount_ratio,rtms_apt_n_3m,2853,-0.04393261461844247,0.01894057126109505,-0.08553365279521494,4.761426536330767e-06,False,site_price,rtms_apt,0.08553365279521494,0.002730952152779187,1.958197602825452e-05,0.0039035643765713804
rtms_nrg_n,unsold_completed,4377,0.04483551193751642,0.00300806211968982,0.06887633719664597,5.093533498323857e-06,False,rtms_nrg,unsold,0.06887633719664597,1.2176146804154797e-06,2.091212219925127e-05,3.372881541734851e-06
land_area_m2,minbid_vs_rtms_all_3m,2850,-0.16050153352805913,6.6591769199351044e-18,-0.08499984453634007,5.520072910406043e-06,False,site_price,valuation,0.08499984453634007,0.005014021337166774,2.2593933557912482e-05,0.006807946681412489
rtms_land_med_unit,rtms_land_n_yoy_pct,4718,-0.008274969279684135,0.5698667735616257,0.06609840705314009,5.52191986124915e-06,True,rtms_land,rtms_land,0.06609840705314009,,2.2593933557912482e-05,
house_idx_yoy_pct,rtms_nrg_unit_3m,4394,0.06063943890455854,5.766201388243204e-05,0.06820819945782425,6.0304634193205e-06,False,land_house,rtms_nrg,0.06820819945782425,0.009991227698847638,2.4632909899258316e-05,0.012681173617768157
min_bid_mn,apt_idx,2873,-0.011512475022044888,0.537350250572473,0.08416714122489126,6.259048963390478e-06,False,site_price,land_house,0.08416714122489126,0.04452927279570629,2.552336379318283e-05,0.05021949190481586
vac_midlarge,rtms_nrg_unit_3m,4730,0.11297626276933932,6.5515282956833954e-15,0.06555804135749159,6.4093040920789306e-06,False,commercial,rtms_nrg,0.06555804135749159,0.003419068733626407,2.6091930509983486e-05,0.00481460699224943
apt_idx,kiscon_cnt_pub,4732,0.001684315431761495,0.9077850976919882,0.06541173017227464,6.6913631634915335e-06,False,land_house,kiscon,0.06541173017227464,5.1180009148499295e-06,2.7194241524476553e-05,1.3079335671283153e-05
apt_idx_yoy_pct,rtms_apt_n_yoy_pct,4394,-0.1441979803854253,7.541462849508458e-22,-0.06779222072360047,6.870668308613725e-06,False,land_house,rtms_apt,0.06779222072360047,0.006893479637964717,2.787594381104222e-05,0.009099393122113426
rtms_apt_unit_3m,ah_n_pblanc,3877,0.10955222306963597,7.93449345797433e-12,0.07215045433186403,6.895100470248683e-06,False,rtms_apt,applyhome,0.07215045433186403,1.0342586034051138e-05,2.7928054005545083e-05,2.5322654193047785e-05
rtms_nrg_med_unit,kiscon_amt_all,4711,0.044829895027473456,0.002085992721970613,0.06534911251081428,7.15726131182474e-06,False,rtms_nrg,kiscon,0.06534911251081428,3.467053218697558e-05,2.894127476761346e-05,7.926184918648934e-05
land_chg_pct,ah_supply_sum,3877,0.05199126508166446,0.0012019727966960585,0.07198367617136257,7.240971640571957e-06,False,land_house,applyhome,0.07198367617136257,3.930849867828101e-05,2.92307230381548e-05,8.826967602608073e-05
rtms_fac_unit_3m,unsold_total,4037,-0.039221080266841485,0.01269572975577516,-0.07050361893352446,7.332232353345637e-06,False,rtms_fac,unsold,0.07050361893352446,0.0038521052505791076,2.954963205946987e-05,0.005394368791862625
rentidx_midlarge,kiscon_cnt_priv,4732,0.03708518377403082,0.010732925872828765,0.06507925130605051,7.45247468786422e-06,False,commercial,kiscon,0.06507925130605051,6.124319090750063e-06,2.9984080129804287e-05,1.5546348461134777e-05
yield_office,rtms_nrg_n,4636,0.041758424622497806,0.004458899842298839,-0.06562108748378137,7.762367335877634e-06,False,commercial,rtms_nrg,0.06562108748378137,3.979732706405059e-05,3.117884213244183e-05,8.884168012239529e-05
appr_unit_land_mn_m2,minbid_vs_rtms_dae_3m,2845,0.6946504513229109,0.0,0.08362985291568281,7.948736129182568e-06,True,valuation,valuation,0.08362985291568281,,3.187429961951745e-05,
rentidx_midlarge,unsold_total,4377,0.015088504930447659,0.31827423203669303,0.06744656544377639,7.969489700990397e-06,False,commercial,unsold,0.06744656544377639,0.06409586966705993,3.190443551393165e-05,0.07081334072386972
rtms_land_dae_n,unsold_pct_completed,4041,-0.04266215348136823,0.006680190047341529,-0.07017515475343032,8.003896308062253e-06,False,rtms_land,unsold,0.07017515475343032,1.334213280523855e-06,3.198903831248761e-05,3.669086521440601e-06
rtms_nrg_unit_3m,rtms_apt_n,4730,-0.0338471817037226,0.019917867061015195,-0.06444758939377508,9.172123719509738e-06,False,rtms_nrg,rtms_apt,0.06444758939377508,0.0001831016189395296,3.659738106625574e-05,0.0003563439199361614
vac_midlarge,rtms_land_unit_3m,4732,0.02425915362089725,0.09520053844623773,-0.06435382394657645,9.410532354138512e-06,False,commercial,rtms_land,0.06435382394657645,0.005395333021213977,3.748658342722945e-05,0.007260740714718809
land_chg_pct,kiscon_cnt_priv_yoy_pct,4732,0.04510288214711078,0.0019133298481924606,0.06411652912146344,1.0151417083533353e-05,False,land_house,kiscon,0.06411652912146344,0.0013691077729971468,4.037114714738512e-05,0.0021035481775401503
rtms_land_n_3m,ah_sale_unit_med,3493,-0.08961007837500468,1.127478140883773e-07,-0.07448459889731483,1.049544750882442e-05,False,rtms_land,applyhome,0.07448459889731483,4.778323642762317e-06,4.1670557654475866e-05,1.2294059813073215e-05
rtms_nrg_n_3m,unsold_pct_completed,4041,-0.0784504199652301,5.940008001696107e-07,0.06915197008190264,1.0834101121403443e-05,False,rtms_nrg,unsold,0.06915197008190264,0.01297346157852286,4.2944381089773515e-05,0.016115969456790263
rtms_nrg_n_yoy_pct,kiscon_amt_indiv,4716,-0.010733639667062124,0.46115971649176307,0.06398773075934763,1.0946437887607405e-05,False,rtms_nrg,kiscon,0.06398773075934763,0.00011638126937874027,4.3318415942748513e-05,0.00023306961334687034
capret_office,rtms_land_med_unit,4627,0.04450322549832886,0.0024627337125590044,0.06449170517095956,1.132237252690975e-05,False,commercial,rtms_land,0.06449170517095956,0.0005134223389824388,4.4732652114512297e-05,0.0008776746740713314
rtms_nrg_n,rtms_fac_n_3m,4732,-0.020776239279291016,0.15301444642222545,0.0637439025640032,1.142832345870228e-05,False,rtms_nrg,rtms_fac,0.0637439025640032,1.3951690285507468e-05,4.5077347848563825e-05,3.383173459009638e-05
round_no,ah_sale_unit_med,214,-0.1389161878395062,0.0423443239997609,-0.29347652331100915,1.2739137620894664e-05,False,site_price,applyhome,0.29347652331100915,0.0007038224850464125,5.016555827835971e-05,0.0011613071003265807
discount_ratio,apt_idx,2853,-0.015802988869443556,0.3987949039941623,0.08150084656614659,1.3090404276973718e-05,False,site_price,land_house,0.08150084656614659,0.03465673395900448,5.1464721545687864e-05,0.03967490358202776
discount_ratio,kiscon_cnt_priv_yoy_pct,2853,0.03524589812266893,0.05978634503951293,0.08090236065239076,1.5151366311783843e-05,False,site_price,kiscon,0.08090236065239076,0.002623936329428034,5.9470346598369815e-05,0.0037790657951344924
rtms_nrg_n_3m,kiscon_amt_indiv,4732,0.034685546493699565,0.017028575951396733,0.06273517715865413,1.569952813841058e-05,False,rtms_nrg,kiscon,0.06273517715865413,0.00039894736927514884,6.152172815214552e-05,0.0007025546479810626
yield_midlarge,rtms_nrg_n_3m,4732,0.014490902478298439,0.31895316969820525,-0.06272941605585229,1.5727814518974963e-05,False,commercial,rtms_nrg,0.06272941605585229,0.011085349397059074,6.153252108884686e-05,0.013907074698128657
rtms_apt_med_unit,kiscon_cnt_priv,4731,-0.050044381114751554,0.0005744195048384104,-0.06262243876117657,1.6295523363939107e-05,False,rtms_apt,kiscon,0.06262243876117657,1.3416431902113501e-05,6.365026143775243e-05,3.263805068494919e-05
bldg_area_m2,discount_ratio,924,0.05679310116564947,0.08445241019344166,0.14105983875269992,1.6806076742583877e-05,True,site_price,site_price,0.14105983875269992,,6.553826043628988e-05,
vac_midlarge,kiscon_cnt_all,4732,-0.0719822615651518,7.168259963472803e-07,-0.06246333544261442,1.7088475666559157e-05,False,commercial,kiscon,0.06246333544261442,3.4263007986368166e-09,6.648435252389798e-05,1.3404960341058473e-08
min_bid_mn,house_idx,2873,-0.013904065290702613,0.4562869674829218,0.08012338246255449,1.71038583256501e-05,False,site_price,land_house,0.08012338246255449,0.06288674397665805,6.648435252389798e-05,0.06968034843545032
capret_office,rtms_land_dae_n,4636,-0.051277796496151405,0.00047804158944043354,-0.0628855082196657,1.8286562475669957e-05,False,commercial,rtms_land,0.0628855082196657,5.207187598887941e-06,7.096717482506377e-05,1.3262601971664254e-05
rtms_nrg_n_yoy_pct,unsold_completed,4362,0.03948317211267509,0.00910854758417943,0.06479201852775973,1.8481265610633166e-05,False,rtms_nrg,unsold,0.06479201852775973,3.909826202574962e-06,7.160747607978445e-05,1.0258576145340403e-05
rtms_apt_n_yoy_pct,ah_under_ratio,3825,-0.05218376569570482,0.0012442709986830091,-0.06901216950618706,1.938444820758167e-05,False,rtms_apt,applyhome,0.06901216950618706,0.0004623576611384461,7.498638873237852e-05,0.0007975669654638196
land_chg_cum12_pct,ah_n_pblanc,3877,-0.08605062230478193,8.040473540725217e-08,-0.068498115820996,1.966045587764909e-05,False,land_house,applyhome,0.068498115820996,5.313595543299243e-05,7.593220939925369e-05,0.00011555928416516119
apt_idx_yoy_pct,rtms_land_n,4394,0.03631719948835195,0.016063190255279216,0.06425248159142613,2.0232154761234595e-05,False,land_house,rtms_land,0.06425248159142613,0.0003646396705387911,7.80151887593206e-05,0.0006496749059599588
house_idx,rtms_land_unit_3m,4732,0.12375726526902771,1.298591651111318e-17,0.06180875880999867,2.0929144494667952e-05,False,land_house,rtms_land,0.06180875880999867,0.012161101215835801,8.057386299065457e-05,0.015156446342888954
house_idx,kiscon_cnt_pub,4732,-0.005107317498762559,0.7254087061957818,0.061701793388912796,2.1630096959310407e-05,False,land_house,kiscon,0.061701793388912796,2.662636764250159e-05,8.313960713227763e-05,6.180248636287066e-05
rtms_land_n_3m,kiscon_cnt_priv_yoy_pct,4732,0.0717284238865333,7.843406997369233e-07,0.0616801810297984,2.1774411564345306e-05,False,rtms_land,kiscon,0.0616801810297984,0.0003867154312764409,8.356103800966908e-05,0.0006857874120065856
apt_idx_yoy_pct,yield_office,4394,0.0878154116119275,5.5210980270178075e-09,0.0639482470518597,2.2144807671201987e-05,False,land_house,commercial,0.0639482470518597,0.04385855303589059,8.48473553061952e-05,0.049536669277144285
discount_ratio,yield_midlarge,2853,-0.016042315004767056,0.39169058391944467,-0.07929522966279386,2.2326494011553825e-05,False,site_price,commercial,0.07929522966279386,0.01839018762606215,8.540769931403923e-05,0.022333043853089873
house_idx,rtms_land_n,4732,0.007250090846666259,0.6180575666837901,0.061580667933194735,2.2450804857353484e-05,False,land_house,rtms_land,0.061580667933194735,0.0008552494464204585,8.574713107166703e-05,0.0013840817267230876
minbid_unit_land_mn_m2,kiscon_cnt_priv_yoy_pct,2850,0.00041472038567084285,0.9823440176716792,0.07922389140006937,2.2936739037100436e-05,False,valuation,kiscon,0.07922389140006937,0.001425491336206841,8.746446373324691e-05,0.002176957593925538
unsold_total,appr_vs_rtms_all_3m,4212,-0.020543445071057365,0.1825275583748582,-0.0650670166507557,2.3780846690369488e-05,False,unsold,valuation,0.0650670166507557,0.0019415720637243616,9.05400324230497e-05,0.0028670295649159344
rtms_land_n_yoy_pct,rtms_apt_n_yoy_pct,4724,-0.05212131955193732,0.0003385572509399045,0.061376804174733686,2.428166408281123e-05,False,rtms_land,rtms_apt,0.061376804174733686,0.00026352658231565407,9.230096283844647e-05,0.0004934014345056656
capret_midlarge,kiscon_amt_priv_yoy_pct,4732,-0.010472247441504337,0.47139543008114304,-0.061311211855675146,2.4384098929564843e-05,False,commercial,kiscon,0.061311211855675146,4.766374381937055e-05,9.254437546496263e-05,0.00010425585463660591
apt_idx,rtms_land_n,4732,0.01327704326373717,0.36117913147475317,0.061300958639728245,2.446070386133064e-05,False,land_house,rtms_land,0.061300958639728245,0.0013349961497175489,9.268914513491641e-05,0.002061703515147097
rtms_land_dae_med_unit,minbid_vs_rtms_all_3m,2801,-0.0004497925250396293,0.9810166000900858,-0.07952255514129751,2.5146060498238732e-05,False,rtms_land,valuation,0.07952255514129751,0.00013137587811073992,9.51365868143726e-05,0.0002603506305118841
round_no,minbid_unit_land_mn_m2,309,-0.017046195471290732,0.7653581745776108,-0.23718460463439897,2.5234283754839893e-05,False,site_price,valuation,0.23718460463439897,5.336647287257357e-05,9.532072703630743e-05,0.00011572900831509525
rtms_nrg_n_3m,kiscon_cnt_priv_yoy_pct,4732,-0.03997013140390262,0.00596136061281132,-0.06118019999524329,2.5380323919235196e-05,False,rtms_nrg,kiscon,0.06118019999524329,0.001518560034479366,9.572234842778846e-05,0.0023051741323396775
apt_idx,kiscon_cnt_all,4732,0.0008389450229261469,0.9539912572477071,0.061158351972443056,2.5550178291641495e-05,False,land_house,kiscon,0.061158351972443056,7.259416006544228e-05,9.62123901294625e-05,0.00015477238058896262
discount_ratio,house_idx_yoy_pct,2668,-0.06210437529958569,0.001329878694990836,-0.081295406419483,2.6210196037434558e-05,False,site_price,land_house,0.081295406419483,0.032048537841185665,9.854379477412993e-05,0.036967842281853985
discount_ratio,capret_midlarge,2853,-0.047943629123181786,0.010431526962819274,-0.0783699499549237,2.7818863081340375e-05,False,site_price,commercial,0.0783699499549237,0.020471168345025825,0.0001044290654611064,0.024584836667523105
rtms_apt_n,kiscon_amt_priv,4732,-0.043282301301405805,0.0029015658513680312,-0.06082766911702278,2.825676536311828e-05,False,rtms_apt,kiscon,0.06082766911702278,0.0003416263686346621,0.00010590793860826602,0.0006188410830398772
vac_office,rtms_fac_unit_3m,4267,0.02730044176903564,0.07456402339125397,0.06394880355472253,2.9107784387851103e-05,False,commercial,rtms_fac,0.06394880355472253,0.018668593706079983,0.00010892819933962912,0.02263492431775512
house_idx_yoy_pct,rtms_fac_unit_3m,4064,-0.10441636356372709,2.5115558410226002e-11,-0.06546941389589779,2.9558603773561977e-05,False,land_house,rtms_fac,0.06546941389589779,0.010746181602583782,0.00011044377533997576,0.013509607792225035
rtms_land_n,kiscon_amt_all,4732,0.010693668556918667,0.46207207889863067,0.06057306257821454,3.0524091274751904e-05,False,rtms_land,kiscon,0.06057306257821454,0.00010452045710152014,0.00011387470583924472,0.00021383026129394552
rtms_fac_med_unit,kiscon_cnt_priv_yoy_pct,3740,0.02725936938344859,0.09555141641073356,0.0680794075948282,3.088023951397618e-05,False,rtms_fac,kiscon,0.0680794075948282,0.00015810358375101252,0.00011502531256365161,0.00030927994862633637
house_idx,kiscon_cnt_all,4732,-0.005627789083491019,0.6987312027358187,0.06035425706511124,3.2609695044659074e-05,False,land_house,kiscon,0.06035425706511124,0.00011461794250289259,0.00012127988434819193,0.00023075601686921876
rtms_land_dae_n,kiscon_amt_indiv,4732,0.028019634446384695,0.053938920536025226,0.060317910284009485,3.2968992643764976e-05,False,rtms_land,kiscon,0.060317910284009485,4.701359697856233e-05,0.00012242723000227055,0.0001031309829674243
apt_idx,rtms_land_unit_3m,4732,0.1045658919879896,5.557782981229318e-13,0.06017802076455686,3.4387226325044495e-05,False,land_house,rtms_land,0.06017802076455686,0.015722379681960996,0.0001274972545282419,0.01927832985235605
land_chg_cum12_pct,kiscon_amt_all,4732,-0.10296143852224929,1.2505236166214333e-12,-0.06010210066991722,3.518097960520695e-05,False,land_house,kiscon,0.06010210066991722,0.0004893609715344027,0.0001302398784155895,0.00084032800315523
rentidx_office,unsold_total,4377,-0.12695739937360273,3.424366600789926e-17,-0.06241517561076112,3.5935611734005e-05,False,commercial,unsold,0.06241517561076112,0.08097755649128224,0.00013282948509041727,0.08792841970941806
land_chg_pct,rtms_fac_n,4732,0.04695555013171652,0.0012336692612852885,0.05996522695305747,3.665614752433697e-05,False,land_house,rtms_fac,0.05996522695305747,7.599196955143661e-05,0.0001352853224098807,0.00016111146617190053
rtms_apt_n_3m,unsold_completed,4377,0.04965582523490017,0.0010152592548960092,0.062304090846524586,3.710565672470607e-05,False,rtms_apt,unsold,0.062304090846524586,0.008887975752505328,0.00013673491239532358,0.011492288920190025
rtms_apt_n_3m,ah_rate_med,3478,-0.054828979911687684,0.0012173370181734157,-0.0698275784757875,3.76245844013455e-05,False,rtms_apt,applyhome,0.0698275784757875,0.0008944979924414564,0.00013843549375151552,0.00143839825479463
vac_midlarge,kiscon_amt_pub,4732,-0.1004178539111435,4.40999739892246e-12,-0.0598574787335727,3.785851671951607e-05,False,commercial,kiscon,0.0598574787335727,2.309116368182096e-05,0.00013908388002139288,5.4260660168737174e-05
min_bid_mn,house_idx_yoy_pct,2688,-0.01836891549379769,0.341101661282732,-0.07928539354649908,3.86857353373559e-05,False,site_price,land_house,0.07928539354649908,0.056018335764292715,0.0001419065786347454,0.06252634830161496
yield_midlarge,kiscon_amt_priv,4732,-0.04987339728292987,0.0005991539169000313,-0.0596645401338204,4.010560450489319e-05,False,commercial,kiscon,0.0596645401338204,0.00012410809839757952,0.00014689134780667567,0.00024788959653621804
vac_office,rtms_apt_n_3m,4636,0.1733400517283713,1.3447811736628578e-32,0.06017616751646942,4.133352533466634e-05,False,commercial,rtms_apt,0.06017616751646942,0.022982948676936843,0.0001511590228475658,0.027298995376831087
discount_ratio,house_idx,2853,-0.022218254032393105,0.23547199968164034,0.07666746316847955,4.143730577738429e-05,False,site_price,land_house,0.07666746316847955,0.06365304733475763,0.00015130894988408505,0.07042662234268372
vac_office,kiscon_amt_indiv,4636,-0.018788488886571038,0.2008823023722782,-0.05997231708346707,4.3890670238710196e-05,False,commercial,kiscon,0.05997231708346707,0.0029638574982588928,0.00016002498528788436,0.004204799703137382
min_bid_mn,yield_midlarge,2873,0.015784463710769747,0.3976991149261618,-0.07603670258771675,4.508823152338576e-05,False,site_price,commercial,0.07603670258771675,0.021278910013103003,0.00016414295766066416,0.025474278706538137
rtms_land_n,ah_supply_sum,3877,0.08134776489747782,3.937844745495401e-07,0.06545385557381266,4.531146892173777e-05,False,rtms_land,applyhome,0.06545385557381266,5.3953632978887e-05,0.00016470684781506488,0.00011666896703981548
rtms_land_dae_n_3m,kiscon_cnt_priv_yoy_pct,4732,0.03352177587153309,0.021111405016010276,0.05913395891198907,4.6955704111056854e-05,False,rtms_land,kiscon,0.05913395891198907,0.0013620749405958144,0.00017042657666814309,0.0020969875860288503
rtms_apt_n,rtms_land_n_yoy_pct,4724,-0.03133164641377985,0.03128525614783734,0.059173441311326604,4.710181546395042e-05,False,rtms_apt,rtms_land,0.059173441311326604,0.0003324198158614067,0.00017069981243326393,0.000606506346727903
rentidx_midlarge,rtms_fac_n_3m,4732,0.0653743175176335,6.773143775415721e-06,0.0589579886959455,4.9462715852893864e-05,False,commercial,rtms_fac,0.0589579886959455,0.03727269667227162,0.00017898670451272402,0.04241375828224012
rtms_apt_unit_3m,rtms_fac_n_3m,4732,-0.018512118992539395,0.20294257377230218,-0.05893253423648228,4.983569399065356e-05,False,rtms_apt,rtms_fac,0.05893253423648228,0.008521840732641284,0.00018006600077582468,0.0110376742595132
rtms_apt_n_yoy_pct,kiscon_amt_priv,4732,-0.0967890811491848,2.5236467933577673e-11,-0.05887972983202221,5.0617940145648635e-05,False,rtms_apt,kiscon,0.05887972983202221,0.004688641672324412,0.00018261861639373234,0.006435224284438027
house_idx_yoy_pct,ah_n_pblanc,3674,-0.03319600355458996,0.04422028011854437,-0.06676526352799535,5.121313719854741e-05,False,land_house,applyhome,0.06676526352799535,0.00012964234506340766,0.0001844897767541095,0.00025758780079352463
rtms_nrg_n,rtms_apt_n,4732,0.022839176072061373,0.11620910767885267,0.05874412413241961,5.268045388468326e-05,False,rtms_nrg,rtms_apt,0.05874412413241961,0.0004115190347533382,0.00018949237889863678,0.0007196842105478888
ah_supply_sum,kiscon_amt_all,3877,0.03603494686257438,0.02484905032769974,-0.06481267294274455,5.37843434187965e-05,False,applyhome,kiscon,0.06481267294274455,3.969565802974806e-05,0.00019317476548330782,8.884168012239529e-05
min_bid_mn,ah_supply_sum,2416,-0.024986531512602946,0.21955410765617664,-0.08182218832247493,5.662218580836108e-05,False,site_price,applyhome,0.08182218832247493,0.0003192644306950765,0.00020306468422343782,0.0005867353581054795
rtms_land_dae_n,rtms_apt_n,4732,0.021849122416867324,0.1328975254994337,0.05847630214270904,5.6990049349299056e-05,False,rtms_land,rtms_apt,0.05847630214270904,7.785932464177137e-05,0.00020408026587193272,0.00016458322845008255
minbid_unit_land_mn_m2,kiscon_cnt_pub,2850,0.028050491349071355,0.13436096926108407,0.075283006269396,5.7471420131158784e-05,False,valuation,kiscon,0.075283006269396,3.711017397556304e-05,0.00020549869809509297,8.379363907868956e-05
land_chg_cum12_pct,ah_under_ratio,3825,-0.012979765384909633,0.42224899678634403,0.06498056243053807,5.7764144089166506e-05,False,land_house,applyhome,0.06498056243053807,0.01382901109994461,0.00020623938852576485,0.017122707055233215
rtms_apt_unit_3m,kiscon_amt_priv,4732,0.07749278156722211,9.433512579492631e-08,0.05839724563551608,5.832466288636585e-05,False,rtms_apt,kiscon,0.05839724563551608,9.410134138598814e-05,0.00020793259993512084,0.0001946128558909128
rentidx_midlarge,kiscon_amt_pub,4732,0.05530976741383298,0.0001408664834170643,0.058199514555424575,6.179345638670995e-05,False,commercial,kiscon,0.058199514555424575,9.722845517901035e-05,0.00021997375168681093,0.00019999023707552535
rtms_apt_unit_3m,kiscon_amt_indiv,4732,-0.03398012124169829,0.01941142661616245,-0.057906709262953784,6.729063581502914e-05,False,rtms_apt,kiscon,0.057906709262953784,0.003152851416892588,0.00023918942819206522,0.004456264851809077
vac_midlarge,rentidx_office,4636,-0.09079279043773471,5.90137956080592e-10,-0.05816509016486597,7.412488728046955e-05,True,commercial,commercial,0.05816509016486597,,0.0002630942243680878,
rtms_apt_n_yoy_pct,kiscon_amt_all,4732,-0.010588226817397168,0.466499016146737,0.05751276472383283,7.541950848889838e-05,False,rtms_apt,kiscon,0.05751276472383283,0.0011199062493936207,0.0002672956109680075,0.0017635038242526102
unsold_pct_completed,kiscon_cnt_priv_yoy_pct,4041,-0.001951195077170926,0.9013176566433727,-0.06218627151989962,7.630572273481498e-05,False,unsold,kiscon,0.06218627151989962,0.013520123738565593,0.0002700393418368636,0.016767604440475956
rtms_land_dae_unit_3m,rtms_nrg_med_unit,4711,0.04861365849919664,0.0008445354152768696,0.05744315721936744,7.982616465747122e-05,False,rtms_land,rtms_nrg,0.05744315721936744,0.00034346651750882806,0.00028208366103299947,0.0006206930637838107
land_chg_cum12_pct,capret_office,4636,0.010271268567490987,0.4844384128049856,-0.057898076382449974,7.999322281483072e-05,False,land_house,commercial,0.057898076382449974,0.09712488013770026,0.0002822601273554056,0.10353621351757655
vac_office,rtms_apt_unit_3m,4636,0.08309625093406273,1.4604361791374194e-08,0.057865897356998555,8.072937510263921e-05,False,commercial,rtms_apt,0.057865897356998555,0.07990052610152709,0.0002844412192943867,0.08725827239001305
unsold_pct_completed,minbid_vs_rtms_all_3m,2444,0.010094409958569674,0.6179252020123823,0.0792803126420437,8.725765966666432e-05,False,unsold,valuation,0.0792803126420437,0.01582532355531896,0.0003069941018929358,0.019373258997559824
rtms_nrg_n_3m,rtms_fac_med_unit,3740,-0.02613192613294836,0.11007621425163883,0.06394687461359282,9.100412653370655e-05,False,rtms_nrg,rtms_fac,0.06394687461359282,8.768624016397553e-05,0.00031968671008139723,0.00018284026451774015
rtms_land_dae_med_unit,rtms_nrg_med_unit,4645,0.024589625739656527,0.09379903168665088,0.057383033117636574,9.113060988627381e-05,False,rtms_land,rtms_nrg,0.057383033117636574,0.00046711735869475746,0.00031968671008139723,0.0008039502840120656
unsold_pct_completed,kiscon_cnt_indiv,4041,-0.03421724020752087,0.02962150520177776,-0.06138661224353943,9.43218932956611e-05,False,unsold,kiscon,0.06138661224353943,0.0005955624906159862,0.0003304008180850919,0.001002288093963489
rtms_apt_n_3m,rtms_nrg_n_yoy_pct,4716,0.007806975443109701,0.591961622630898,0.05675706401521938,9.627369694597197e-05,False,rtms_apt,rtms_nrg,0.05675706401521938,0.00012665439838688286,0.00033674834490535915,0.00025231151804630997
rtms_land_n_3m,kiscon_amt_priv_yoy_pct,4732,0.0279216445391237,0.05478418588217597,0.05648438200727488,0.00010123545251877476,False,rtms_land,kiscon,0.05648438200727488,2.901959518220032e-05,0.0003535904935800684,6.694794146896669e-05
land_chg_cum12_pct,rtms_nrg_unit_3m,4730,-0.000999610528214803,0.9452044932467191,-0.056487461503711235,0.00010149002232696538,False,land_house,rtms_nrg,0.056487461503711235,0.04856746278846624,0.0003539666480578677,0.054611413713253155
min_bid_mn,vac_office,2829,-0.028586366792687376,0.12848579341597108,-0.07295634908663526,0.00010279892241913417,False,site_price,commercial,0.07295634908663526,0.08527513193293967,0.00035801358819380547,0.09233070632967362
rtms_apt_unit_3m,kiscon_amt_all,4732,0.06380557458992497,1.120689761493325e-05,0.05633157518923799,0.00010571860322542581,False,rtms_apt,kiscon,0.05633157518923799,0.00020596432931085928,0.00036765055378539137,0.00039382263452325257
round_no,rtms_apt_n,315,0.08399398858262977,0.136896388546502,0.2166631857229574,0.0001060810888678494,False,site_price,rtms_apt,0.2166631857229574,9.104769718781824e-05,0.00036819791775666007,0.00018932932100151794
yield_midlarge,rtms_apt_n_3m,4732,-0.024460906166992317,0.09247938175081508,-0.05631614545723627,0.00010618155719538536,False,commercial,rtms_apt,0.05631614545723627,0.013954057519485641,0.00036819791775666007,0.01724939683597655
min_bid_mn,capret_midlarge,2873,0.015804682299314685,0.3970948428574221,-0.07199749832323489,0.00011226634984292488,False,site_price,commercial,0.07199749832323489,0.030920725474849142,0.000388738366553806,0.035721203402451294
discount_ratio,ah_n_pblanc,2400,-0.06731467878404031,0.0009676843208951004,-0.0785353366734942,0.00011745636623974886,False,site_price,applyhome,0.0785353366734942,9.796622661428778e-05,0.0004061260296094616,0.00020096315135201197
ah_n_pblanc,ah_under_ratio,3825,0.075421286795912,3.0167471530662546e-06,0.0622263947133626,0.00011765366996190204,True,applyhome,applyhome,0.0622263947133626,,0.00040622542207476204,
rtms_fac_med_unit,unsold_total,3461,-0.046890249045431404,0.005796312197403543,-0.06526657281547932,0.00012185702986384508,False,rtms_fac,unsold,0.06526657281547932,2.3682223851517747e-05,0.00042013654073228413,5.54778021706851e-05
vac_midlarge,unsold_completed,4377,0.07453517692497,7.948631784762705e-07,0.05793345455216972,0.00012559501292471853,False,commercial,unsold,0.05793345455216972,0.06285255666922462,0.0004324056873551023,0.06968034843545032
apt_idx_yoy_pct,rtms_nrg_unit_3m,4394,0.05428545531601707,0.00031813821004082293,0.057728699774802904,0.00012877936197118228,False,land_house,rtms_nrg,0.057728699774802904,0.027450314528505215,0.0004421094439994519,0.032152451739406576
vac_midlarge,rtms_nrg_n_3m,4732,0.07728185273136255,1.0221597230827557e-07,0.05563092270752937,0.0001287804272562719,False,commercial,rtms_nrg,0.05563092270752937,0.012302500361842439,0.0004421094439994519,0.015307537335472805
ah_supply_sum,kiscon_amt_indiv,3877,0.04897426790041635,0.0022864544826990524,-0.06134644884025362,0.00013229888338437315,False,applyhome,kiscon,0.06134644884025362,2.4602225636938257e-05,0.0004535424024983489,5.745565925672658e-05
capret_midlarge,rtms_apt_med_unit,4731,0.004217089762196735,0.7718272327799705,0.05552407960191634,0.00013290601285878282,False,commercial,rtms_apt,0.05552407960191634,0.005033153003918933,0.00045497654970123093,0.006821464382579781
land_area_m2,min_bid_mn,2849,-0.05184868659017078,0.005637996776710854,-0.07135730241053173,0.0001378705569714904,True,site_price,site_price,0.07135730241053173,,0.00047130218766140686,
rtms_apt_unit_3m,rtms_fac_n,4732,-0.02236350891775704,0.12400918460691192,-0.05529812405136212,0.0001413241092034846,False,rtms_apt,rtms_fac,0.05529812405136212,0.001025417882641655,0.0004824236588957477,0.0016282263031904103
rtms_land_med_unit,rtms_apt_n_3m,4723,-0.02284512262138446,0.11646177478800197,-0.05533978792814282,0.0001417551670637812,False,rtms_land,rtms_apt,0.05533978792814282,0.0006797073431188405,0.00048321068263608587,0.0011239605085559912
discount_ratio,appr_vs_rtms_dae_3m,2829,-0.02791860489989318,0.1376557844881693,-0.07139836533794172,0.0001442682836231016,False,site_price,valuation,0.07139836533794172,0.01965589153567615,0.0004910827168526481,0.023680669326314602
yield_office,rtms_land_unit_3m,4636,0.08157004010854585,2.671173349268551e-08,0.05550204698809187,0.0001562444602148395,False,commercial,rtms_land,0.05550204698809187,0.014822172482518603,0.0005310989409277338,0.01825553825973379
rtms_apt_med_unit,rtms_fac_n_3m,4731,-0.01906665372057094,0.18978335602554847,-0.05464491892603397,0.00016962979697749298,False,rtms_apt,rtms_fac,0.05464491892603397,0.0037598551497892707,0.0005757856488954339,0.005274916929186796
rtms_nrg_med_unit,kiscon_amt_priv_yoy_pct,4711,0.03847126335044082,0.008270604563002885,0.054729433701830546,0.00017109285808866238,False,rtms_nrg,kiscon,0.054729433701830546,0.00014243099738653342,0.0005799350042105152,0.00028079253770488016
rtms_land_dae_n_3m,rtms_nrg_n_3m,4732,0.056054426551052666,0.0001143314871574267,0.05443363091917044,0.00017949602379949513,False,rtms_land,rtms_nrg,0.05443363091917044,0.01786931558289373,0.0006075637884224484,0.021770161360218847
rtms_nrg_unit_3m,rtms_apt_n_yoy_pct,4730,-0.04815240497675298,0.0009239086853078502,-0.054437443830669806,0.0001798750368127625,False,rtms_nrg,rtms_apt,0.054437443830669806,0.004555055783161954,0.0006079927611763781,0.006274568674083346
rtms_land_n_yoy_pct,kiscon_amt_indiv,4724,0.0019051455361396674,0.8958475228334969,0.05443758313571285,0.00018157956153001649,False,rtms_land,kiscon,0.05443758313571285,0.001772089322505943,0.0006128945984416522,0.0026581339837589146
rtms_land_dae_n,appr_vs_rtms_dae_3m,4548,0.007974779635205296,0.5908043609982364,-0.05531565421985434,0.0001897717968595943,False,rtms_land,valuation,0.05531565421985434,0.0003297122415906184,0.0006396503922120591,0.0006040633113072974
yield_midlarge,minbid_unit_land_mn_m2,2850,-0.005257831034870097,0.779040097440216,-0.06965027022679394,0.00019828199298834364,False,commercial,valuation,0.06965027022679394,0.03432800562979521,0.0006674016803099276,0.03941748301515063
rtms_land_n,rtms_fac_med_unit,3740,-0.07270023646073465,8.57002462930154e-06,-0.06075781790383779,0.00020090961793517193,False,rtms_land,rtms_fac,0.06075781790383779,0.002471755236304052,0.0006753028998936741,0.0035939889355455466
ah_supply_sum,kiscon_amt_priv,3877,0.10663306818085809,2.805927302717599e-11,0.05966626658477982,0.00020138920562405425,False,applyhome,kiscon,0.05966626658477982,0.0012202930826823444,0.0006759721247269788,0.0019057663575224267
rtms_land_dae_n_3m,kiscon_amt_pub,4732,0.0429012822704345,0.0031599042522170314,0.05398170062391388,0.000203120279066309,False,rtms_land,kiscon,0.05398170062391388,0.0038919789153695206,0.0006808343150901318,0.005440169423140822
rentidx_office,rtms_land_n_yoy_pct,4628,0.0023032687854848913,0.8755223598158632,-0.05436195278550967,0.00021564340772146356,False,commercial,rtms_land,0.05436195278550967,0.0019048625568360844,0.00072180640640101,0.0028238099231222423
rtms_apt_n_3m,ah_n_pblanc,3877,0.13107209866922578,2.526476770286078e-16,0.05934891488216114,0.00021776655819909544,False,rtms_apt,applyhome,0.05934891488216114,0.00022922806742742274,0.0007279020877390014,0.0004338755690209822
yield_office,rtms_land_med_unit,4627,0.05066511579150248,0.0005655316902866885,0.05425737951857307,0.00022212920425451112,False,commercial,rtms_land,0.05425737951857307,0.004449397553575984,0.00074088962031215,0.006151352901938382
yield_office,rtms_apt_unit_3m,4636,0.060850541503263314,3.384411502180327e-05,0.054202428069029036,0.00022226688609364498,False,commercial,rtms_apt,0.054202428069029036,0.026925063607855737,0.00074088962031215,0.03163486575597911
land_chg_pct,kiscon_cnt_priv,4732,0.030264390745446124,0.03736072715086273,0.05346297442081052,0.00023382652166811652,False,land_house,kiscon,0.05346297442081052,0.0017608357173459765,0.0007783451895306089,0.0026464837811199923
rtms_nrg_unit_3m,kiscon_cnt_pub,4730,-0.02306408828542418,0.11273380184569727,-0.05346910863486885,0.00023415253668494643,False,rtms_nrg,kiscon,0.05346910863486885,3.7160927276458366e-05,0.0007783553288423737,8.379363907868956e-05
land_chg_pct,kiscon_amt_indiv,4732,0.00026018641718748327,0.9857239147923932,0.053451398953596636,0.00023455900079323637,False,land_house,kiscon,0.053451398953596636,0.007653015035184563,0.0007786324957461428,0.010032190693791162
house_idx_yoy_pct,minbid_unit_land_mn_m2,2665,-0.0015597664392185346,0.9358530439687001,-0.0710304458710015,0.0002427730675981544,False,land_house,valuation,0.0710304458710015,0.05730246136337369,0.000804791049396908,0.06386573887635923
min_bid_mn,kiscon_cnt_pub,2873,0.031595570914316,0.09041357558989066,0.06839743962861684,0.00024366324874938595,False,site_price,kiscon,0.06839743962861684,0.0002052853584564307,0.0008066324580851926,0.00039382263452325257
yield_midlarge,rtms_land_dae_n_3m,4732,-0.029364831107320365,0.04339428635849104,-0.05330407629717081,0.00024407136931395404,False,commercial,rtms_land,0.05330407629717081,0.028947708815860507,0.0008068751715317274,0.03354398624616508
rtms_land_n_yoy_pct,kiscon_cnt_indiv,4724,-0.007650655174588083,0.5990907716228682,0.0532741010376754,0.00024905096547580733,False,rtms_land,kiscon,0.0532741010376754,0.002773522545551854,0.0008222093517762954,0.003956961676830559
rtms_nrg_n,kiscon_amt_indiv,4732,-0.007157812921657406,0.6225363746280972,0.05322128572937171,0.000249574589403963,False,rtms_nrg,kiscon,0.05322128572937171,0.0005722257698810296,0.0008228108898270189,0.0009651541318660032
apt_idx,rtms_apt_unit_3m,4732,0.23585375517054627,8.032117306946642e-61,0.05314546983643208,0.00025471604824572376,False,land_house,rtms_apt,0.05314546983643208,0.10868057155136102,0.0008386143118472599,0.11488656519148051
land_chg_pct,unsold_pct_completed,4041,-0.07042000355771132,7.439948252276794e-06,-0.05740222659705887,0.0002613478072605815,False,land_house,unsold,0.05740222659705887,0.04804544322172921,0.0008592745095470689,0.0541045866547366
bldg_area_m2,minbid_vs_rtms_dae_3m,916,0.06670357819733225,0.04355918229366532,0.11999574183799931,0.00027271158514099525,False,site_price,valuation,0.11999574183799931,0.04034678278540582,0.0008954154226019055,0.04572438192481071
rtms_apt_med_unit,ah_n_pblanc,3877,0.06328540627875204,8.040709093576726e-05,0.05822574370657093,0.0002863261750053787,False,rtms_apt,applyhome,0.05822574370657093,0.00018716123531636875,0.0009388382064802212,0.0003623861673600099
vac_office,rtms_apt_n_yoy_pct,4636,-0.019342305966875917,0.1879223014953144,-0.0532186291591587,0.0002887922788907687,False,commercial,rtms_apt,0.0532186291591587,0.006064719636495353,0.0009456377610417833,0.008089845701405926
house_idx,rtms_apt_unit_3m,4732,0.2516051131088698,3.104713308871035e-69,0.052479248856365755,0.00030436298324290867,False,land_house,rtms_apt,0.052479248856365755,0.11631881109109243,0.0009952710849598506,0.12244934482404876
rtms_fac_n_yoy_pct,kiscon_cnt_indiv,3791,0.05780269534511409,0.00036975628155350957,0.058591418472203984,0.0003068478873283969,False,rtms_fac,kiscon,0.058591418472203984,0.0009031924462368224,0.0010020371388366348,0.0014462511955564308
bldg_area_m2,appr_vs_rtms_dae_3m,1260,0.04735489065560243,0.09291721250919445,0.10145738992653547,0.0003096182531984385,False,site_price,valuation,0.10145738992653547,0.026418028081415468,0.0010097158189556654,0.031087260951619133
excess_pp_med,n_rounds_m,446,0.1894823077423906,5.6509705397595984e-05,0.16994500479740812,0.00031190524731259663,False,excess,site_price,0.16994500479740812,0.011987823526701247,0.0010157995216531863,0.014965062593365537
house_idx,rtms_apt_n,4732,-0.10992019151925843,3.393615557800471e-14,-0.05237303113109673,0.0003130698669751858,False,land_house,rtms_apt,0.05237303113109673,0.024989884213947544,0.001018216436451009,0.02949816814679034
rtms_land_dae_n,rtms_apt_n_yoy_pct,4732,-0.007956023112070764,0.5842721167353422,0.05232286034979023,0.000317263032037912,False,rtms_land,rtms_apt,0.05232286034979023,0.0003455411579320611,0.0010304634868077735,0.0006209430939269815
appraisal_mn,appr_vs_rtms_dae_3m,4548,-0.0016510637540572883,0.9113663006715127,0.053338779930830534,0.00031983698810827114,False,site_price,valuation,0.053338779930830534,0.03087179130861073,0.001037425493056438,0.035719039029322476
yield_office,appr_vs_rtms_dae_3m,4453,0.006134007013198413,0.6823810487114634,-0.05362916825831164,0.00034321407922702137,False,commercial,valuation,0.05362916825831164,0.022485385955072656,0.0011117552835176363,0.026876232976220705
apt_idx,rtms_apt_n,4732,-0.11252264896848356,8.294363573908334e-15,-0.05191712049398199,0.00035315687210944724,False,land_house,rtms_apt,0.05191712049398199,0.01974344571299258,0.0011424269285688158,0.023748455302949868
discount_ratio,apt_idx_yoy_pct,2668,-0.05220404141963467,0.006995583600992894,-0.0690366777613034,0.00035900782829665663,False,site_price,land_house,0.0690366777613034,0.07585172821567454,0.0011597974077680194,0.0831957539244176
appr_vs_rtms_all_3m,kiscon_amt_indiv,4548,-0.005446588599099359,0.7134597783271166,0.052879031995511,0.00036024190197795567,False,valuation,kiscon,0.052879031995511,0.0005154883624511886,0.0011622262165553857,0.0008792262182032632
house_idx_yoy_pct,unsold_pct_completed,3906,0.03934354580650218,0.013930212409095213,0.05699339053275019,0.000365622563364358,False,land_house,unsold,0.05699339053275019,0.10502151569911611,0.001178008526347731,0.1114843782036771
rtms_apt_unit_3m,ah_rate_med,3478,0.0021632867854849123,0.8985183985498356,-0.060377218664194585,0.00036707263122446996,False,rtms_apt,applyhome,0.060377218664194585,0.00948321099234195,0.0011811015236995628,0.012137870393233626
rtms_nrg_unit_3m,unsold_pct_completed,4041,0.010462553367490706,0.5061112393589141,0.055959198890468576,0.0003723393605571837,False,rtms_nrg,unsold,0.055959198890468576,0.040362761382902734,0.0011964504785904168,0.04572438192481071
minbid_unit_land_mn_m2,kiscon_cnt_all,2850,0.03157883593921211,0.09188649627599849,0.06657694284547434,0.000375652139790419,False,valuation,kiscon,0.06657694284547434,0.00011367515156757158,0.0012054882248933552,0.00022946659585049687
rtms_nrg_n_yoy_pct,rtms_fac_n_yoy_pct,3784,0.021801313484093494,0.17998306126389962,0.057780779072239934,0.0003763483114430355,False,rtms_nrg,rtms_fac,0.057780779072239934,0.0011392771213181163,0.0012061162640661111,0.0017902926192141827
rtms_fac_unit_3m,rtms_land_n_yoy_pct,4357,-0.07772882985221291,2.791701994767577e-07,0.053693449958308104,0.00039154903383820496,False,rtms_fac,rtms_land,0.053693449958308104,0.0028301782226585193,0.0012531649024569375,0.0040302162682885855
capret_office,rtms_nrg_n,4636,0.05171123512516207,0.00042776979178088537,-0.052013568858628956,0.0003956741859950843,False,commercial,rtms_nrg,0.052013568858628956,0.0007162177085906496,0.0012646880480744736,0.0011791957501525012
yield_office,kiscon_amt_indiv,4636,-0.04302768003538137,0.00338696674212237,-0.05199852936740381,0.0003972160858864852,False,commercial,kiscon,0.05199852936740381,0.0027131369543857975,0.0012679347907105024,0.003885416883733623
yield_office,rtms_land_dae_n,4636,-0.03197863887107655,0.029455437248137886,-0.05198348701902793,0.00039876389095973926,False,commercial,rtms_land,0.05198348701902793,0.00034882192903906706,0.0012711917688002271,0.0006229549273897691
capret_midlarge,rtms_fac_n_yoy_pct,3791,0.026309620548373852,0.10530569144617684,0.05737325536535643,0.00040888670246891286,False,commercial,rtms_fac,0.05737325536535643,0.0017365539472056213,0.001301739700066156,0.0026151675514465606
rentidx_office,minbid_unit_land_mn_m2,2806,-0.025580588743698507,0.1755243362077292,0.06662125970174698,0.0004133786919972228,False,commercial,valuation,0.06662125970174698,0.0946186733240737,0.0013139183611179726,0.10114869444080556
rtms_land_dae_n,kiscon_amt_all,4732,-0.017417251032871107,0.23095637480077855,0.05131198208658495,0.0004138025046010544,False,rtms_land,kiscon,0.05131198208658495,0.001250285690245212,0.0013139183611179726,0.0019446041780658112
rtms_nrg_med_unit,unsold_pct_completed,4032,0.024529347233283018,0.11939533173933167,0.05548563745970857,0.0004237198122870159,False,rtms_nrg,unsold,0.05548563745970857,0.005757145068041147,0.0013425224178698896,0.007706654509070954
rtms_land_med_unit,kiscon_amt_pub,4723,0.012129761325436132,0.4046097217395233,0.051267879134734635,0.0004239251286302846,False,rtms_land,kiscon,0.051267879134734635,0.00045041329540218555,0.0013425224178698896,0.0007822967762248485
rtms_nrg_n,kiscon_cnt_indiv,4732,0.003816178513451991,0.7929785805934467,0.05115324890220999,0.0004312489861632004,False,rtms_nrg,kiscon,0.05115324890220999,0.00026536276506550216,0.0013639239588626154,0.0004936527908939121
rentidx_office,rtms_nrg_med_unit,4615,-0.04520976970846742,0.002126227532304257,-0.05171026421662191,0.00044095800951661333,False,commercial,rtms_nrg,0.05171026421662191,0.004408615755338907,0.0013928031493250829,0.006106093719529618
land_chg_pct,rtms_fac_unit_3m,4363,0.028736436651874617,0.057699223284178626,0.05314536920501457,0.000444936218082313,False,land_house,rtms_fac,0.05314536920501457,0.007759974747619358,0.001403529169605202,0.010154863505936368
house_idx_yoy_pct,rtms_land_n,4394,0.026753513116655647,0.07619065008581347,0.05288943319251407,0.00045258898837181817,False,land_house,rtms_land,0.05288943319251407,0.005987605574871768,0.001425803218269388,0.008001043365013508
apt_idx_yoy_pct,kiscon_amt_pub,4394,0.03579593073897697,0.01764907664877576,0.052851560851249056,0.000456885888713566,False,land_house,kiscon,0.052851560851249056,0.006683821045589733,0.0014374608248037782,0.008838014239725796
rtms_fac_n,ah_n_pblanc,3877,0.11160211948752072,3.2032480782956954e-12,0.055967558289410954,0.0004894578069423179,False,rtms_fac,applyhome,0.055967558289410954,0.0009721227177654779,0.0015379313099491345,0.0015533497742821003
house_idx,rtms_land_med_unit,4723,0.07372750605138494,3.927914283540765e-07,0.05066069377604713,0.0004959677246689042,False,land_house,rtms_land,0.05066069377604713,0.004815617682531137,0.0015563570526719523,0.006585682560434474
rtms_nrg_n,kiscon_amt_all,4732,0.017385707358441947,0.23180228605558956,0.05050103324608353,0.0005103922536531363,False,rtms_nrg,kiscon,0.05050103324608353,0.0029749868663953016,0.001599538792332976,0.0042127146111829
rtms_fac_med_unit,ah_sale_unit_med,2763,0.009158712125943623,0.6303650872920834,-0.06605295844683395,0.0005122885190649522,False,rtms_fac,applyhome,0.06605295844683395,0.0026217179049126127,0.0016033965336967985,0.0037790657951344924
capret_midlarge,ah_n_pblanc,3877,0.0070755723477139276,0.6596272041384694,-0.05572170713136377,0.0005182896236335158,False,commercial,applyhome,0.05572170713136377,0.002188140928820692,0.001620075217842767,0.0032123771082686755
land_chg_pct,vac_office,4636,-0.09362298902645194,1.692471319537039e-10,-0.05093824270456824,0.0005212159987421705,False,land_house,commercial,0.05093824270456824,0.11651988645546885,0.0016271121204256874,0.1224911271741009
min_bid_mn,ah_n_pblanc,2416,-0.022494987180019924,0.26904704670544227,-0.07052136169731289,0.000522692266003459,False,site_price,applyhome,0.07052136169731289,0.0006789675530198824,0.0016296097814596845,0.0011239605085559912
rtms_apt_n_3m,kiscon_cnt_pub,4732,0.03792288531894797,0.009082135036107854,0.050387522373955704,0.000525478180432919,False,rtms_apt,kiscon,0.050387522373955704,0.0005126809146698275,0.0016361788305469442,0.0008776746740713314
rtms_nrg_unit_3m,kiscon_cnt_indiv,4730,-0.024250295839810705,0.0953915039074882,-0.05036975815823522,0.0005293173238830056,False,rtms_nrg,kiscon,0.05036975815823522,0.0026406712020599077,0.001646006129752314,0.0037959648529611173
apt_idx,appr_vs_rtms_dae_3m,4548,-0.008587508136855677,0.5626004740786249,-0.051326193994662365,0.000534762589126497,False,land_house,valuation,0.051326193994662365,0.028103154875924297,0.0016607961853026517,0.03281583777050237
rtms_land_n_3m,kiscon_cnt_priv,4732,0.08928830492984371,7.614111806761536e-10,0.05016323727867753,0.0005565151683765683,False,rtms_land,kiscon,0.05016323727867753,0.0013738045044833225,0.0017261281284266787,0.002106500240207761
rtms_land_dae_n_3m,kiscon_amt_indiv,4732,0.010823949970590788,0.45663477919033574,0.05013969943118522,0.0005598695100982888,False,rtms_land,kiscon,0.05013969943118522,0.0005544594054582852,0.0017343001533893004,0.0009389977538533678
vac_office,rtms_land_n,4636,-0.011816576787232531,0.42117737268924693,-0.050579344242398384,0.0005707810010258068,False,commercial,rtms_land,0.050579344242398384,0.0066165296621845116,0.001765830824739659,0.008764303688652783
discount_ratio,ah_supply_sum,2400,-0.05209443186676145,0.01069531581226773,-0.07026383440435745,0.0005717454034327257,False,site_price,applyhome,0.07026383440435745,0.0017902706601578,0.001766546695221627,0.002669578450019195
rtms_nrg_unit_3m,appr_vs_rtms_dae_3m,4546,-0.001968190313174008,0.8944567738134983,-0.0510045962995309,0.0005812223124163895,False,rtms_nrg,valuation,0.0510045962995309,0.004888701928327688,0.001793528518467988,0.0066616243511682495
ah_under_ratio,kiscon_cnt_all,3825,-0.03876514739354983,0.016502447440798332,-0.055558737888896335,0.0005867848595560041,False,applyhome,kiscon,0.055558737888896335,0.00026418707962316823,0.0018079048868789823,0.0004934014345056656
discount_ratio,kiscon_cnt_pub,2853,0.02771407683143193,0.13888902731792013,0.06431562537995321,0.0005873815462349557,False,site_price,kiscon,0.06431562537995321,0.0010186575204997883,0.0018079048868789823,0.0016208827212984053
rtms_nrg_med_unit,kiscon_amt_pub,4711,0.023630259357540595,0.10486767742712963,0.05003202820958058,0.0005919535015732535,False,rtms_nrg,kiscon,0.05003202820958058,0.002913697177612029,0.0018196529831524756,0.004141378572673277
min_bid_mn,apt_idx_yoy_pct,2688,-0.015133276768502207,0.4328765896704064,-0.0659717355540888,0.0006204728784091646,False,site_price,land_house,0.0659717355540888,0.10461156141902062,0.001904891257281639,0.11120472705467317
apt_idx,rtms_land_med_unit,4723,0.06055254513341263,3.1253099488568934e-05,0.04976933417072381,0.0006226137822343945,False,land_house,rtms_land,0.04976933417072381,,0.0019090320803879016,
rentidx_office,rtms_land_n_3m,4636,0.0560811565083415,0.00013321337540151491,0.049979122725561674,0.0006635883036746026,False,commercial,rtms_land,0.049979122725561674,,0.0020320810824088847,
rtms_fac_n,appr_vs_rtms_all_3m,4548,0.0007089125539144732,0.9618795259820887,0.0503721921654797,0.0006781425401027726,False,rtms_fac,valuation,0.0503721921654797,0.0007584205675388311,0.002074014621380307,0.0012432855524016691
kiscon_amt_pub,kiscon_amt_indiv,4732,0.1370231266641841,2.8537714786017255e-21,0.04932605830621715,0.0006880772604209236,True,kiscon,kiscon,0.04932605830621715,,0.00210173155591182,
rtms_land_med_unit,appr_vs_rtms_dae_3m,4539,-0.003119448161718291,0.8335846278682223,-0.05028264127136123,0.0007018439337843444,False,rtms_land,valuation,0.05028264127136123,0.0003977121971339148,0.002141068203063633,0.0007020082735456775
rtms_land_n_3m,rtms_nrg_n_3m,4732,-0.0317125729221634,0.02914900917541114,0.04920628896524282,0.0007091045793444866,False,rtms_land,rtms_nrg,0.04920628896524282,,0.002160482978786615,
round_no,ah_n_pblanc,252,0.11005370741538789,0.08121787971341866,0.21169131082237483,0.0007190772056681003,False,site_price,applyhome,0.21169131082237483,0.011520535735297877,0.0021881010930052043,0.014429185846684964
house_idx_yoy_pct,kiscon_amt_indiv,4394,0.023624545059632407,0.11740032434432454,0.05095423576534099,0.0007278965192146951,False,land_house,kiscon,0.05095423576534099,0.010259041487474141,0.002212144528760927,0.012977687481654789
rtms_apt_med_unit,rtms_fac_n_yoy_pct,3791,-0.016387884706722696,0.3130921361937019,-0.05476429625437076,0.000742683016704668,False,rtms_apt,rtms_fac,0.05476429625437076,0.0075985234604494245,0.0022542393831967884,0.009977991879725109
rtms_land_n,rtms_apt_n_yoy_pct,4732,-0.0023571839773229367,0.8712216141631036,0.048996957540051705,0.0007472952605903495,False,rtms_land,rtms_apt,0.048996957540051705,,0.002265385632733009,
rtms_land_n,rtms_fac_n_yoy_pct,3791,0.03710278876823139,0.02234259721313143,0.054611352470058466,0.000768542938621198,False,rtms_land,rtms_fac,0.054611352470058466,0.0006339939057402599,0.00232686995235815,0.0010599149217111394
house_idx_yoy_pct,rtms_apt_n_yoy_pct,4394,-0.14021319698411444,9.829594386794861e-21,-0.05051763881145613,0.000808519301728587,False,land_house,rtms_apt,0.05051763881145613,0.040822102641072666,0.0024448325184013736,0.04617582102022973
min_bid_mn,rtms_nrg_n_3m,2873,-0.004214124702799285,0.8213714731581662,-0.06226865497689587,0.0008395609472303838,False,site_price,rtms_nrg,0.06226865497689587,0.019629140052751515,0.0025355161438912594,0.023680669326314602
min_bid_mn,round_no,313,-0.10703956484253649,0.05854638216856838,-0.18748903414128204,0.0008580506568769272,True,site_price,site_price,0.18748903414128204,,0.002588112744772709,
ah_supply_sum,kiscon_amt_pub,3877,-0.11978993740508298,7.245600053171577e-14,-0.05338415888436684,0.0008832537895836188,False,applyhome,kiscon,0.05338415888436684,0.0006624017753431577,0.002660802041120652,0.0011001377406683953
rtms_land_n_yoy_pct,kiscon_cnt_priv_yoy_pct,4724,0.02140556944705946,0.1412875720629515,0.04809434378162686,0.000944260768306677,False,rtms_land,kiscon,0.04809434378162686,,0.0028410342716842594,
house_idx_yoy_pct,ah_under_ratio,3632,-0.013480923664062843,0.4166770937189552,-0.05476496868598978,0.0009606255260543997,False,land_house,applyhome,0.05476496868598978,0.02783950297401483,0.0028866677279190817,0.03255806280011904
apt_idx_yoy_pct,ah_under_ratio,3632,-0.012933381382616401,0.43585693719872337,-0.05474778510475092,0.0009641848604135212,False,land_house,applyhome,0.05474778510475092,0.0196517575078774,0.0028937553095847897,0.023680669326314602
rtms_apt_n_3m,rtms_fac_med_unit,3740,-0.006321523388268116,0.6991480212317727,0.05392595721133382,0.000969714444425572,False,rtms_apt,rtms_fac,0.05392595721133382,0.0008968588240279018,0.0029067311082905827,0.0014391455548354705
min_bid_mn,kiscon_cnt_all,2873,0.027100135529795906,0.1464426803859917,0.06142432771746242,0.0009875678544171253,False,site_price,kiscon,0.06142432771746242,0.00021261639862424353,0.0029565696014226986,0.0004054669511452282
vac_office,rtms_fac_n_3m,4636,0.0652172288179573,8.827849881305106e-06,0.048279665345216584,0.001007923885087125,False,commercial,rtms_fac,0.048279665345216584,,0.0030137674479652253,
yield_office,rtms_land_dae_unit_3m,4636,-0.01764828421993389,0.22959257079961917,0.0481977615176665,0.0010281050620692684,False,commercial,rtms_land,0.0481977615176665,,0.00307030136256126,
apt_idx_yoy_pct,kiscon_amt_indiv,4394,0.02693253675163297,0.07424514028171053,0.049491091628820795,0.0010318106816543087,False,land_house,kiscon,0.049491091628820795,,0.0030775541371124804,
vac_midlarge,rtms_apt_n,4732,0.03910247086505764,0.007141800110280791,0.04761519542482624,0.0010513204980210837,False,commercial,rtms_apt,0.04761519542482624,,0.0031318694687649095,
rentidx_office,rtms_nrg_n_3m,4636,0.05995652154952324,4.409495264446142e-05,-0.04807312207513853,0.0010595346724574088,False,commercial,rtms_nrg,0.04807312207513853,,0.0031524426674350062,
rtms_land_unit_3m,kiscon_cnt_priv_yoy_pct,4732,-0.03160727147525734,0.029688748356887208,0.04753472707222391,0.0010721461389016406,False,rtms_land,kiscon,0.04753472707222391,,0.003186032299325467,
apt_idx_yoy_pct,rtms_fac_med_unit,3523,-0.029615522982364806,0.07881779595564242,-0.05503799311671528,0.0010827572487752094,False,land_house,rtms_fac,0.05503799311671528,0.0006095330751938466,0.0032136021792466187,0.0010235300975047113
rentidx_office,ah_n_pblanc,3857,0.17015898006813104,1.9010829978068132e-26,0.052107816966480966,0.001206693219919611,False,commercial,applyhome,0.052107816966480966,0.0231618308080217,0.003577036482172524,0.027468483723888236
rtms_land_n_3m,kiscon_amt_priv,4732,0.003981409545108982,0.7842321475074973,0.04700825433839508,0.0012180910388604794,False,rtms_land,kiscon,0.04700825433839508,,0.0036050049575602266,
apt_idx_yoy_pct,ah_supply_sum,3674,-0.030647067851656266,0.06324984252999155,-0.05333758103576283,0.0012199206143861645,False,land_house,applyhome,0.05333758103576283,0.002710030908256833,0.0036050049575602266,0.003885416883733623
rtms_fac_unit_3m,unsold_completed,4037,-0.025589531541536672,0.10402312338921665,-0.050882239995303426,0.0012206157864602261,False,rtms_fac,unsold,0.050882239995303426,0.05237232775822975,0.0036050049575602266,0.05862919877359349
rtms_land_n_yoy_pct,kiscon_cnt_priv,4724,-0.0053763566689040716,0.7118078431662092,0.04697782095528373,0.0012388626928575824,False,rtms_land,kiscon,0.04697782095528373,,0.003654417490559086,
land_area_m2,bldg_area_m2,1297,-0.02420091763850314,0.38383263243748056,-0.08920513847843489,0.0013001837196756994,True,site_price,site_price,0.08920513847843489,,0.0038306146264284052,
yield_midlarge,rtms_fac_n_yoy_pct,3791,0.031891273234864986,0.04959593785340686,0.05216292656038849,0.0013142181269980191,False,commercial,rtms_fac,0.05216292656038849,0.00850186186212043,0.003867235269920911,0.01103062077495625
apt_idx_yoy_pct,kiscon_cnt_pub,4394,0.012636399815997144,0.40235239634147535,0.04843934192283453,0.0013186816707106113,False,land_house,kiscon,0.04843934192283453,,0.003875637593186065,
rtms_nrg_n_3m,minbid_vs_rtms_all_3m,2850,0.0016176514123297692,0.9312111453033773,-0.06004698707613374,0.0013407119829250385,False,rtms_nrg,valuation,0.06004698707613374,0.00903389723991399,0.003935585723324413,0.011641303913573375
rtms_fac_med_unit,unsold_completed,3461,0.01488266685619484,0.3814197111697493,0.054470665793549346,0.0013471278312415344,False,rtms_fac,unsold,0.054470665793549346,0.007561144704612888,0.003949608361669219,0.0099461158246121
rtms_nrg_med_unit,kiscon_amt_priv,4711,0.03953555986427922,0.006648976172643367,0.04665401126833032,0.0013596957385497643,False,rtms_nrg,kiscon,0.04665401126833032,,0.003981612065498095,
rtms_nrg_unit_3m,kiscon_amt_priv_yoy_pct,4730,0.0009108697113039774,0.9500623215120391,0.046446551538881546,0.0013971389402611602,False,rtms_nrg,kiscon,0.046446551538881546,,0.004086292288870626,
apt_idx_yoy_pct,minbid_unit_land_mn_m2,2665,0.00013075529755946814,0.9946167955552762,-0.06169901307193656,0.001439211655247377,False,land_house,valuation,0.06169901307193656,0.10609772697706132,0.004204242532298398,0.11246951784300216
land_chg_pct,rtms_nrg_n_yoy_pct,4716,0.0018689012992703594,0.8979041199302604,0.046157554011690506,0.0015210681596404259,False,land_house,rtms_nrg,0.046157554011690506,,0.004433939032352624,
vac_midlarge,rtms_fac_unit_3m,4363,-0.018946338191465347,0.2108555527545197,-0.04798613854611465,0.0015215218173259832,False,commercial,rtms_fac,0.04798613854611465,,0.004433939032352624,
rtms_apt_n_yoy_pct,appr_vs_rtms_all_3m,4548,0.015444841010227165,0.29770929494050724,0.04686796626185209,0.001569098969853521,False,rtms_apt,valuation,0.04686796626185209,,0.004567063426747567,
unsold_pct_completed,kiscon_amt_priv_yoy_pct,4041,0.007551602918782565,0.6312948608523481,0.04961020803728991,0.0016070111422087472,False,unsold,kiscon,0.04961020803728991,,0.004671769424273921,
rtms_land_unit_3m,unsold_total,4377,-0.006717530442216617,0.6568238956827309,0.04755284142330696,0.001649971043445111,False,rtms_land,unsold,0.04755284142330696,,0.004787193520339062,
rentidx_midlarge,excess_pp_med,446,0.1302736398616556,0.00586488662549859,0.14859418621221002,0.0016506878902081993,False,commercial,excess,0.14859418621221002,0.009980387354424414,0.004787193520339062,0.012681173617768157
capret_midlarge,rtms_nrg_unit_3m,4730,0.061834600684786044,2.084678438756288e-05,0.04570069133924885,0.0016672568061284908,False,commercial,rtms_nrg,0.04570069133924885,,0.004829433777367383,
capret_midlarge,rtms_land_dae_n,4732,-0.04146455062010142,0.004333583067039369,-0.045594590772450865,0.001705502243639532,False,commercial,rtms_land,0.045594590772450865,,0.004934286203086761,
rtms_apt_n,rtms_nrg_n_yoy_pct,4716,0.017411444405032048,0.2319025959858387,0.045646030026388805,0.0017158514663598871,False,rtms_apt,rtms_nrg,0.045646030026388805,,0.004958275820056748,
yield_midlarge,unsold_total,4377,0.08874700884749998,4.0697105292446725e-09,0.04732415427357023,0.0017375335741965923,False,commercial,unsold,0.04732415427357023,,0.00501491726205244,
discount_ratio,rtms_nrg_n_3m,2853,0.004272646464124141,0.8195545429833746,-0.05859101296205101,0.0017429029707420906,False,site_price,rtms_nrg,0.05859101296205101,0.023869204432737767,0.005024397319962247,0.02821919963309652
discount_ratio,kiscon_amt_priv,2853,-0.04356356552973885,0.01996703932512817,-0.05838162520198966,0.001810597064704397,False,site_price,kiscon,0.05838162520198966,0.0025453311022856084,0.005213308155242051,0.0036932997772465043
unsold_total,minbid_vs_rtms_all_3m,2640,-0.023492056944432186,0.22757135053761024,-0.06064456677589855,0.0018247365445802515,False,unsold,valuation,0.06064456677589855,0.022838044844534666,0.005247750683100723,0.027169398177118827
rtms_apt_unit_3m,rtms_fac_med_unit,3740,0.10009217246323335,8.539801220682965e-10,0.05091291458624474,0.001842033298183463,False,rtms_apt,rtms_fac,0.05091291458624474,0.017981947831426925,0.005291180272493618,0.021872273083418325
appraisal_mn,unsold_completed,4237,-0.03777702369601635,0.013926898751542138,0.047828963182783825,0.0018447063420239725,False,site_price,unsold,0.047828963182783825,,0.005292550338425921,
yield_midlarge,minbid_vs_rtms_dae_3m,2850,-0.018139800001508367,0.3330168308274348,-0.05826103453091764,0.0018609735344501037,False,commercial,valuation,0.05826103453091764,0.0371912581240168,0.005332873029755945,0.042384632006199324
rtms_nrg_n_3m,minbid_unit_land_mn_m2,2850,-0.005369470927576357,0.7744740405801475,-0.05820147482792576,0.0018811571189925056,False,rtms_nrg,valuation,0.05820147482792576,0.03704633811451519,0.0053795736099880274,0.04228296335175493
capret_midlarge,minbid_unit_land_mn_m2,2850,-0.01043314202717991,0.5776994914927892,-0.05819520531410245,0.0018832933806443926,False,commercial,valuation,0.05819520531410245,0.10627637741782392,0.0053795736099880274,0.11250177191091822
land_chg_pct,vac_midlarge,4732,-0.05410346967666976,0.00019648263504388143,-0.0451692850604486,0.0018839668576057654,False,land_house,commercial,0.0451692850604486,,0.0053795736099880274,
rtms_nrg_unit_3m,rtms_fac_n_yoy_pct,3790,0.06171144296752934,0.00014381675682652873,0.05036425226598885,0.0019253066471926024,False,rtms_nrg,rtms_fac,0.05036425226598885,0.011608436270504008,0.0054911112659576,0.014515326407434172
apt_idx,kiscon_amt_priv_yoy_pct,4732,-0.003225870116557967,0.8244321697914617,-0.045067326242713535,0.0019292246192170338,False,land_house,kiscon,0.045067326242713535,,0.005495781716682094,
vac_midlarge,rtms_land_med_unit,4723,0.011488132712423296,0.4299200414421874,-0.045092676103361914,0.0019371063680244007,False,commercial,rtms_land,0.045092676103361914,,0.005511719417873443,
rtms_apt_unit_3m,minbid_vs_rtms_all_3m,2850,-0.0018651307048922544,0.9207197412211696,-0.05792376720680723,0.0019779463654352866,False,rtms_apt,valuation,0.05792376720680723,0.01879874160049888,0.00562128625082434,0.022756371411130225
minbid_unit_land_mn_m2,kiscon_amt_priv_yoy_pct,2850,-0.006330888898646454,0.7354897177955267,-0.05791714792258644,0.0019803081503008265,False,valuation,kiscon,0.05791714792258644,0.002013771525364083,0.0056213694254711325,0.00296211741812275
round_no,ah_rate_med,230,0.10502552782032734,0.11217128234400311,0.20220635550845956,0.0020575268669180903,False,site_price,applyhome,0.20220635550845956,0.008382304742272861,0.005833693822673644,0.010894125512645722
rtms_nrg_unit_3m,unsold_completed,4375,0.1135362955444669,4.999227202757584e-14,0.04642201406717192,0.0021312464771962073,False,rtms_nrg,unsold,0.04642201406717192,,0.00603560988254155,
discount_ratio,rtms_land_n,2853,0.041682974065184605,0.025985748093788705,0.05738628376171069,0.002166641312932086,False,site_price,rtms_land,0.05738628376171069,0.004671312154079121,0.006128645028364234,0.006423054211858792
land_chg_cum12_pct,excess_pp_med,446,0.13276221117690182,0.004979761442025614,0.14481099378961132,0.002170779281586466,False,land_house,excess,0.14481099378961132,0.028661184176183463,0.006133151311399041,0.03332458106357353
land_chg_pct,ah_sale_unit_med,3493,0.10143640742892646,1.873496500410697e-09,0.051790193320163457,0.002199788545306056,False,land_house,applyhome,0.051790193320163457,0.006412722469042231,0.006207834185231376,0.00850918943007527
apt_idx,rtms_nrg_med_unit,4711,-0.01222766080263309,0.40142708898488905,-0.04458961722622633,0.0022045499955306086,False,land_house,rtms_nrg,0.04458961722622633,,0.006213994724244171,
vac_midlarge,rtms_fac_n_yoy_pct,3791,-0.018980024830926867,0.24266932375394087,-0.04968377984948354,0.0022136228099830244,False,commercial,rtms_fac,0.04968377984948354,,0.006232279172966225,
capret_midlarge,rtms_land_unit_3m,4732,0.05726974736791314,8.0888029241049e-05,0.04445670755726178,0.0022218054995586027,False,commercial,rtms_land,0.04445670755726178,,0.0062480177992254755,
rtms_nrg_med_unit,ah_n_pblanc,3862,-0.01674928086236064,0.2980519625799547,0.04908367220269027,0.00227962081302934,False,rtms_nrg,applyhome,0.04908367220269027,,0.006403130721912249,
rtms_land_dae_n_3m,rtms_fac_unit_3m,4363,-0.12349289673874173,2.698473463254696e-16,-0.046160844553952855,0.002289825915356444,False,rtms_land,rtms_fac,0.046160844553952855,,0.006424307864969767,
rtms_nrg_med_unit,rtms_apt_unit_3m,4711,0.017252888765971156,0.23643061990990272,0.044377111448259246,0.0023145154083420313,False,rtms_nrg,rtms_apt,0.044377111448259246,,0.006486025737330576,
land_chg_cum12_pct,rtms_nrg_n_3m,4732,0.048712546202819715,0.0008022480246412338,-0.04415409708186514,0.0023813900584386764,False,land_house,rtms_nrg,0.04415409708186514,,0.006665679489938688,
rtms_fac_n,kiscon_amt_indiv,4732,0.041787865311028856,0.004039454305307025,0.04405163024789832,0.002437760596460306,False,rtms_fac,kiscon,0.04405163024789832,,0.006809723073031341,
rtms_nrg_n,rtms_fac_n_yoy_pct,3791,0.06631209210046173,4.387611522672985e-05,0.04921193460420117,0.002438502494616617,False,rtms_nrg,rtms_fac,0.04921193460420117,,0.006809723073031341,
land_area_m2,capret_midlarge,4662,-0.0193876338105543,0.1856576718042518,-0.04433194084604653,0.002464957892962075,False,site_price,commercial,0.04433194084604653,,0.0068756348634706034,
appr_vs_rtms_all_3m,kiscon_amt_priv_yoy_pct,4548,0.003976932732412929,0.788601446696748,0.04482545363326415,0.0024973166153324745,False,valuation,kiscon,0.04482545363326415,,0.006957841668151749,
rtms_nrg_n,rtms_apt_n_yoy_pct,4732,0.016425901265998404,0.2585993750542532,0.043893902541362835,0.0025269213503928906,False,rtms_nrg,rtms_apt,0.043893902541362835,,0.007032194520146497,
house_idx_yoy_pct,kiscon_amt_pub,4394,0.03121866332952459,0.03851653486946939,0.04550072954167566,0.0025543918204353516,False,land_house,kiscon,0.04550072954167566,,0.007100443237888348,
discount_ratio,kiscon_amt_priv_yoy_pct,2853,-0.012106122794594856,0.5180394527430014,-0.056339952023080335,0.00260916388399246,False,site_price,kiscon,0.056339952023080335,0.002411832212003029,0.007244337512006715,0.0035203474017505747
land_chg_pct,unsold_total,4377,0.11257338235994566,8.058778615204881e-14,0.04539450383899085,0.0026650689810484222,False,land_house,unsold,0.04539450383899085,,0.0073830974181480005,
vac_office,minbid_unit_land_mn_m2,2806,-0.0430300596693287,0.022642399772784094,-0.05668765294461979,0.0026652675326924316,False,commercial,valuation,0.05668765294461979,0.14327013185073412,0.0073830974181480005,0.14957638249615846
rtms_nrg_med_unit,rtms_apt_med_unit,4711,0.03787491410708228,0.00932637051847742,0.04371576319251415,0.002689662397079119,False,rtms_nrg,rtms_apt,0.04371576319251415,,0.007442119835775749,
house_idx_yoy_pct,rtms_land_dae_n_3m,4394,0.011471228671933027,0.44713211045759094,0.04519977775792848,0.002727864452481291,False,land_house,rtms_land,0.04519977775792848,,0.007539166663394394,
rtms_land_n_3m,rtms_fac_med_unit,3740,-0.056512565569707615,0.0005448795755202789,-0.048951110446249016,0.0027496176349522,False,rtms_land,rtms_fac,0.048951110446249016,,0.007590582474495764,
rtms_nrg_med_unit,appr_vs_rtms_all_3m,4527,-0.004236844811759592,0.7756517116601231,0.04443660440796295,0.002785404246397862,False,rtms_nrg,valuation,0.04443660440796295,,0.007680576926566188,
rtms_nrg_unit_3m,minbid_vs_rtms_dae_3m,2850,-0.0012294762734855872,0.9476904745798775,-0.05595775518358212,0.0028048107119388226,False,rtms_nrg,valuation,0.05595775518358212,0.03441066785992475,0.007725250075168643,0.03945271435903759
rtms_apt_med_unit,kiscon_amt_pub,4731,-0.016085862687625227,0.26863941351334925,-0.043405658083772385,0.0028250674808345836,False,rtms_apt,kiscon,0.043405658083772385,,0.007767195231476656,
round_no,kiscon_amt_priv_yoy_pct,315,-0.06000625776777036,0.28835896206338724,-0.16771576975015276,0.0028264855676369406,False,site_price,kiscon,0.16771576975015276,0.007856039243637092,0.007767195231476656,0.01024524705484631
apt_idx,rtms_land_dae_n,4732,0.011671937704615639,0.4221352163121412,0.0432913855443459,0.0028956488163503643,False,land_house,rtms_land,0.0432913855443459,,0.007948193220278335,
n_rounds_m,kiscon_amt_priv_yoy_pct,446,0.05633290249950572,0.23511612191504944,0.1407105228999117,0.0029002638198514785,False,site_price,kiscon,0.1407105228999117,0.007049966648256856,0.0079518041022094,0.009289799802130128
rtms_apt_n,ah_rate_med,3478,-0.03366262738378322,0.04713468764761055,0.05045683795868134,0.0029156227933267395,False,rtms_apt,applyhome,0.05045683795868134,0.010610340721847855,0.00798483060445164,0.013377489381864654
rtms_apt_n,ah_n_pblanc,3877,-0.010452522123888974,0.515278870479402,-0.04771361759792676,0.0029620453372156677,False,rtms_apt,applyhome,0.04771361759792676,,0.008102757392383381,
yield_office,minbid_vs_rtms_dae_3m,2806,-0.0253480961169084,0.17948289523970193,-0.05599141957304999,0.003007540099136233,False,commercial,valuation,0.05599141957304999,0.06610382579028373,0.008217881676778144,0.0729255868820136
rtms_nrg_unit_3m,rtms_apt_med_unit,4729,0.03639024060052875,0.012327038274773213,0.043072761110860974,0.003050451435331215,False,rtms_nrg,rtms_apt,0.043072761110860974,,0.008325694177970815,
discount_ratio,kiscon_cnt_all,2853,0.021384245542166582,0.25352177200980125,0.05535820455499587,0.003097959911545364,False,site_price,kiscon,0.05535820455499587,0.0024096833573725718,0.008445795686452859,0.0035203474017505747
rentidx_midlarge,rtms_nrg_n_3m,4732,0.022943861006696067,0.11454533559746954,-0.04296986208407161,0.0031119123517267806,False,commercial,rtms_nrg,0.04296986208407161,,0.008474247195097786,
rtms_land_dae_n_3m,rtms_apt_n,4732,-0.03371886327708783,0.02036514435522161,-0.04294701787086718,0.003127824351359456,False,rtms_land,rtms_apt,0.04294701787086718,,0.008507964657761047,
min_bid_mn,kiscon_amt_priv_yoy_pct,2873,-0.0070078145691538874,0.7073164371734285,-0.05505729858649319,0.0031567518480375323,False,site_price,kiscon,0.05505729858649319,0.0051373972801087575,0.008576969508196676,0.006925905036594222
rtms_nrg_n_3m,appr_vs_rtms_dae_3m,4548,-0.006696538199407029,0.6516379916181839,-0.04364092754648182,0.0032432693628906685,False,rtms_nrg,valuation,0.04364092754648182,,0.008802116176313638,
house_idx,appr_vs_rtms_dae_3m,4548,-0.004294347360531803,0.7721776442554604,-0.04358326939891215,0.0032842950458451385,False,land_house,valuation,0.04358326939891215,,0.008903432014045875,
rtms_apt_n_yoy_pct,kiscon_cnt_priv_yoy_pct,4732,0.03648343272936531,0.012078217393822038,0.042675421343013054,0.0033227678164247133,False,rtms_apt,kiscon,0.042675421343013054,,0.008997607233239953,
minbid_unit_land_mn_m2,ah_n_pblanc,2393,-0.010700695946401936,0.6008341587460618,-0.05995687063472117,0.003345213104800004,False,valuation,applyhome,0.05995687063472117,0.004883686747019,0.009048219509055004,0.0066616243511682495
bldg_area_m2,minbid_vs_rtms_all_3m,916,0.05064591899844244,0.12559311454169222,0.09682567067572266,0.003353042676420631,False,site_price,valuation,0.09682567067572266,0.08181910917483126,0.009059229652661122,0.08871529123385276
rtms_fac_unit_3m,kiscon_cnt_indiv,4363,0.02277032466096989,0.13262966368439846,0.04431141961515686,0.0034169705985300962,False,rtms_fac,kiscon,0.04431141961515686,,0.009221611581699363,
min_bid_mn,rentidx_office,2829,-0.02478345493820734,0.1875669997401425,0.054915439001371844,0.003480425905836472,False,site_price,commercial,0.054915439001371844,0.19319839737097544,0.009382356189111742,0.19950691646880322
rtms_apt_n,kiscon_cnt_indiv,4732,0.04839024942342167,0.0008690403356351128,0.04243423846988253,0.0035050868093708773,False,rtms_apt,kiscon,0.04243423846988253,,0.009438278447579681,
house_idx,kiscon_amt_priv_yoy_pct,4732,-0.002271773027843678,0.8758492685432288,-0.04241599101523791,0.0035192443515650314,False,land_house,kiscon,0.04241599101523791,,0.009465824650972907,
min_bid_mn,ah_rate_med,2162,0.03822553166958428,0.0755672526007612,0.06271632213715496,0.003530465334549213,False,site_price,applyhome,0.06271632213715496,0.023238127606800996,0.009484725707716295,0.02751597325048667
capret_midlarge,ah_rate_med,3478,0.024603692617889715,0.14686613965485998,0.04944953493766477,0.003534142608103416,False,commercial,applyhome,0.04944953493766477,,0.009484725707716295,
unsold_completed,appr_unit_land_mn_m2,4212,0.014269421562150712,0.35452049731862073,0.04491301991649451,0.003551674588080131,False,unsold,valuation,0.04491301991649451,,0.009521174368490674,
rtms_land_dae_n,ah_rate_med,3478,-0.061486843021064636,0.00028530480376208207,0.049366438947868206,0.0035901508746332194,False,rtms_land,applyhome,0.049366438947868206,,0.009613626230962288,
rtms_apt_unit_3m,ah_sale_unit_med,3493,-0.02578126550923307,0.12765314421363996,0.049113933864641225,0.003691045679645347,False,rtms_apt,applyhome,0.049113933864641225,,0.009864213866642324,
rtms_land_dae_n_3m,unsold_total,4377,0.0824551581531276,4.6844904403867906e-08,0.04387152610363263,0.003695351496120915,False,rtms_land,unsold,0.04387152610363263,,0.009864213866642324,
land_chg_cum12_pct,kiscon_amt_priv_yoy_pct,4732,-0.05391676613468516,0.00020674538855146277,-0.042193610382572015,0.003696010423891294,False,land_house,kiscon,0.042193610382572015,,0.009864213866642324,
capret_office,rtms_land_dae_med_unit,4570,0.011664129248366326,0.43050548593399196,0.04288434697568014,0.0037364056773038223,False,commercial,rtms_land,0.04288434697568014,,0.009950550617311477,
rtms_fac_n_yoy_pct,unsold_completed,3541,0.031196091359722754,0.06343070388196298,0.048715562116090134,0.0037366175554634385,False,rtms_fac,unsold,0.048715562116090134,,0.009950550617311477,
rtms_fac_n,rtms_nrg_n_yoy_pct,4716,0.02916904447083807,0.04517460409324827,0.04214740504314336,0.003792628406240998,False,rtms_fac,rtms_nrg,0.04214740504314336,,0.010084671951086626,
min_bid_mn,kiscon_amt_priv,2873,-0.014329026713061434,0.44263788758376704,-0.05398910945579911,0.0037953516430023113,False,site_price,kiscon,0.05398910945579911,0.010167601262115467,0.010084671951086626,0.012883488076703904
rtms_land_dae_med_unit,ah_sale_unit_med,3436,0.04181010955056384,0.014246785745836987,0.04919249904131805,0.003923676501519453,False,rtms_land,applyhome,0.04919249904131805,,0.010414163401610001,
unsold_completed,kiscon_cnt_indiv,4377,-0.019020329030616553,0.20834893039549937,-0.04355415631709089,0.003951100681802989,False,unsold,kiscon,0.04355415631709089,,0.01046928164499136,
capret_midlarge,kiscon_cnt_pub,4732,-0.06272896748141285,1.5730019006957734e-05,-0.041886810899342014,0.003953131243544455,False,commercial,kiscon,0.041886810899342014,,0.01046928164499136,
land_chg_cum12_pct,rtms_land_dae_n,4732,0.031203802932740863,0.031837043942059634,0.041786698212837446,0.004040482645476598,False,land_house,rtms_land,0.041786698212837446,,0.010688872860152143,
rtms_nrg_n,ah_supply_sum,3877,0.024631231797516567,0.12517350663742627,0.04608732705029038,0.0041014349028326005,False,rtms_nrg,applyhome,0.04608732705029038,,0.010838221618230885,
rtms_land_n_3m,rtms_fac_n_yoy_pct,3791,-0.022107660276670733,0.17354203208075847,-0.04655885146850686,0.004140046492912135,False,rtms_land,rtms_fac,0.04655885146850686,,0.010928271684466863,
capret_midlarge,rtms_apt_n_yoy_pct,4732,0.022044533567069525,0.12946454128950202,0.041637061097976505,0.004174313991294141,False,commercial,rtms_apt,0.041637061097976505,,0.011006670370917812,
capret_midlarge,minbid_vs_rtms_all_3m,2850,-0.005217733753899811,0.7806819421580949,-0.05358977971591479,0.004213586476172298,False,commercial,valuation,0.05358977971591479,0.05783460824943032,0.011098080226858183,0.06436432208404343
appraisal_mn,land_chg_pct,4576,-0.016018978533853936,0.27863291291447806,-0.04228747235281679,0.004221972420585771,False,site_price,land_house,0.04228747235281679,,0.011108027875121954,
yield_midlarge,appr_vs_rtms_dae_3m,4548,0.002434261876729661,0.8696374911787208,-0.04237409817990726,0.0042610667515009795,False,commercial,valuation,0.04237409817990726,,0.011198659619539107,
rtms_land_dae_n_3m,rtms_fac_med_unit,3740,-0.09771143293448366,2.1252758536505232e-09,-0.04665196474609527,0.0043223376309460045,False,rtms_land,rtms_fac,0.04665196474609527,,0.011347313388431233,
minbid_unit_land_mn_m2,ah_supply_sum,2393,0.0039837205542763285,0.8455684782420578,-0.05828686634734106,0.004341372794483095,False,valuation,applyhome,0.05828686634734106,0.009948738941809365,0.011384884042115627,0.012681173617768157
rtms_land_dae_unit_3m,rtms_fac_med_unit,3740,-0.06516630810817718,6.657989342213348e-05,0.046454484053845634,0.004489715016827394,False,rtms_land,rtms_fac,0.046454484053845634,,0.011761101294080456,
appraisal_mn,kiscon_cnt_indiv,4576,-0.010026487244253599,0.4977178732442739,-0.04191452841891612,0.004570712029235432,False,site_price,kiscon,0.04191452841891612,,0.011951404140352192,
rtms_land_n,rtms_fac_unit_3m,4363,-0.06359961262502412,2.6224083362532855e-05,0.04292345738984446,0.004572279924234324,False,rtms_land,rtms_fac,0.04292345738984446,,0.011951404140352192,
rtms_nrg_med_unit,kiscon_amt_indiv,4711,0.02340891972821087,0.1081629241697071,0.04113508564161154,0.004745451316602187,False,rtms_nrg,kiscon,0.04113508564161154,,0.01239061503034807,
round_no,discount_ratio,310,-0.1475494956558955,0.009278001476355605,-0.15926688391183033,0.004941573835357825,True,site_price,site_price,0.15926688391183033,,0.012888736951528526,
rtms_fac_n_yoy_pct,kiscon_amt_indiv,3791,0.031238033087857494,0.05445556485088164,0.04563036933438427,0.004953395340586581,False,rtms_fac,kiscon,0.04563036933438427,,0.012905602995474226,
land_chg_cum12_pct,rtms_apt_unit_3m,4732,0.03209781965232565,0.027245694446957673,-0.04077975203998696,0.00502158179169346,False,land_house,rtms_apt,0.04077975203998696,,0.01306912755721516,
rtms_nrg_n_3m,kiscon_amt_all,4732,0.025972857462304603,0.07401993950187666,0.04075655627007834,0.005046525701956475,False,rtms_nrg,kiscon,0.04075655627007834,,0.01311987803852762,
minbid_unit_land_mn_m2,ah_rate_med,2139,0.0019998081982319435,0.926351791991294,0.06058129439455484,0.005066412056359733,False,valuation,applyhome,0.06058129439455484,0.017065996901632907,0.01315738475843422,0.020824906187040797
rtms_land_dae_n,rtms_fac_n_yoy_pct,3791,0.08316497559518934,2.932181357498784e-07,0.045485475742152504,0.005092608248833525,False,rtms_land,rtms_fac,0.045485475742152504,,0.01321117963368008,
rtms_land_n,unsold_completed,4377,-0.03536508851235581,0.019295157177311038,-0.04225828350322074,0.005170546722880452,False,rtms_land,unsold,0.04225828350322074,,0.013398943658217085,
rtms_fac_n,kiscon_amt_all,4732,0.020570272252319735,0.1571285246916668,0.04063663490013036,0.005177279818473859,False,rtms_fac,kiscon,0.04063663490013036,,0.013401981055340493,
rtms_land_n_yoy_pct,appr_vs_rtms_all_3m,4540,0.0007427997780873612,0.9600939242474665,0.04148068762483794,0.005183836269211689,False,rtms_land,valuation,0.04148068762483794,,0.013404555159656835,
ah_under_ratio,kiscon_cnt_pub,3825,-0.03221393054608841,0.04635050017975196,-0.045172545280638535,0.005201528217415246,False,applyhome,kiscon,0.045172545280638535,,0.01343588746406296,
apt_idx_yoy_pct,rtms_nrg_n_3m,4394,0.04253853226684229,0.00479882324008042,-0.0421066874294076,0.005245129884132972,False,land_house,rtms_nrg,0.0421066874294076,,0.013522522950830122,
rtms_land_dae_n,unsold_completed,4377,-0.033127636903910684,0.0284038115975703,-0.042187271334912416,0.005246290024492184,False,rtms_land,unsold,0.042187271334912416,,0.013522522950830122,
yield_office,rtms_land_dae_med_unit,4570,0.014589153344330797,0.3241157717793512,0.041262111840117174,0.005273783795645667,False,commercial,rtms_land,0.041262111840117174,,0.013578866396908182,
capret_midlarge,rtms_nrg_med_unit,4711,0.01901762344137506,0.19186594314161717,0.04062832729975442,0.0052869952092857615,False,commercial,rtms_nrg,0.04062832729975442,,0.013598354807234456,
vac_midlarge,rtms_nrg_med_unit,4711,0.045483328206252435,0.0017925253833984739,0.040599155744688475,0.0053198047467172,False,commercial,rtms_nrg,0.040599155744688475,,0.013668155052866154,
rtms_fac_n_yoy_pct,kiscon_cnt_priv,3791,0.020882470974994762,0.19862711710935763,0.0452418910880688,0.005334628132804055,False,rtms_fac,kiscon,0.0452418910880688,,0.013691644089518396,
rtms_land_n_3m,appr_vs_rtms_dae_3m,4548,0.05133390207886355,0.0005337287090592216,0.04126862638990537,0.005377090415462008,False,rtms_land,valuation,0.04126862638990537,,0.013785944575812168,
house_idx,rtms_land_dae_n,4732,0.0006734493521893779,0.9630599542475362,0.04044591229722059,0.005391544034730023,False,land_house,rtms_land,0.04044591229722059,,0.013808311502337254,
land_chg_pct,kiscon_amt_priv_yoy_pct,4732,-0.010848386961802854,0.4556189192148434,0.04016436292383098,0.005722490976458686,False,land_house,kiscon,0.04016436292383098,,0.014640343156332732,
rtms_nrg_n,rtms_land_n_yoy_pct,4724,0.028424228695433273,0.050758767560019256,0.040124808303565046,0.005811821099015009,False,rtms_nrg,rtms_land,0.040124808303565046,,0.014847433280012378,
rtms_fac_n_3m,rtms_fac_unit_3m,4363,0.08261629149829014,4.633381121588965e-08,0.041745593426198296,0.005818571909074792,True,rtms_fac,rtms_fac,0.041745593426198296,,0.014847433280012378,
yield_midlarge,rtms_land_dae_unit_3m,4732,0.010100256759864815,0.4872896416543528,0.04008264383691736,0.00582191885876004,False,commercial,rtms_land,0.04008264383691736,,0.014847433280012378,
rtms_land_dae_med_unit,kiscon_amt_indiv,4666,0.047618019794054056,0.0011392380001755532,0.040340522484971476,0.005851855006691286,False,rtms_land,kiscon,0.040340522484971476,,0.014908002712606765,
rtms_nrg_n_3m,ah_supply_sum,3877,0.030197731690476525,0.06009429981134585,0.0441985608039265,0.005914110216948324,False,rtms_nrg,applyhome,0.0441985608039265,,0.01505069231557071,
rtms_land_unit_3m,rtms_nrg_n_3m,4732,0.0858426472057437,3.3301640781944934e-09,0.03975122484175951,0.006241312621822974,False,rtms_land,rtms_nrg,0.03975122484175951,,0.015866628078684986,
house_idx,rtms_nrg_med_unit,4711,-0.006082695392349788,0.6763936358321362,-0.03980890422865464,0.006281543952539319,False,land_house,rtms_nrg,0.03980890422865464,,0.01595207684469943,
rtms_apt_n_yoy_pct,ah_n_pblanc,3877,0.04962130888716883,0.0019974837244518266,0.04383900898096556,0.006331651427430746,False,rtms_apt,applyhome,0.04383900898096556,,0.016062399936955893,
rtms_land_dae_med_unit,ah_rate_med,3425,0.0035742308187814427,0.8343695432040232,0.046493972399836464,0.006499258854634703,False,rtms_land,applyhome,0.046493972399836464,,0.0164702564034381,
capret_midlarge,rtms_land_dae_n_3m,4732,-0.016932765362207943,0.24419196093607656,-0.039327922802745434,0.00681643962956261,False,commercial,rtms_land,0.039327922802745434,,0.017255902843745684,
capret_office,kiscon_amt_indiv,4636,-0.03756142937859214,0.010536629296525006,-0.03970544190988356,0.0068549815616902425,False,commercial,kiscon,0.03970544190988356,,0.017335262920958536,
rtms_land_dae_n_3m,appr_vs_rtms_dae_3m,4548,0.018554640365992962,0.2109098344035637,-0.04002892081318521,0.006937182558774749,False,rtms_land,valuation,0.04002892081318521,,0.017524748392711894,
house_idx,rtms_fac_n_3m,4732,0.07980193498077731,3.8662307596330585e-08,0.03916966824505883,0.007043396029975372,False,land_house,rtms_fac,0.03916966824505883,,0.01777443396046141,
kiscon_cnt_pub,kiscon_amt_priv_yoy_pct,4732,-0.014013243609057383,0.33516769678053665,0.03899772342337014,0.007297654601259957,True,kiscon,kiscon,0.03899772342337014,,0.018396807101502613,
rtms_nrg_med_unit,kiscon_cnt_priv,4711,0.0011567882287173334,0.9367326730565231,0.039045729311737366,0.007356019596184556,False,rtms_nrg,kiscon,0.039045729311737366,,0.018524563455386396,
rtms_fac_med_unit,rtms_fac_n_yoy_pct,3326,-0.020158927620564475,0.24512323035596703,0.046459830630430736,0.007365576146202138,True,rtms_fac,rtms_fac,0.046459830630430736,,0.018529267758191182,
rtms_land_dae_med_unit,rtms_land_n_yoy_pct,4661,-0.028173446508841602,0.05444115759936246,0.03922141373789858,0.0074059327931009925,True,rtms_land,rtms_land,0.03922141373789858,,0.01861136395346548,
discount_ratio,kiscon_cnt_indiv,2853,-0.020879544342185464,0.26490101064160637,0.050093911511872584,0.007446267223202519,False,site_price,kiscon,0.050093911511872584,0.032176573631973016,0.018693233341581326,0.037059209994943124
rtms_nrg_n_3m,kiscon_amt_priv,4732,0.009490766260228028,0.5139447976030159,0.03889182121033613,0.007458322003725229,False,rtms_nrg,kiscon,0.03889182121033613,,0.018704012517146516,
rentidx_office,rtms_land_n,4636,0.029458394452590037,0.04489223954812074,0.0392766422053914,0.007482162048197909,False,commercial,rtms_land,0.0392766422053914,,0.018744293696628857,
rtms_fac_n_yoy_pct,ah_rate_med,2748,0.0002790964808499913,0.9883321811307962,0.050911714918068396,0.007599171728368862,False,rtms_fac,applyhome,0.050911714918068396,0.010750728730571701,0.01901765718106849,0.013509607792225035
rtms_land_dae_med_unit,ah_under_ratio,3764,0.00028013774352606555,0.9862921019789541,0.043453497327914196,0.007668921445449033,False,rtms_land,applyhome,0.043453497327914196,,0.01917230361362258,
kiscon_cnt_priv_yoy_pct,kiscon_amt_priv_yoy_pct,4732,0.003806028490950384,0.79351672974047,0.038692499934801415,0.0077693430109193485,True,kiscon,kiscon,0.038692499934801415,,0.019403229695663864,
rtms_fac_med_unit,appr_vs_rtms_all_3m,3597,-0.0013786316595821245,0.93412608360731,-0.04435581789321418,0.007799582345160677,False,rtms_fac,valuation,0.04435581789321418,,0.019458585353868768,
rtms_nrg_n,ah_under_ratio,3825,0.05067999451812668,0.0017163460192468629,0.04297131349475964,0.007860868407714418,False,rtms_nrg,applyhome,0.04297131349475964,,0.019591202546630555,
rtms_apt_n,kiscon_cnt_priv_yoy_pct,4732,0.04904631926549903,0.0007381213719962535,0.03858961420285338,0.00793438954854262,False,rtms_apt,kiscon,0.03858961420285338,,0.019754007037177387,
unsold_total,kiscon_amt_pub,4377,0.02912955789911438,0.0539749005414136,0.04009898788242136,0.007972924468279404,False,unsold,kiscon,0.04009898788242136,,0.019829461267856927,
apt_idx,minbid_vs_rtms_all_3m,2850,-0.007440281548125087,0.6913426909414002,-0.04967540797670246,0.007991818642067135,False,land_house,valuation,0.04967540797670246,,0.019855961780805974,
vac_midlarge,excess_pp_med,446,-0.17754780288489994,0.00016387335780916918,-0.12538912792429496,0.008023098715341029,False,commercial,excess,0.12538912792429496,0.048719636078645046,0.019913149231690914,0.054701484887117735
rentidx_midlarge,rtms_fac_n,4732,0.026828808796945644,0.06498143326835151,0.038501705913936195,0.008077889132091173,False,commercial,rtms_fac,0.038501705913936195,,0.020028511119691075,
rtms_land_n_3m,rtms_nrg_unit_3m,4730,-0.060614730571267234,3.0258529475972544e-05,-0.03847487623681254,0.0081355989305455,False,rtms_land,rtms_nrg,0.03847487623681254,,0.020150866826942095,
vac_office,kiscon_amt_priv_yoy_pct,4636,0.0047525603018284766,0.7463107480779326,0.03885057672633339,0.008155813774253895,False,commercial,kiscon,0.03885057672633339,,0.020180196299745264,
discount_ratio,rtms_land_n_3m,2853,0.04188018367899264,0.025288461936344674,0.049505821610600506,0.008175342836122278,False,site_price,rtms_land,0.049505821610600506,,0.02020777049749199,
rtms_land_dae_n_3m,kiscon_cnt_priv,4732,0.026732362929457132,0.06595203260329986,0.03821448287201427,0.008563076422499231,False,rtms_land,kiscon,0.03821448287201427,,0.02114448173998273,
rtms_land_dae_n,rtms_land_dae_unit_3m,4732,0.04511198902862277,0.0019092781293718615,0.03801846269144231,0.008908989233559464,True,rtms_land,rtms_land,0.03801846269144231,,0.021976114690765925,
round_no,appr_unit_land_mn_m2,311,-0.00704897217781327,0.9014649602742049,-0.1480349239219038,0.008934966885331647,False,site_price,valuation,0.1480349239219038,0.0287598665348896,0.022017658684712955,0.03337727629966545
rtms_fac_n_yoy_pct,ah_n_pblanc,3060,0.06960921519331584,0.00011634935993436037,0.0471247146009251,0.009128768020595195,False,rtms_fac,applyhome,0.0471247146009251,,0.02247224814058674,
house_idx_yoy_pct,kiscon_cnt_pub,4394,0.004646835281688653,0.758128008550275,0.03922947750221465,0.009304041176157709,False,land_house,kiscon,0.03922947750221465,,0.022880346157693958,
rtms_land_dae_med_unit,kiscon_amt_priv_yoy_pct,4666,0.03358420505037639,0.021784379344040507,0.038024878635354746,0.009386366179690983,False,rtms_land,kiscon,0.038024878635354746,,0.023059268596386615,
unsold_completed,kiscon_amt_priv_yoy_pct,4377,-0.02624204023341016,0.08257310823546554,0.03925446928246056,0.009396207882242293,False,unsold,kiscon,0.03925446928246056,,0.02305993991466795,
rtms_land_n_yoy_pct,minbid_vs_rtms_all_3m,2845,0.00017485998642747478,0.9925616869139148,0.048595870037341206,0.00953018522297296,False,rtms_land,valuation,0.048595870037341206,,0.02336495054665802,
ah_rate_med,kiscon_cnt_pub,3478,-0.0006693511446105838,0.9685232364343912,0.04393705159409053,0.009556166218751883,False,applyhome,kiscon,0.04393705159409053,,0.02340483799511386,
rtms_fac_n_3m,rtms_nrg_n_yoy_pct,4716,-0.021261526891049473,0.14432477619973919,0.037563323264839826,0.009885242063858352,False,rtms_fac,rtms_nrg,0.037563323264839826,,0.024186226775531602,
rtms_apt_n_3m,excess_pp_med,446,-0.0681131323244998,0.15097585609281486,-0.121864531616232,0.009994857072568149,False,rtms_apt,excess,0.121864531616232,0.01037115190277671,0.02440878377879387,0.013097677694188889
rtms_nrg_med_unit,rtms_fac_n_yoy_pct,3777,0.04498001499357379,0.005695165004701781,0.04190995112484093,0.009996460410651265,False,rtms_nrg,rtms_fac,0.04190995112484093,,0.02440878377879387,
apt_idx_yoy_pct,ah_rate_med,3303,0.0063046401762995325,0.7171988117123066,0.04479942305498705,0.010023466946593385,False,land_house,applyhome,0.04479942305498705,,0.02444995479887658,
rtms_fac_med_unit,appr_vs_rtms_dae_3m,3597,0.00041881975315730775,0.9799672372763422,-0.04282460072038462,0.010208347404337693,False,rtms_fac,valuation,0.04282460072038462,,0.024875750499953327,
rtms_land_dae_unit_3m,minbid_unit_land_mn_m2,2850,0.04111134678281332,0.02818438113638816,0.048062096815587776,0.010282804910708548,False,rtms_land,valuation,0.048062096815587776,,0.02503187862101778,
land_area_m2,vac_office,4566,0.04598116537703155,0.001884595604598587,0.03794934264699,0.010331219870724986,False,site_price,commercial,0.03794934264699,,0.025124359120532007,
land_chg_cum12_pct,appr_unit_land_mn_m2,4548,0.007648845083495391,0.6060673402911829,-0.038000242172670874,0.010379767995549991,False,land_house,valuation,0.038000242172670874,,0.02519621297182719,
rtms_apt_n_3m,ah_under_ratio,3825,0.02232391801805545,0.16747003626657306,0.041430613902983686,0.010389025339226306,False,rtms_apt,applyhome,0.041430613902983686,,0.02519621297182719,
rtms_land_med_unit,ah_n_pblanc,3868,0.009527950707791034,0.5535853693608508,-0.041198061011216314,0.01039213099335943,False,rtms_land,applyhome,0.041198061011216314,,0.02519621297182719,
minbid_unit_land_mn_m2,kiscon_amt_priv,2850,-0.07079076204195094,0.0001553982295267641,-0.04796479190658755,0.010438040959781241,False,valuation,kiscon,0.04796479190658755,,0.02528208915886713,
ah_supply_sum,kiscon_cnt_pub,3877,0.13322406843787804,8.101270590170022e-17,0.041092530220665245,0.010500238734735308,False,applyhome,kiscon,0.041092530220665245,,0.025401369920029167,
rtms_apt_med_unit,unsold_total,4376,0.015162667534466108,0.3159564565777927,-0.038675100631835185,0.010508367556128249,False,rtms_apt,unsold,0.038675100631835185,,0.025401369920029167,
rtms_land_dae_med_unit,rtms_nrg_unit_3m,4664,0.032506823913420885,0.02641904817525114,0.03739086843797472,0.010656631754979764,False,rtms_land,rtms_nrg,0.03739086843797472,,0.025733950430361953,
yield_midlarge,kiscon_cnt_pub,4732,-0.03229436990047859,0.026316630402498042,-0.03703057690679988,0.010849261394781843,False,commercial,kiscon,0.03703057690679988,,0.02617289285427852,
vac_midlarge,minbid_vs_rtms_dae_3m,2850,-0.031099226597209893,0.09693104383636467,-0.047676795466266055,0.010909780169037028,False,commercial,valuation,0.047676795466266055,,0.02627886075178285,
kiscon_amt_indiv,kiscon_amt_priv_yoy_pct,4732,0.1090129489930104,5.503369990503025e-14,0.03699995145302281,0.010914995689848396,True,kiscon,kiscon,0.03699995145302281,,0.02627886075178285,
rentidx_office,rtms_land_dae_n_3m,4636,0.04360989266637792,0.002978673179490125,0.03734164275811656,0.010999157962379895,False,commercial,rtms_land,0.03734164275811656,,0.026455060568199146,
discount_ratio,excess_pp_med,404,0.11230654966537745,0.023977751486439644,0.12575403040719177,0.011411346389014573,False,site_price,excess,0.12575403040719177,0.07760558935743678,0.02741908753492036,0.08499659786766886
rtms_land_n_3m,minbid_vs_rtms_dae_3m,2850,0.05763327479512719,0.0020840631528148052,0.04734615326185847,0.011474646079221747,False,rtms_land,valuation,0.04734615326185847,,0.027543722162275307,
rtms_land_unit_3m,rtms_fac_n,4732,-0.012351403235918022,0.3956280462707786,-0.03670813732980621,0.011559311043366447,False,rtms_land,rtms_fac,0.03670813732980621,,0.02771934290001307,
min_bid_mn,kiscon_cnt_priv,2873,0.015199498383854638,0.41542082615763376,0.04709068139111919,0.011590253300865055,False,site_price,kiscon,0.04709068139111919,,0.027765914965293025,
rtms_nrg_unit_3m,minbid_vs_rtms_all_3m,2850,-0.0023999321651935425,0.8980972987304966,0.04725465776813689,0.011635471105902243,False,rtms_nrg,valuation,0.04725465776813689,,0.02784655944908084,
rtms_fac_n,ah_under_ratio,3825,0.025044800742706035,0.12146058420552112,0.040623091187339005,0.01198399059810186,False,rtms_fac,applyhome,0.040623091187339005,,0.02865219974347766,
rentidx_midlarge,minbid_vs_rtms_dae_3m,2850,0.03919643211858357,0.03640248387789549,0.04700486655603578,0.012084760919843123,False,commercial,valuation,0.04700486655603578,,0.02886449337643402,
house_idx_yoy_pct,rtms_land_dae_unit_3m,4394,0.0002858685094849038,0.9848857411132975,0.03779758409319476,0.012221599318473012,False,land_house,rtms_land,0.03779758409319476,,0.02916243005695045,
rtms_land_n_3m,kiscon_amt_all,4732,0.013468234977644815,0.3543052403245742,0.036311924343885006,0.012488061357035748,False,rtms_land,kiscon,0.036311924343885006,,0.02975796047572258,
vac_midlarge,minbid_vs_rtms_all_3m,2850,-0.02056473708125446,0.27242682412592534,-0.04678340732244234,0.012495873859515042,False,commercial,valuation,0.04678340732244234,,0.02975796047572258,
rtms_apt_unit_3m,rtms_fac_n_yoy_pct,3791,0.011442607483310508,0.4812306418698206,-0.040547347099203636,0.01253379662796821,False,rtms_apt,rtms_fac,0.040547347099203636,,0.029818805403162278,
capret_midlarge,appr_vs_rtms_all_3m,4548,-0.002444196885167905,0.8691102269600068,-0.036956242083659246,0.012686405559886293,False,commercial,valuation,0.036956242083659246,,0.030152107888881622,
vac_office,minbid_vs_rtms_all_3m,2806,-0.033886439549480354,0.0726955171439833,-0.046880790962419094,0.013005677210631854,False,commercial,valuation,0.046880790962419094,,0.030880474953322926,
rtms_apt_med_unit,minbid_unit_land_mn_m2,2850,0.018375984512850364,0.3267596628563656,-0.046389513333881874,0.013257757471278265,False,rtms_apt,valuation,0.046389513333881874,,0.03144802707261872,
rtms_land_n_yoy_pct,rtms_fac_n_yoy_pct,3788,0.09108083800780789,1.9593517960220373e-08,0.04023211182392868,0.013273700681303253,False,rtms_land,rtms_fac,0.04023211182392868,,0.03145488558696248,
house_idx,rtms_fac_n_yoy_pct,3791,0.04056850963441412,0.012487778510516637,0.04017009068481167,0.013379709152418207,False,land_house,rtms_fac,0.04017009068481167,,0.03167494995808239,
rtms_nrg_unit_3m,rtms_fac_n_3m,4730,-0.010603459439180965,0.4659523452472171,-0.035893620495164535,0.01355947743407772,False,rtms_nrg,rtms_fac,0.035893620495164535,,0.03206902906391296,
appraisal_mn,rtms_nrg_unit_3m,4574,0.015228152388873088,0.303160825001809,0.03644788473259343,0.013695013516991253,False,site_price,rtms_nrg,0.03644788473259343,,0.03235782605485188,
house_idx,minbid_vs_rtms_all_3m,2850,-0.005270852129785864,0.7785071402241116,-0.04614027213018662,0.0137607900018269,False,land_house,valuation,0.04614027213018662,,0.03248139461743666,
rentidx_midlarge,rtms_fac_unit_3m,4363,0.06721203068599294,8.858554810358382e-06,0.037113261853039314,0.014222869149020444,False,commercial,rtms_fac,0.037113261853039314,,0.03353925112440242,
rtms_land_n,rtms_land_dae_med_unit,4666,-0.009420111141383277,0.5200216701988183,-0.035880020302729625,0.014244830924337488,True,rtms_land,rtms_land,0.035880020302729625,,0.033558203839348336,
minbid_unit_land_mn_m2,kiscon_cnt_priv,2850,0.03336916902547606,0.07488947464457725,0.045893826009498394,0.014274670826207762,False,valuation,kiscon,0.045893826009498394,,0.03359566083121163,
unsold_completed,ah_under_ratio,3571,0.04386936726517501,0.008744538276693282,0.040986596486317105,0.014307758625640533,False,unsold,applyhome,0.040986596486317105,,0.033640681256384086,
unsold_completed,appr_vs_rtms_all_3m,4212,0.018737598255621383,0.22405560525231644,0.03769967824909664,0.014411088609468195,False,unsold,valuation,0.03769967824909664,,0.03384100867913509,
rtms_land_dae_n,rtms_land_dae_med_unit,4666,0.0314606401823172,0.031636501908416347,0.03581523339939759,0.014421043947498645,True,rtms_land,rtms_land,0.03581523339939759,,0.03384100867913509,
vac_midlarge,rtms_fac_n,4732,-0.005911542033760415,0.6843397459366748,-0.03553170080829167,0.014511936484512128,False,commercial,rtms_fac,0.03553170080829167,,0.03402117405415781,
appraisal_mn,rtms_nrg_n_3m,4576,0.011426721096909764,0.43964809008727,0.036121440420230605,0.01454130569207497,False,site_price,rtms_nrg,0.036121440420230605,,0.03405689671321738,
rtms_land_dae_n_3m,rtms_nrg_unit_3m,4730,-0.044001714403712276,0.0024708888155415346,-0.0354878108629859,0.01465486054799906,False,rtms_land,rtms_nrg,0.0354878108629859,,0.034284266755658016,
unsold_total,ah_under_ratio,3571,-0.009118961991197078,0.5859254296250175,-0.04083228064293007,0.014678625724803504,False,unsold,applyhome,0.04083228064293007,,0.034284266755658016,
house_idx_yoy_pct,rtms_fac_med_unit,3523,-0.04599860012834585,0.006319667269995915,-0.04110845706115397,0.01468106360657223,False,land_house,rtms_fac,0.04110845706115397,,0.034284266755658016,
vac_midlarge,rtms_land_n,4732,-0.043605785362948554,0.002697525856145412,-0.03544501270111807,0.01475374994732339,False,commercial,rtms_land,0.03544501270111807,,0.03439763951833847,
rtms_land_dae_n_3m,rtms_apt_n_3m,4732,-0.03554495900251872,0.01447526288692242,-0.03544344432838468,0.014758157370108705,False,rtms_land,rtms_apt,0.03544344432838468,,0.03439763951833847,
discount_ratio,rtms_land_n_yoy_pct,2848,-0.005331900090906328,0.7760863980502782,0.04561508896857968,0.01491141864241562,False,site_price,rtms_land,0.04561508896857968,,0.0347212743267842,
rtms_fac_n_3m,kiscon_cnt_priv_yoy_pct,4732,-0.01475478856092403,0.3102192358289571,0.03537662704298907,0.01494700719853205,False,rtms_fac,kiscon,0.03537662704298907,,0.03477054763365081,
rtms_land_dae_unit_3m,rtms_nrg_n_3m,4732,0.047047318965981175,0.00120666181188948,0.03536450949574251,0.014981482835400711,False,rtms_land,rtms_nrg,0.03536450949574251,,0.03481713947282132,
minbid_unit_land_mn_m2,kiscon_amt_pub,2850,-0.020277681212235818,0.27917774518225347,0.04553581303423471,0.015051321677408755,False,valuation,kiscon,0.04553581303423471,,0.03494574686180645,
rtms_apt_unit_3m,rtms_fac_unit_3m,4363,0.2213575261594946,1.4407085541746042e-49,-0.03679354108918646,0.015080060517867862,False,rtms_apt,rtms_fac,0.03679354108918646,,0.03497877367474644,
land_chg_cum12_pct,ah_sale_unit_med,3493,-0.001243325833393009,0.9414430311599448,-0.04102658858291733,0.015313009587969884,False,land_house,applyhome,0.04102658858291733,,0.03548495491058406,
apt_idx,rtms_land_dae_med_unit,4666,0.03751657203768564,0.010380125477905086,0.035452542969677564,0.015443457293284347,False,land_house,rtms_land,0.035452542969677564,,0.03575286462710401,
rtms_apt_n_3m,kiscon_cnt_indiv,4732,0.06859591680153501,2.323929474497817e-06,0.03518469460236804,0.015501366034058387,False,rtms_apt,kiscon,0.03518469460236804,,0.035841899255486094,
house_idx,rtms_land_dae_med_unit,4666,0.04495566202416531,0.0021293829996843518,0.03542910835699815,0.015511660134220746,False,land_house,rtms_land,0.03542910835699815,,0.035841899255486094,
rtms_apt_unit_3m,appr_vs_rtms_all_3m,4548,-0.00079916002420661,0.9570310612105996,-0.03567459271329007,0.016130102096132724,False,rtms_apt,valuation,0.03567459271329007,,0.037235197367509444,
land_area_m2,rentidx_office,4566,0.008236565004887425,0.5779239507527569,0.035501985460912495,0.016437845880284418,False,site_price,commercial,0.035501985460912495,,0.037909290499029136,
vac_office,rtms_apt_med_unit,4635,0.03987520230328192,0.0066258840230485295,0.03522097945312846,0.016486176084399114,False,commercial,rtms_apt,0.03522097945312846,,0.03798440187705723,
land_area_m2,kiscon_amt_pub,4662,-0.020880182399703538,0.15402782283354563,-0.03503248848925573,0.016753625830668407,False,site_price,kiscon,0.03503248848925573,,0.03853389749413825,
min_bid_mn,kiscon_amt_pub,2873,0.014146708241210013,0.44846487798429496,0.0446238233459131,0.016756649200770492,False,site_price,kiscon,0.0446238233459131,,0.03853389749413825,
house_idx_yoy_pct,rtms_land_unit_3m,4394,-0.022320363525032735,0.1390550983274695,-0.03604371595739496,0.016878880703082234,False,land_house,rtms_land,0.03604371595739496,,0.03877798140555594,
rtms_fac_n,minbid_vs_rtms_all_3m,2850,-0.001672209447382415,0.9288971721685735,0.04474554405766335,0.01689858197198676,False,rtms_fac,valuation,0.04474554405766335,,0.03878626909760771,
capret_midlarge,rtms_land_med_unit,4723,0.02044574103734224,0.1600540557537715,0.0346854073349087,0.017134483530730972,False,commercial,rtms_land,0.0346854073349087,,0.03929030000862192,
appraisal_mn,apt_idx_yoy_pct,4242,0.0003963497739024836,0.9794113528665376,0.03651368846916869,0.017394934696133357,False,site_price,land_house,0.03651368846916869,,0.03984961275444999,
rtms_fac_n_yoy_pct,kiscon_cnt_all,3791,0.03233405238751069,0.04651310545231825,0.0385112687754791,0.017726657376375236,False,rtms_fac,kiscon,0.0385112687754791,,0.0405709822194343,
unsold_pct_completed,ah_under_ratio,3270,0.05168789619418039,0.0031108922711838675,0.04137178139472352,0.017985875195341745,False,unsold,applyhome,0.04137178139472352,,0.04112519850168274,
rtms_nrg_n_3m,excess_pp_med,446,-0.045984903452300156,0.3325804911385791,-0.11194876712917083,0.018029212362389847,False,rtms_nrg,excess,0.11194876712917083,0.09247956403662938,0.041185214970009036,0.0991412275477425
rtms_apt_n,kiscon_amt_all,4732,-0.012552585466403612,0.38797672760323443,0.03434529170043828,0.018143845176242287,False,rtms_apt,kiscon,0.03434529170043828,,0.04140782847987113,
rtms_apt_med_unit,excess_pp_med,446,-0.056958396909111794,0.22995022572679122,-0.11177425636131758,0.018210616463862586,False,rtms_apt,excess,0.11177425636131758,0.009209259898098177,0.041520894681086884,0.01184716654687545
rtms_land_n,unsold_pct_completed,4041,-0.012995234365846538,0.4088769682182585,-0.03708285784160336,0.01840358487097439,False,rtms_land,unsold,0.03708285784160336,,0.0418872284772699,
rtms_fac_n,excess_pp_med,446,0.13518200751171622,0.0042364493752789275,0.11158794079309368,0.018406047700177935,False,rtms_fac,excess,0.11158794079309368,0.025192110220678687,0.0418872284772699,0.029690701331514167
minbid_unit_land_mn_m2,appr_vs_rtms_dae_3m,2845,0.7664385004300167,0.0,0.04417936816342138,0.018444189344740448,True,valuation,valuation,0.04417936816342138,,0.04193443049134385,
rtms_nrg_n_3m,unsold_total,4377,0.13389125198700141,5.807999738296539e-19,0.03551470428513982,0.01878936227194466,False,rtms_nrg,unsold,0.03551470428513982,,0.042678947290656584,
rtms_nrg_n_yoy_pct,kiscon_amt_priv,4716,-0.013072936103177694,0.369420213468874,0.034140556900413864,0.019047443470445822,False,rtms_nrg,kiscon,0.034140556900413864,,0.043224424447998525,
rtms_apt_unit_3m,appr_vs_rtms_dae_3m,4548,0.004078415364702786,0.7833398806926328,-0.03475147933341627,0.01909537367898138,False,rtms_apt,valuation,0.03475147933341627,,0.043292427625912636,
land_chg_cum12_pct,rtms_land_dae_unit_3m,4732,0.0014683326231045828,0.9195669030145823,0.0340627234545775,0.019118118102851918,False,land_house,rtms_land,0.0340627234545775,,0.043303256229204064,
bldg_area_m2,unsold_total,1247,-0.024235657600818295,0.39249670273601334,-0.06631666723517032,0.019177479502375187,False,site_price,unsold,0.06631666723517032,0.1658157612394946,0.04339692544668939,0.17216711734716333
yield_office,unsold_pct_completed,4041,0.008350903047639776,0.5956250164665848,0.03677492402527881,0.019397235780874173,False,commercial,unsold,0.03677492402527881,,0.04385303774100071,
rtms_land_n,unsold_total,4377,-0.00307050991117596,0.839069366236785,-0.03532956130944886,0.0194169946487637,False,rtms_land,unsold,0.03532956130944886,,0.04385656710732944,
vac_office,kiscon_amt_all,4636,0.08888443716003921,1.3414762021188273e-09,0.03432208952144744,0.019439867429675396,False,commercial,kiscon,0.03432208952144744,,0.0438671165782001,
rtms_apt_n_3m,appr_vs_rtms_all_3m,4548,-0.00039652570293773103,0.9786719806890344,0.03460441562172851,0.019609350836008104,False,rtms_apt,valuation,0.03460441562172851,,0.04420817166957861,
minbid_vs_rtms_dae_3m,kiscon_amt_priv_yoy_pct,2850,-0.009674009422319172,0.6056893817095075,-0.04362478982399705,0.019858347577475986,False,valuation,kiscon,0.04362478982399705,,0.04472768005767956,
kiscon_amt_priv,kiscon_cnt_priv_yoy_pct,4732,-0.0848306846455771,5.082187919473853e-09,-0.03383175634576132,0.019948128253576322,True,kiscon,kiscon,0.03383175634576132,,0.044861065435389466,
appraisal_mn,vac_office,4481,-0.005539187672598833,0.7108653675165459,0.03476446242989761,0.019954797571260376,False,site_price,commercial,0.03476446242989761,,0.044861065435389466,
rtms_fac_n_3m,appr_vs_rtms_all_3m,4548,0.004186570733943526,0.7777432417820613,0.034495703748701666,0.019997017022777404,False,rtms_fac,valuation,0.034495703748701666,,0.044896594954177416,
house_idx_yoy_pct,ah_rate_med,3303,0.008638428508478143,0.6196920838676353,0.04047429332761952,0.020007860158002717,False,land_house,applyhome,0.04047429332761952,,0.044896594954177416,
house_idx_yoy_pct,ah_supply_sum,3674,-0.02435609820646835,0.1399370014677303,-0.03831443965088817,0.02020947693478322,False,land_house,applyhome,0.03831443965088817,,0.04530682736076982,
land_area_m2,kiscon_amt_priv_yoy_pct,4662,0.0012777495491709846,0.9304967235505955,0.03400788422584791,0.02022928267159,False,site_price,kiscon,0.03400788422584791,,0.045309081076702507,
rtms_fac_n_3m,kiscon_amt_pub,4732,-0.0002910589356487671,0.9840301946163165,0.033699368402268205,0.020437921124869834,False,rtms_fac,kiscon,0.033699368402268205,,0.04573388106865023,
appraisal_mn,round_no,315,0.022480058833695443,0.6910389398725925,-0.13032344697970408,0.02068461758708982,True,site_price,site_price,0.13032344697970408,,0.04624297623829913,
rtms_land_med_unit,minbid_vs_rtms_dae_3m,2842,-0.0026794334534519606,0.8864646295386848,-0.04335285398946739,0.02082024411886024,False,rtms_land,valuation,0.04335285398946739,,0.046503047568538625,
rtms_land_dae_n_3m,ah_under_ratio,3825,-0.038456111619401406,0.017384106674684475,-0.037294578871910594,0.021077641346984095,False,rtms_land,applyhome,0.037294578871910594,,0.0470343663391034,
rtms_land_n,ah_rate_med,3478,-0.10599196540142335,3.698668627117625e-10,0.03903423571911465,0.021330823395671564,False,rtms_land,applyhome,0.03903423571911465,,0.04755530470265353,
rtms_nrg_n_3m,rtms_fac_unit_3m,4363,-0.027304272557488546,0.07133345765997248,0.03483371641198132,0.02139667736985066,False,rtms_nrg,rtms_fac,0.03483371641198132,,0.0476580336980962,
rtms_nrg_med_unit,rtms_fac_med_unit,3729,-0.02895770332520734,0.0770449134658188,0.037659113127068475,0.021464158747262086,False,rtms_nrg,rtms_fac,0.037659113127068475,,0.0477641944421991,
min_bid_mn,rtms_apt_med_unit,2873,0.010770402268826376,0.5638968353123146,-0.04287810692160417,0.021542481269856494,False,site_price,rtms_apt,0.04287810692160417,,0.04789426186379534,
ah_rate_med,kiscon_amt_all,3478,-0.005765658283465901,0.7339259467246709,-0.038932615046035665,0.021671341801499083,False,applyhome,kiscon,0.038932615046035665,,0.0481298134425079,
ah_n_pblanc,kiscon_amt_pub,3877,-0.019086192444883597,0.2347792553024636,-0.03687016256425396,0.021688372364549204,False,applyhome,kiscon,0.03687016256425396,,0.0481298134425079,
rtms_land_med_unit,kiscon_amt_priv_yoy_pct,4723,-0.012542044463065945,0.38882715074976193,-0.033388541491441624,0.02175437420867437,False,rtms_land,kiscon,0.033388541491441624,,0.04823186922070398,
rentidx_office,minbid_vs_rtms_dae_3m,2806,-0.01720477872407251,0.36228084927445237,0.04313341980115166,0.022318956996596577,False,commercial,valuation,0.04313341980115166,,0.04943813084724058,
discount_ratio,rtms_apt_med_unit,2853,-0.0037387121015555573,0.8417849690157757,-0.0427668348351849,0.0223498179762074,False,site_price,rtms_apt,0.0427668348351849,,0.04946102968104668,
minbid_vs_rtms_all_3m,kiscon_amt_indiv,2850,-0.013487637072264698,0.47167299430515636,0.042666619881867186,0.022737768695696083,False,valuation,kiscon,0.042666619881867186,,0.050273415189566566,
rtms_land_med_unit,ah_supply_sum,3868,-0.020113248668484414,0.21106933994648774,-0.03655445325235977,0.022998165543650896,False,rtms_land,applyhome,0.03655445325235977,,0.05080254716791811,
rtms_fac_n_3m,kiscon_amt_priv,4732,0.023112290671143867,0.11190785544140844,0.03301204675194102,0.023152894173618353,False,rtms_fac,kiscon,0.03301204675194102,,0.051097504540677866,
rtms_land_dae_n,ah_supply_sum,3877,0.03740716038327831,0.019846254147526426,0.03638902406667542,0.023463464698928536,False,rtms_land,applyhome,0.03638902406667542,,0.05173554430413337,
vac_midlarge,yield_office,4636,-0.1036377980318563,1.5089937031445153e-12,-0.03325920435508485,0.02353880744975236,True,commercial,commercial,0.03325920435508485,,0.051844860450563746,
rtms_land_med_unit,rtms_apt_n_yoy_pct,4723,0.006359691399416664,0.6621456451180214,-0.0329473741661227,0.023556067300152406,False,rtms_land,rtms_apt,0.0329473741661227,,0.051844860450563746,
rentidx_office,rtms_fac_n_3m,4636,0.060850831042533166,3.3841195504293286e-05,0.033235162914631494,0.023639599257356477,False,commercial,rtms_fac,0.033235162914631494,,0.051981235593274736,
bldg_area_m2,apt_idx,1314,-0.023748605500655114,0.3896961706868742,-0.06222391197608741,0.024095539468358282,False,site_price,land_house,0.06222391197608741,0.23294240274420996,0.05293550603349449,0.23731984386960453
rentidx_midlarge,rtms_land_med_unit,4723,0.05760400975521373,7.462897206096883e-05,0.03278555018972807,0.02424866843143263,False,commercial,rtms_land,0.03278555018972807,,0.053223397923271985,
rtms_apt_unit_3m,kiscon_amt_priv_yoy_pct,4732,0.02283999551403559,0.11619601085374753,0.032740508503364255,0.024308810285977093,False,rtms_apt,kiscon,0.032740508503364255,,0.05328065878927484,
rtms_fac_n,ah_sale_unit_med,3493,-0.02127072516323721,0.20881654733851412,-0.038104554433191204,0.02431897289137026,False,rtms_fac,applyhome,0.038104554433191204,,0.05328065878927484,
capret_office,appr_vs_rtms_all_3m,4453,-0.007908140567154998,0.5977931956025115,-0.033650116690236466,0.02473574694332154,False,commercial,valuation,0.033650116690236466,,0.054144550529886384,
discount_ratio,ah_rate_med,2148,0.06177001353924046,0.004184683283755392,0.04829254456274873,0.025208374594921406,False,site_price,applyhome,0.04829254456274873,,0.055129022480726486,
rtms_land_med_unit,minbid_unit_land_mn_m2,2842,0.006685063592120479,0.7216678083084282,0.041976048156808186,0.025236564126718177,False,rtms_land,valuation,0.041976048156808186,,0.055140634220662565,
rentidx_office,kiscon_amt_priv,4636,0.06955431078802779,2.134119223754308e-06,0.03280576774321047,0.025503885726588897,False,commercial,kiscon,0.03280576774321047,,0.055674243298079025,
rtms_land_unit_3m,rtms_fac_med_unit,3740,0.0070744583535074426,0.6653757950092799,0.036481780669133525,0.025677166134559923,False,rtms_land,rtms_fac,0.036481780669133525,,0.056001783153203095,
yield_office,rtms_nrg_med_unit,4615,0.009178223349834608,0.5330507794341596,-0.032802281742091335,0.025855229387171375,False,commercial,rtms_nrg,0.032802281742091335,,0.056339152642932204,
rtms_nrg_n_3m,ah_n_pblanc,3877,0.002469430856257896,0.877837494172969,0.03575938404509513,0.02597588025813953,False,rtms_nrg,applyhome,0.03575938404509513,,0.05655092269387197,
appr_vs_rtms_dae_3m,kiscon_amt_pub,4548,-0.007861796655937196,0.5960751395450967,-0.032988884557993696,0.026099587527632036,False,valuation,kiscon,0.032988884557993696,,0.0567689584310408,
min_bid_mn,ah_under_ratio,2378,-0.09849684890768975,1.4916322297155389e-06,-0.04555594229953099,0.026316502366484584,False,site_price,applyhome,0.04555594229953099,,0.057101945320105554,
rtms_land_dae_n_3m,ah_rate_med,3478,-0.047581381228223696,0.005005610211332494,0.03766846280578735,0.026319059640767157,False,rtms_land,applyhome,0.03766846280578735,,0.057101945320105554,
ah_supply_sum,ah_sale_unit_med,3493,0.03719576549990808,0.027927493217392296,0.037586320686182444,0.026323759855036214,True,applyhome,applyhome,0.037586320686182444,,0.057101945320105554,
yield_office,rtms_apt_med_unit,4635,0.027197155029975398,0.06410512311738595,0.032590372264183404,0.02650233283397568,False,commercial,rtms_apt,0.032590372264183404,,0.057437609829030026,
vac_midlarge,rtms_fac_n_3m,4732,-0.07429015054299973,3.1190909655578686e-07,-0.03224317565441702,0.02655594325775531,False,commercial,rtms_fac,0.03224317565441702,,0.057463003779970115,
land_area_m2,rtms_land_unit_3m,4662,-0.002858428701184714,0.8453003693309864,-0.032483097976971374,0.02656173701696544,False,site_price,rtms_land,0.032483097976971374,,0.057463003779970115,
vac_office,ah_sale_unit_med,3479,0.037567662353458826,0.02670238497578042,0.03742972189786203,0.027265240991951795,False,commercial,applyhome,0.03742972189786203,,0.058932045552111054,
rtms_land_n_yoy_pct,kiscon_amt_priv,4724,0.003925632098965939,0.7873574589305237,0.03204326043110308,0.02763991874120036,False,rtms_land,kiscon,0.03204326043110308,,0.05968835498771762,
rtms_nrg_med_unit,minbid_vs_rtms_all_3m,2841,-0.0033910819019662385,0.8566272818596933,0.04124438755279553,0.027925145284652314,False,rtms_nrg,valuation,0.04124438755279553,,0.06025031346106721,
land_chg_cum12_pct,appr_vs_rtms_dae_3m,4548,0.003498463812756843,0.8135348797082176,-0.03255083336725902,0.028151449533673677,False,land_house,valuation,0.03255083336725902,,0.06068425167813377,
yield_office,rtms_fac_n_3m,4636,0.012269046675768162,0.40361456866600753,0.032147027028401956,0.02861080290966173,False,commercial,rtms_fac,0.032147027028401956,,0.06161933423796673,
apt_idx,rtms_land_n_yoy_pct,4724,-0.003390918286648198,0.8157603017452066,-0.03180856560229868,0.028799468879063095,False,land_house,rtms_land,0.03180856560229868,,0.06192163816129007,
land_chg_cum12_pct,rtms_nrg_n_yoy_pct,4716,0.0145472889929083,0.3178935149902439,-0.03183491995380615,0.028802554514027457,False,land_house,rtms_nrg,0.03183491995380615,,0.06192163816129007,
rtms_fac_n_yoy_pct,appr_vs_rtms_all_3m,3641,-0.0069048897478718035,0.6770384763859825,0.036187527485279265,0.028995618174988032,False,rtms_fac,valuation,0.036187527485279265,,0.062281140643245234,
rtms_nrg_unit_3m,kiscon_cnt_all,4730,-0.021763043568861332,0.1345143319592761,-0.03169329834836167,0.029281348072274088,False,rtms_nrg,kiscon,0.03169329834836167,,0.06271224600737255,
rtms_land_med_unit,kiscon_amt_all,4723,0.013870234857593547,0.3405836152702597,0.031715553252450276,0.02928758873041458,False,rtms_land,kiscon,0.031715553252450276,,0.06271224600737255,
apt_idx_yoy_pct,rtms_land_unit_3m,4394,-0.05762788525937025,0.0001323287028434002,-0.032878028322547034,0.029304691577158856,False,land_house,rtms_land,0.032878028322547034,,0.06271224600737255,
rtms_land_med_unit,rtms_fac_med_unit,3740,0.1736985631840061,1.0121516444667462e-26,0.03563685938883799,0.029305302635621026,False,rtms_land,rtms_fac,0.03563685938883799,,0.06271224600737255,
bldg_area_m2,rtms_land_dae_unit_3m,1314,-0.02818623659211371,0.30727470365875387,-0.060116558968191826,0.029326432054070067,False,site_price,rtms_land,0.060116558968191826,0.08037193131604092,0.06271224600737255,0.08753105198550871
rtms_land_dae_unit_3m,rtms_apt_n,4732,0.05099671074700779,0.0004491245773892515,-0.031638758073817795,0.02952646558128935,False,rtms_land,rtms_apt,0.031638758073817795,,0.0630840266408753,
rtms_apt_med_unit,ah_supply_sum,3877,0.024060993097133998,0.13415794727722655,0.034932119888786486,0.029627837394181983,False,rtms_apt,applyhome,0.034932119888786486,,0.06324454217890042,
rentidx_office,minbid_vs_rtms_all_3m,2806,-0.010110785657808565,0.5924006304042683,-0.041048764667337416,0.02967735591664966,False,commercial,valuation,0.041048764667337416,,0.06329418385763334,
bldg_area_m2,yield_midlarge,1314,-0.028265386942389142,0.3059177776236996,0.05995328426227894,0.029769667650657704,False,site_price,commercial,0.05995328426227894,0.09201030803638344,0.06340020036300506,0.09891759744987964
bldg_area_m2,kiscon_amt_priv,1314,-0.010365114075522512,0.7073786575967037,-0.05994962049734812,0.029779679174656317,False,site_price,kiscon,0.05994962049734812,0.008924131627927823,0.06340020036300506,0.011519414805437445
rtms_fac_med_unit,kiscon_amt_all,3740,0.05259606149160833,0.001292262970267545,-0.03551456586109427,0.029865355338669814,False,rtms_fac,kiscon,0.03551456586109427,,0.06352648399487577,
appraisal_mn,kiscon_cnt_priv_yoy_pct,4576,0.004005603174138195,0.7864751401443556,-0.03206668972890445,0.03007107760604921,False,site_price,kiscon,0.03206668972890445,,0.06390766933913457,
rtms_nrg_n_3m,rtms_fac_n,4732,0.04605673779032646,0.0015292957774265619,0.03148714591795665,0.030314940598179487,False,rtms_nrg,rtms_fac,0.03148714591795665,,0.06432312674642261,
apt_idx_yoy_pct,rtms_land_dae_n,4394,0.009451310012574862,0.531093842097447,0.03267480864274368,0.03031994688130128,False,land_house,rtms_land,0.03267480864274368,,0.06432312674642261,
rtms_apt_n,kiscon_cnt_priv,4732,-0.10239507557517345,1.6600897488384172e-12,-0.031470801589794664,0.03040101113765783,False,rtms_apt,kiscon,0.031470801589794664,,0.06443837892854475,
house_idx_yoy_pct,rtms_fac_n,4394,0.0255809824366209,0.08998287442124575,0.03259725455596797,0.030715283548692025,False,land_house,rtms_fac,0.03259725455596797,,0.06504730523053408,
rentidx_office,kiscon_amt_indiv,4636,-0.07113435109411788,1.24558751374318e-06,-0.03166754510211167,0.03107236485745314,False,commercial,kiscon,0.03166754510211167,,0.06574574126994036,
rtms_land_dae_n,rtms_nrg_n_3m,4732,0.037890627407176886,0.009141247019352188,0.03127271680000006,0.03146093791484817,False,rtms_land,rtms_nrg,0.03127271680000006,,0.06650952664454746,
appraisal_mn,rtms_apt_unit_3m,4576,0.008644750845971421,0.5587930538102283,0.031752320594676,0.031723559647714054,False,site_price,rtms_apt,0.031752320594676,,0.0670059410613417,
rtms_land_n_yoy_pct,ah_sale_unit_med,3485,-0.028922074954117482,0.08779842404120397,-0.03630456449926149,0.032102080814053524,False,rtms_land,applyhome,0.03630456449926149,,0.06769320425299469,
land_chg_pct,rtms_fac_n_yoy_pct,3791,0.011819413733806577,0.4669076579771057,0.03480146849347064,0.032136634283031595,False,land_house,rtms_fac,0.03480146849347064,,0.06769320425299469,
rtms_apt_n_3m,rtms_land_n_yoy_pct,4724,0.020879294151438674,0.15133300048392362,0.031171836565277004,0.03215838373145322,False,rtms_apt,rtms_land,0.031171836565277004,,0.06769320425299469,
apt_idx_yoy_pct,rtms_land_dae_unit_3m,4394,-0.013259581778251997,0.37954778900850394,0.03232069410347428,0.03216129413679623,False,land_house,rtms_land,0.03232069410347428,,0.06769320425299469,
rtms_nrg_n_yoy_pct,unsold_total,4362,0.0642152459779742,2.1928722345583306e-05,0.03231851081012054,0.032807106811932406,False,rtms_nrg,unsold,0.03231851081012054,,0.06899225778076536,
rtms_land_dae_n,rtms_nrg_unit_3m,4730,-0.03586336809169011,0.013638567811794457,-0.03101592103782795,0.03291905089340279,False,rtms_land,rtms_nrg,0.03101592103782795,,0.0691447825426768,
discount_ratio,kiscon_amt_pub,2853,0.04480666082281512,0.01669153046240682,0.039932506917393494,0.03293701674647011,False,site_price,kiscon,0.039932506917393494,,0.0691447825426768,
land_chg_cum12_pct,rtms_fac_n,4732,0.011165928752482382,0.4425346856596474,-0.03098172065486354,0.03307541611093443,False,land_house,rtms_fac,0.03098172065486354,,0.06937489367045428,
rtms_apt_unit_3m,kiscon_cnt_priv,4732,-0.05097136613030112,0.0004520829746836626,-0.030959041235164405,0.03320416981194164,False,rtms_apt,kiscon,0.030959041235164405,,0.0695286929463199,
appr_vs_rtms_dae_3m,kiscon_cnt_indiv,4548,0.0060221279469417025,0.6847297451420664,0.03157871597189801,0.033206442149881416,False,valuation,kiscon,0.03157871597189801,,0.0695286929463199,
rtms_land_dae_unit_3m,rtms_apt_n_3m,4732,0.08877319175689807,9.52738500190786e-10,-0.030949483277648387,0.03325855974211658,False,rtms_land,rtms_apt,0.030949483277648387,,0.06957736890494874,
rtms_land_unit_3m,kiscon_amt_priv_yoy_pct,4732,0.002650992473604865,0.8553373486904907,-0.03093682371233828,0.03333071680384551,False,rtms_land,kiscon,0.03093682371233828,,0.0696678469187057,
rtms_land_med_unit,kiscon_cnt_priv_yoy_pct,4723,-0.004692998410541911,0.7471205729932217,0.03087266034470897,0.03386802617403088,False,rtms_land,kiscon,0.03087266034470897,,0.07072958672392932,
rtms_fac_n_3m,kiscon_amt_all,4732,0.019904696150395806,0.17099657038278432,0.030821187088812502,0.033996043368439255,False,rtms_fac,kiscon,0.030821187088812502,,0.07093546711509835,
land_chg_pct,rtms_land_dae_unit_3m,4732,0.043537452400888375,0.0027395023249407544,0.030784808810350818,0.03420768246614785,False,land_house,rtms_land,0.030784808810350818,,0.07131532417250547,
rtms_land_dae_med_unit,ah_n_pblanc,3816,-0.023348378435954237,0.14929062404862709,-0.03426258773406534,0.03430591269938843,False,rtms_land,applyhome,0.03426258773406534,,0.07145829697971143,
yield_office,rtms_nrg_unit_3m,4634,0.012818034975397451,0.38300721191732345,-0.03107505811393869,0.03440201983785105,False,commercial,rtms_nrg,0.03107505811393869,,0.07154743219617286,
apt_idx,rtms_fac_n_3m,4732,0.07653540341703471,1.3555212150182275e-07,0.03075053955818736,0.03440808046280679,False,land_house,rtms_fac,0.03075053955818736,,0.07154743219617286,
rtms_land_dae_unit_3m,rtms_apt_med_unit,4731,0.22873905177698348,3.299796748653279e-57,0.030747723164209727,0.034443655174826115,False,rtms_land,rtms_apt,0.030747723164209727,,0.07155966290631978,
apt_idx,rtms_fac_n_yoy_pct,3791,0.03828624336462403,0.01840277202013796,0.034264566031045246,0.034890184643569806,False,land_house,rtms_fac,0.034264566031045246,,0.07242493108613543,
rtms_nrg_unit_3m,kiscon_cnt_priv_yoy_pct,4730,-0.082163220964772,1.523896858364329e-08,-0.030646821080488634,0.035059289440798905,False,rtms_nrg,kiscon,0.030646821080488634,,0.07271332835828344,
rtms_nrg_med_unit,kiscon_cnt_priv_yoy_pct,4711,-0.029782514797884903,0.040945129585822394,-0.030623670191711635,0.03556698107349595,False,rtms_nrg,kiscon,0.030623670191711635,,0.07370285845840518,
minbid_unit_land_mn_m2,excess_pp_med,403,0.026430171214977267,0.5967871842812941,0.10463224705640037,0.0357534973098154,False,valuation,excess,0.10463224705640037,0.09218067182160783,0.07397125862295152,0.09896057979151392
capret_office,n_rounds_m,442,-0.049493704009691074,0.29916048495440906,-0.09990403867802784,0.035757890579144615,False,commercial,site_price,0.09990403867802784,0.06878570245546278,0.07397125862295152,0.07566427270100906
minbid_vs_rtms_dae_3m,kiscon_amt_all,2850,-0.07413838228430025,7.444203240791307e-05,-0.03907849822638331,0.03696933576088122,False,valuation,kiscon,0.03907849822638331,,0.07641174887111812,
bldg_area_m2,house_idx,1314,-0.029719734125245936,0.28169152500410133,-0.05747927250202992,0.03722264463629927,False,site_price,land_house,0.05747927250202992,0.2961506593849532,0.07682961787371406,0.29811452317397813
capret_midlarge,rtms_nrg_n,4732,0.05649668462462355,0.00010088242334897454,-0.03028436972718418,0.03723526708568383,False,commercial,rtms_nrg,0.03028436972718418,,0.07682961787371406,
rtms_land_med_unit,ah_rate_med,3470,0.0017283112717329553,0.9189372390620353,0.035235352469086365,0.03794066571371543,False,rtms_land,applyhome,0.035235352469086365,,0.07819289825628795,
bldg_area_m2,kiscon_cnt_priv_yoy_pct,1314,0.04278769605438213,0.12108129623423974,0.057257904473102,0.037960867618197884,False,site_price,kiscon,0.057257904473102,0.1156166088817061,0.07819289825628795,0.12187917519613185
yield_midlarge,rtms_land_dae_med_unit,4666,0.007796719328965005,0.594418046301331,0.030355249789355433,0.038132053334137425,False,commercial,rtms_land,0.030355249789355433,,0.0784784359822982,
rtms_land_n_3m,rtms_nrg_n,4732,-0.03196103216889894,0.02790884620135088,0.030003423636919737,0.03903280718346242,False,rtms_land,rtms_nrg,0.030003423636919737,,0.0802637076042188,
rtms_land_n,ah_n_pblanc,3877,0.05031992622380388,0.0017233887730050605,0.03305469643329207,0.039583618587966,False,rtms_land,applyhome,0.03305469643329207,,0.08132695720119187,
minbid_vs_rtms_dae_3m,kiscon_cnt_indiv,2850,0.004315960439675342,0.817851487153952,0.03850764487737285,0.0398204850035125,False,valuation,kiscon,0.03850764487737285,,0.08174392577382038,
capret_midlarge,minbid_vs_rtms_dae_3m,2850,-0.01754038091573744,0.3492416166217005,-0.038478774523509056,0.0399695021121576,False,commercial,valuation,0.038478774523509056,,0.08198000007685091,
yield_office,appr_vs_rtms_all_3m,4453,0.003320494935557451,0.8246893603260893,-0.030748139060327983,0.040193279606321713,False,commercial,valuation,0.030748139060327983,,0.08236888082588038,
apt_idx_yoy_pct,kiscon_amt_priv_yoy_pct,4394,-0.01671169327438439,0.2680629442589723,-0.030917929917646293,0.040425805628982896,False,land_house,kiscon,0.030917929917646293,,0.08277501407463787,
rtms_land_dae_n_3m,rtms_nrg_n,4732,0.004634578795723276,0.7499327796697673,0.029780803843572446,0.04050900306121382,False,rtms_land,rtms_nrg,0.029780803843572446,,0.08287495532896885,
rentidx_office,appr_unit_land_mn_m2,4453,0.0009917494065705178,0.9472491126283384,-0.030685878338209797,0.04059915410591683,False,commercial,valuation,0.030685878338209797,,0.08294304989808894,
rtms_nrg_n,kiscon_cnt_priv_yoy_pct,4732,0.05643748124859142,0.00010259201293968751,0.02976565980061283,0.04061111986711408,False,rtms_nrg,kiscon,0.02976565980061283,,0.08294304989808894,
rentidx_office,rtms_land_unit_3m,4636,0.11335670098668302,9.853544710004332e-15,0.030054643043282838,0.04072919587993303,False,commercial,rtms_land,0.030054643043282838,,0.08311376974651873,
rtms_apt_med_unit,rtms_land_n_yoy_pct,4723,0.019354749505178633,0.18354794142375375,-0.02977080320466841,0.04076787097145698,False,rtms_apt,rtms_land,0.02977080320466841,,0.08312230883351213,
apt_idx,rtms_nrg_unit_3m,4730,-0.005001633851204373,0.7309225602481311,-0.029728878601228956,0.04090270107700983,False,land_house,rtms_nrg,0.029728878601228956,,0.08332671986102594,
minbid_vs_rtms_dae_3m,kiscon_cnt_priv_yoy_pct,2850,0.011482928958969133,0.5400271514088983,0.03824949988663111,0.04116979794274086,False,valuation,kiscon,0.03824949988663111,,0.08380001101520733,
rtms_fac_n,appr_vs_rtms_dae_3m,4548,0.002907187820873207,0.8446070683219501,0.03024122708613765,0.04141613524712333,False,rtms_fac,valuation,0.03024122708613765,,0.08423028349836897,
rtms_land_unit_3m,kiscon_cnt_all,4732,-0.006625356762400875,0.6486490190818948,0.029578128910214423,0.04189382795330585,False,rtms_land,kiscon,0.029578128910214423,,0.08512995393546974,
rtms_fac_med_unit,ah_rate_med,2716,0.0072962825416867,0.7038877705823939,0.03898055594260934,0.04222269255587278,False,rtms_fac,applyhome,0.03898055594260934,,0.08561922756290098,
ah_under_ratio,kiscon_amt_all,3825,0.039269502338406176,0.015147733512636973,0.032844353930347646,0.04223520188202186,False,applyhome,kiscon,0.032844353930347646,,0.08561922756290098,
rtms_nrg_unit_3m,rtms_fac_unit_3m,4361,-0.014478125923957124,0.33913257256284995,0.030758683339354224,0.04224118737439389,False,rtms_nrg,rtms_fac,0.030758683339354224,,0.08561922756290098,
rtms_land_dae_n_3m,rtms_apt_unit_3m,4732,-0.04384159140672427,0.0025571440815456933,0.029519667954856655,0.042300643056242704,False,rtms_land,rtms_apt,0.029519667954856655,,0.08566768887860916,
rtms_apt_med_unit,rtms_fac_med_unit,3739,-0.08840852691507628,6.137587600426859e-08,-0.03318141849609507,0.04247495025117323,False,rtms_apt,rtms_fac,0.03318141849609507,,0.08594847196081233,
house_idx,capret_midlarge,4732,0.15572936291616107,4.492339110581979e-27,0.02947477653889019,0.04261529432007969,False,land_house,commercial,0.02947477653889019,,0.0861601168719732,
ah_sale_unit_med,kiscon_cnt_indiv,3493,-0.004771050321190696,0.7780375018545349,0.03424171195653623,0.043010370426021946,False,applyhome,kiscon,0.03424171195653623,,0.08688599557980962,
apt_idx,rtms_nrg_n,4732,0.0051059840830421956,0.7254774984377754,-0.029309821324810404,0.043788537586240336,False,land_house,rtms_nrg,0.029309821324810404,,0.08832145684474112,
rtms_nrg_unit_3m,ah_supply_sum,3876,0.032187063471264474,0.04509579056902975,0.03238445736429168,0.04379424934832599,False,rtms_nrg,applyhome,0.03238445736429168,,0.08832145684474112,
house_idx,rtms_fac_med_unit,3740,-0.03148325199353923,0.05420323358730001,-0.03288945511284511,0.04429968004517729,False,land_house,rtms_fac,0.03288945511284511,,0.08926607768300776,
rtms_nrg_n_yoy_pct,unsold_pct_completed,4034,0.009303063328084362,0.5547198642910135,0.031628919236249185,0.04456342767769014,False,rtms_nrg,unsold,0.031628919236249185,,0.08972252356159836,
discount_ratio,rtms_nrg_n_yoy_pct,2845,0.0036831875789982947,0.8443204304673838,-0.03757953997859266,0.04504168997715512,False,site_price,rtms_nrg,0.03757953997859266,,0.09060974361013675,
rtms_fac_med_unit,minbid_vs_rtms_all_3m,2199,-0.002491720263169341,0.9070350116625424,-0.0427343894036355,0.045097828410018366,False,rtms_fac,valuation,0.0427343894036355,,0.09064701123281423,
rtms_nrg_unit_3m,appr_unit_land_mn_m2,4546,0.003975300804225745,0.788731528151005,0.029690005161336904,0.04531586777972967,False,rtms_nrg,valuation,0.029690005161336904,,0.09100936779095709,
house_idx_yoy_pct,rtms_fac_n_3m,4394,0.06107847450602266,5.092186291842574e-05,0.030137925243691462,0.04575509121840443,False,land_house,rtms_fac,0.030137925243691462,,0.09181496239496642,
rtms_apt_n,kiscon_cnt_all,4732,-0.026831601135844468,0.06495350850158915,0.029023453593729497,0.045890082802160975,False,rtms_apt,kiscon,0.029023453593729497,,0.09200923423727783,
rtms_apt_n_yoy_pct,rtms_fac_n_yoy_pct,3791,-0.00524573141328787,0.7467852555260914,0.03241545018023657,0.045964292287425705,False,rtms_apt,rtms_fac,0.03241545018023657,,0.09208141680190852,
rtms_fac_med_unit,minbid_vs_rtms_dae_3m,2199,-0.001753944040557758,0.9344861895650868,-0.04253835906816017,0.04609296643531209,False,rtms_fac,valuation,0.04253835906816017,,0.09226249926005162,
bldg_area_m2,rtms_land_dae_med_unit,1295,-0.015316191547424458,0.5818597935239168,-0.05521934449139304,0.04695273525484699,False,site_price,rtms_land,0.05521934449139304,0.028670555249688423,0.09390547050969399,0.03332458106357353
land_chg_pct,appr_unit_land_mn_m2,4548,0.009739238896321691,0.5114135743468595,-0.029329529290655302,0.04794768340780176,False,land_house,valuation,0.029329529290655302,,0.0958011792311434,
land_area_m2,yield_midlarge,4662,-0.028577750349395744,0.051041480066796444,-0.028964466272507143,0.047980092668875554,False,site_price,commercial,0.028964466272507143,,0.0958011792311434,
rtms_fac_med_unit,ah_n_pblanc,3029,-0.01155685317391357,0.5249030497139973,0.03590961335422728,0.048137147268411944,False,rtms_fac,applyhome,0.03590961335422728,,0.09603520274575561,
apt_idx_yoy_pct,unsold_pct_completed,3906,0.03147952569295822,0.04915264315301153,0.03154425153807855,0.048688180194303134,False,land_house,unsold,0.03154425153807855,,0.09705418880750252,
rtms_land_dae_unit_3m,appr_unit_land_mn_m2,4548,-0.0012006449498927617,0.9354833861034366,0.029216991659173876,0.048810916098520195,False,rtms_land,valuation,0.029216991659173876,,0.09717841689457049,
rtms_land_n_3m,minbid_vs_rtms_all_3m,2850,0.03635265328811073,0.05232009231114519,0.0369062806136505,0.04883114641465762,False,rtms_land,valuation,0.0369062806136505,,0.09717841689457049,
house_idx,rtms_land_n_yoy_pct,4724,-0.004544326886320848,0.7548454232196952,-0.028653371821509014,0.048922280823671505,False,land_house,rtms_land,0.028653371821509014,,0.09727945279294417,
rtms_fac_n_yoy_pct,ah_supply_sum,3060,0.021989090559137104,0.2239748552141623,-0.035583722046179385,0.049043501045914144,False,rtms_fac,applyhome,0.035583722046179385,,0.09740596127203725,
rtms_land_dae_n,unsold_total,4377,0.08076808905667629,8.759293723530244e-08,0.029748649395239437,0.04906673733786441,False,rtms_land,unsold,0.029748649395239437,,0.09740596127203725,
rtms_apt_unit_3m,appr_unit_land_mn_m2,4548,0.0056426714636634056,0.70362345525878,0.02916968246535291,0.04917768110445613,False,rtms_apt,valuation,0.02916968246535291,,0.09754585305492945,
minbid_vs_rtms_dae_3m,kiscon_amt_priv,2850,-0.07909823618333639,2.363415811287331e-05,-0.0368115066044963,0.04941417387710398,False,valuation,kiscon,0.0368115066044963,,0.0979343413189314,
rtms_land_unit_3m,kiscon_amt_indiv,4732,-0.006202473692426954,0.6697022728791273,-0.028561795368941427,0.049456578624018546,False,rtms_land,kiscon,0.028561795368941427,,0.09793784263260863,
rtms_nrg_n_yoy_pct,kiscon_amt_priv_yoy_pct,4716,0.004878690524663875,0.7376641832824608,0.028604066260166913,0.0495054916531447,False,rtms_nrg,kiscon,0.028604066260166913,,0.09795421583257695,
yield_midlarge,n_rounds_m,446,-0.0397507272986283,0.40233441907556927,-0.09304720426074797,0.04955506539287075,False,commercial,site_price,0.09304720426074797,0.11123393783451685,0.09797186841412511,0.11742219585034533
vac_office,rtms_land_dae_med_unit,4570,-0.015352824983861988,0.2994304905791281,-0.02899344715535961,0.05000931414292159,False,commercial,rtms_land,0.02899344715535961,,0.09878889105282053,
rtms_land_n_3m,rtms_land_unit_3m,4732,-0.03940801560406806,0.006704099260609041,0.028455782874272566,0.05030759773726324,True,rtms_land,rtms_land,0.028455782874272566,,0.09929673263456545,
capret_office,rtms_fac_n,4636,-0.002686865278749978,0.8548805954643286,0.02868724980822218,0.05080326959154695,False,commercial,rtms_fac,0.02868724980822218,,0.1001930275905304,
rtms_fac_med_unit,n_rounds_m,343,0.002112732219883212,0.9689019044932536,-0.10541901814001092,0.05109285358461329,False,rtms_fac,site_price,0.10541901814001092,0.08067616387306442,0.10063520047718243,0.0877266595697076
house_idx,yield_midlarge,4732,0.13877318617012374,8.803807342859668e-22,0.028354886836091598,0.051128905722213146,False,land_house,commercial,0.028354886836091598,,0.10063520047718243,
rtms_nrg_med_unit,appr_vs_rtms_dae_3m,4527,-0.0003199428860378901,0.9828302367890963,-0.02898220285543464,0.05119040377413434,False,rtms_nrg,valuation,0.02898220285543464,,0.10063520047718243,
bldg_area_m2,house_idx_yoy_pct,1272,-0.01863783068978271,0.5066106768642751,-0.054683813647480414,0.05119450447511437,False,site_price,land_house,0.054683813647480414,0.29223588263503397,0.10063520047718243,0.29456445540503423
land_chg_cum12_pct,kiscon_amt_indiv,4732,-0.008690889645205178,0.5500430674813568,0.028304229593189303,0.05154547673188432,False,land_house,kiscon,0.028304229593189303,,0.10124254191022104,
rtms_land_dae_unit_3m,rtms_fac_n,4732,-0.04802814089743812,0.0009502122683868552,-0.02828195924525157,0.05172950962211785,False,rtms_land,rtms_fac,0.02828195924525157,,0.10152126888379807,
rtms_land_n_3m,ah_supply_sum,3877,-0.009118327250012498,0.5703157941887361,-0.031220651025507768,0.05191736723493228,False,rtms_land,applyhome,0.031220651025507768,,0.10180704234026591,
rtms_land_n,appr_vs_rtms_all_3m,4548,0.02725379844020536,0.06609169669346855,0.028811037706809487,0.052033950118507526,False,rtms_land,valuation,0.028811037706809487,,0.10195269901268549,
house_idx,rtms_nrg_unit_3m,4730,0.0009647948636618241,0.9471101311514751,-0.02822237769607016,0.05227435573170052,False,land_house,rtms_nrg,0.02822237769607016,,0.10234053396701727,
rtms_land_dae_med_unit,rtms_apt_med_unit,4665,0.08313661412487235,1.2957675357278633e-08,0.02839974826005012,0.05242867981089135,False,rtms_land,rtms_apt,0.02839974826005012,,0.10255934930539624,
land_chg_cum12_pct,rtms_apt_med_unit,4731,0.024728745531768806,0.08899750779504173,-0.028150769031323422,0.052849860752983764,False,land_house,rtms_apt,0.028150769031323422,,0.1031732517840054,
rtms_land_dae_med_unit,rtms_fac_med_unit,3703,0.29547405918853287,1.6933231960426738e-75,0.03181845185236534,0.052860129430981416,False,rtms_land,rtms_fac,0.03181845185236534,,0.1031732517840054,
bldg_area_m2,rtms_apt_med_unit,1313,0.0026670608215930156,0.9230837752750055,0.05344048961293143,0.05287094022956293,False,site_price,rtms_apt,0.05344048961293143,0.0902119616389534,0.1031732517840054,0.0971218140198094
bldg_area_m2,kiscon_amt_pub,1314,-0.030330349277253685,0.27191839778469157,-0.053351585343406165,0.05317641616212834,False,site_price,kiscon,0.053351585343406165,0.09595564948703328,0.10368540691806578,0.10243366801780346
rtms_nrg_n_3m,kiscon_amt_pub,4732,0.03345337497586795,0.021375911799104388,0.028087250148856328,0.05336203226982227,False,rtms_nrg,kiscon,0.028087250148856328,,0.1039632156590717,
appr_vs_rtms_all_3m,kiscon_cnt_priv_yoy_pct,4548,-0.006985028616924441,0.6376845579710874,-0.028599498166239235,0.05378278995355179,False,valuation,kiscon,0.028599498166239235,,0.10469832293058144,
ah_supply_sum,kiscon_cnt_priv_yoy_pct,3877,-0.06383705998224543,6.960678125051283e-05,-0.030968036719685895,0.053844830583363555,False,applyhome,kiscon,0.030968036719685895,,0.10473449693777738,
capret_midlarge,unsold_total,4377,0.08204450002920513,5.461576419612336e-08,0.029130323784011855,0.05396858439510601,False,commercial,unsold,0.029130323784011855,,0.10489055515500444,
minbid_vs_rtms_all_3m,excess_pp_med,403,0.032588143259671416,0.5141795208777297,0.09604779026268538,0.05402787040862815,False,valuation,excess,0.09604779026268538,0.08038095287733804,0.1049211665469733,0.08753105198550871
rtms_land_n_3m,minbid_unit_land_mn_m2,2850,0.053102832258171404,0.004572929318353998,0.03606811690559904,0.05419280615857546,False,rtms_land,valuation,0.03606811690559904,,0.10515673336728412,
land_chg_cum12_pct,rtms_nrg_med_unit,4711,0.023871052200982033,0.10137383349461239,-0.02797424346175113,0.05486716720144689,False,land_house,rtms_nrg,0.02797424346175113,,0.10637962426024697,
rtms_nrg_n,ah_n_pblanc,3877,-0.002820354704940245,0.8606438037349075,0.03080839516088903,0.05509342689404573,False,rtms_nrg,applyhome,0.03080839516088903,,0.10673244277704999,
land_chg_cum12_pct,ah_supply_sum,3877,-0.06254514918196388,9.74042695001411e-05,-0.03076980884758887,0.055398814140628416,False,land_house,applyhome,0.03076980884758887,,0.10717213668524371,
rtms_land_unit_3m,unsold_completed,4377,0.0023724659963723525,0.8753117359587915,-0.028957526751457387,0.05540932875925879,False,rtms_land,unsold,0.028957526751457387,,0.10717213668524371,
rtms_fac_unit_3m,kiscon_amt_pub,4363,0.012753035462000574,0.3996932297577617,0.028893087720775208,0.056348976946902704,False,rtms_fac,kiscon,0.028893087720775208,,0.10890219281638773,
rtms_land_dae_med_unit,minbid_unit_land_mn_m2,2801,0.004073163987736847,0.8293972077633355,0.03600124734523008,0.05676523106111363,False,rtms_land,valuation,0.03600124734523008,,0.10961875549461846,
rtms_land_unit_3m,rtms_apt_n,4732,0.05233663389460253,0.0003161066652784944,-0.02748271051951005,0.058707099007126715,False,rtms_land,rtms_apt,0.02748271051951005,,0.11327790921311079,
unsold_total,kiscon_amt_priv,4377,-0.05776474838211246,0.00013143529120987412,-0.028562094431599516,0.058827208985256424,False,unsold,kiscon,0.028562094431599516,,0.11341885892357438,
land_chg_pct,yield_office,4636,0.10142476616486187,4.458760290876553e-12,0.027728417685942884,0.059048603682603576,False,land_house,commercial,0.027728417685942884,,0.11372033007459457,
rtms_apt_n_3m,minbid_vs_rtms_dae_3m,2850,-0.005455428802193222,0.7709636706642259,-0.035362682431176004,0.059077947408046644,False,rtms_apt,valuation,0.035362682431176004,,0.11372033007459457,
rtms_apt_n_3m,kiscon_cnt_all,4732,0.031555696843010336,0.029956221990920785,0.027420158073243276,0.059284689840317956,False,rtms_apt,kiscon,0.027420158073243276,,0.11393676181847523,
rtms_nrg_med_unit,minbid_vs_rtms_dae_3m,2841,0.002647419318671347,0.8878317624465327,-0.03538981539740609,0.0592849374773311,False,rtms_nrg,valuation,0.03538981539740609,,0.11393676181847523,
house_idx_yoy_pct,rtms_nrg_n_3m,4394,0.04994460705598802,0.0009269257626991344,-0.028406215799706466,0.05972555049930189,False,land_house,rtms_nrg,0.028406215799706466,,0.11469209299069126,
appraisal_mn,rtms_land_dae_unit_3m,4576,0.002897889620258319,0.8446274657826356,0.02780850526430692,0.059973578461437096,False,site_price,rtms_land,0.02780850526430692,,0.11507669115610143,
rtms_nrg_med_unit,kiscon_cnt_pub,4711,0.0046750186125928475,0.7483660760711643,0.027369633257502704,0.06032436895528747,False,rtms_nrg,kiscon,0.027369633257502704,,0.11556972138179031,
appraisal_mn,rtms_fac_unit_3m,4226,0.0013790478100141404,0.9285874128856573,-0.02889756037739596,0.0603264354764698,False,site_price,rtms_fac,0.02889756037739596,,0.11556972138179031,
capret_midlarge,rtms_nrg_n_3m,4732,0.031611304533023354,0.029667919145448633,-0.0272927008232828,0.060476187306755066,False,commercial,rtms_nrg,0.0272927008232828,,0.11576458412174719,
appraisal_mn,ah_rate_med,3357,8.202041684646409e-05,0.9962096937515352,0.032393768984695766,0.060562474667277995,False,site_price,applyhome,0.032393768984695766,,0.11583774916519045,
round_no,ah_under_ratio,249,-0.07407453473644095,0.24418271283064158,-0.11904426888566196,0.06069508269066615,False,site_price,applyhome,0.11904426888566196,0.08889730619858138,0.11599932536439762,0.09584240824534555
minbid_vs_rtms_all_3m,ah_rate_med,2139,0.000854912909452636,0.9684789659694238,0.040507988583420855,0.06104894647191001,False,valuation,applyhome,0.040507988583420855,,0.11655833460596574,
house_idx_yoy_pct,rtms_fac_n_yoy_pct,3574,0.053507993941530475,0.001374091200434341,0.03133134864383893,0.06108430564619698,False,land_house,rtms_fac,0.03133134864383893,,0.11655833460596574,
capret_office,appr_vs_rtms_dae_3m,4453,0.008341169400074441,0.5778920985228893,-0.028049473599924477,0.06126104738378415,False,commercial,valuation,0.028049473599924477,,0.11680310458458844,
min_bid_mn,rtms_nrg_n_yoy_pct,2865,-0.0044534175632949076,0.8116721316234202,-0.03494099059113024,0.06148442559266068,False,site_price,rtms_nrg,0.03494099059113024,,0.11713633650459465,
yield_midlarge,rtms_land_dae_n,4732,-0.015265370195971637,0.2937726229589009,-0.027128302756642613,0.06204224891268103,False,commercial,rtms_land,0.027128302756642613,,0.11807109161766605,
unsold_total,ah_supply_sum,3617,-0.015855357658226536,0.3404404655651064,-0.03102631849044436,0.06207305936912153,False,unsold,applyhome,0.03102631849044436,,0.11807109161766605,
vac_office,rtms_land_med_unit,4627,-0.010460456264595925,0.47685563774403966,-0.027408080479653117,0.06229356420255889,False,commercial,rtms_land,0.027408080479653117,,0.11839707391811272,
land_area_m2,capret_office,4566,-0.026510833184326888,0.07325812506744607,-0.027551804748018518,0.06266242195106264,False,site_price,commercial,0.027551804748018518,,0.1190042843987872,
land_chg_cum12_pct,minbid_vs_rtms_all_3m,2850,-0.00868671944959322,0.642970740075201,-0.034791542539022655,0.06329585931963937,False,land_house,valuation,0.034791542539022655,,0.12004304481884358,
rtms_land_dae_unit_3m,kiscon_cnt_indiv,4732,-0.018341012520765827,0.2071494708951934,-0.026994686006243183,0.06333966644433248,False,rtms_land,kiscon,0.026994686006243183,,0.12004304481884358,
apt_idx,rtms_fac_med_unit,3740,-0.022227926371161937,0.1741230373245857,-0.030359791641901474,0.06338564036809616,False,land_house,rtms_fac,0.030359791641901474,,0.12004304481884358,
rtms_fac_n_3m,ah_sale_unit_med,3493,0.0006147656743397938,0.9710266936298136,-0.031412372679561595,0.06340862906821074,False,rtms_fac,applyhome,0.031412372679561595,,0.12004304481884358,
capret_midlarge,n_rounds_m,446,-0.06159439949808826,0.1941578120767224,-0.0879070447595794,0.06361537592228228,False,commercial,site_price,0.0879070447595794,0.08778860783144005,0.1202729423797165,0.09491674265536039
unsold_total,ah_rate_med,3255,0.028857783209500748,0.09973860232599398,0.03251361572626444,0.06362987615524421,False,unsold,applyhome,0.03251361572626444,,0.1202729423797165,
rtms_nrg_n,minbid_vs_rtms_dae_3m,2850,-0.0044256864265142856,0.8133050166775962,-0.034731342408898025,0.06375458371328861,False,rtms_nrg,valuation,0.034731342408898025,,0.12041422159014542,
rtms_apt_n,rtms_fac_med_unit,3740,-0.03218277254707689,0.04906727205438317,0.03030981688087279,0.06382227125593773,False,rtms_apt,rtms_fac,0.03030981688087279,,0.12044766932404849,
vac_midlarge,rtms_land_dae_unit_3m,4732,-0.006094148076798928,0.6751381208886948,-0.026874305966693067,0.06452767079272691,False,commercial,rtms_land,0.026874305966693067,,0.12168363584543963,
yield_office,n_rounds_m,442,-0.040633832101093434,0.39409737284836716,-0.0878921092692367,0.06486790596216631,False,commercial,site_price,0.0878921092692367,0.10418526150547347,0.12222959606631806,0.11090689128002014
yield_midlarge,rtms_land_med_unit,4723,0.03267437362005872,0.02473466571095743,0.026856484839331514,0.06496023316285365,False,commercial,rtms_land,0.026856484839331514,,0.1223079390019354,
appraisal_mn,land_chg_cum12_pct,4576,-0.01037634728821216,0.48283698899291516,-0.02726213140057828,0.06518069352332702,False,site_price,land_house,0.02726213140057828,,0.12262722200719603,
discount_ratio,rtms_land_dae_n,2853,0.010531461995976646,0.573917679624455,0.03451049497894449,0.06531924885353135,False,site_price,rtms_land,0.03451049497894449,,0.12279203567629529,
rtms_apt_n_3m,rtms_fac_n,4732,-0.001424491320056209,0.9219606765300353,-0.02677389600068442,0.06553260308785441,False,rtms_apt,rtms_fac,0.02677389600068442,,0.12309709543392762,
yield_office,rtms_fac_n,4636,0.0007150234419931178,0.9611810716933897,0.027021274835099036,0.06581682876547482,False,commercial,rtms_fac,0.027021274835099036,,0.1235347019663507,
rtms_nrg_n_yoy_pct,kiscon_cnt_indiv,4716,-0.0037507532735979584,0.7967861572859155,0.026734429930558693,0.06639040319055377,False,rtms_nrg,kiscon,0.026734429930558693,,0.1245142970344238,
unsold_total,ah_n_pblanc,3617,-0.0450201747880728,0.006768635560057201,-0.030460805665716083,0.06698862230539095,False,unsold,applyhome,0.030460805665716083,,0.1255385534650017,
n_rounds_m,kiscon_cnt_indiv,446,0.1565837862193652,0.0009064581726904565,0.08671037354275962,0.06732180904751395,False,site_price,kiscon,0.08671037354275962,0.0783597162510179,0.12606492603302924,0.08569888275867807
appr_vs_rtms_dae_3m,kiscon_amt_all,4548,-0.04215510671444971,0.004463854061195953,-0.02710103903783257,0.06762515840330299,False,valuation,kiscon,0.02710103903783257,,0.12653465198133557,
rtms_fac_unit_3m,kiscon_amt_indiv,4363,-0.000395352057455562,0.9791722240211136,0.02759159378088332,0.06840455086249042,False,rtms_fac,kiscon,0.02759159378088332,,0.12789369090659575,
land_chg_cum12_pct,rtms_fac_unit_3m,4363,-0.027651452710188814,0.06780696930457064,-0.027583267850672475,0.06848801181078641,False,land_house,rtms_fac,0.027583267850672475,,0.1279504716775157,
rtms_fac_med_unit,kiscon_cnt_pub,3740,0.03194931336826881,0.05073397434198822,-0.029739758951578408,0.06898083674897168,False,rtms_fac,kiscon,0.029739758951578408,,0.1287713528776311,
rtms_nrg_n,appr_vs_rtms_all_3m,4548,0.004549151088974824,0.759066534308701,0.026911722337315407,0.06956607700504783,False,rtms_nrg,valuation,0.026911722337315407,,0.12976334797381212,
yield_midlarge,rtms_nrg_unit_3m,4730,0.004835915064891751,0.7395086622766409,-0.02628995983314692,0.0706179492173302,False,commercial,rtms_nrg,0.02628995983314692,,0.13162355577244067,
yield_midlarge,rtms_fac_n_3m,4732,0.03660842559130395,0.011787081947677995,0.026203755380169298,0.07148605313940458,False,commercial,rtms_fac,0.026203755380169298,,0.1331386306537597,
rtms_nrg_n_yoy_pct,minbid_vs_rtms_dae_3m,2842,-0.002843718298936985,0.87955495936861,-0.033752836347994405,0.07200308291760332,False,rtms_nrg,valuation,0.033752836347994405,,0.1339602014276094,
bldg_area_m2,kiscon_amt_all,1314,-0.019778821773512888,0.4737734286038212,-0.04964198434262932,0.07203834898347791,False,site_price,kiscon,0.04964198434262932,,0.1339602014276094,
rtms_nrg_n_yoy_pct,excess_pp_med,446,-0.09415928551097363,0.04688255383780731,-0.0851515210505102,0.07241377103967961,False,rtms_nrg,excess,0.0851515210505102,0.07196136395969521,0.13455450131505617,0.07904294536238592
rtms_fac_n_yoy_pct,kiscon_amt_pub,3791,0.014395961882003705,0.3755481389115087,0.02911433089475942,0.0730705053636976,False,rtms_fac,kiscon,0.02911433089475942,,0.13567019871071742,
round_no,kiscon_cnt_priv,315,0.056543910918496816,0.31713353042890563,0.10101455849667078,0.07340810576077511,False,site_price,kiscon,0.10101455849667078,0.0061723041721561955,0.1361920976778045,0.00821891029239746
bldg_area_m2,rtms_apt_n,1314,0.023079003561325626,0.40320603018814605,0.049384740676880846,0.07352748582124924,False,site_price,rtms_apt,0.049384740676880846,,0.13630864679170052,
rentidx_office,kiscon_cnt_priv,4636,-0.008891162271148481,0.545025020367427,0.02627971108448514,0.07358838989646964,False,commercial,kiscon,0.02627971108448514,,0.13631669458146953,
rtms_apt_n,rtms_fac_n_yoy_pct,3791,-0.02012949260030466,0.21530411369937003,0.02901497535014487,0.07405542669708666,False,rtms_apt,rtms_fac,0.02901497535014487,,0.1370764810598916,
apt_idx,capret_midlarge,4732,0.14314418013821228,4.3666632230939904e-23,0.025928269958391773,0.07451760171768619,False,land_house,commercial,0.025928269958391773,,0.13782610908643417,
capret_midlarge,rtms_land_dae_med_unit,4666,0.002365162764232291,0.8716864009247188,0.026093239445511028,0.07471562105129595,False,commercial,rtms_land,0.026093239445511028,,0.13808638553191968,
rtms_nrg_unit_3m,appr_vs_rtms_all_3m,4546,-0.0026229321571220633,0.8596652295857424,0.026424902313163887,0.07483169599451976,False,rtms_nrg,valuation,0.026424902313163887,,0.1381949328327913,
rtms_land_n_yoy_pct,ah_under_ratio,3817,0.014765133457330968,0.361785274263957,0.028832808450888973,0.07489092546927228,False,rtms_land,applyhome,0.028832808450888973,,0.13819841529934626,
vac_office,rtms_fac_med_unit,3669,0.004974796798160727,0.7632361224540635,0.029402652516106888,0.07495108634877176,False,commercial,rtms_fac,0.029402652516106888,,0.13820360987034427,
house_idx_yoy_pct,vac_midlarge,4394,0.0751549711250809,6.118030021128865e-07,0.02685962749470051,0.07503251441226505,False,land_house,commercial,0.02685962749470051,,0.13824798144767492,
discount_ratio,kiscon_cnt_priv,2853,0.014512899803877355,0.4384072581119714,0.033284358322760534,0.07547830910522764,False,site_price,kiscon,0.033284358322760534,,0.1389631206597392,
rentidx_office,rtms_apt_n_3m,4636,-0.017949570177464687,0.22173697543795154,-0.026098875822778797,0.07559319430272607,False,commercial,rtms_apt,0.026098875822778797,,0.13906839562562584,
rtms_apt_n_3m,ah_sale_unit_med,3493,-0.035834116010783824,0.0341940461006417,-0.030052451173137974,0.07574716706398066,False,rtms_apt,applyhome,0.030052451173137974,,0.13924536432051365,
rtms_fac_n_yoy_pct,unsold_pct_completed,3358,0.023998860297420196,0.16441518900249766,0.030635177718889628,0.07589612521026037,False,rtms_fac,unsold,0.030635177718889628,,0.13938549654792529,
discount_ratio,n_rounds_m,404,0.04321633055427039,0.3862977843649498,0.08839811979839339,0.07593906928108958,True,site_price,site_price,0.08839811979839339,,0.13938549654792529,
house_idx,rtms_nrg_n,4732,0.005234779533275467,0.7188431126551239,-0.025792659493844447,0.07604803215241096,False,land_house,rtms_nrg,0.025792659493844447,,0.13947926749414796,
minbid_vs_rtms_all_3m,kiscon_amt_priv_yoy_pct,2850,0.004763592293577612,0.7993440478548541,0.033224735153745966,0.07615798338657266,False,valuation,kiscon,0.033224735153745966,,0.1395747071951636,
rtms_nrg_unit_3m,kiscon_cnt_priv,4730,-0.005539459497754012,0.7032933839574216,0.02574234730063106,0.0766846334691378,False,rtms_nrg,kiscon,0.02574234730063106,,0.14043310536521436,
rtms_apt_n_yoy_pct,ah_sale_unit_med,3493,0.042271091966206674,0.012471591167707909,-0.029818783846724796,0.07805255651764513,False,rtms_apt,applyhome,0.029818783846724796,,0.14282965923122612,
rtms_land_dae_med_unit,rtms_apt_n,4666,-0.002053903922987683,0.8884538681569373,-0.025787198049494704,0.07818830350755168,False,rtms_land,rtms_apt,0.025787198049494704,,0.14296950793110738,
rtms_land_unit_3m,kiscon_cnt_pub,4732,0.002482062735413006,0.8644635205649549,0.025583379718344065,0.07846007292645195,False,rtms_land,kiscon,0.025583379718344065,,0.1433576768405983,
land_area_m2,rentidx_midlarge,4662,-0.03681741678366129,0.011936071670268153,-0.025766513181467735,0.07855578732111337,False,site_price,commercial,0.025766513181467735,,0.14342382382112365,
rtms_land_dae_med_unit,kiscon_amt_all,4666,0.07806656677750959,9.330527074346942e-08,0.025713010894168598,0.0790495999931642,False,rtms_land,kiscon,0.025713010894168598,,0.14415112029210186,
rtms_land_unit_3m,ah_supply_sum,3877,-0.01728977620715847,0.28179717786839836,-0.028206647478349046,0.07907376806064675,False,rtms_land,applyhome,0.028206647478349046,,0.14415112029210186,
rtms_nrg_n,appr_vs_rtms_dae_3m,4548,-0.003321336198471952,0.8228147452783922,-0.026029715758652563,0.07922010521576754,False,rtms_nrg,valuation,0.026029715758652563,,0.14420183733306527,
land_chg_pct,yield_midlarge,4732,0.1214759108080937,5.0668872237472864e-17,0.02551842325623415,0.07922125835227321,False,land_house,commercial,0.02551842325623415,,0.14420183733306527,
land_chg_cum12_pct,ah_rate_med,3478,-0.0018971612384467412,0.9109469786309663,0.029737950643345328,0.07950931664445007,False,land_house,applyhome,0.029737950643345328,,0.14461694574575445,
vac_office,rtms_apt_n,4636,0.006376924207732802,0.6642300006331724,-0.025683352489338708,0.08036891806776053,False,commercial,rtms_apt,0.025683352489338708,,0.1460702055379358,
rtms_nrg_med_unit,kiscon_cnt_all,4711,0.003712738855090397,0.7989057763062152,0.025464808224196517,0.08052628139376698,False,rtms_nrg,kiscon,0.025464808224196517,,0.1462459217475346,
min_bid_mn,rtms_apt_n,2873,0.027590542184818146,0.13927366569365357,-0.03260301849015174,0.08059607224514309,False,site_price,rtms_apt,0.03260301849015174,,0.14626245038463467,
yield_office,rtms_fac_unit_3m,4267,0.021221841934096555,0.16574416114657933,0.026702738076570247,0.08114451345879135,False,commercial,rtms_fac,0.026702738076570247,,0.14714693561752232,
unsold_completed,kiscon_cnt_all,4377,-0.010379759421588594,0.4923752878870493,-0.026346739994359526,0.0813552788278602,False,unsold,kiscon,0.026346739994359526,,0.14741821201138577,
rentidx_office,kiscon_amt_pub,4636,-0.0883844338482136,1.6588605564093136e-09,-0.025565580357748568,0.08176619958577748,False,commercial,kiscon,0.025565580357748568,,0.14805149586906366,
rtms_land_med_unit,rtms_fac_n_3m,4723,-0.0065623859635043245,0.6520764307270525,-0.025301638479959327,0.08209633953203155,False,rtms_land,rtms_fac,0.025301638479959327,,0.14853767137552254,
apt_idx_yoy_pct,rtms_fac_n,4394,0.024758708628082347,0.10080335599653274,0.02616243743221609,0.08291107493025823,False,land_house,rtms_fac,0.02616243743221609,,0.14989924274712854,
rtms_land_n,rtms_land_dae_unit_3m,4732,0.09039659374559263,4.680650844447203e-10,-0.02518277675416186,0.08325068737498238,True,rtms_land,rtms_land,0.02518277675416186,,0.1504004172216698,
land_chg_pct,kiscon_amt_priv,4732,-0.0250527609248509,0.08485545638713067,0.025163978963829412,0.08348117480201817,False,land_house,kiscon,0.025163978963829412,,0.1507038436500852,
rtms_apt_med_unit,ah_under_ratio,3825,-0.0010391424666834962,0.9487740127018134,0.02798293107819979,0.08355492639552888,False,rtms_apt,applyhome,0.02798293107819979,,0.1507240812973238,
discount_ratio,rtms_land_dae_med_unit,2805,-0.03159441608030126,0.0943306072884689,0.03264128869982275,0.08390827317286433,False,site_price,rtms_land,0.03264128869982275,,0.15124827101466193,
ah_rate_med,kiscon_amt_pub,3478,-0.0008547668479450689,0.9598104919441597,0.029300742774554734,0.0840333215432457,False,applyhome,kiscon,0.029300742774554734,,0.15136046705472506,
rtms_land_n_3m,appr_unit_land_mn_m2,4548,0.04604732778824645,0.0018952558292206385,0.02561091762183684,0.08417132698093538,False,rtms_land,valuation,0.02561091762183684,,0.15144194608824293,
rtms_land_n_yoy_pct,n_rounds_m,446,0.005962335017050711,0.9000765935404436,0.08185863028321903,0.08420423558433425,False,rtms_land,site_price,0.08185863028321903,0.09432340963950958,0.15144194608824293,0.10097527209645665
land_chg_pct,rtms_land_unit_3m,4732,0.04084946404901164,0.004947285268897126,0.025092724174435754,0.08435955408486372,False,land_house,rtms_land,0.025092724174435754,,0.15160814716220847,
rtms_land_n,rtms_nrg_n_3m,4732,-0.030080046229197008,0.03853540214994969,-0.02505073653489497,0.0848806395506143,False,rtms_land,rtms_nrg,0.02505073653489497,,0.15243095478165458,
ah_n_pblanc,kiscon_amt_indiv,3877,0.12393607462736744,9.608396758781989e-15,0.027660559160636283,0.08505605793324006,False,applyhome,kiscon,0.027660559160636283,,0.15263224096731834,
rtms_land_n_yoy_pct,unsold_completed,4369,-0.0027868241402261803,0.8538939807293151,0.02599247441242804,0.08582217831722978,False,rtms_land,unsold,0.02599247441242804,,0.1538924477265802,
appraisal_mn,rtms_land_med_unit,4567,0.0005939405300433557,0.967991661478179,-0.025392370387407843,0.08619632992824933,False,site_price,rtms_land,0.025392370387407843,,0.15444844247366607,
apt_idx,yield_midlarge,4732,0.129986061817467,2.771671967951616e-19,0.024851303617407096,0.08739133397370079,False,land_house,commercial,0.024851303617407096,,0.15645394397797882,
rtms_land_dae_n_3m,ah_n_pblanc,3877,0.022436941232247768,0.16248153073322796,0.027450919626872985,0.08744765962774338,False,rtms_land,applyhome,0.027450919626872985,,0.15645394397797882,
rtms_nrg_n_yoy_pct,kiscon_cnt_priv_yoy_pct,4716,0.029061592966092745,0.045972769369595906,0.02488408037908609,0.08751033878934251,False,rtms_nrg,kiscon,0.02488408037908609,,0.15645394397797882,
rtms_nrg_n,unsold_total,4377,0.0907667639839107,1.7907284069320173e-09,0.025806297504550928,0.08780107347735316,False,rtms_nrg,unsold,0.025806297504550928,,0.15685736625679847,
rtms_land_n_3m,rtms_fac_n,4732,-0.010538565365559053,0.4685921598192955,-0.024805527287549364,0.08797599153123677,False,rtms_land,rtms_fac,0.024805527287549364,,0.1570534367335412,
rtms_land_dae_unit_3m,rtms_land_n_yoy_pct,4724,0.06391297381134489,1.1018372225345446e-05,0.02479503315650124,0.08837971662989998,True,rtms_land,rtms_land,0.02479503315650124,,0.15765737755592815,
bldg_area_m2,land_chg_pct,1314,-0.01912506283506739,0.48851629276706887,-0.04697071056487769,0.08876160287849601,False,site_price,land_house,0.04697071056487769,,0.15822149625530724,
rtms_nrg_n,ah_rate_med,3478,0.001644199762148266,0.9227810431551928,0.02881379409871136,0.08931483976736468,False,rtms_nrg,applyhome,0.02881379409871136,,0.15908999544667324,
appraisal_mn,house_idx_yoy_pct,4242,-0.0005090547209937891,0.9735587266356956,0.025961086294935227,0.0909039134925583,False,site_price,land_house,0.025961086294935227,,0.1618009095399302,
rtms_fac_med_unit,kiscon_amt_pub,3740,0.008653640694954222,0.5967700266943916,-0.02761117659829717,0.09134716785008125,False,rtms_fac,kiscon,0.02761117659829717,,0.16246987049350245,
round_no,rtms_fac_n,315,0.110971713282174,0.04909055976337758,0.09515936778977416,0.09179099367930167,False,site_price,rtms_fac,0.09515936778977416,0.2198310190100341,0.16313886044772644,0.2251710437633143
rentidx_midlarge,rtms_fac_n_yoy_pct,3791,0.008926144668515056,0.5827157280477512,0.02735640636572738,0.09215777459321708,False,commercial,rtms_fac,0.02735640636572738,,0.16367003446547765,
rtms_fac_med_unit,kiscon_cnt_priv,3740,0.03894169444229578,0.01723725553299429,0.02750234074207446,0.09263162020672618,False,rtms_fac,kiscon,0.02750234074207446,,0.1643904305583285,
apt_idx_yoy_pct,kiscon_cnt_priv,4394,-0.052311561118764685,0.0005224416632318571,-0.025357495281336694,0.09282689284535912,False,land_house,kiscon,0.025357495281336694,,0.16461575552414678,
kiscon_cnt_indiv,kiscon_amt_priv,4732,-0.013771399053001804,0.3435762292255229,0.024385910525521408,0.09348350947968274,True,kiscon,kiscon,0.024385910525521408,,0.16565827782796722,
min_bid_mn,rtms_apt_unit_3m,2873,0.05347509546683784,0.004142662516316209,-0.031065054400120178,0.09595751970036033,False,site_price,rtms_apt,0.031065054400120178,,0.16991743018212227,
house_idx,ah_sale_unit_med,3493,0.023621757720598657,0.16278108265909658,-0.028157959933049117,0.09612942577989923,False,land_house,applyhome,0.028157959933049117,,0.1700968547206734,
vac_midlarge,n_rounds_m,446,-0.0714192502833003,0.13207398143549465,-0.07879010594983615,0.09654078030706997,False,commercial,site_price,0.07879010594983615,0.17079050765941695,0.17069939878212667,0.17709015753210036
rtms_land_unit_3m,rtms_fac_n_yoy_pct,3791,0.002237069283035114,0.8904826100209748,-0.026980416873726248,0.0967197976873669,False,rtms_land,rtms_fac,0.026980416873726248,,0.17089055163237113,
land_area_m2,rtms_nrg_unit_3m,4660,0.010412701089047596,0.47730536304824667,0.02432007049365408,0.09691644486767367,False,site_price,rtms_nrg,0.02432007049365408,,0.17111255101179015,
land_chg_pct,rtms_apt_n_yoy_pct,4732,-0.1070483596159342,1.546641728495503e-13,-0.024096770262636867,0.09743695141500884,False,land_house,rtms_apt,0.024096770262636867,,0.17190560242325864,
rtms_fac_unit_3m,n_rounds_m,405,0.004493102417271608,0.9281736430747477,-0.08237790630553338,0.0978202476904008,False,rtms_fac,site_price,0.08237790630553338,0.058059841837700965,0.17245559395308407,0.06452038060734265
rtms_apt_n_3m,minbid_vs_rtms_all_3m,2850,-0.0016676395984748752,0.9290909706553583,-0.0310083302062385,0.0979115953282999,False,rtms_apt,valuation,0.0310083302062385,,0.17249045668216578,
appr_unit_land_mn_m2,kiscon_amt_priv_yoy_pct,4548,-0.006124957808273871,0.6796428731885463,-0.02451336783489795,0.09834153758612081,False,valuation,kiscon,0.02451336783489795,,0.17312133351537703,
rtms_fac_n,rtms_apt_n_yoy_pct,4732,0.00997517384786819,0.4926983884031838,0.024020082832770635,0.09850761923496464,False,rtms_fac,rtms_apt,0.024020082832770635,,0.17327076053079843,
rtms_nrg_n_3m,kiscon_cnt_priv,4732,-0.006271403007344971,0.6662523165286411,0.024015620153802292,0.0985702127334957,False,rtms_nrg,kiscon,0.024015620153802292,,0.17327076053079843,
apt_idx,ah_sale_unit_med,3493,0.02015626535311736,0.23366838984092017,-0.027940414637565834,0.0987274077879088,False,land_house,applyhome,0.027940414637565834,,0.17342059239712843,
rentidx_office,kiscon_cnt_pub,4636,-0.02431866663982279,0.09780041381744592,0.02423802735508928,0.09891829397246214,False,commercial,kiscon,0.02423802735508928,,0.17362934338939096,
rtms_apt_n,appr_vs_rtms_all_3m,4548,-0.002794654071905939,0.8505498921472162,0.024442224429727138,0.09932212250480213,False,rtms_apt,valuation,0.024442224429727138,,0.17418866326423935,
rtms_apt_unit_3m,rtms_land_n_yoy_pct,4724,-0.025826923863449543,0.07590681813765235,0.02397826467984142,0.09938149875034402,False,rtms_apt,rtms_land,0.02397826467984142,,0.17418866326423935,
min_bid_mn,kiscon_cnt_indiv,2873,-0.0035310450754715917,0.8499489520097459,0.03072588614239211,0.09964213846051574,False,site_price,kiscon,0.03072588614239211,,0.1745185709955254,
capret_office,rtms_apt_med_unit,4635,0.004821824580191201,0.7427701209736516,0.02410157615885493,0.10086985215280357,False,commercial,rtms_apt,0.02410157615885493,,0.176540554602946,
rtms_land_dae_unit_3m,kiscon_amt_pub,4732,-0.014800906105099737,0.3087092258892861,0.023838791448803957,0.10107606468825898,False,rtms_land,kiscon,0.023838791448803957,,0.17677308846059808,
ah_sale_unit_med,kiscon_amt_indiv,3493,-0.0483198870638817,0.004284353498993269,-0.02772414818356407,0.10136535316753482,False,applyhome,kiscon,0.02772414818356407,,0.17715047217821533,
land_chg_cum12_pct,rtms_land_med_unit,4723,0.06488207717696716,8.101518212653686e-06,0.023829039213409148,0.10154108121085037,False,land_house,rtms_land,0.023829039213409148,,0.1773289896508329,
land_chg_pct,capret_midlarge,4732,0.1538170961869031,1.908316103037461e-26,0.02377700070974553,0.10196357316870626,False,land_house,commercial,0.02377700070974553,,0.17793787931685887,
rtms_land_dae_med_unit,unsold_completed,4320,-0.004891708588122764,0.7478885099888667,0.024862956544061694,0.10227146870831,False,rtms_land,unsold,0.024862956544061694,,0.17822683377330872,
rtms_land_n_3m,ah_rate_med,3478,-0.08754971078067404,2.324927312339804e-07,0.02771002773172094,0.10227705855123899,False,rtms_land,applyhome,0.02771002773172094,,0.17822683377330872,
vac_office,rtms_land_dae_unit_3m,4636,-0.0062886041557057935,0.6686013455256626,-0.02399484013088223,0.10235136524951405,False,commercial,rtms_land,0.02399484013088223,,0.17822744960356132,
n_rounds_m,ah_sale_unit_med,349,-0.004187577453603802,0.9378677571265968,0.08755400999925032,0.1024872911910398,False,site_price,applyhome,0.08755400999925032,0.13469874749568178,0.1783352864768274,0.1408214178363946
rentidx_office,kiscon_cnt_indiv,4636,0.06531800635235104,8.549595228619563e-06,0.023903805863955938,0.10366061796026847,False,commercial,kiscon,0.023903805863955938,,0.1802468176654019,
rtms_land_dae_n_3m,n_rounds_m,446,0.02745182503848352,0.5631093731730444,0.07692144380482897,0.10473326097495203,False,rtms_land,site_price,0.07692144380482897,0.049077091965610053,0.18198064812518702,0.05502143693042545
house_idx_yoy_pct,kiscon_amt_priv_yoy_pct,4394,-0.016482595651311147,0.2746795813068706,-0.02445800081563895,0.10501015369124084,False,land_house,kiscon,0.02445800081563895,,0.18233031008349454,
rtms_land_unit_3m,appr_unit_land_mn_m2,4548,0.004639854516962668,0.7544157660179495,0.024021615747525184,0.10527979800411723,False,rtms_land,valuation,0.024021615747525184,,0.1826668921453726,
rtms_fac_n_3m,appr_unit_land_mn_m2,4548,0.011343681357063717,0.4443791697500366,-0.02400377206393793,0.10553867946717961,False,rtms_fac,valuation,0.02400377206393793,,0.18298432914813156,
round_no,minbid_vs_rtms_dae_3m,309,-0.001853461410854432,0.9741140979680842,-0.09220929740912749,0.10571204851149514,False,site_price,valuation,0.09220929740912749,0.03647573566900486,0.1831531537833956,0.041694402669841396
rtms_apt_med_unit,unsold_pct_completed,4041,-0.02765751971691235,0.07875612902870545,0.02542689975656371,0.10606831659453746,False,rtms_apt,unsold,0.02542689975656371,,0.18363839295462306,
rentidx_midlarge,rtms_nrg_n,4732,0.019478811423825654,0.18033917074396194,0.02339155230570983,0.10764061576452404,False,commercial,rtms_nrg,0.02339155230570983,,0.1861699141439426,
min_bid_mn,excess_pp_med,405,0.04967038265608675,0.31870472100442127,0.08005534753405169,0.10768500428077013,False,site_price,excess,0.08005534753405169,0.22449420298782208,0.1861699141439426,0.22963760116948378
discount_ratio,yield_office,2809,0.004852978834451372,0.797105505569508,-0.030345173051825207,0.10784643449730945,False,site_price,commercial,0.030345173051825207,,0.1863153456190077,
vac_midlarge,rtms_land_n_3m,4732,-0.04123566705924214,0.004553397029625745,-0.023341056608225736,0.10840252380859286,False,commercial,rtms_land,0.023341056608225736,,0.18714189282142463,
minbid_unit_land_mn_m2,kiscon_cnt_indiv,2850,-0.002685142995986739,0.8860652729560012,0.029954025346762222,0.10987292129167894,False,valuation,kiscon,0.029954025346762222,,0.18954455283675464,
bldg_area_m2,land_chg_cum12_pct,1314,-0.028508157383303735,0.301780592085974,-0.044079041666284555,0.11024724069216696,False,site_price,land_house,0.044079041666284555,,0.18998398234399258,
minbid_vs_rtms_all_3m,kiscon_cnt_pub,2850,0.025538109239167463,0.17288687583146753,0.029919332813563182,0.11028530759304798,False,valuation,kiscon,0.029919332813563182,,0.18998398234399258,
rtms_nrg_med_unit,ah_under_ratio,3810,0.03163884742213618,0.050847788074386724,0.025804759444358127,0.1112619882638931,False,rtms_nrg,applyhome,0.025804759444358127,,0.19146070998746173,
appr_unit_land_mn_m2,kiscon_cnt_indiv,4548,0.010318026038891846,0.4866397954504225,-0.023610911592568697,0.11136735377923217,False,valuation,kiscon,0.023610911592568697,,0.19146070998746173,
appraisal_mn,unsold_total,4237,0.0007803279674516205,0.9595021685212227,0.024461419505764356,0.11138087776034082,False,site_price,unsold,0.024461419505764356,,0.19146070998746173,
rtms_apt_n,unsold_completed,4377,0.011610797050586655,0.44250855002013384,0.024050435439866465,0.11162623533678918,False,rtms_apt,unsold,0.024050435439866465,,0.1917457071715338,
land_chg_pct,minbid_unit_land_mn_m2,2850,0.007390831187768582,0.6932896471319152,0.029743585956415148,0.112393198254719,False,land_house,valuation,0.029743585956415148,,0.19278894719652034,
excess_pp_med,kiscon_cnt_pub,446,0.059616438750428054,0.20889594327406366,0.07527608059443557,0.11239364048229503,False,excess,kiscon,0.07527608059443557,0.12297134014056366,0.19278894719652034,0.1290943944214216
n_rounds_m,ah_n_pblanc,382,0.010906438842667914,0.8317387208458081,-0.0813387732738736,0.11247355176693262,False,site_price,applyhome,0.0813387732738736,0.16500566753291346,0.19278894719652034,0.17179602422151072
rtms_apt_n,minbid_unit_land_mn_m2,2850,0.011515527041820342,0.538877307504902,-0.029665987175153393,0.11333395709174035,False,rtms_apt,valuation,0.029665987175153393,,0.19412568343361353,
rtms_apt_unit_3m,minbid_unit_land_mn_m2,2850,0.01535516690253119,0.41254095864400764,-0.029645729867562448,0.11358056170473789,False,rtms_apt,valuation,0.029645729867562448,,0.19440991030427435,
apt_idx_yoy_pct,kiscon_cnt_all,4394,0.0005220471778998054,0.9724025048381743,0.023860111842758193,0.11378742879913857,False,land_house,kiscon,0.023860111842758193,,0.19462576536971182,
rtms_land_dae_unit_3m,unsold_pct_completed,4041,0.003527497520849132,0.8226247763014057,0.024829596427940817,0.11453250459172189,False,rtms_land,unsold,0.024829596427940817,,0.19576123125251754,
house_idx,rtms_fac_unit_3m,4363,0.03674710690184511,0.015208263653252658,-0.023880813632286033,0.11475583470028994,False,land_house,rtms_fac,0.023880813632286033,,0.1960039416213315,
rentidx_midlarge,rtms_land_dae_med_unit,4666,0.02912151445425256,0.04668741562072357,0.023067269346956142,0.11514814303766878,False,commercial,rtms_land,0.023067269346956142,,0.19653472005721087,
rtms_land_unit_3m,kiscon_amt_pub,4732,0.005654361128058294,0.6973788138400137,0.02287435565679598,0.11564788881598294,False,rtms_land,kiscon,0.02287435565679598,,0.1970869541007813,
rtms_land_dae_unit_3m,rtms_fac_unit_3m,4363,-0.1440958601177703,1.1199022209845486e-21,0.023818816405068444,0.11570102683243363,False,rtms_land,rtms_fac,0.023818816405068444,,0.1970869541007813,
discount_ratio,rtms_land_dae_unit_3m,2853,-0.019197723324193484,0.3053337752996595,0.029456157109630978,0.1157170290674712,False,site_price,rtms_land,0.029456157109630978,,0.1970869541007813,
land_area_m2,yield_office,4566,-0.03504948088184408,0.017862834760053056,-0.02324899963359574,0.11623658597351363,False,site_price,commercial,0.02324899963359574,,0.19783204251141798,
land_chg_cum12_pct,n_rounds_m,446,0.05567641861209657,0.24062545226922394,0.07439907363587331,0.11665297512598886,False,land_house,site_price,0.07439907363587331,0.13101744058881803,0.19840061401103257,0.1371617067681557
house_idx,kiscon_amt_indiv,4732,-0.03528144311300051,0.015219706123236466,0.022742802237522303,0.11775751758943008,False,land_house,kiscon,0.022742802237522303,,0.20013795302575915,
house_idx_yoy_pct,kiscon_cnt_all,4394,-0.00491967755933819,0.7444083887600785,0.023561411024062735,0.11838375075367077,False,land_house,kiscon,0.023561411024062735,,0.20101893400468424,
rtms_land_unit_3m,minbid_unit_land_mn_m2,2850,0.022428140630324264,0.23132200543083847,0.029253220301918105,0.11844269140524963,False,rtms_land,valuation,0.029253220301918105,,0.20101893400468424,
discount_ratio,kiscon_amt_all,2853,-0.019121009659875406,0.3072708031386239,-0.029170212042246874,0.11929696889353089,False,site_price,kiscon,0.029170212042246874,,0.20232631599817694,
land_chg_pct,unsold_completed,4377,-0.02164850014986147,0.15214391416970305,-0.023469669663893262,0.12054314559338018,False,land_house,unsold,0.023469669663893262,,0.20429604843885107,
minbid_vs_rtms_dae_3m,n_rounds_m,403,-0.02487460234979179,0.6185685390236287,0.07741527462326386,0.12075729678705917,False,valuation,site_price,0.07741527462326386,0.08814348161871743,0.20451516883823795,0.09516486849019422
appraisal_mn,rtms_nrg_n,4576,0.00994449806559674,0.5012401528770127,0.022930552495397875,0.12091523521077326,False,site_price,rtms_nrg,0.022930552495397875,,0.20463884610812047,
land_area_m2,discount_ratio,2829,-0.03453770360558414,0.06624837901606856,-0.02913594896669468,0.12130074904702429,True,site_price,site_price,0.02913594896669468,,0.20514723172163404,
rtms_fac_unit_3m,minbid_vs_rtms_dae_3m,2600,-0.0034564704621657134,0.860166770045803,-0.03031141844263136,0.12229863468592508,False,rtms_fac,valuation,0.03031141844263136,,0.206664653509962,
appr_unit_land_mn_m2,kiscon_amt_pub,4548,-0.0004540563297804898,0.9755784725854082,0.022911507092888448,0.1223694857090107,False,valuation,kiscon,0.022911507092888448,,0.206664653509962,
land_chg_pct,appr_vs_rtms_dae_3m,4548,0.012580831686387175,0.39630582308939827,-0.022862551290805243,0.12317031810060884,False,land_house,valuation,0.022862551290805243,,0.20787147522581745,
rtms_land_dae_med_unit,rtms_apt_n_yoy_pct,4666,-0.05141550177578014,0.0004422786965396863,-0.02255343797953658,0.1234711114106291,False,rtms_land,rtms_apt,0.02255343797953658,,0.2082332949612429,
land_area_m2,kiscon_cnt_pub,4662,-0.024407870870506602,0.09564522815980027,-0.022553868572028728,0.12362499255169175,False,site_price,kiscon,0.022553868572028728,,0.2083470154192847,
rtms_land_unit_3m,rtms_nrg_med_unit,4711,-0.013662653675375497,0.3484732980054865,-0.02241390926379657,0.12399915911154687,False,rtms_land,rtms_nrg,0.02241390926379657,,0.20874726537952773,
appraisal_mn,house_idx,4576,0.008193316336407696,0.5795076120657577,0.022738714841778033,0.12405720979481821,False,site_price,land_house,0.022738714841778033,,0.20874726537952773,
vac_office,appr_vs_rtms_dae_3m,4453,-0.03775692015816621,0.011744133209008906,0.023046719702847926,0.12412233663438309,False,commercial,valuation,0.023046719702847926,,0.20874726537952773,
rentidx_midlarge,rtms_land_n_yoy_pct,4724,-0.00856109468228409,0.5563505740315046,-0.022354975049210052,0.12447138553745897,False,commercial,rtms_land,0.022354975049210052,,0.20918831181678949,
excess_pp_med,kiscon_amt_priv_yoy_pct,446,-0.062063125356921725,0.190779532348484,-0.07274713622402279,0.12501795797576032,False,excess,kiscon,0.07274713622402279,0.12893683427399782,0.20996047297671244,0.13516996852757507
rtms_land_unit_3m,ah_n_pblanc,3877,0.027164474756198542,0.09080283386478266,0.024612837335534297,0.1254558137887991,False,rtms_land,applyhome,0.024612837335534297,,0.2105491025285556,
rtms_nrg_n_yoy_pct,minbid_unit_land_mn_m2,2842,-0.005307884108865114,0.7772971923978584,-0.028738255277506494,0.12559880826597178,False,rtms_nrg,valuation,0.028738255277506494,,0.2106423993883034,
rtms_apt_n,ah_supply_sum,3877,0.007751021741980065,0.629469738890018,-0.02456855396470345,0.1261374826719341,False,rtms_apt,applyhome,0.02456855396470345,,0.2113987018354389,
land_chg_cum12_pct,rtms_fac_n_yoy_pct,3791,0.006320784255492915,0.6972368183917482,-0.024839160146906125,0.1262381946422318,False,land_house,rtms_fac,0.024839160146906125,,0.21142046496718458,
rtms_nrg_med_unit,ah_supply_sum,3862,0.009061253607058927,0.5734751971650455,0.024598773017819278,0.12640656900963776,False,rtms_nrg,applyhome,0.024598773017819278,,0.2115554384119632,
rtms_apt_unit_3m,unsold_total,4377,0.02067529310513385,0.17143414507767665,-0.023095937120418287,0.1265698697918377,False,rtms_apt,unsold,0.023095937120418287,,0.21168173920772304,
bldg_area_m2,apt_idx_yoy_pct,1272,-0.007967191041557183,0.7765055016750313,-0.042629463281756326,0.12861644837968478,False,site_price,land_house,0.042629463281756326,,0.21491037028477253,
rtms_land_n_yoy_pct,minbid_unit_land_mn_m2,2845,0.001454909432031786,0.9381711530221725,0.028491450551276498,0.12867869888835134,False,rtms_land,valuation,0.028491450551276498,,0.21491037028477253,
rtms_land_med_unit,kiscon_cnt_pub,4723,0.012303231500466142,0.3979229736183456,0.022096505264432152,0.12892731335841534,False,rtms_land,kiscon,0.022096505264432152,,0.21503486510154637,
rtms_land_n,ah_sale_unit_med,3493,-0.014255749381691423,0.3996318356535248,0.025695088428800264,0.12893169297582344,False,rtms_land,applyhome,0.025695088428800264,,0.21503486510154637,
minbid_vs_rtms_all_3m,ah_n_pblanc,2393,-0.006859179065983063,0.7373474998263224,-0.03100803354451993,0.12941006232908603,False,valuation,applyhome,0.03100803354451993,,0.21568343721514338,
yield_office,kiscon_cnt_pub,4636,0.010017002161256868,0.4953195044532104,-0.022238629272473703,0.13003429881631284,False,commercial,kiscon,0.022238629272473703,,0.21657405677077676,
rtms_fac_n_yoy_pct,ah_under_ratio,3023,-0.025751095020927532,0.1569245556125449,-0.02748661996914395,0.13080763960534578,False,rtms_fac,applyhome,0.02748661996914395,,0.21771161011663215,
appraisal_mn,rtms_apt_n_3m,4576,-0.015849793327636228,0.2837417180309002,-0.022317402155067743,0.13118085936107732,False,site_price,rtms_apt,0.022317402155067743,,0.21815304572507618,
rtms_land_unit_3m,rtms_fac_n_3m,4732,0.007164275039758219,0.622222271036683,-0.02194218544891815,0.13125390717898774,False,rtms_land,rtms_fac,0.02194218544891815,,0.21815304572507618,
land_chg_pct,rtms_land_med_unit,4723,0.08208268940835944,1.612910642129884e-08,0.0219242473499096,0.13193730187164301,False,land_house,rtms_land,0.0219242473499096,,0.21913776534159868,
apt_idx_yoy_pct,appr_unit_land_mn_m2,4214,-0.039004747582301755,0.01133433616710577,0.02318726886169662,0.13233308365807706,False,land_house,valuation,0.02318726886169662,,0.21964375455645022,
unsold_total,kiscon_cnt_priv_yoy_pct,4377,-0.06898568375365109,4.920337674188004e-06,-0.022745272838397244,0.13243542337029698,False,unsold,kiscon,0.022745272838397244,,0.2196623333258195,
rtms_apt_unit_3m,rtms_nrg_n_yoy_pct,4716,0.0038363214294993,0.7922551105734418,0.021897972526691442,0.13268847547111523,False,rtms_apt,rtms_nrg,0.021897972526691442,,0.21993069180563118,
rtms_apt_n_3m,kiscon_amt_pub,4732,-0.06952786172943323,1.6902359633792692e-06,-0.02182905333850788,0.13325405166589324,False,rtms_apt,kiscon,0.02182905333850788,,0.22071633299986443,
land_area_m2,unsold_pct_completed,3983,0.0022354912442122967,0.8878383344336116,0.023777260041187017,0.13352426538706688,False,site_price,unsold,0.023777260041187017,,0.22101200520798847,
yield_midlarge,rtms_land_unit_3m,4732,0.06292286467246896,1.4804075476902998e-05,0.02178595488099929,0.1340221942277293,False,commercial,rtms_land,0.02178595488099929,,0.22168393142678627,
yield_office,kiscon_amt_priv,4636,-0.06915950997286932,2.43713983566065e-06,-0.02199670072044247,0.13426513737929244,False,commercial,kiscon,0.02199670072044247,,0.2219334575336727,
discount_ratio,rtms_apt_n,2853,-0.012962461228132882,0.48887714144961686,-0.028023705543744722,0.13452819746506106,False,site_price,rtms_apt,0.028023705543744722,,0.2222158710697719,
appraisal_mn,rtms_apt_n,4576,-0.007456298218856194,0.6140793922995594,-0.02204659183921574,0.1359245904721474,False,site_price,rtms_apt,0.02204659183921574,,0.22436867331361318,
rtms_land_unit_3m,rtms_apt_n_yoy_pct,4732,0.09854828550314933,1.0918597990947046e-11,-0.02156640798575869,0.13798842261769553,False,rtms_land,rtms_apt,0.02156640798575869,,0.22758870779483897,
house_idx_yoy_pct,kiscon_cnt_priv,4394,-0.056422207026270085,0.00018256878941960857,-0.022373554358610444,0.13811556706696024,False,land_house,kiscon,0.022373554358610444,,0.22758870779483897,
rtms_nrg_med_unit,unsold_completed,4356,0.06362085104581441,2.6453413809575953e-05,0.022468508411334742,0.13815862220076738,False,rtms_nrg,unsold,0.022468508411334742,,0.22758870779483897,
land_area_m2,ah_n_pblanc,3811,0.025587145674218395,0.11426284952379631,0.02398391246477126,0.13878434378050505,False,site_price,applyhome,0.02398391246477126,,0.2284632981632631,
capret_midlarge,appr_vs_rtms_dae_3m,4548,0.01602286599455633,0.2799925150496126,-0.021861924540016307,0.14045084864556295,False,commercial,valuation,0.021861924540016307,,0.23104883633843465,
rtms_apt_n_yoy_pct,appr_unit_land_mn_m2,4548,0.02407313858278681,0.10453511606887386,0.021851190550130864,0.14064584017051537,False,rtms_apt,valuation,0.021851190550130864,,0.23121178363638614,
min_bid_mn,rtms_land_dae_unit_3m,2873,0.12273615913351438,4.089150944198632e-11,0.02742653946166667,0.1416404576415978,False,site_price,rtms_land,0.02742653946166667,,0.23268814104720567,
appraisal_mn,rtms_land_dae_n,4576,-0.010860310171775408,0.46265685894601327,-0.021691139147273737,0.1423506167488504,False,site_price,rtms_land,0.021691139147273737,,0.23369549479886206,
land_area_m2,kiscon_amt_indiv,4662,0.01117885286556599,0.44540479232341457,0.021480529228298167,0.14252804589907864,False,site_price,kiscon,0.021480529228298167,,0.23382749531434954,
rtms_land_dae_unit_3m,kiscon_cnt_pub,4732,0.01284733233853964,0.3769310877071887,0.02126436720631488,0.14359197197344295,False,rtms_land,kiscon,0.02126436720631488,,0.23541268874557653,
minbid_vs_rtms_dae_3m,kiscon_cnt_priv,2850,0.036879580298371566,0.048994813541217916,0.027386052299805397,0.14383772700211742,False,valuation,kiscon,0.027386052299805397,,0.23564556644805798,
rentidx_office,rtms_nrg_n,4636,0.028495189489335764,0.0523728526537695,-0.021465381648856398,0.14392957419566033,False,commercial,rtms_nrg,0.021465381648856398,,0.23564556644805798,
appr_vs_rtms_dae_3m,kiscon_cnt_priv,4548,0.029670758800992642,0.04540827220359766,0.0215951605604899,0.14535875746105126,False,valuation,kiscon,0.0215951605604899,,0.23782390053030109,
rtms_fac_n_3m,rtms_land_n_yoy_pct,4724,0.05736820465585324,7.973322619856937e-05,-0.0211787643801719,0.1455521068333879,False,rtms_fac,rtms_land,0.0211787643801719,,0.23797868213600054,
land_area_m2,rtms_land_med_unit,4653,-0.001320328228609021,0.9282560154841866,-0.02131726366718519,0.14597765793494188,False,site_price,rtms_land,0.02131726366718519,,0.23851264788014231,
vac_office,rtms_nrg_n_3m,4636,-0.021090040785124414,0.15107209753223014,0.02128925917058957,0.14724817503994034,False,commercial,rtms_nrg,0.02128925917058957,,0.24042554325627113,
apt_idx_yoy_pct,rentidx_office,4394,0.13300830669135588,8.473358202922939e-19,-0.021822768903792738,0.14808408471945256,False,land_house,commercial,0.021822768903792738,,0.24162670560181493,
capret_office,rtms_apt_n,4636,-0.04847345118968176,0.0009616257933261957,-0.021135928472419182,0.15018466380501816,False,commercial,rtms_apt,0.021135928472419182,,0.24488838956027995,
ah_n_pblanc,kiscon_amt_priv_yoy_pct,3877,-0.005792823518410756,0.7184133549007001,-0.023099062685558294,0.15043287865835725,False,applyhome,kiscon,0.023099062685558294,,0.24512727354066324,
rtms_land_dae_med_unit,kiscon_cnt_indiv,4666,0.04624189190676901,0.0015801799884123597,0.02103987210400128,0.15072702700395774,False,rtms_land,kiscon,0.02103987210400128,,0.24544063181049874,
rtms_nrg_n,excess_pp_med,446,-0.07211583131131113,0.1283351297540443,-0.06802775836735249,0.1514898425443786,False,rtms_nrg,excess,0.06802775836735249,0.1938621122268167,0.24636693107458807,0.19992030323390472
rtms_nrg_unit_3m,ah_n_pblanc,3876,-0.0038974542606422394,0.808339661699287,0.02304178182238858,0.15150032856951848,False,rtms_nrg,applyhome,0.02304178182238858,,0.24636693107458807,
rtms_nrg_med_unit,rtms_apt_n_yoy_pct,4711,0.0033802701515631573,0.8165770302651133,0.020884482117087384,0.1517954433769705,False,rtms_nrg,rtms_apt,0.020884482117087384,,0.2466803901136203,
yield_midlarge,minbid_vs_rtms_all_3m,2850,0.010093265301177008,0.5901558081809256,-0.026794219690171043,0.15270291937276187,False,commercial,valuation,0.026794219690171043,,0.24798789466870355,
appraisal_mn,rtms_apt_med_unit,4575,0.0070648897800270356,0.6328383532228123,0.021047371988385397,0.154624144120974,False,site_price,rtms_apt,0.021047371988385397,,0.25093884668791067,
min_bid_mn,kiscon_amt_all,2873,-0.0062485215270079025,0.7377905928192023,-0.026482480331914453,0.15586928599742889,False,site_price,kiscon,0.026482480331914453,,0.25269236267527967,
bldg_area_m2,rtms_fac_n_3m,1314,0.013058827848561544,0.6362553407443522,-0.039166564717386686,0.15591433331873064,False,site_price,rtms_fac,0.039166564717386686,,0.25269236267527967,
unsold_total,minbid_unit_land_mn_m2,2640,-0.019857106913854707,0.30777874122484156,0.027522054595940263,0.15744799625793182,False,unsold,valuation,0.027522054595940263,,0.25500649931560193,
minbid_vs_rtms_dae_3m,kiscon_amt_pub,2850,-0.014663835786214092,0.43390124456320744,-0.026446537097514305,0.15810129245070642,False,valuation,kiscon,0.026446537097514305,,0.2558926224353274,
land_chg_cum12_pct,rtms_land_dae_med_unit,4666,0.028362755726706233,0.05271145597211433,0.020657831571592098,0.15828288480636654,False,land_house,rtms_land,0.020657831571592098,,0.2559980155964396,
bldg_area_m2,kiscon_cnt_priv,1314,0.01779333405890313,0.5192965135918046,0.03893480833125639,0.1583788552922371,False,site_price,kiscon,0.03893480833125639,,0.2559980155964396,
yield_office,rtms_nrg_n_yoy_pct,4620,0.04959426114910573,0.0007459365997356879,0.02074174281493193,0.1586582806110535,False,commercial,rtms_nrg,0.02074174281493193,,0.25627778570552207,
rtms_land_n_yoy_pct,rtms_nrg_n_yoy_pct,4708,0.017635270349811806,0.22635008288268638,0.020474117978192596,0.1601393432503549,False,rtms_land,rtms_nrg,0.020474117978192596,,0.25849686351865725,
unsold_completed,kiscon_amt_pub,4377,-0.015422258726139487,0.30768629893140054,0.021213426255618735,0.16055304301565437,False,unsold,kiscon,0.021213426255618735,,0.25899118719392705,
discount_ratio,capret_office,2809,-0.010676242875812671,0.5716622323018363,-0.026472094231786217,0.1607235267959015,False,site_price,commercial,0.026472094231786217,,0.2590927756375402,
house_idx,rtms_fac_n,4732,0.020863219895393744,0.1513018624470898,0.02036749450829511,0.16126024697575492,False,land_house,rtms_fac,0.02036749450829511,,0.25978422139810786,
rtms_apt_unit_3m,kiscon_cnt_all,4732,-0.04508073694256619,0.001923215370259217,-0.02036217512080582,0.16136972648543754,False,rtms_apt,kiscon,0.02036217512080582,,0.25978693442211387,
land_area_m2,land_chg_cum12_pct,4662,-0.01720791013577019,0.24011153949652678,0.020504451742824812,0.16157564286632312,False,site_price,land_house,0.020504451742824812,,0.2599447925953529,
rtms_nrg_med_unit,rtms_land_n_yoy_pct,4703,0.008111119722997776,0.5781362893203061,0.020390337501591065,0.16207979396547295,False,rtms_nrg,rtms_land,0.020390337501591065,,0.26058192358691784,
unsold_completed,ah_sale_unit_med,3254,0.010719406045583085,0.5410283028045657,0.02445248393749481,0.16315573785125836,False,unsold,applyhome,0.02445248393749481,,0.26212674191021534,
rtms_land_dae_unit_3m,rtms_apt_n_yoy_pct,4732,0.01728879026050938,0.23441507729292754,0.020269276055887707,0.1632907610734162,False,rtms_land,rtms_apt,0.020269276055887707,,0.26212674191021534,
rtms_fac_n_yoy_pct,minbid_vs_rtms_all_3m,2231,-0.00808536799693541,0.7026897326437218,0.029519628362110754,0.16336695699134585,False,rtms_fac,valuation,0.029519628362110754,,0.26212674191021534,
rtms_fac_n_3m,ah_n_pblanc,3877,0.022477242027965652,0.16172797561062677,0.022363041309849032,0.16387020648880518,False,rtms_fac,applyhome,0.022363041309849032,,0.26275927986561576,
min_bid_mn,rtms_land_n_3m,2873,0.01952290803657311,0.2955243446193798,0.025966293292077617,0.16409448756884465,False,site_price,rtms_land,0.025966293292077617,,0.26294395946869387,
bldg_area_m2,kiscon_cnt_pub,1314,-0.021161600166892797,0.44341124546657357,-0.038382583327414496,0.16436987763602975,False,site_price,kiscon,0.038382583327414496,,0.2632102359487254,
rtms_apt_med_unit,ah_sale_unit_med,3493,0.0386569768251795,0.022328917719872464,0.023425721074563678,0.16629962076256144,False,rtms_apt,applyhome,0.023425721074563678,,0.26612356310609103,
rtms_land_n_yoy_pct,minbid_vs_rtms_dae_3m,2845,0.003913638449889163,0.8347161429098698,0.0259430319967764,0.16654586523716797,False,rtms_land,valuation,0.0259430319967764,,0.2663407665703881,
land_chg_cum12_pct,rtms_fac_n_3m,4732,0.03833376697310889,0.00835850079606688,-0.020063428869685103,0.16760875656255358,False,land_house,rtms_fac,0.020063428869685103,,0.26786280060726403,
yield_midlarge,rtms_fac_med_unit,3740,-0.008880088916120165,0.5872015502151854,0.02255646781377935,0.1678431787925108,False,commercial,rtms_fac,0.02255646781377935,,0.2680596824983108,
capret_office,kiscon_cnt_pub,4636,-0.01052153256821792,0.47385636595116265,-0.02024250026771883,0.16818955526543455,False,commercial,kiscon,0.02024250026771883,,0.2684349855560909,
rtms_apt_med_unit,appr_vs_rtms_dae_3m,4547,0.013941552443103238,0.34727590992729657,-0.020414481791162658,0.168715472206473,False,rtms_apt,valuation,0.020414481791162658,,0.2690961535523494,
rtms_land_unit_3m,rtms_nrg_unit_3m,4730,-0.03187426099882463,0.028370141166851357,-0.01984734603917559,0.17232384780122084,False,rtms_land,rtms_nrg,0.01984734603917559,,0.27463061650239823,
house_idx,minbid_vs_rtms_dae_3m,2850,0.004119951713010588,0.8259882266279152,0.025566281698666794,0.17241332894943093,False,land_house,valuation,0.025566281698666794,,0.27463061650239823,
rtms_apt_n_yoy_pct,unsold_completed,4377,-0.0038748745076328276,0.7977306440858098,0.02060272014203072,0.1729428349487724,False,rtms_apt,unsold,0.02060272014203072,,0.27529209526191645,
appraisal_mn,apt_idx,4576,0.007607768321370667,0.6069003680301884,0.020130463207724266,0.17335130641115792,False,site_price,land_house,0.020130463207724266,,0.2757601639939872,
rtms_land_n_3m,rtms_nrg_med_unit,4711,0.0037170132705756746,0.7986792323249561,0.019830676062969083,0.1735499486781938,False,rtms_land,rtms_nrg,0.019830676062969083,,0.2758940477008226,
bldg_area_m2,ah_under_ratio,1089,-0.02074034276091092,0.4941527375579708,-0.04124406396145485,0.17380785703612317,False,site_price,applyhome,0.04124406396145485,,0.27612190867307634,
capret_office,rtms_fac_unit_3m,4267,0.025528139378046065,0.09544694642841257,0.02081083207716501,0.17409594038051374,False,commercial,rtms_fac,0.02081083207716501,,0.27639737570292366,
appraisal_mn,kiscon_cnt_all,4576,-0.012686078132510662,0.39091219564609375,-0.02005767352096502,0.1749115427327812,False,site_price,kiscon,0.02005767352096502,,0.27732824468472994,
appraisal_mn,unsold_pct_completed,3917,-0.006525406139446342,0.6830734933251075,0.021676392321941285,0.17498345615825792,False,site_price,unsold,0.021676392321941285,,0.27732824468472994,
rtms_apt_unit_3m,minbid_vs_rtms_dae_3m,2850,0.001539097136145255,0.9345438884225463,-0.025411473065891362,0.17502749384459512,False,rtms_apt,valuation,0.025411473065891362,,0.27732824468472994,
bldg_area_m2,rtms_fac_med_unit,1020,-0.017629485987200745,0.5738476430133338,-0.042440751030324395,0.1756097141956906,False,site_price,rtms_fac,0.042440751030324395,,0.278067944291468,
rtms_land_dae_unit_3m,rtms_nrg_n,4732,0.025281469980252574,0.08204901136099098,0.019655224263988205,0.1764242348746847,False,rtms_land,rtms_nrg,0.019655224263988205,,0.2791742652974328,
land_area_m2,rtms_apt_n,4662,-0.0003528415886030192,0.9807846846604742,-0.01976005365941123,0.17734870873439748,False,site_price,rtms_apt,0.01976005365941123,,0.28044618394044263,
rtms_apt_n,unsold_total,4377,-0.019921577541652198,0.18758937203224438,-0.020388183513320512,0.1774607595473755,False,rtms_apt,unsold,0.020388183513320512,,0.28044618394044263,
rtms_nrg_n_3m,rtms_apt_unit_3m,4732,0.0017079348076942077,0.9064978489594312,0.019595818092454018,0.1777354355382226,False,rtms_nrg,rtms_apt,0.019595818092454018,,0.280696198982383,
vac_midlarge,rtms_apt_n_yoy_pct,4732,0.021746416177616145,0.1347298984626087,0.01938116797744843,0.182533613944703,False,commercial,rtms_apt,0.01938116797744843,,0.28808514054141077,
house_idx_yoy_pct,rtms_land_dae_med_unit,4328,-0.0003089298661450874,0.9837898046738869,0.020232231654573555,0.18326127391767658,False,land_house,rtms_land,0.020232231654573555,,0.2890442867418852,
house_idx_yoy_pct,capret_office,4394,0.08105238532483496,7.44591048870251e-08,0.02006934386118987,0.18348626905553722,False,land_house,commercial,0.02006934386118987,,0.2892098812451568,
minbid_vs_rtms_dae_3m,ah_supply_sum,2393,0.012229910721404162,0.549855806851447,-0.027168191285370756,0.18398903653024248,False,valuation,applyhome,0.027168191285370756,,0.28981279610319244,
rtms_apt_unit_3m,ah_under_ratio,3825,-0.012319009685958292,0.4462578499618597,-0.02142314038868288,0.1852816169875298,False,rtms_apt,applyhome,0.02142314038868288,,0.2916282998540952,
rtms_land_n_yoy_pct,kiscon_amt_priv_yoy_pct,4724,0.008402279163343188,0.5636980151033602,0.019271947586401463,0.1853836329362962,False,rtms_land,kiscon,0.019271947586401463,,0.2916282998540952,
minbid_unit_land_mn_m2,appr_vs_rtms_all_3m,2845,0.8281520819600373,0.0,0.024745074824105425,0.18700595120190852,True,valuation,valuation,0.024745074824105425,,0.2939884816677101,
discount_ratio,land_chg_pct,2853,-0.009385584894088125,0.6162950381741336,0.024572553972862857,0.18947674941227496,False,site_price,land_house,0.024572553972862857,,0.29767859588238765,
apt_idx,kiscon_amt_indiv,4732,-0.03643508683562223,0.012192523162486774,0.019062347665053242,0.18983658145957452,False,land_house,kiscon,0.019062347665053242,,0.2979719512057601,
minbid_vs_rtms_dae_3m,excess_pp_med,403,0.021888022750418845,0.6613234867277483,0.065425851375201,0.18994567984467609,False,valuation,excess,0.065425851375201,0.21205695582900974,0.2979719512057601,0.21750166145164648
rtms_apt_unit_3m,unsold_pct_completed,4041,0.02244075070538821,0.15379007202476772,0.020619271249684327,0.19003439377728348,False,rtms_apt,unsold,0.020619271249684327,,0.2979719512057601,
yield_office,minbid_vs_rtms_all_3m,2806,-0.0025118990652892624,0.8941930142734771,-0.024738269084580294,0.19018077311009285,False,commercial,valuation,0.024738269084580294,,0.29800758335196603,
capret_office,rtms_land_dae_unit_3m,4636,-0.04910485264422096,0.0008240845178516598,0.01923717307248181,0.19033388559750977,False,commercial,rtms_land,0.01923717307248181,,0.29802453272879353,
land_area_m2,land_chg_pct,4662,-0.020965805704492753,0.1523458783011797,-0.019178892612921522,0.19043891303001742,False,site_price,land_house,0.019178892612921522,,0.29802453272879353,
unsold_total,appr_unit_land_mn_m2,4212,-0.014486866030268032,0.34723461652538673,0.02016280176666602,0.19076856711773618,False,unsold,valuation,0.02016280176666602,,0.2983466883541494,
rtms_land_dae_n,rtms_fac_unit_3m,4363,-0.10481463478575247,3.908191530549105e-12,0.019804228288270397,0.19091323435334911,False,rtms_land,rtms_fac,0.019804228288270397,,0.2983793092033537,
rtms_fac_unit_3m,kiscon_cnt_priv,4363,-0.005901029295930436,0.696778773408611,0.019788680265952176,0.1912618606407548,False,rtms_fac,kiscon,0.019788680265952176,,0.2987304498666358,
rtms_land_n_3m,appr_vs_rtms_all_3m,4548,0.027650092117383052,0.06224666527096973,0.019362503137940072,0.19170610732850465,False,rtms_land,valuation,0.019362503137940072,,0.2991993367110976,
rtms_land_n,rtms_apt_med_unit,4731,0.06917536321504202,1.912221359597821e-06,-0.018979742480690377,0.19181036316126382,False,rtms_land,rtms_apt,0.018979742480690377,,0.2991993367110976,
ah_under_ratio,kiscon_cnt_indiv,3825,-0.0015120967496128777,0.9255162744976521,-0.021045622575948292,0.19314943503047566,False,applyhome,kiscon,0.021045622575948292,,0.30109323313288894,
rtms_land_unit_3m,kiscon_cnt_priv,4732,-0.034910094081868986,0.01632592778921456,0.018902926123636525,0.19356803449897556,False,rtms_land,kiscon,0.018902926123636525,,0.3015507195491474,
rtms_nrg_n_yoy_pct,ah_sale_unit_med,3481,0.007166015415088738,0.6725517439012767,0.02201228112481201,0.1941446104324891,False,rtms_nrg,applyhome,0.02201228112481201,,0.30207509624785317,
rtms_apt_n,excess_pp_med,446,-0.03626110054965451,0.44493282710339643,-0.06159474289169173,0.19415532119830894,False,rtms_apt,excess,0.06159474289169173,0.22674878244908858,0.30207509624785317,0.23163166336320085
rtms_land_med_unit,rtms_apt_n,4723,0.03874227020323239,0.007748838982533558,-0.01884583614104966,0.19534264137625207,False,rtms_land,rtms_apt,0.01884583614104966,,0.3037263004624306,
rtms_nrg_n_yoy_pct,minbid_vs_rtms_all_3m,2842,0.0002323383487929506,0.9901219593019137,-0.024284851833170504,0.19557674137815592,False,rtms_nrg,valuation,0.024284851833170504,,0.30389422741544536,
n_rounds_m,kiscon_amt_priv,446,-0.08210591225430064,0.08326814358499636,0.06133524197212575,0.19604433825822,False,site_price,kiscon,0.06133524197212575,0.2800420559004624,0.30440092129844454,0.2826488303569826
n_rounds_m,kiscon_amt_pub,446,-0.12403092404207064,0.008737575610616213,-0.06132003536286424,0.19615544845497276,False,site_price,kiscon,0.06132003536286424,0.16552886460533323,0.30440092129844454,0.1721046688156821
rtms_fac_n_3m,kiscon_amt_indiv,4732,0.015421751104957762,0.2888545037722432,0.018784728454796513,0.19636915518830458,False,rtms_fac,kiscon,0.018784728454796513,,0.30443685204064636,
rtms_land_dae_n,minbid_vs_rtms_dae_3m,2850,0.011424227071425125,0.5421008538587088,-0.024204443144059545,0.1964312468561017,False,rtms_land,valuation,0.024204443144059545,,0.30443685204064636,
rentidx_office,rtms_land_dae_unit_3m,4636,-0.0361714019571044,0.013778503857500754,0.0189543955885727,0.1969332752565458,False,commercial,rtms_land,0.0189543955885727,,0.3050187618048042,
land_area_m2,kiscon_amt_priv,4662,0.012645601325395918,0.38801104023222627,0.018877723128500598,0.19749606437359582,False,site_price,kiscon,0.018877723128500598,,0.30569397247293895,
land_chg_pct,appr_vs_rtms_all_3m,4548,0.01131005230536417,0.4457307555342226,-0.019085985618182914,0.19812895824312374,False,land_house,valuation,0.019085985618182914,,0.306476758257977,
land_chg_pct,rtms_apt_med_unit,4731,-0.1090459602649627,5.440778628130109e-14,-0.018691376791458995,0.19864981943357019,False,land_house,rtms_apt,0.018691376791458995,,0.3070853526843516,
rtms_apt_n_yoy_pct,kiscon_cnt_indiv,4732,0.026398767544528544,0.06940173489542596,0.018673934696733584,0.19902166104523572,False,rtms_apt,kiscon,0.018673934696733584,,0.30746295071731927,
vac_midlarge,rtms_land_dae_med_unit,4666,0.014064282820870033,0.3368061985774477,0.018776897134906583,0.19970795919121997,False,commercial,rtms_land,0.018776897134906583,,0.3083255487833697,
unsold_total,appr_vs_rtms_dae_3m,4212,-0.018884408375317942,0.22044633862926538,-0.019748382933580416,0.20004861550441805,False,unsold,valuation,0.019748382933580416,,0.30865375375521603,
rentidx_midlarge,appr_unit_land_mn_m2,4548,0.048525224819381686,0.001062188458813436,0.018982507995545364,0.20057251831700149,False,commercial,valuation,0.018982507995545364,,0.3092484008359334,
rtms_fac_n_yoy_pct,minbid_vs_rtms_dae_3m,2231,-0.006801943001701201,0.7481323517659787,0.027100886270456398,0.20069066344705389,False,rtms_fac,valuation,0.027100886270456398,,0.3092484008359334,
vac_office,rtms_nrg_n,4636,-0.025763153000826003,0.07943320991818122,-0.01870411212149981,0.20291271629974694,False,commercial,rtms_nrg,0.01870411212149981,,0.3124726174328371,
rtms_fac_med_unit,rtms_fac_n_3m,3740,-0.024309675133803967,0.1371749412788581,0.020816608305057157,0.20310206148272844,True,rtms_fac,rtms_fac,0.020816608305057157,,0.31256447520649777,
capret_midlarge,rtms_apt_n,4732,-0.034449730485850025,0.017794907698426395,0.018483553356302355,0.20364054119722438,False,commercial,rtms_apt,0.018483553356302355,,0.31319317440032596,
round_no,minbid_vs_rtms_all_3m,309,-0.00303608997277532,0.9576096730767715,-0.07233043167917282,0.2048117632684184,False,site_price,valuation,0.07233043167917282,0.1500647592685267,0.3147935902276074,0.15645487951210404
rtms_land_dae_n,rtms_apt_n_3m,4732,-0.010968870863377497,0.4506289626623067,0.01836653421079253,0.20651800038945226,False,rtms_land,rtms_apt,0.01836653421079253,,0.31721375458163154,
rtms_fac_unit_3m,rtms_fac_n_yoy_pct,3687,0.006117905371820503,0.7103687910591536,0.02079939641083077,0.2067107970929502,True,rtms_fac,rtms_fac,0.02079939641083077,,0.31729766940531196,
yield_office,rtms_fac_med_unit,3669,-0.012997298564646625,0.4312579418650857,0.020844632581870005,0.20683594964138802,False,commercial,rtms_fac,0.020844632581870005,,0.31729766940531196,
apt_idx,rtms_nrg_n_yoy_pct,4716,0.009344616538119275,0.5211536883478445,-0.01836331340783593,0.20736708167400805,False,land_house,rtms_nrg,0.01836331340783593,,0.3178179370713369,
rtms_fac_med_unit,kiscon_amt_priv,3740,0.061077397232851466,0.00018588712968810165,-0.020618357349578717,0.2074388444038228,False,rtms_fac,kiscon,0.020618357349578717,,0.3178179370713369,
rtms_land_n,rtms_nrg_n_yoy_pct,4716,-0.03842499867335686,0.008314109045007538,0.018354289464010815,0.20759048301152,False,rtms_land,rtms_nrg,0.018354289464010815,,0.3178481982577911,
rtms_fac_n_yoy_pct,appr_vs_rtms_dae_3m,3641,-0.0071415862265060415,0.6666241007109549,0.02087634607978125,0.2078866024531101,False,rtms_fac,valuation,0.02087634607978125,,0.31809949962666373,
rtms_fac_n_3m,unsold_total,4377,0.031917884287687104,0.03472189406928772,0.01900020248061766,0.2088308126449113,False,rtms_fac,unsold,0.01900020248061766,,0.3193415345648707,
rtms_land_n,n_rounds_m,446,0.0016596209409993658,0.9721190347576331,0.05913131131421193,0.21263098259710217,False,rtms_land,site_price,0.05913131131421193,0.19678729440063414,0.32494652381675093,0.20266154199468292
minbid_vs_rtms_dae_3m,kiscon_cnt_pub,2850,0.030822018036943725,0.09994620233218977,0.023329522269594095,0.21310280181893435,False,valuation,kiscon,0.023329522269594095,,0.32546118655489975,
rtms_nrg_med_unit,kiscon_cnt_indiv,4711,0.00027191080478336255,0.9851138419453879,-0.018133680773918706,0.21334926284960445,False,rtms_nrg,kiscon,0.018133680773918706,,0.3256312371548744,
apt_idx,ah_rate_med,3478,-0.00032813737097695753,0.9845660414453069,0.02109942856783524,0.21349185930485953,False,land_house,applyhome,0.02109942856783524,,0.3256426461548807,
apt_idx,excess_pp_med,446,0.02031666740582451,0.6687225165031108,0.0589313345291074,0.21418453048468936,False,land_house,excess,0.0589313345291074,0.20698102251639994,0.3264185888810461,0.212870726409143
rtms_land_dae_med_unit,rtms_nrg_n_yoy_pct,4651,0.00902280386384309,0.5384315820109681,0.01821361216561519,0.21427145543975723,False,rtms_land,rtms_nrg,0.01821361216561519,,0.3264185888810461,
rentidx_midlarge,ah_under_ratio,3825,-0.002400617704887817,0.8820099816092329,-0.020075067066698673,0.21449730608054565,False,commercial,applyhome,0.020075067066698673,,0.3265562271977985,
rtms_land_n,minbid_unit_land_mn_m2,2850,0.03737896673747198,0.04600879290178212,0.023217909085759384,0.2153008996812026,False,rtms_land,valuation,0.023217909085759384,,0.32757270721698123,
rtms_apt_n_3m,rtms_fac_unit_3m,4363,-0.030817521461840934,0.041801575771882475,-0.018693195167295746,0.2170181937335628,False,rtms_apt,rtms_fac,0.018693195167295746,,0.3299771904718526,
land_chg_pct,rtms_land_dae_med_unit,4666,0.07685190716576973,1.4724030890514896e-07,0.0180583708373663,0.21746254531292175,False,land_house,rtms_land,0.0180583708373663,,0.33044434691307784,
capret_office,minbid_vs_rtms_dae_3m,2806,-0.02835240395834167,0.13322437018186442,-0.02325217259986565,0.21820150345662973,False,commercial,valuation,0.02325217259986565,,0.3313583007753482,
rtms_apt_med_unit,rtms_fac_unit_3m,4362,-0.041995167798384275,0.00553686005996959,-0.01848350741361676,0.22227321352319138,False,rtms_apt,rtms_fac,0.01848350741361676,,0.33714720450059454,
yield_midlarge,appr_unit_land_mn_m2,4548,-0.013702967223134032,0.3555374158969278,0.018100664975579626,0.22229332280142933,False,commercial,valuation,0.018100664975579626,,0.33714720450059454,
rtms_apt_med_unit,kiscon_amt_indiv,4731,-0.009369083484843626,0.5193999535379482,-0.017712856036877243,0.2231844636755873,False,rtms_apt,kiscon,0.017712856036877243,,0.33828588519381475,
rtms_fac_n_yoy_pct,minbid_unit_land_mn_m2,2231,-0.004101218029548685,0.8464836329624277,0.025756737866685187,0.22394688852194747,False,rtms_fac,valuation,0.025756737866685187,,0.3392281592318626,
house_idx,rtms_nrg_n_yoy_pct,4716,0.01151248779735838,0.42928527758030915,-0.017689136156621082,0.2245410112753497,False,land_house,rtms_nrg,0.017689136156621082,,0.33986207729912354,
minbid_vs_rtms_dae_3m,ah_rate_med,2139,-0.002408804895827801,0.9113462304099506,0.026265536386251245,0.22464742287863226,False,valuation,applyhome,0.026265536386251245,,0.33986207729912354,
rentidx_office,kiscon_amt_all,4636,0.009822099853349782,0.5037476934773153,-0.017813340224093022,0.22526480248663588,False,commercial,kiscon,0.017813340224093022,,0.34058229234177695,
rtms_land_dae_n_3m,kiscon_amt_all,4732,-0.008004057851917016,0.5820047522288254,0.017598738252033744,0.22613199980698453,False,rtms_land,kiscon,0.017598738252033744,,0.3416790718086726,
rtms_land_n,minbid_vs_rtms_all_3m,2850,0.0338316433338874,0.07094331657631682,0.022639480855297153,0.22695411829808915,False,rtms_land,valuation,0.022639480855297153,,0.3427064067032549,
vac_midlarge,capret_office,4636,-0.026899610211020792,0.0670434087584419,-0.017736412624444697,0.22727454261632865,True,commercial,commercial,0.017736412624444697,,0.34297535861324485,
bldg_area_m2,capret_midlarge,1314,-0.006176254078115593,0.8230117981778239,0.033278896767901266,0.22800372417171821,False,site_price,commercial,0.033278896767901266,,0.34369752742988385,
capret_office,rtms_apt_n_yoy_pct,4636,0.043138612164340784,0.003305448740227433,0.01770730447440958,0.2280383179918607,False,commercial,rtms_apt,0.01770730447440958,,0.34369752742988385,
bldg_area_m2,rtms_land_med_unit,1313,0.009251196855847141,0.7376943578370228,-0.03326120464959769,0.22842865365998774,False,site_price,rtms_land,0.03326120464959769,,0.34407065957535654,
rtms_apt_med_unit,kiscon_amt_priv,4731,0.10010620466837239,5.161867091125286e-12,0.017470918464483367,0.22957145878858473,False,rtms_apt,kiscon,0.017470918464483367,,0.34549388314428353,
rtms_land_dae_n,rtms_apt_med_unit,4731,-0.010070731654097827,0.48860941542362846,-0.01746279653168247,0.22978810498761917,False,rtms_land,rtms_apt,0.01746279653168247,,0.34549388314428353,
rtms_land_dae_n_3m,ah_sale_unit_med,3493,-0.023773826481410788,0.16009057823853517,-0.020323826339252202,0.2298036077511562,False,rtms_land,applyhome,0.020323826339252202,,0.34549388314428353,
unsold_total,kiscon_cnt_priv,4377,-0.012164448566241133,0.4210583732213416,-0.018130766912268118,0.23042392828244013,False,unsold,kiscon,0.018130766912268118,,0.3462105156862099,
appr_vs_rtms_all_3m,kiscon_cnt_pub,4548,0.03071609566578743,0.038323501378676,0.017762303120689202,0.23105926219628686,False,valuation,kiscon,0.017762303120689202,,0.3469487986872594,
bldg_area_m2,appr_vs_rtms_all_3m,1260,0.040605365315714126,0.1497228728336979,0.03367850035288721,0.23223532436260055,False,site_price,valuation,0.03367850035288721,,0.34849759135359115,
bldg_area_m2,rtms_nrg_n_yoy_pct,1306,-0.01625149543667721,0.5573494362933387,0.03304539942487101,0.23271369122683142,False,site_price,rtms_nrg,0.03304539942487101,,0.3489981305890876,
house_idx,ah_under_ratio,3825,0.03214425746450549,0.04682535946344666,0.01926855425368975,0.2334905635040371,False,land_house,applyhome,0.01926855425368975,,0.3499454341074188,
capret_midlarge,appr_unit_land_mn_m2,4548,-0.008542291074028771,0.5646594315346783,0.01765535889216281,0.2338802615351396,False,commercial,valuation,0.01765535889216281,,0.35031164095692136,
rtms_apt_n_3m,rtms_fac_n_3m,4732,-0.04032330891306551,0.005533474311436062,-0.01728524899458151,0.23451093975598866,False,rtms_apt,rtms_fac,0.01728524899458151,,0.35103811479002034,
rtms_land_dae_med_unit,rtms_land_dae_n_3m,4666,0.0196007045955675,0.18068227849984683,0.017394274470049237,0.23485633860579333,True,rtms_land,rtms_land,0.017394274470049237,,0.35133691870885286,
rtms_nrg_n,unsold_pct_completed,4041,-0.04716010462721526,0.002711741335441802,0.018664621328081457,0.23553347127429108,False,rtms_nrg,unsold,0.018664621328081457,,0.3521313063095791,
rtms_nrg_n_yoy_pct,ah_rate_med,3470,0.010352174267006383,0.5421207761400294,0.02010978979095326,0.23629653579627158,False,rtms_nrg,applyhome,0.02010978979095326,,0.35305310060075296,
unsold_completed,ah_rate_med,3255,-0.0006192957677594222,0.9718254760700548,0.020724964736996122,0.23717155054758196,False,unsold,applyhome,0.020724964736996122,,0.35411445322950363,
rtms_fac_med_unit,excess_pp_med,343,0.032003016067011815,0.5547269114441199,-0.06395996080967706,0.23742760872853394,False,rtms_fac,excess,0.06395996080967706,0.2381919300626234,0.35411445322950363,0.2423427277714895
min_bid_mn,rtms_land_dae_med_unit,2824,0.010032425042381252,0.5940933230312796,0.02223139040849759,0.23759145381615784,False,site_price,rtms_land,0.02223139040849759,,0.35411445322950363,
rtms_apt_n_3m,rtms_fac_n_yoy_pct,3791,0.007108969073915228,0.6616993219396744,-0.019185970123662913,0.23759463521664206,False,rtms_apt,rtms_fac,0.019185970123662913,,0.35411445322950363,
appr_vs_rtms_all_3m,ah_rate_med,3331,0.00044957918733962057,0.9793070756248214,0.020449277219470575,0.23803733571357943,False,valuation,applyhome,0.020449277219470575,,0.35455499324457757,
rtms_fac_unit_3m,ah_supply_sum,3532,0.009405982166893489,0.5762859664925196,0.01983032148954,0.23870603125268827,False,rtms_fac,applyhome,0.01983032148954,,0.3552566760632082,
unsold_total,kiscon_amt_indiv,4377,-0.047749434522589694,0.0015779612591268642,-0.017809039645138035,0.23880324283087026,False,unsold,kiscon,0.017809039645138035,,0.3552566760632082,
min_bid_mn,yield_office,2829,0.014226431554974293,0.44941887241931466,-0.02206574885379152,0.24068962862530738,False,site_price,commercial,0.02206574885379152,,0.35784207587106154,
discount_ratio,rtms_apt_unit_3m,2853,0.020541579032097156,0.27271477140853095,-0.021804037441377037,0.24431964148424712,False,site_price,rtms_apt,0.021804037441377037,,0.36301500368497874,
rtms_land_dae_unit_3m,ah_sale_unit_med,3493,0.04119443120032945,0.014899232561358788,0.01969022572961939,0.24465903532561736,False,rtms_land,applyhome,0.01969022572961939,,0.36329530199306087,
round_no,rtms_nrg_n_yoy_pct,313,0.02846970154809988,0.6158314631190889,0.06592286772055467,0.24487265238591588,False,site_price,rtms_nrg,0.06592286772055467,0.2117577096907557,0.363388603602252,0.21748863552812392
rtms_land_dae_unit_3m,kiscon_amt_priv_yoy_pct,4732,0.0030164752785454335,0.8356603266175856,0.01689954868812506,0.24511851984851074,False,rtms_land,kiscon,0.01689954868812506,,0.36352962020609897,
yield_midlarge,appr_vs_rtms_all_3m,4548,0.012950729374422041,0.38256553027461404,-0.01721867109381827,0.24565229513819567,False,commercial,valuation,0.01721867109381827,,0.3640245907196729,
rentidx_office,rtms_land_dae_n,4636,-0.007023123886787852,0.6326013407918201,0.017050716119975617,0.24575436062278333,False,commercial,rtms_land,0.017050716119975617,,0.3640245907196729,
rentidx_office,rtms_fac_n_yoy_pct,3726,0.023938184706533163,0.14403491090307985,0.01900771087764041,0.24606322299214387,False,commercial,rtms_fac,0.01900771087764041,,0.3642582109404586,
rtms_land_dae_n_3m,rtms_nrg_n_yoy_pct,4716,-0.0015573772512748434,0.9148510993835675,0.01687984759184966,0.2464694758066611,False,rtms_land,rtms_nrg,0.01687984759184966,,0.36463562719094733,
apt_idx,rtms_fac_unit_3m,4363,0.041077871626101076,0.0066539422730801665,-0.01751554773228251,0.24739010711943418,False,land_house,rtms_fac,0.01751554773228251,,0.36577310316431677,
vac_midlarge,rtms_nrg_n_yoy_pct,4716,0.019815235868771038,0.17365679858836502,-0.016777856886813814,0.24933597315392272,False,commercial,rtms_nrg,0.016777856886813814,,0.3684240927657595,
appr_vs_rtms_dae_3m,kiscon_cnt_priv_yoy_pct,4548,0.015647792848502328,0.2914052725348477,0.01707200000176103,0.24969782607400723,False,valuation,kiscon,0.01707200000176103,,0.36873269659213076,
bldg_area_m2,rtms_apt_n_yoy_pct,1314,0.01721500860339267,0.5329681384267247,0.03164135682033148,0.25172593402628446,False,site_price,rtms_apt,0.03164135682033148,,0.37150000061441857,
capret_midlarge,rtms_fac_n_3m,4732,-0.003555991123259582,0.8068040149961919,-0.016656090353214463,0.25198493418193196,False,commercial,rtms_fac,0.016656090353214463,,0.371654645886448,
rtms_nrg_med_unit,ah_rate_med,3468,-0.012927109283181245,0.44663837166177484,0.019384490555340805,0.2537687888856908,False,rtms_nrg,applyhome,0.019384490555340805,,0.3740567469201926,
rtms_apt_n_3m,appr_vs_rtms_dae_3m,4548,-0.003091226503582947,0.8349072960450433,0.016880224354806413,0.2550573215294698,False,rtms_apt,valuation,0.016880224354806413,,0.37572624993033144,
bldg_area_m2,rtms_land_n,1314,0.01976939264975206,0.473984313007912,-0.03134263494873056,0.2562324095773804,False,site_price,rtms_land,0.03134263494873056,,0.37722669949999194,
rtms_land_dae_n,n_rounds_m,446,0.014789708161379133,0.7554356664345522,0.05370668015111304,0.25769751472843877,False,rtms_land,site_price,0.05370668015111304,0.18482366437195918,0.37915202105954665,0.19137948329920465
rtms_land_n_yoy_pct,unsold_total,4369,-0.006078868572667331,0.6879104968608769,-0.017119348297528068,0.2579200775082766,False,rtms_land,unsold,0.017119348297528068,,0.37924794801400036,
appraisal_mn,rtms_nrg_n_yoy_pct,4560,0.0018272039767826746,0.9018273443514804,0.016650708909677278,0.2609473005855765,False,site_price,rtms_nrg,0.016650708909677278,,0.3834652404946582,
round_no,rtms_fac_n_yoy_pct,251,0.05900976331433459,0.3518351848758011,0.0711186889042408,0.2616372497474162,False,site_price,rtms_fac,0.0711186889042408,0.34674895546214923,0.3842448335717691,0.3481249433806498
rtms_land_unit_3m,ah_sale_unit_med,3493,0.07330674846115029,1.4455123625444593e-05,0.01898284979000689,0.26202555914547115,False,rtms_land,applyhome,0.01898284979000689,,0.38458075367879746,
land_chg_cum12_pct,rtms_land_n_yoy_pct,4724,0.012735877654433448,0.38148791820118555,-0.016303424580866133,0.26257125678010873,False,land_house,rtms_land,0.016303424580866133,,0.38514712650034205,
unsold_completed,excess_pp_med,432,-0.05947596851704619,0.2173164096354675,-0.05391877643808803,0.26346139374369576,False,unsold,excess,0.05391877643808803,0.2786527035777211,0.3862177365707462,0.28162104129892185
round_no,apt_idx_yoy_pct,298,0.01131986149293309,0.8457091734474175,0.06486721649053472,0.26431444750154987,False,site_price,land_house,0.06486721649053472,0.005041951934950273,0.3871537781632277,0.006821464382579781
rtms_apt_n,unsold_pct_completed,4041,-0.05505313178926072,0.00046310298580234276,-0.01755559651752906,0.26453773303403627,False,rtms_apt,unsold,0.01755559651752906,,0.3871537781632277,
rtms_apt_med_unit,minbid_vs_rtms_dae_3m,2850,0.022785351385738947,0.22397382137718935,-0.020904494323703907,0.2645818558650772,False,rtms_apt,valuation,0.020904494323703907,,0.3871537781632277,
discount_ratio,rentidx_office,2809,-0.030903692084498485,0.10151397776430558,0.020955055687645427,0.266893239030055,False,site_price,commercial,0.020955055687645427,,0.3902989721252625,
rtms_nrg_n_3m,appr_vs_rtms_all_3m,4548,0.0031995856134472904,0.8292078428859927,-0.016458793544259064,0.2671143793746608,False,rtms_nrg,valuation,0.016458793544259064,,0.3903854786494436,
rtms_nrg_med_unit,ah_sale_unit_med,3480,-0.06622847916927616,9.236939419778662e-05,-0.018776898295569742,0.26813073101831103,False,rtms_nrg,applyhome,0.018776898295569742,,0.39163337076007854,
capret_office,minbid_vs_rtms_all_3m,2806,-0.013758137288464601,0.46630662418141877,-0.02086433930885436,0.2692258313946472,False,commercial,valuation,0.02086433930885436,,0.3929947023992124,
apt_idx,kiscon_amt_priv,4732,-0.01462130629263496,0.3146172278370867,-0.016023678951220265,0.27044387006235054,False,land_house,kiscon,0.016023678951220265,,0.3945337329602087,
round_no,house_idx_yoy_pct,298,0.012561642883250866,0.8290308205387573,0.06396533662926239,0.2710273594168506,False,site_price,land_house,0.06396533662926239,0.009964703543395403,0.3951457569235389,0.012681173617768157
capret_office,unsold_pct_completed,4041,-0.008816183092778412,0.5752937762279368,0.0172852383712195,0.27196656712573614,False,commercial,unsold,0.0172852383712195,,0.39562623262180424,
minbid_vs_rtms_dae_3m,kiscon_cnt_all,2850,0.03593010730671174,0.055121076803751785,0.02058164784013218,0.27203263298937347,False,valuation,kiscon,0.02058164784013218,,0.39562623262180424,
apt_idx,rtms_fac_n,4732,0.01843286928975756,0.20488324247708406,0.01597031552292458,0.2720427961900177,False,land_house,rtms_fac,0.01597031552292458,,0.39562623262180424,
rtms_fac_n_yoy_pct,kiscon_amt_all,3791,0.02676107688528701,0.09946342618169259,0.01784089415731183,0.2721134248561761,False,rtms_fac,kiscon,0.01784089415731183,,0.39562623262180424,
rentidx_office,kiscon_amt_priv_yoy_pct,4636,-0.012754739986839486,0.38525850821941393,-0.01613034863949098,0.27217771522280143,False,commercial,kiscon,0.01613034863949098,,0.39562623262180424,
rtms_land_dae_unit_3m,kiscon_cnt_all,4732,0.000401184888011572,0.9779891322115222,0.015949750875776367,0.2726606972957549,False,rtms_land,kiscon,0.015949750875776367,,0.39608937943506284,
rtms_apt_n,ah_under_ratio,3825,-0.006918312215388699,0.6688409707913074,-0.017698606634170538,0.2738118903673941,False,rtms_apt,applyhome,0.017698606634170538,,0.39752208179844567,
n_rounds_m,kiscon_cnt_priv_yoy_pct,446,0.04858734722750944,0.30591680186630466,0.05189762472964749,0.27409869322651925,False,site_price,kiscon,0.05189762472964749,0.24457750953787016,0.3976086632640292,0.24850646551438213
rtms_land_n_3m,rtms_nrg_n_yoy_pct,4716,-0.0317131609166223,0.029419982155616257,-0.01592556706126665,0.2742014930891355,False,rtms_land,rtms_nrg,0.01592556706126665,,0.3976086632640292,
rtms_land_n_3m,n_rounds_m,446,0.01899322988769726,0.6891395813376789,0.05179660538207499,0.27503504833505404,False,rtms_land,site_price,0.05179660538207499,0.22767119224509913,0.39857755050359606,0.23226133725004064
appraisal_mn,rtms_apt_n_yoy_pct,4576,0.007056515217151904,0.6332043789289282,-0.016114582474634757,0.27577384047087916,False,site_price,rtms_apt,0.016114582474634757,,0.3994080261627517,
min_bid_mn,rtms_land_dae_n_3m,2873,0.04830778352430437,0.009605950560779121,0.0202459695995141,0.27799675026146464,False,site_price,rtms_land,0.0202459695995141,,0.4023856865646425,
rtms_land_dae_med_unit,rtms_fac_n,4666,-0.03340424248821624,0.02250076183711184,-0.01586524584083111,0.2785852069488944,False,rtms_land,rtms_fac,0.01586524584083111,,0.40294658965942765,
rtms_land_unit_3m,ah_under_ratio,3825,-0.0012234421252011736,0.93970470556934,-0.017513477033244993,0.27886268613722154,False,rtms_land,applyhome,0.017513477033244993,,0.40294658965942765,
house_idx_yoy_pct,appr_vs_rtms_dae_3m,4214,-0.024090920559137773,0.11790377900437282,-0.016684372194590933,0.2788858554157366,False,land_house,valuation,0.016684372194590933,,0.40294658965942765,
land_area_m2,ah_rate_med,3415,-0.0013637568069134148,0.9365028353589624,0.018521279088706204,0.27923337770873186,False,site_price,applyhome,0.018521279088706204,,0.40320697440266257,
appr_vs_rtms_all_3m,ah_supply_sum,3714,0.0003170469102559176,0.9845896916563759,0.01772012092272092,0.28030634618350286,False,valuation,applyhome,0.01772012092272092,,0.4045139486839772,
rtms_fac_n_3m,unsold_pct_completed,4041,-0.05735619300054971,0.0002643483057693876,-0.016961109794380463,0.28105946797095405,False,rtms_fac,unsold,0.016961109794380463,,0.40535805973069977,
rtms_fac_n_3m,appr_vs_rtms_dae_3m,4548,0.007295191328172931,0.6228248892870673,0.01593768556552835,0.2825573621046751,False,rtms_fac,valuation,0.01593768556552835,,0.4072746666700161,
ah_n_pblanc,kiscon_cnt_priv_yoy_pct,3877,-0.04071403734700143,0.011234590977822933,0.017178572778362152,0.28490413063391246,False,applyhome,kiscon,0.017178572778362152,,0.4104118080261381,
rtms_nrg_med_unit,rtms_fac_unit_3m,4344,-0.05191272578476547,0.0006197041389401927,-0.016203894540176594,0.285635246244903,False,rtms_nrg,rtms_fac,0.016203894540176594,,0.41121920158316383,
appraisal_mn,rtms_fac_n_yoy_pct,3666,0.002934544362402517,0.8590221076640029,-0.017586214503568048,0.28709294949704567,False,site_price,rtms_fac,0.017586214503568048,,0.4130710497241075,
rtms_fac_n_3m,minbid_vs_rtms_all_3m,2850,0.0030331039923167805,0.8714217867542188,0.019847351115626015,0.2895095626775296,False,rtms_fac,valuation,0.019847351115626015,,0.41629955015086295,
discount_ratio,rtms_apt_n_yoy_pct,2853,0.013043290396917071,0.4861709336036026,-0.01980310136592046,0.2903323846111857,False,site_price,rtms_apt,0.01980310136592046,,0.41723377871971234,
land_chg_cum12_pct,minbid_vs_rtms_dae_3m,2850,-0.013952361276350958,0.45653669904663413,0.019739938111425596,0.29212808209074376,False,land_house,valuation,0.019739938111425596,,0.41956417034487037,
round_no,rtms_land_dae_n,315,0.04081758094517123,0.47037990188323286,-0.05946383108355877,0.2927472994025256,False,site_price,rtms_land,0.05946383108355877,0.30561261154453234,0.42020309205484613,0.30723175120834445
appraisal_mn,vac_midlarge,4576,-0.0006187017258012847,0.9666251695196246,0.015524134738071401,0.2937529980089711,False,site_price,commercial,0.015524134738071401,,0.42139566976286924,
house_idx_yoy_pct,appr_unit_land_mn_m2,4214,-0.032120747146606836,0.037064919390078464,0.016168253477841472,0.29402869766178374,False,land_house,valuation,0.016168253477841472,,0.42154025066323547,
minbid_vs_rtms_all_3m,n_rounds_m,403,-0.025383357313946482,0.6114067721166764,0.05230635092507611,0.2948698387963397,False,valuation,site_price,0.05230635092507611,0.2765510676259213,0.4224948344228173,0.2798696804374324
rtms_apt_unit_3m,ah_supply_sum,3877,0.027351796308033888,0.08859720908995525,0.01676081857796532,0.2967822792921548,False,rtms_apt,applyhome,0.01676081857796532,,0.42498234883784497,
rtms_nrg_n_yoy_pct,ah_n_pblanc,3864,0.008054723288723472,0.6166974118029391,0.016768941663976147,0.29735996334550124,False,rtms_nrg,applyhome,0.016768941663976147,,0.4255567171393456,
rtms_fac_n_3m,excess_pp_med,446,0.09089478493160165,0.05508995437081424,0.04938322271304168,0.2980527152070461,False,rtms_fac,excess,0.04938322271304168,,0.42629498139405414,
rtms_fac_n_yoy_pct,n_rounds_m,341,0.036600908068662084,0.5005509362727626,-0.0564659752893005,0.29847364186127273,False,rtms_fac,site_price,0.0564659752893005,0.3645099911288632,0.42662608884964315,0.364990875022173
rtms_land_unit_3m,kiscon_cnt_indiv,4732,0.031518436231949935,0.030150747082178863,0.015112376140861023,0.2986382621947502,False,rtms_land,kiscon,0.015112376140861023,,0.42662608884964315,
rtms_land_med_unit,rtms_nrg_n_yoy_pct,4707,0.01750547368933004,0.22983608499717612,0.01513061735129213,0.2993358270644903,False,rtms_land,rtms_nrg,0.01513061735129213,,0.42736927916197964,
land_area_m2,rtms_nrg_med_unit,4641,0.0009493346138810649,0.9484479719538995,0.015214525956331212,0.300076846240007,False,site_price,rtms_nrg,0.015214525956331212,,0.428173593510016,
rtms_fac_n_3m,kiscon_cnt_pub,4732,-0.014792875665659216,0.3089718137123309,-0.01505189712957524,0.3005764142009922,False,rtms_fac,kiscon,0.01505189712957524,,0.42859061214594196,
n_rounds_m,kiscon_amt_indiv,446,0.07684707649294889,0.1050703426491645,0.049111253232090445,0.30072478221526466,False,site_price,kiscon,0.049111253232090445,,0.42859061214594196,
unsold_total,kiscon_cnt_all,4377,0.005406064584416798,0.7206728104967933,-0.015629675366115054,0.30122503243798326,False,unsold,kiscon,0.015629675366115054,,0.4290498393472457,
vac_office,rtms_fac_n_yoy_pct,3726,0.009370711108194752,0.5674453328083837,0.016915150796686724,0.3019575409538927,False,commercial,rtms_fac,0.016915150796686724,,0.42983914571700027,
rtms_land_dae_n_3m,rtms_nrg_med_unit,4711,-0.011690384697293152,0.42243484802396375,-0.015029734293783542,0.30236442076287606,False,rtms_land,rtms_nrg,0.015029734293783542,,0.430164258582368,
rtms_nrg_n_yoy_pct,ah_supply_sum,3864,-0.010777644864787094,0.5030154212503514,-0.01655085249867379,0.3036881476959365,False,rtms_nrg,applyhome,0.01655085249867379,,0.4317464543037682,
rtms_land_unit_3m,ah_rate_med,3478,0.0002427892834224648,0.9885800710699243,0.01744033009462883,0.30383484916978876,False,rtms_land,applyhome,0.01744033009462883,,0.4317464543037682,
rtms_nrg_n_3m,ah_under_ratio,3825,0.06505079816834429,5.6704922851594796e-05,0.016619220375125345,0.30414883384270514,False,rtms_nrg,applyhome,0.016619220375125345,,0.4319379431708423,
rtms_fac_n,kiscon_amt_priv,4732,0.008924285133199575,0.5393822270806796,0.014922298965503919,0.30475776581945546,False,rtms_fac,kiscon,0.014922298965503919,,0.4325478301677783,
rtms_fac_unit_3m,kiscon_amt_all,4363,0.040261405444673215,0.00782095082210312,0.01549638186957959,0.3061420138444397,False,rtms_fac,kiscon,0.01549638186957959,,0.43425677066809865,
rtms_land_unit_3m,rtms_apt_unit_3m,4732,0.1449273603886393,1.2476466063047278e-23,0.014845274156748817,0.30726109191868123,False,rtms_land,rtms_apt,0.014845274156748817,,0.43538953645635653,
rtms_nrg_n_3m,ah_rate_med,3478,0.010478921899878384,0.5367172450585752,-0.017312338527111348,0.3073979134798757,False,rtms_nrg,applyhome,0.017312338527111348,,0.43538953645635653,
rtms_land_med_unit,ah_sale_unit_med,3484,0.023903599632528992,0.15835810523970703,0.017294389949198078,0.30748256889988335,False,rtms_land,applyhome,0.017294389949198078,,0.43538953645635653,
round_no,rtms_fac_unit_3m,294,0.00867245069246294,0.8822868440873818,0.059696069076540556,0.3076696893505052,False,site_price,rtms_fac,0.059696069076540556,0.2574180156485917,0.43539867958585876,0.2612035747022474
rtms_fac_n,ah_rate_med,3478,0.004171302549922555,0.8057492555216642,0.017293574654611205,0.3079225819172766,False,rtms_fac,applyhome,0.017293574654611205,,0.43550083475389473,
appraisal_mn,rtms_nrg_med_unit,4555,-0.0013849061463076665,0.925551843434578,0.015100183088869653,0.3082500107304001,False,site_price,rtms_nrg,0.015100183088869653,,0.43570822631100536,
excess_pp_med,kiscon_amt_priv,446,-0.048081601343801225,0.31098470979254533,-0.04832283254003778,0.30856056770605567,False,excess,kiscon,0.04832283254003778,,0.4358915405460692,
rtms_fac_n_yoy_pct,unsold_total,3541,0.04308120074748667,0.010350689658287903,0.01708441102308797,0.3094649559684989,False,rtms_fac,unsold,0.01708441102308797,,0.43691303098071604,
rtms_fac_n,rtms_fac_med_unit,3740,-0.013037701709000482,0.42539584348940374,-0.016599145346516117,0.31017244029229135,True,rtms_fac,rtms_fac,0.016599145346516117,,0.4376554924498959,
capret_office,rtms_nrg_n_yoy_pct,4620,0.04631967697154373,0.0016371042398114278,0.014923135352173197,0.31052731661136157,False,commercial,rtms_nrg,0.014923135352173197,,0.4378998437878182,
round_no,ah_supply_sum,252,-0.048028729982142346,0.447804657519074,-0.06392975060249242,0.3120919564750512,False,site_price,applyhome,0.06392975060249242,0.06828570399784017,0.4397830682293185,0.07522329366380362
round_no,rtms_nrg_n,315,0.023219191982952622,0.6814268680071441,0.057119107508046184,0.31222773018272365,False,site_price,rtms_nrg,0.057119107508046184,0.2746344213864469,0.4397830682293185,0.2783011025798574
discount_ratio,rtms_fac_unit_3m,2608,-0.016587036028415193,0.39714643780864856,-0.019786238018906235,0.31246196146484173,False,site_price,rtms_fac,0.019786238018906235,,0.43985591537982976,
appr_vs_rtms_dae_3m,ah_supply_sum,3714,0.0007921726865118867,0.9615083819148972,0.016534756386441935,0.3137422833299582,False,valuation,applyhome,0.016534756386441935,,0.44129225636824626,
land_chg_pct,rtms_fac_med_unit,3740,-0.02225803336888228,0.1735403617689991,0.01647009965256405,0.3139494656691453,False,land_house,rtms_fac,0.01647009965256405,,0.44129225636824626,
appraisal_mn,rtms_land_unit_3m,4576,-0.002322886300315598,0.8751726808678729,-0.014881647699530267,0.31419112303560887,False,site_price,rtms_land,0.014881647699530267,,0.44129225636824626,
appr_vs_rtms_dae_3m,ah_rate_med,3331,-0.0016859244062637085,0.922514865521825,0.017442988585399666,0.3142147352397969,False,valuation,applyhome,0.017442988585399666,,0.44129225636824626,
rtms_nrg_n,kiscon_amt_priv_yoy_pct,4732,0.006458720648269639,0.6569127121675714,0.014590060604432187,0.31565260493864516,False,rtms_nrg,kiscon,0.014590060604432187,,0.44305345247649086,
rtms_fac_n,unsold_completed,4377,0.0241805245990504,0.10970203776355916,0.015152526076314126,0.3162249614229093,False,rtms_fac,unsold,0.015152526076314126,,0.44359846160023947,
unsold_total,n_rounds_m,432,0.0006594109251686631,0.9890965368411934,0.048211179213297164,0.3174418425745949,False,unsold,site_price,0.048211179213297164,,0.44504644595972875,
rtms_apt_unit_3m,kiscon_amt_pub,4732,0.008758026121273502,0.5469658609135891,0.014516587934887653,0.318096047178181,False,rtms_apt,kiscon,0.014516587934887653,,0.4457043451740792,
capret_office,excess_pp_med,442,-0.09639962800418489,0.042798935621586896,-0.047570355239117894,0.31835579194710606,False,commercial,excess,0.047570355239117894,,0.44580909854301315,
excess_pp_med,ah_n_pblanc,382,-0.051135781656349605,0.3188535461714036,-0.05104595793772191,0.3197054708300123,False,excess,applyhome,0.05104595793772191,0.3579871888688311,0.44743913164943644,0.3589329938592375
rentidx_midlarge,n_rounds_m,446,0.04427605821355026,0.3508784069709046,0.047052089802050556,0.32147069973123926,False,commercial,site_price,0.047052089802050556,,0.44952105634903533,
rtms_nrg_n_3m,rtms_apt_n_yoy_pct,4732,-0.03428309070162891,0.018354496930057963,-0.014407719809400851,0.32173933491819706,False,rtms_nrg,rtms_apt,0.014407719809400851,,0.44952105634903533,
bldg_area_m2,kiscon_amt_indiv,1314,0.02732632557956382,0.3222729349049623,0.027355713151975172,0.32175262332036764,False,site_price,kiscon,0.027355713151975172,,0.44952105634903533,
house_idx_yoy_pct,minbid_vs_rtms_dae_3m,2665,0.0028243330927509355,0.8841311923315177,-0.019184423553594572,0.3221759700376507,False,land_house,valuation,0.019184423553594572,,0.4498517310490951,
house_idx,excess_pp_med,446,0.009190397282865997,0.8465292177764935,0.046936786914319496,0.3226592708430104,False,land_house,excess,0.046936786914319496,,0.4501010642035722,
rtms_land_dae_n_3m,minbid_unit_land_mn_m2,2850,0.04087911218740511,0.029087235344489502,0.01852972037929963,0.32272806595177295,False,rtms_land,valuation,0.01852972037929963,,0.4501010642035722,
rtms_apt_med_unit,kiscon_amt_all,4731,0.07288123436128163,5.213450260091966e-07,0.014366090044048535,0.32319081050120146,False,rtms_apt,kiscon,0.014366090044048535,,0.45048574511734846,
land_area_m2,round_no,311,0.007369794175793927,0.8970046349972859,0.05609642062744419,0.3241015761114965,True,site_price,site_price,0.05609642062744419,,0.45149410313798066,
rtms_land_dae_n_3m,appr_unit_land_mn_m2,4548,0.01833430699882611,0.21638095716774317,0.014575708995628857,0.3257298964122263,False,rtms_land,valuation,0.014575708995628857,,0.4535003179396103,
unsold_pct_completed,kiscon_cnt_priv,4041,0.017732951700244543,0.25974104657265207,0.015457388488134265,0.3259209190754136,False,unsold,kiscon,0.015457388488134265,,0.4535042811615166,
rtms_land_n_yoy_pct,unsold_pct_completed,4038,-0.001140015665599274,0.9422675206069165,0.015403322028762462,0.3277958981902576,False,rtms_land,unsold,0.015403322028762462,,0.45585003729862716,
rtms_apt_unit_3m,excess_pp_med,446,-0.07265570610373136,0.12549420676415807,-0.04631095404088164,0.32916027199380193,False,rtms_apt,excess,0.04631095404088164,,0.4573411112739422,
rtms_land_med_unit,rtms_nrg_n,4723,0.04088752129783148,0.004948166319492623,0.014199381760441682,0.32924764649804555,False,rtms_land,rtms_nrg,0.014199381760441682,,0.4573411112739422,
rtms_land_n,minbid_vs_rtms_dae_3m,2850,0.04210488958403422,0.024589155453332897,0.01821525029493958,0.33100959823201564,False,rtms_land,valuation,0.01821525029493958,,0.4588618726161889,
minbid_unit_land_mn_m2,kiscon_amt_all,2850,-0.07002047859965409,0.00018327277936268358,-0.018215023415412614,0.33101562224500225,False,valuation,kiscon,0.018215023415412614,,0.4588618726161889,
rtms_land_dae_unit_3m,rtms_fac_n_3m,4732,-0.030565222263621857,0.035509226740802396,-0.014131725286920225,0.3310970649143127,False,rtms_land,rtms_fac,0.014131725286920225,,0.4588618726161889,
rtms_apt_med_unit,appr_unit_land_mn_m2,4547,0.007124728311519385,0.6310107172095791,0.014415220222962303,0.3311389151721951,False,rtms_apt,valuation,0.014415220222962303,,0.4588618726161889,
unsold_total,minbid_vs_rtms_dae_3m,2640,-0.015407228079182237,0.4287632499130428,-0.018911409931490358,0.3313926788957366,False,unsold,valuation,0.018911409931490358,,0.4588618726161889,
rentidx_office,rtms_fac_med_unit,3669,-0.0031429324412190797,0.8490660958496077,0.016035245812082485,0.33153696709689723,False,commercial,rtms_fac,0.016035245812082485,,0.4588618726161889,
yield_midlarge,rtms_land_n_yoy_pct,4724,-0.011089338089682876,0.4460558113665882,0.014126243989927659,0.3316939733963483,False,commercial,rtms_land,0.014126243989927659,,0.4588618726161889,
rtms_land_n_3m,ah_under_ratio,3825,-0.01736568169707911,0.2829401147827907,-0.015694000623395404,0.3318656613983474,False,rtms_land,applyhome,0.015694000623395404,,0.4588618726161889,
rtms_land_dae_med_unit,n_rounds_m,440,0.01536097176149513,0.7479702957904252,0.04632754220844802,0.3322803104906984,False,rtms_land,site_price,0.04632754220844802,,0.4591717593363435,
apt_idx_yoy_pct,unsold_completed,4149,-0.005404538052280351,0.72782613588068,-0.015045572952741225,0.3326004379825958,False,land_house,unsold,0.015045572952741225,,0.45935074815934435,
rtms_fac_n,n_rounds_m,446,0.1611399744612969,0.0006357921271510509,-0.04588696396856468,0.33361231227729904,False,rtms_fac,site_price,0.04588696396856468,,0.46048434856144943,
rtms_land_med_unit,unsold_total,4370,-0.005536034297027788,0.7144672648012769,0.014618348464457072,0.33397645798189757,False,rtms_land,unsold,0.014618348464457072,,0.46072310460009913,
appr_vs_rtms_dae_3m,kiscon_amt_priv,4548,-0.04648273221221968,0.001715171789994829,-0.01431726344024172,0.3343825513080495,False,valuation,kiscon,0.01431726344024172,,0.4610194214258577,
rtms_land_dae_med_unit,kiscon_amt_priv,4666,0.08773067082951486,1.940767759892243e-09,0.014101736086740119,0.3355209498680495,False,rtms_land,kiscon,0.014101736086740119,,0.4622729584617454,
rtms_nrg_med_unit,rtms_apt_n,4711,-0.003918965548901703,0.7879953919367544,0.014029710866630308,0.3356753847751263,False,rtms_nrg,rtms_apt,0.014029710866630308,,0.4622729584617454,
appraisal_mn,ah_supply_sum,3741,-0.007743568951253141,0.6358748599591035,-0.015719632043653897,0.3364470089962708,False,site_price,applyhome,0.015719632043653897,,0.46304121632363954,
rentidx_office,ah_sale_unit_med,3479,0.03178700581128626,0.06083477094101742,0.016295387791184036,0.3366175149373512,False,commercial,applyhome,0.016295387791184036,,0.46304121632363954,
rtms_nrg_med_unit,rtms_apt_n_3m,4711,0.009353203403400605,0.5209920581187399,0.013980099185275081,0.33738725662407454,False,rtms_nrg,rtms_apt,0.013980099185275081,,0.46334491140586137,
land_area_m2,apt_idx,4662,-0.01624571430963774,0.26742403118734265,0.014052116220574272,0.3374316762218686,False,site_price,land_house,0.014052116220574272,,0.46334491140586137,
min_bid_mn,rtms_land_n_yoy_pct,2868,0.0034998694823897194,0.851386327074438,0.01791674881933157,0.337474571644664,False,site_price,rtms_land,0.01791674881933157,,0.46334491140586137,
min_bid_mn,rtms_land_n,2873,0.005159213696171051,0.7822275876436031,0.017896222657402944,0.33760732963846163,False,site_price,rtms_land,0.017896222657402944,,0.46334491140586137,
rtms_fac_unit_3m,minbid_unit_land_mn_m2,2600,-0.004441492514167131,0.8209177174986814,-0.018761209192281088,0.33893995778058716,False,rtms_fac,valuation,0.018761209192281088,,0.4649091054360928,
rtms_land_n_3m,unsold_total,4377,0.0249422300503717,0.09895605935574715,-0.014421857558100529,0.3401285377054622,False,rtms_land,unsold,0.014421857558100529,,0.4662740477077156,
unsold_pct_completed,kiscon_cnt_pub,4041,-0.023232756513957665,0.13977692748082593,-0.014955201853299845,0.3418866099780927,False,unsold,kiscon,0.014955201853299845,,0.4683017356772968,
rentidx_office,rtms_apt_n,4636,-0.105509661537187,5.927770840615019e-13,-0.01395416906004203,0.3421610428346634,False,commercial,rtms_apt,0.01395416906004203,,0.4683017356772968,
land_area_m2,excess_pp_med,442,-0.010351134089441692,0.8282007839605845,-0.04528461162734889,0.3421906043683484,False,site_price,excess,0.04528461162734889,,0.4683017356772968,
rtms_nrg_n,rtms_apt_med_unit,4731,0.01724023518736771,0.23578141454371557,-0.01378311961737021,0.3432166712396906,False,rtms_nrg,rtms_apt,0.01378311961737021,,0.46943937439707967,
vac_midlarge,appr_vs_rtms_all_3m,4548,-0.01630478577185536,0.27161673753749765,0.014045931715744833,0.3436245246595052,False,commercial,valuation,0.014045931715744833,,0.469730632121048,
apt_idx,minbid_vs_rtms_dae_3m,2850,0.0015508348036254987,0.9340458319303464,0.017729163444818362,0.34407847002451314,False,land_house,valuation,0.017729163444818362,,0.4700845310425605,
round_no,rtms_apt_n_3m,315,0.028363401874221705,0.6160192225679888,0.05331505174486269,0.3456003819310099,False,site_price,rtms_apt,0.05331505174486269,0.003997589653158107,0.47189627221174724,0.005567285406875235
appr_vs_rtms_dae_3m,kiscon_amt_priv_yoy_pct,4548,-0.004420921702080891,0.7656562802851375,-0.013927837949869883,0.34769743159404193,False,valuation,kiscon,0.013927837949869883,,0.47449083246978546,
house_idx_yoy_pct,rtms_nrg_n_yoy_pct,4391,0.03434918751511513,0.022836465618999532,0.014138159464042793,0.3489438440435263,False,land_house,rtms_nrg,0.014138159464042793,,0.47592227738817117,
rentidx_office,n_rounds_m,442,0.004540589140884594,0.9241634429778127,0.04458080888312105,0.34975288605355426,False,commercial,site_price,0.04458080888312105,,0.4764895674772157,
rentidx_midlarge,rtms_land_dae_unit_3m,4732,-0.03780726512951249,0.009295599811780847,0.013596081215122987,0.3497552053390849,False,commercial,rtms_land,0.013596081215122987,,0.4764895674772157,
kiscon_amt_pub,kiscon_amt_priv_yoy_pct,4732,-0.02257810375782586,0.12044108805289586,-0.013585282539795919,0.3501380895758143,True,kiscon,kiscon,0.013585282539795919,,0.47674169258627824,
capret_midlarge,rtms_land_n_yoy_pct,4724,-0.02316625520636112,0.11137559998894857,0.0135683773993246,0.35114577323338675,False,commercial,rtms_land,0.0135683773993246,,0.4778437682057945,
land_area_m2,rtms_apt_n_3m,4662,0.006990010045553502,0.633257005260226,-0.01363915118467844,0.3518230459126327,False,site_price,rtms_apt,0.01363915118467844,,0.4784952261001381,
rtms_land_dae_unit_3m,kiscon_amt_all,4732,0.007805424673010038,0.5914072566252242,0.013529021023688994,0.35213722916861456,False,rtms_land,kiscon,0.013529021023688994,,0.4786524096426176,
rtms_fac_unit_3m,appr_vs_rtms_dae_3m,4198,-0.002304571129105022,0.881337867759419,-0.014315347833934183,0.35377549163800737,False,rtms_fac,valuation,0.014315347833934183,,0.48041562297934043,
round_no,rtms_land_dae_n_3m,315,0.031390748199687894,0.5788587934977802,-0.052413128080309866,0.35383308331465946,False,site_price,rtms_land,0.052413128080309866,0.18729165204558362,0.48041562297934043,0.19367079550762667
land_chg_cum12_pct,vac_office,4636,-0.1849737075334933,5.847306987167133e-37,-0.013507019803105608,0.3578538108893477,False,land_house,commercial,0.013507019803105608,,0.48560117356043236,
rtms_land_n,kiscon_amt_priv,4732,-0.03221222102536128,0.02670155371551627,0.013344124171975849,0.35875791709073457,False,rtms_land,kiscon,0.013344124171975849,,0.48655406876121005,
rtms_land_dae_med_unit,kiscon_cnt_priv_yoy_pct,4666,0.021347303966722166,0.14484888058437795,-0.013420024313158266,0.3594087115865419,False,rtms_land,kiscon,0.013420024313158266,,0.48716253932708997,
house_idx,ah_rate_med,3478,-0.0016468864252558698,0.922655260943229,0.015521119222735285,0.360150983875438,False,land_house,applyhome,0.015521119222735285,,0.4878942502191149,
excess_pp_med,ah_sale_unit_med,349,-0.12530174633074673,0.019197788549697923,-0.04908469558758638,0.36059114609578097,False,excess,applyhome,0.04908469558758638,,0.48821610229822027,
vac_midlarge,rtms_fac_med_unit,3740,-0.014044198151469643,0.39054150636864127,0.01493608551329111,0.36115315840967704,False,commercial,rtms_fac,0.01493608551329111,,0.4887024771293215,
min_bid_mn,rtms_fac_n,2873,0.0009348309963781287,0.9600542578619311,0.017018650656421903,0.36183447401957736,False,site_price,rtms_fac,0.017018650656421903,,0.4893496534159267,
house_idx_yoy_pct,rtms_land_dae_n,4394,-0.010882639021602096,0.470788708858649,0.013732220134483516,0.36279346308427113,False,land_house,rtms_land,0.013732220134483516,,0.49037142234048986,
rtms_fac_med_unit,kiscon_amt_indiv,3740,-0.0029226852020457867,0.8581897407926129,-0.014868902109726497,0.36331739140048414,False,rtms_fac,kiscon,0.014868902109726497,,0.4908043235847347,
land_area_m2,rtms_fac_n_3m,4662,0.009750684652057258,0.5056650618224506,0.013308272392276398,0.3636299772368495,False,site_price,rtms_fac,0.013308272392276398,,0.49095139783798725,
land_area_m2,rtms_land_dae_n_3m,4662,0.0009865577656354913,0.9463086671216931,-0.013265555893958255,0.3651721116261088,False,site_price,rtms_land,0.013265555893958255,,0.4927574406600908,
rtms_fac_n_yoy_pct,kiscon_cnt_pub,3791,0.022568610546673973,0.164743733367702,0.014691365500570689,0.36582893238675857,False,rtms_fac,kiscon,0.014691365500570689,,0.49336750254733525,
yield_office,excess_pp_med,442,-0.09692455181281298,0.041675173191621485,-0.043091963869763036,0.3660955713740934,False,commercial,excess,0.043091963869763036,,0.49345096589013704,
minbid_vs_rtms_all_3m,kiscon_cnt_priv_yoy_pct,2850,-0.014808555834321113,0.429377653499952,0.016890795165114627,0.36738076498937194,False,valuation,kiscon,0.016890795165114627,,0.4949064525569516,
rtms_fac_med_unit,rtms_apt_n_yoy_pct,3740,-0.05201210315271833,0.001463028928209854,0.014719673911217845,0.36815354560139485,False,rtms_fac,rtms_apt,0.014719673911217845,,0.4956704161448947,
rtms_land_dae_n_3m,kiscon_amt_priv,4732,-0.035253855287089644,0.015299558630777588,-0.01307388564904221,0.36857419175562434,False,rtms_land,kiscon,0.01307388564904221,,0.49586263850901263,
land_area_m2,rtms_apt_n_yoy_pct,4662,0.014990056257971446,0.3061723192265885,-0.013168041188889906,0.36870782083325754,False,site_price,rtms_apt,0.013168041188889906,,0.49586263850901263,
rtms_fac_n,ah_supply_sum,3877,0.10210025870407735,1.866556201786126e-10,0.014391259036972602,0.37033969555426605,False,rtms_fac,applyhome,0.014391259036972602,,0.49756583688137024,
house_idx,unsold_total,4377,0.11974154424082992,1.8906150959784767e-15,-0.013542594929726441,0.3703871831390781,False,land_house,unsold,0.013542594929726441,,0.49756583688137024,
rtms_nrg_n,rtms_fac_unit_3m,4363,-0.052099728925676436,0.0005759465901183656,-0.013548057780226646,0.37096104964793386,False,rtms_nrg,rtms_fac,0.013548057780226646,,0.4980591251540505,
round_no,rtms_land_dae_med_unit,308,0.012091486049415625,0.8326144717687418,0.05096792376206944,0.37270070600932526,False,site_price,rtms_land,0.05096792376206944,0.45583271399085423,0.5001162034980366,0.45583271399085423
land_area_m2,rtms_nrg_n_yoy_pct,4646,-0.0175933530377827,0.2305432195590293,-0.013069565837319818,0.37312207042703394,False,site_price,rtms_nrg,0.013069565837319818,,0.5004029992927945,
appr_vs_rtms_all_3m,excess_pp_med,442,0.021922637857360996,0.6457694952051186,0.04237394532418005,0.3741440522795722,False,valuation,excess,0.04237394532418005,,0.5014945305860784,
rtms_nrg_unit_3m,kiscon_amt_all,4730,0.007405788928822876,0.6106082135739667,-0.012884857520496623,0.37563984850066434,False,rtms_nrg,kiscon,0.012884857520496623,,0.5032195858180106,
rtms_nrg_n_3m,rtms_fac_n_yoy_pct,3791,0.039202978286938694,0.015782694777385038,-0.014356906497625907,0.3768449448124534,False,rtms_nrg,rtms_fac,0.014356906497625907,,0.5043734360381982,
rtms_fac_n,minbid_vs_rtms_dae_3m,2850,-0.002560175410947531,0.8913341453818041,0.01655721135241836,0.3769197337364294,False,rtms_fac,valuation,0.01655721135241836,,0.5043734360381982,
rtms_fac_unit_3m,appr_vs_rtms_all_3m,4198,-0.0011757236390936782,0.9392959450049558,-0.013575614449708647,0.3792009934645359,False,rtms_fac,valuation,0.013575614449708647,,0.5071445029131695,
rtms_land_n,rtms_fac_n_3m,4732,-0.004647831385351227,0.7492416924651729,0.01277538765391868,0.37960916921192556,False,rtms_land,rtms_fac,0.01277538765391868,,0.5074088174158295,
unsold_pct_completed,kiscon_amt_pub,4041,-0.01327566835275389,0.3988397519379786,-0.013817832622419188,0.3798601279933665,False,unsold,kiscon,0.013817832622419188,,0.5074628095698521,
rtms_nrg_unit_3m,excess_pp_med,446,-0.018012602834693105,0.7044159286386129,-0.041571684901757736,0.3811086777979411,False,rtms_nrg,excess,0.041571684901757736,,0.5088487055363092,
rtms_apt_n_yoy_pct,minbid_vs_rtms_all_3m,2850,0.019657028450681575,0.29416009972045576,0.016386658529954166,0.38185520737042267,False,rtms_apt,valuation,0.016386658529954166,,0.5095631504776958,
rtms_fac_med_unit,kiscon_cnt_indiv,3740,0.043040830288949145,0.008475273545382809,0.014291123781134415,0.38226321312373196,False,rtms_fac,kiscon,0.014291123781134415,,0.5098253146807936,
capret_midlarge,excess_pp_med,446,-0.19890711884618034,2.3242068672066093e-05,-0.04142977936704701,0.3827377411948678,False,commercial,excess,0.04142977936704701,,0.5101758607741325,
apt_idx_yoy_pct,rtms_nrg_n,4394,0.013468200638224202,0.3720947212172627,-0.013162375277919927,0.38305169006712814,False,land_house,rtms_nrg,0.013162375277919927,,0.5103120912447644,
rtms_land_med_unit,rtms_apt_med_unit,4722,-0.03223990827407466,0.026731730640962938,-0.012654460985388244,0.3846399858162521,False,rtms_land,rtms_apt,0.012654460985388244,,0.5114113332987315,
rtms_fac_n_yoy_pct,ah_sale_unit_med,2774,0.009067404531094487,0.6331031794376769,-0.016504084729160894,0.3848923405378819,False,rtms_fac,applyhome,0.016504084729160894,,0.5114113332987315,
appr_unit_land_mn_m2,kiscon_cnt_pub,4548,0.035262750248405014,0.017399010032454528,0.012885741635997013,0.38495820879663956,False,valuation,kiscon,0.012885741635997013,,0.5114113332987315,
discount_ratio,rtms_land_dae_n_3m,2853,-0.011215437584817885,0.5492983400414738,0.016270683521224773,0.38498360933022974,False,site_price,rtms_land,0.016270683521224773,,0.5114113332987315,
rtms_nrg_n_3m,rtms_apt_med_unit,4731,0.029126250307465393,0.04514884547900045,0.0126293863416209,0.3851300360913795,False,rtms_nrg,rtms_apt,0.0126293863416209,,0.5114113332987315,
rtms_land_dae_unit_3m,rtms_nrg_n_yoy_pct,4716,0.0007825912821801725,0.9571512675935888,0.012648932230526138,0.38515002901958406,False,rtms_land,rtms_nrg,0.012648932230526138,,0.5114113332987315,
rtms_apt_n,appr_vs_rtms_dae_3m,4548,-0.0006491507054777641,0.9650909648775902,0.012872809570611193,0.3854354223647989,False,rtms_apt,valuation,0.012872809570611193,,0.5115084624995404,
appraisal_mn,kiscon_cnt_priv,4576,0.01337703950438925,0.3656252321490967,-0.012815334274762969,0.3861027763070481,False,site_price,kiscon,0.012815334274762969,,0.5121121028618525,
unsold_pct_completed,kiscon_amt_priv,4041,-0.01417434161382319,0.36768763119092196,0.013602042763904348,0.3873468653045981,False,unsold,kiscon,0.013602042763904348,,0.5132861854200534,
unsold_pct_completed,ah_rate_med,2963,-0.03320592161758624,0.07072355712337014,0.015880476321991355,0.38752264190762076,False,unsold,applyhome,0.015880476321991355,,0.5132861854200534,
rtms_land_n_3m,rtms_fac_unit_3m,4363,-0.07302444524450942,1.3753112385209722e-06,-0.013082516940512866,0.3876269118109947,False,rtms_land,rtms_fac,0.013082516940512866,,0.5132861854200534,
apt_idx_yoy_pct,appr_vs_rtms_dae_3m,4214,-0.029480050107076328,0.05567700207734671,-0.013278271262827,0.38882751474385924,False,land_house,valuation,0.013278271262827,,0.5145932512535425,
apt_idx_yoy_pct,rtms_fac_n_yoy_pct,3574,0.04352700947996452,0.009254795994204477,0.014372862880953909,0.39034283008534826,False,land_house,rtms_fac,0.014372862880953909,,0.5163151594432982,
land_chg_pct,rtms_nrg_med_unit,4711,0.033040900613520795,0.023339170526449387,0.012490518369100428,0.39138177296665916,False,land_house,rtms_nrg,0.012490518369100428,,0.5172679235806793,
rentidx_midlarge,rtms_nrg_n_yoy_pct,4716,-0.015485588771516515,0.2876795517241225,-0.012477986831978103,0.39160588419508185,False,commercial,rtms_nrg,0.012477986831978103,,0.5172679235806793,
apt_idx_yoy_pct,minbid_vs_rtms_dae_3m,2665,0.004326493853177138,0.8233443526833374,-0.01659837962560761,0.391707037566282,False,land_house,valuation,0.01659837962560761,,0.5172679235806793,
rtms_nrg_unit_3m,rtms_apt_n_3m,4730,0.017686563171802862,0.22392134054362076,-0.01242256689767869,0.39301128618913306,False,rtms_nrg,rtms_apt,0.01242256689767869,,0.5187010494995785,
rtms_nrg_unit_3m,kiscon_amt_pub,4730,0.003021531257620073,0.8354231215333999,-0.012417017034045987,0.39322274582395433,False,rtms_nrg,kiscon,0.012417017034045987,,0.5187010494995785,
rtms_nrg_n,minbid_unit_land_mn_m2,2850,-0.0038342032983431132,0.8378835610190691,0.015974960513842906,0.3939312079365951,False,rtms_nrg,valuation,0.015974960513842906,,0.519351318997371,
rtms_apt_n,rtms_fac_unit_3m,4363,-0.03701933370772257,0.014470124356501668,-0.012873159311780924,0.3952681109777363,False,rtms_apt,rtms_fac,0.012873159311780924,,0.5208289488553004,
bldg_area_m2,rtms_apt_unit_3m,1314,-0.006759764811096204,0.8066072358359678,0.023445612703184026,0.39577494734634155,False,site_price,rtms_apt,0.023445612703184026,,0.5212118159041985,
rtms_nrg_n_3m,kiscon_cnt_indiv,4732,0.02112872492590872,0.1461645211317932,0.01226935269954696,0.39877456049828897,False,rtms_nrg,kiscon,0.01226935269954696,,0.5248753090119478,
rtms_land_n,rtms_apt_unit_3m,4732,-0.023976171014449526,0.09912490775298509,-0.01222885688583806,0.40033304947823334,False,rtms_land,rtms_apt,0.01222885688583806,,0.5266390006782437,
apt_idx_yoy_pct,kiscon_amt_all,4394,0.07384215206638872,9.579216066247662e-07,0.012657676170023946,0.4015605201843382,False,land_house,kiscon,0.012657676170023946,,0.5279655502696428,
house_idx,kiscon_amt_priv,4732,-0.0032427515516447796,0.8235284845625559,-0.01210354640924676,0.4051787774192631,False,land_house,kiscon,0.01210354640924676,,0.5324323083862728,
unsold_completed,kiscon_cnt_pub,4377,-0.006430684742071227,0.6705961947259886,-0.012569521388313411,0.40575841463169043,False,unsold,kiscon,0.012569521388313411,,0.5329034219413482,
appraisal_mn,rtms_land_dae_n_3m,4576,0.0018689228136041717,0.8994224403363708,-0.012278073659527778,0.406330382626438,False,site_price,rtms_land,0.012278073659527778,,0.5333639554083418,
n_rounds_m,ah_rate_med,351,0.013826563577448964,0.7963074272555443,0.04429845576963073,0.4080233661658976,False,site_price,applyhome,0.04429845576963073,,0.535294671997721,
appr_unit_land_mn_m2,ah_n_pblanc,3714,-0.01304074195292866,0.4269027056138287,-0.01354363533511623,0.4092896718039622,False,valuation,applyhome,0.01354363533511623,,0.5366638242913759,
n_rounds_m,kiscon_amt_all,446,-0.11536035638762948,0.014786421840769347,0.039114549939629956,0.40991333363590055,False,site_price,kiscon,0.039114549939629956,,0.5371596238541554,
rtms_land_dae_n,kiscon_amt_priv,4732,-0.04253149980284452,0.0034304955401536982,-0.01197684964195264,0.4101135717392721,False,rtms_land,kiscon,0.01197684964195264,,0.5371596238541554,
min_bid_mn,rtms_land_med_unit,2865,0.005315174902117333,0.7761220298917149,0.015189774979765662,0.4163698136170012,False,site_price,rtms_land,0.015189774979765662,,0.5447839531073198,
rtms_nrg_unit_3m,ah_under_ratio,3824,0.02748984824141815,0.08918804877620108,-0.013146122490630045,0.416386739262939,False,rtms_nrg,applyhome,0.013146122490630045,,0.5447839531073198,
unsold_completed,minbid_vs_rtms_dae_3m,2640,0.014267473669508377,0.4637010468220085,-0.015806950594341708,0.41688235197751533,False,unsold,valuation,0.015806950594341708,,0.5451364450709778,
rtms_land_dae_unit_3m,rtms_apt_unit_3m,4732,0.027315420699065344,0.06026235557394508,0.011772302545181213,0.41815555410393884,False,rtms_land,rtms_apt,0.011772302545181213,,0.5465048185414819,
land_area_m2,vac_midlarge,4662,0.019140769704003188,0.1913218246510912,0.011820623848043402,0.4197181968032197,False,site_price,commercial,0.011820623848043402,,0.5482497855261569,
discount_ratio,rtms_fac_n,2853,-0.005607078970839327,0.7646617805903069,0.015022259575093781,0.422503900009677,False,site_price,rtms_fac,0.015022259575093781,,0.5515895986041829,
land_area_m2,kiscon_cnt_all,4662,-0.014480082086868906,0.32292256728604735,-0.011737805340487142,0.42298321468979166,False,site_price,kiscon,0.011737805340487142,,0.5519163765037346,
rtms_land_dae_n,excess_pp_med,446,0.008136905677866905,0.8639394737387817,0.03797684223203673,0.4236760824887363,False,rtms_land,excess,0.03797684223203673,,0.552521298050787,
house_idx,kiscon_amt_all,4732,0.011753950316358843,0.41888160130174007,0.01160487615652222,0.42480666211773244,False,land_house,kiscon,0.01160487615652222,,0.5536960820463683,
apt_idx,rtms_apt_med_unit,4731,0.08097676397278665,2.440638190249869e-08,0.01159048817009811,0.42543004391095746,False,land_house,rtms_apt,0.01159048817009811,,0.553738654088082,
discount_ratio,unsold_completed,2641,0.027960232309080967,0.15086142488847193,-0.015513820973792497,0.4254881827856228,False,site_price,unsold,0.015513820973792497,,0.553738654088082,
unsold_completed,minbid_unit_land_mn_m2,2640,0.005887096418012482,0.7623899482622333,0.015515405770483206,0.4255286254651983,False,unsold,valuation,0.015515405770483206,,0.553738654088082,
min_bid_mn,rtms_land_unit_3m,2873,0.05446910659973754,0.0034951278256152543,0.014860904798662929,0.4258882682203196,False,site_price,rtms_land,0.014860904798662929,,0.5539075695687913,
minbid_vs_rtms_all_3m,kiscon_cnt_all,2850,0.02303486284483885,0.21894105484129764,0.014786612247852214,0.43006178873094636,False,valuation,kiscon,0.014786612247852214,,0.559033932492762,
appr_unit_land_mn_m2,ah_supply_sum,3714,-0.011541484924225496,0.4819593436261344,-0.012894320963631429,0.4321126884012989,False,valuation,applyhome,0.012894320963631429,,0.5613970776534395,
n_rounds_m,kiscon_cnt_pub,446,-0.08376012889470238,0.07722015835846045,-0.03710323198481852,0.43442458784166776,False,site_price,kiscon,0.03710323198481852,,0.5640965822728552,
rtms_nrg_n,kiscon_amt_priv,4732,-0.02364112188453562,0.10393702844746779,0.01133363445433054,0.4357120344969321,False,rtms_nrg,kiscon,0.01133363445433054,,0.5651948020203327,
bldg_area_m2,unsold_completed,1247,-0.028780912522578812,0.3098540968568137,-0.02209095080692455,0.4357393950845552,False,site_price,unsold,0.02209095080692455,,0.5651948020203327,
round_no,rtms_land_med_unit,315,0.004282828142477685,0.9396491705419591,-0.04395313611161219,0.43694329781759167,False,site_price,rtms_land,0.04395313611161219,,0.5664515049706271,
capret_office,appr_unit_land_mn_m2,4453,0.004386002259134467,0.7698273874022056,0.011645601735852993,0.43720094420520267,False,commercial,valuation,0.011645601735852993,,0.5664807932981389,
round_no,appr_vs_rtms_dae_3m,311,6.758632697899478e-05,0.9990528327471322,-0.04400877287214482,0.4393136417833299,False,site_price,valuation,0.04400877287214482,,0.5688127411396858,
rtms_land_dae_unit_3m,ah_rate_med,3478,-0.00044657887872054283,0.978996254721939,0.013112916342485828,0.4394727485485872,False,rtms_land,applyhome,0.013112916342485828,,0.5688127411396858,
rtms_land_unit_3m,kiscon_amt_priv,4732,-0.017045908313335748,0.24105436761398538,-0.011232567129562854,0.43981639809531264,False,rtms_land,kiscon,0.011232567129562854,,0.5689519696241028,
land_area_m2,rtms_land_n_yoy_pct,4654,-0.00518843004632295,0.7234414058589529,-0.011307178914144992,0.44059087838878297,False,site_price,rtms_land,0.011307178914144992,,0.5696480777451539,
rtms_nrg_unit_3m,rtms_fac_med_unit,3738,-0.007452468348903716,0.6487554806526181,0.01260701402239314,0.44097050802223203,False,rtms_nrg,rtms_fac,0.01260701402239314,,0.569833203396021,
rtms_land_dae_unit_3m,unsold_completed,4377,-0.002095168839552409,0.8897862954082446,-0.011642053587780126,0.44128117448284643,False,rtms_land,unsold,0.011642053587780126,,0.5699290624349731,
minbid_vs_rtms_all_3m,kiscon_amt_priv,2850,-0.04557203353827531,0.014971090483425743,-0.014345928328547374,0.44393433312497543,False,valuation,kiscon,0.014345928328547374,,0.5730486035517893,
rtms_fac_unit_3m,minbid_vs_rtms_all_3m,2600,-0.0021792004854944216,0.9115651550273195,-0.015008989891492557,0.44427964894986405,False,rtms_fac,valuation,0.015008989891492557,,0.5731873415252529,
rtms_apt_n_yoy_pct,n_rounds_m,446,0.01560365681753005,0.7424396164608528,-0.036170352476385496,0.4460737535292845,False,rtms_apt,site_price,0.036170352476385496,,0.5751940856102599,
unsold_pct_completed,ah_n_pblanc,3314,-0.04380293421412094,0.011673017640660161,0.013146591753474756,0.4493125215454453,False,unsold,applyhome,0.013146591753474756,,0.5790605224195311,
unsold_completed,kiscon_cnt_priv,4377,-0.008020208626262897,0.5957894619487881,-0.011404486521014163,0.45065871434592486,False,unsold,kiscon,0.011404486521014163,,0.5803856605355944,
rtms_land_n,rtms_land_med_unit,4723,-0.014709647063384913,0.312162840248001,0.010974632969933918,0.4508223885986028,True,rtms_land,rtms_land,0.010974632969933918,,0.5803856605355944,
vac_midlarge,appr_vs_rtms_dae_3m,4548,-0.011237235659898245,0.44866533959511035,0.011164249979160028,0.45161770695716646,False,commercial,valuation,0.011164249979160028,,0.5810991317494774,
bldg_area_m2,vac_office,1311,0.013448000315895726,0.626627487387438,-0.020766281860471858,0.45249391726975124,False,site_price,commercial,0.020766281860471858,,0.581915870128122,
ah_rate_med,ah_sale_unit_med,3159,0.008735203704009544,0.6235841629742446,0.013334641323921613,0.4537306632889404,True,applyhome,applyhome,0.013334641323921613,,0.5831951458807181,
bldg_area_m2,rtms_nrg_unit_3m,1312,0.010534381811227199,0.7030411851913383,0.020641645523788037,0.45503993699232725,False,site_price,rtms_nrg,0.020641645523788037,,0.5845662303579471,
bldg_area_m2,yield_office,1311,-0.027529499820602273,0.31924103239815593,0.020629653573996327,0.4554741818980576,False,site_price,commercial,0.020629653573996327,,0.5848123486277671,
vac_office,rtms_nrg_unit_3m,4634,-0.049972936445762985,0.00066640372674742,0.010919360129607227,0.4573965793112837,False,commercial,rtms_nrg,0.010919360129607227,,0.5869679212674088,
land_area_m2,rtms_land_dae_med_unit,4598,-0.0018581377748906154,0.8997608276367058,0.010935941928875832,0.45846855014549215,False,site_price,rtms_land,0.010935941928875832,,0.5879837946738988,
discount_ratio,ah_under_ratio,2362,0.016910859919452043,0.4113624132595341,-0.015250584284162969,0.4587932404754774,False,site_price,applyhome,0.015250584284162969,,0.5879837946738988,
unsold_completed,kiscon_amt_indiv,4377,0.002166848382883364,0.886040993411519,0.011197504132047998,0.45892013185958663,False,unsold,kiscon,0.011197504132047998,,0.5879837946738988,
land_chg_pct,capret_office,4636,0.09549950172071217,7.243379570310971e-11,0.010771805821823048,0.46340222922949176,False,land_house,commercial,0.010771805821823048,,0.5928249665327584,
appraisal_mn,minbid_vs_rtms_all_3m,2845,0.002005512530365063,0.9148491052525376,0.01375205612366088,0.4634200284825354,False,site_price,valuation,0.01375205612366088,,0.5928249665327584,
land_chg_pct,minbid_vs_rtms_all_3m,2850,0.01033213197273708,0.5813885249383663,-0.013739468591671954,0.46343661284137627,False,land_house,valuation,0.013739468591671954,,0.5928249665327584,
rtms_nrg_unit_3m,ah_sale_unit_med,3492,-0.01983900827547609,0.2411789716080613,-0.012364772417225146,0.46512149763613425,False,rtms_nrg,applyhome,0.012364772417225146,,0.5945590726593868,
min_bid_mn,land_chg_pct,2873,-0.008753684318000486,0.6390656706702998,0.013627796932256638,0.46528564773261555,False,site_price,land_house,0.013627796932256638,,0.5945590726593868,
appr_unit_land_mn_m2,n_rounds_m,442,-0.08095199403893952,0.0891516879902361,-0.03474888323240161,0.46618226262295837,False,valuation,site_price,0.03474888323240161,,0.5953891112460676,
excess_pp_med,kiscon_amt_pub,446,0.0036456131461590872,0.9388026586882109,0.03455368011215323,0.4666755622854207,False,excess,kiscon,0.03455368011215323,,0.5957034455020466,
rtms_fac_unit_3m,ah_n_pblanc,3532,0.0013751550370157666,0.9348873116752834,-0.01219067201094008,0.46890011160408857,False,rtms_fac,applyhome,0.01219067201094008,,0.5982261879120453,
rtms_land_med_unit,excess_pp_med,446,0.02497808653967626,0.5988140288302746,0.03428973770077403,0.4700883344705949,False,rtms_land,excess,0.03428973770077403,,0.5994248074466316,
rtms_apt_med_unit,rtms_nrg_n_yoy_pct,4715,0.012080525651499592,0.40691771543986327,0.010483631599544331,0.471711905070764,False,rtms_apt,rtms_nrg,0.010483631599544331,,0.6011769916554951,
min_bid_mn,ah_sale_unit_med,2169,0.009302494930850063,0.6650145565689113,-0.01544716797541409,0.4721151707050934,False,site_price,applyhome,0.01544716797541409,,0.6013729182871433,
rtms_fac_unit_3m,kiscon_cnt_all,4363,0.009595260584890693,0.5263230928130476,0.010867073480544623,0.472992601539764,False,rtms_fac,kiscon,0.010867073480544623,,0.6021723030696414,
appraisal_mn,ah_under_ratio,3691,-0.03783238573963546,0.021533464189383025,-0.011733269971615699,0.4760800172415948,False,site_price,applyhome,0.011733269971615699,,0.605468567276584,
bldg_area_m2,rtms_fac_n,1314,0.021539138331028895,0.4353187011098931,-0.019675626934063696,0.47608420538967916,False,site_price,rtms_fac,0.019675626934063696,,0.605468567276584,
rtms_nrg_unit_3m,kiscon_amt_priv,4730,0.00782648879832311,0.5904854335262143,-0.010352289052070468,0.4765827326008659,False,rtms_nrg,kiscon,0.010352289052070468,,0.6057829037806366,
yield_midlarge,rtms_nrg_med_unit,4711,-0.004119883908556828,0.777405667704349,-0.010342449442124821,0.477888667342913,False,commercial,rtms_nrg,0.010342449442124821,,0.6071226612000108,
ah_sale_unit_med,kiscon_cnt_priv,3493,0.0020173471704076854,0.9051280709991928,0.011944159704033602,0.48037997841340874,False,applyhome,kiscon,0.011944159704033602,,0.6099661475112302,
rtms_land_med_unit,rtms_fac_n_yoy_pct,3790,-0.023998914458874997,0.13963008189275317,0.011452759767977648,0.48089953633926064,False,rtms_land,rtms_fac,0.011452759767977648,,0.6099846103820764,
land_area_m2,rtms_fac_unit_3m,4303,0.00024581870796279535,0.9871383801861048,-0.010745099616936064,0.48101898075098176,False,site_price,rtms_fac,0.010745099616936064,,0.6099846103820764,
min_bid_mn,rtms_apt_n_yoy_pct,2873,0.07434180275527558,6.64828064075504e-05,-0.013147748203464989,0.4811538358242021,False,site_price,rtms_apt,0.013147748203464989,,0.6099846103820764,
rtms_fac_n_3m,ah_rate_med,3478,-0.0077424637366063755,0.6480655670242526,0.011930825662154662,0.4818143363373314,False,rtms_fac,applyhome,0.011930825662154662,,0.6105008152328962,
min_bid_mn,appr_vs_rtms_dae_3m,2844,-0.0052096479781879685,0.7812381054777724,0.013175182876617564,0.4824652064326117,False,site_price,valuation,0.013175182876617564,,0.6108696063169536,
rtms_fac_med_unit,ah_under_ratio,2984,0.012323216607059163,0.5010035646242501,-0.012857840723715427,0.48261233627696254,False,rtms_fac,applyhome,0.012857840723715427,,0.6108696063169536,
unsold_pct_completed,ah_sale_unit_med,2995,-0.048138530087995665,0.008416565458201582,0.012816340633139738,0.4832214768039128,False,unsold,applyhome,0.012816340633139738,,0.611319558581328,
appr_unit_land_mn_m2,kiscon_amt_priv,4548,-0.03935147373522694,0.007951623290063794,-0.01037086985954463,0.4844106771978581,False,valuation,kiscon,0.01037086985954463,,0.612502482710828,
vac_midlarge,rtms_land_n_yoy_pct,4724,-0.007128825584456639,0.6242397326908244,-0.010133992748983345,0.4862054929121364,False,commercial,rtms_land,0.010133992748983345,,0.6144495217190606,
house_idx_yoy_pct,n_rounds_m,424,-0.001991470863047186,0.9673868756654815,-0.033829480953525684,0.48722195393356255,False,land_house,site_price,0.033829480953525684,,0.6154077814345202,
rtms_land_n,appr_vs_rtms_dae_3m,4548,0.027214677999499438,0.06648164915027034,0.010298272972655228,0.4874744625553938,False,rtms_land,valuation,0.010298272972655228,,0.6154077814345202,
rtms_fac_unit_3m,rtms_apt_n_yoy_pct,4363,-0.05747664499715863,0.00014554049618020043,0.010499630326534344,0.48808832372999567,False,rtms_fac,rtms_apt,0.010499630326534344,,0.615860136224759,
bldg_area_m2,kiscon_cnt_indiv,1314,0.0221395939119412,0.4226248702823368,0.019109799306143413,0.48886342565932994,False,site_price,kiscon,0.019109799306143413,,0.6165153615065333,
apt_idx_yoy_pct,rtms_land_dae_med_unit,4328,-0.02044990875597234,0.1785925675261558,0.010510995407271934,0.4893695857756604,False,land_house,rtms_land,0.010510995407271934,,0.6168309109410783,
land_area_m2,rtms_land_n_3m,4662,-0.015276125852290054,0.29703291820254984,-0.010108053632813826,0.49019498656868843,False,site_price,rtms_land,0.010108053632813826,,0.6175483103139253,
rtms_nrg_n_3m,kiscon_cnt_all,4732,0.015865748354956327,0.27519466559070505,0.00999943647376719,0.4916467325749094,False,rtms_nrg,kiscon,0.00999943647376719,,0.6187369585854292,
vac_office,appr_unit_land_mn_m2,4453,-0.026435937668532757,0.07774808904341615,-0.010306973504716484,0.4916935078782512,False,commercial,valuation,0.010306973504716484,,0.6187369585854292,
house_idx,rtms_apt_med_unit,4731,0.09723289721477477,2.0556288000542176e-11,0.009994446226621274,0.49190871894177685,False,land_house,rtms_apt,0.009994446226621274,,0.6187369585854292,
rtms_land_dae_med_unit,kiscon_cnt_pub,4666,0.030293150935849375,0.03852837477577694,0.010054785273875367,0.49229898195101385,False,rtms_land,kiscon,0.010054785273875367,,0.618900429248373,
rtms_nrg_n_3m,appr_unit_land_mn_m2,4548,0.004515853527834802,0.7607760470021682,0.010178492686503187,0.4925522918250536,False,rtms_nrg,valuation,0.010178492686503187,,0.618900429248373,
appr_vs_rtms_dae_3m,kiscon_cnt_pub,4548,0.025308721018652287,0.08789726257931994,-0.010131719140727306,0.49454282530770916,False,valuation,kiscon,0.010131719140727306,,0.6210777535130688,
kiscon_amt_all,kiscon_cnt_priv_yoy_pct,4732,-0.05435961112486424,0.0001831797142058496,-0.00992050277332397,0.4950725002442815,True,kiscon,kiscon,0.00992050277332397,,0.6214191279107909,
vac_office,n_rounds_m,442,-0.03870047534581443,0.41700339859922436,0.032401827169270064,0.49684719000207406,False,commercial,site_price,0.032401827169270064,,0.6233220863638721,
rtms_land_dae_n,appr_unit_land_mn_m2,4548,0.009182309381128208,0.5358588364427669,-0.010068462664538423,0.4972416443049046,False,rtms_land,valuation,0.010068462664538423,,0.6234923843781581,
rtms_land_dae_n_3m,ah_supply_sum,3877,-0.003708032318854107,0.8174631482730748,-0.010861450981110563,0.498979573682953,False,rtms_land,applyhome,0.010861450981110563,,0.6253462155881001,
capret_office,rtms_fac_n_3m,4636,-0.012790778792254529,0.3839171098910484,-0.00988595867065322,0.5009779281344635,False,commercial,rtms_fac,0.00988595867065322,,0.6273777338895014,
rtms_land_med_unit,kiscon_amt_priv,4723,0.009331920031844892,0.5214110180381033,0.009791161449948604,0.5011212189781287,False,rtms_land,kiscon,0.009791161449948604,,0.6273777338895014,
apt_idx,kiscon_amt_all,4732,0.004585252109126031,0.7525067946095075,0.009775201815977077,0.5014118320103802,False,land_house,kiscon,0.009775201815977077,,0.6274156361085235,
house_idx_yoy_pct,unsold_completed,4149,0.013476598663089989,0.38548062821644236,0.010383987619914001,0.5037012272402415,False,land_house,unsold,0.010383987619914001,,0.6298457527244865,
rtms_land_unit_3m,rtms_fac_unit_3m,4363,0.05638499454034677,0.00019431427597695918,0.0101195522278484,0.5039724577333178,False,rtms_land,rtms_fac,0.0101195522278484,,0.6298457527244865,
minbid_unit_land_mn_m2,ah_under_ratio,2355,-0.01307617142982895,0.525914329830899,-0.0137716700826978,0.5041379489649521,False,valuation,applyhome,0.0137716700826978,,0.6298457527244865,
land_area_m2,ah_sale_unit_med,3433,-0.0021553455482368447,0.8995421471961275,-0.011377787644712502,0.5051401603427903,False,site_price,applyhome,0.011377787644712502,,0.6307708737959195,
bldg_area_m2,appr_unit_land_mn_m2,1260,0.007537337459998928,0.789248050229604,0.01876173680233597,0.5058118461834382,False,site_price,valuation,0.01876173680233597,,0.6312825216478954,
rtms_nrg_unit_3m,minbid_unit_land_mn_m2,2850,-0.0022449825785975427,0.9046440787369885,-0.012431543038576284,0.5070761455864226,False,rtms_nrg,valuation,0.012431543038576284,,0.6325328731176388,
min_bid_mn,appr_vs_rtms_all_3m,2844,-0.0006786282788915137,0.971142999587282,-0.012398385391105202,0.5086570188050592,False,site_price,valuation,0.012398385391105202,,0.6341766245836485,
excess_pp_med,kiscon_amt_all,446,-0.039140949641428856,0.40959715588669543,-0.031225718172110183,0.5106944504374187,False,excess,kiscon,0.031225718172110183,,0.6362632840209125,
bldg_area_m2,rtms_land_unit_3m,1314,0.002093109891366813,0.939577179755769,0.01814843173124575,0.5109925115302518,False,site_price,rtms_land,0.01814843173124575,,0.6362632840209125,
house_idx_yoy_pct,kiscon_cnt_priv_yoy_pct,4394,-0.06010087881056784,6.708552811231393e-05,-0.009915350974051678,0.5111227045080857,False,land_house,kiscon,0.009915350974051678,,0.6362632840209125,
rtms_land_dae_n_3m,rtms_fac_n_3m,4732,0.08240205110756994,1.3743311090720027e-08,0.009507713142021024,0.513193536416202,False,rtms_land,rtms_fac,0.009507713142021024,,0.638511317895223,
apt_idx_yoy_pct,rtms_nrg_med_unit,4389,0.012008484662446473,0.4264049854803243,-0.009858836814914155,0.5137736112797662,False,land_house,rtms_nrg,0.009858836814914155,,0.6389032008174594,
unsold_pct_completed,kiscon_cnt_all,4041,-0.014620576390546463,0.35279814120528435,-0.010248393040747837,0.5148565804142451,False,unsold,kiscon,0.010248393040747837,,0.639356119184747,
appraisal_mn,rentidx_midlarge,4576,-0.009284358470491187,0.5300740735112985,-0.009629648532604236,0.5148879143201981,False,site_price,commercial,0.009629648532604236,,0.639356119184747,
min_bid_mn,rtms_fac_unit_3m,2623,-0.007229749908343786,0.7113067435521554,-0.012720022519549066,0.5149337042894581,False,site_price,rtms_fac,0.012720022519549066,,0.639356119184747,
rtms_nrg_n_yoy_pct,appr_vs_rtms_all_3m,4532,0.0013610300861178672,0.9270162559377242,0.009647982461395374,0.5161190337080848,False,rtms_nrg,valuation,0.009647982461395374,,0.6404978739631741,
rtms_land_dae_n_3m,rtms_apt_n_yoy_pct,4732,-0.02130016363412337,0.1429188921368755,0.009398521029919088,0.5180440683829594,False,rtms_land,rtms_apt,0.009398521029919088,,0.6425559468877674,
appraisal_mn,rtms_land_n_3m,4576,0.014140195575344051,0.33891255503540924,0.009516656790783715,0.5198324006049545,False,site_price,rtms_land,0.009516656790783715,,0.6444424307911215,
minbid_vs_rtms_all_3m,kiscon_cnt_priv,2850,0.012550237613991688,0.5030287756096607,0.012046284169232016,0.5203300018563607,False,valuation,kiscon,0.012046284169232016,,0.6444952324015606,
rtms_apt_n,rtms_fac_n,4732,-0.009440970211539088,0.516155578783793,0.009345456204904132,0.5204098432586876,False,rtms_apt,rtms_fac,0.009345456204904132,,0.6444952324015606,
round_no,rtms_nrg_med_unit,313,0.04492290455074362,0.42836803154579634,0.03643746722127726,0.5206922261936199,False,site_price,rtms_nrg,0.03643746722127726,,0.6445137468549686,
round_no,rtms_apt_med_unit,315,0.004066924912498219,0.942686187028502,0.036215356130312105,0.5219037255080217,False,site_price,rtms_apt,0.036215356130312105,,0.6455618533915222,
capret_office,minbid_unit_land_mn_m2,2806,-0.02222036951689631,0.2393267056206753,0.012089712876185033,0.5220747104813597,False,commercial,valuation,0.012089712876185033,,0.6455618533915222,
discount_ratio,unsold_pct_completed,2443,0.021005117507446214,0.29936454065370943,-0.012873940995797658,0.5247651531594867,False,site_price,unsold,0.012873940995797658,,0.6485559072381348,
appr_unit_land_mn_m2,ah_under_ratio,3664,0.021927133966318645,0.1845160792753095,-0.010469781327377943,0.526376312252279,False,valuation,applyhome,0.010469781327377943,,0.6501882450348133,
rtms_fac_n_3m,kiscon_amt_priv_yoy_pct,4732,0.005843017435441798,0.6878049553825306,0.009206625973845988,0.5266254997128447,False,rtms_fac,kiscon,0.009206625973845988,,0.6501882450348133,
yield_midlarge,rtms_fac_unit_3m,4363,0.022928535055258985,0.12995893972306724,0.009566390357010818,0.5275683783532875,False,commercial,rtms_fac,0.009566390357010818,,0.6510188386233604,
bldg_area_m2,rtms_land_dae_n_3m,1314,0.013326133243919147,0.629363773901535,0.017356645431043847,0.5296031004721438,False,site_price,rtms_land,0.017356645431043847,,0.6531952262732172,
rtms_fac_n_3m,minbid_unit_land_mn_m2,2850,0.0013042246621633709,0.9445151973940035,-0.011769711464078356,0.5299536532105475,False,rtms_fac,valuation,0.011769711464078356,,0.6532932502493195,
rtms_land_n_yoy_pct,ah_n_pblanc,3869,0.020695866540082868,0.1980833490709089,0.010060496331456099,0.531584270047369,False,rtms_land,applyhome,0.010060496331456099,,0.6549683490869934,
capret_office,rtms_fac_med_unit,3669,-0.006791864126285761,0.6808795546556556,0.010312394090293863,0.5323328286688087,False,commercial,rtms_fac,0.010312394090293863,,0.655479743245231,
rtms_land_unit_3m,n_rounds_m,446,0.015357927891286323,0.7463555764488838,-0.0296125714356491,0.5327844468349539,False,rtms_land,site_price,0.0296125714356491,,0.655479743245231,
rtms_land_dae_unit_3m,excess_pp_med,446,-0.01906804674467663,0.6879791489130821,0.029592284856860312,0.5330652824090821,False,rtms_land,excess,0.029592284856860312,,0.655479743245231,
rtms_fac_n_yoy_pct,kiscon_amt_priv_yoy_pct,3791,-0.010356299734040213,0.5238281564690531,0.010126339674426148,0.5330872600666609,False,rtms_fac,kiscon,0.010126339674426148,,0.655479743245231,
unsold_completed,kiscon_amt_all,4377,0.004930137436719597,0.7443628543287886,0.009398453358431392,0.5341868580879401,False,unsold,kiscon,0.009398453358431392,,0.6564968526220988,
bldg_area_m2,rentidx_midlarge,1314,-0.013645809542728628,0.6211641781599427,-0.01712085389241867,0.5352110482286918,False,site_price,commercial,0.01712085389241867,,0.6571295991385745,
rtms_nrg_med_unit,unsold_total,4356,0.10324341787183924,8.469661566545531e-12,0.00939667582280137,0.5352470552319593,False,rtms_nrg,unsold,0.00939667582280137,,0.6571295991385745,
bldg_area_m2,rtms_nrg_med_unit,1305,0.02087616444806932,0.45114569251324554,0.01713991012403179,0.5361616847909734,False,site_price,rtms_nrg,0.01713991012403179,,0.6579173423351558,
rentidx_office,rtms_apt_unit_3m,4636,0.14692351320825878,8.672937639462179e-24,-0.009062650572715353,0.5372969690682137,False,commercial,rtms_apt,0.009062650572715353,,0.6589453688587066,
land_chg_pct,minbid_vs_rtms_dae_3m,2850,0.013429887205155849,0.4735730619010415,-0.011553304522959289,0.5375463050523722,False,land_house,valuation,0.011553304522959289,,0.6589453688587066,
rtms_land_med_unit,rtms_land_n_3m,4723,-0.02980020557179207,0.04056934938174445,-0.008934955752253592,0.5392837986348992,True,rtms_land,rtms_land,0.008934955752253592,,0.6607391737214575,
rentidx_midlarge,capret_office,4636,0.09227097597091363,3.087912150983875e-10,0.00900981832802007,0.5396719545685851,True,commercial,commercial,0.00900981832802007,,0.6608787655031961,
rentidx_office,rtms_fac_n,4636,0.0025814156638293293,0.8605164476904148,-0.008940763701951033,0.5427840918144097,False,commercial,rtms_fac,0.008940763701951033,,0.6642933757553705,
rtms_fac_n_3m,rtms_apt_n_yoy_pct,4732,-0.016174477596771333,0.26596036309910126,-0.008844572792271148,0.5430115976091617,False,rtms_fac,rtms_apt,0.008844572792271148,,0.6642933757553705,
unsold_completed,minbid_vs_rtms_all_3m,2640,0.026082798255946192,0.18032609248048087,0.011788614904077982,0.5448839031976564,False,unsold,valuation,0.011788614904077982,,0.666245665502969,
n_rounds_m,kiscon_cnt_priv,446,0.000525932012016686,0.9911629407232971,0.028675856317978962,0.5458290926476496,False,site_price,kiscon,0.028675856317978962,,0.6667836249280635,
unsold_pct_completed,minbid_unit_land_mn_m2,2444,0.006251918497981533,0.7573824397327338,-0.012222387177656429,0.5458772165904852,False,unsold,valuation,0.012222387177656429,,0.6667836249280635,
land_area_m2,rtms_fac_med_unit,3689,-0.003289028209592356,0.8417159944944276,0.00984859786070104,0.5498483181138734,False,site_price,rtms_fac,0.00984859786070104,,0.6712940459242325,
rtms_land_dae_med_unit,rtms_nrg_n,4666,-0.001406476783901837,0.9234823715024905,0.008740720160927,0.5505650396049792,False,rtms_land,rtms_nrg,0.008740720160927,,0.671828731872405,
rtms_land_dae_med_unit,rtms_fac_unit_3m,4314,0.19357505351364085,1.0841447768134886e-37,-0.009072443178137726,0.5513575201799041,False,rtms_land,rtms_fac,0.009072443178137726,,0.6724552751182029,
bldg_area_m2,ah_supply_sum,1111,0.014011482794635145,0.6408410133600618,-0.01779602201054269,0.5534821715181101,False,site_price,applyhome,0.01779602201054269,,0.6747051256239986,
rtms_fac_med_unit,rtms_nrg_n_yoy_pct,3734,-0.011277668434510899,0.4908675587827559,-0.009691795563104282,0.5538191308073349,False,rtms_fac,rtms_nrg,0.009691795563104282,,0.6747745729250137,
discount_ratio,rtms_land_unit_3m,2853,-0.03740978688535589,0.0457155043325298,0.011057015922843546,0.5549540487209332,False,site_price,rtms_land,0.011057015922843546,,0.6758156934903735,
min_bid_mn,rtms_fac_n_yoy_pct,2252,-0.0021642486512157937,0.9182423124613701,0.012429023018725492,0.5555141135669656,False,site_price,rtms_fac,0.012429023018725492,,0.6761560675234278,
appr_vs_rtms_all_3m,kiscon_amt_pub,4548,0.00014086255038897838,0.992422605212012,-0.00872508114962123,0.5563584675611026,False,valuation,kiscon,0.00872508114962123,,0.6766575341292143,
rtms_land_med_unit,kiscon_cnt_all,4723,0.01078760220103971,0.45857616623063463,0.00855795669928383,0.5565370974512894,False,rtms_land,kiscon,0.00855795669928383,,0.6766575341292143,
rtms_land_dae_n,ah_sale_unit_med,3493,0.003297058558776855,0.8455555930810652,0.009943094399736431,0.556896787342504,False,rtms_land,applyhome,0.009943094399736431,,0.6766575341292143,
yield_office,appr_unit_land_mn_m2,4453,0.003418022795735702,0.8196275550812983,0.008802286094636309,0.5570491899221415,False,commercial,valuation,0.008802286094636309,,0.6766575341292143,
minbid_vs_rtms_dae_3m,ah_sale_unit_med,2146,-0.0016759592259695888,0.9381513901021434,-0.012629722489735937,0.5587134312583384,False,valuation,applyhome,0.012629722489735937,,0.6783372137695696,
yield_midlarge,excess_pp_med,446,-0.16822627248012761,0.00035942327675740285,-0.02773294597587027,0.55911747674589,False,commercial,excess,0.02773294597587027,,0.6784859612072481,
rtms_fac_med_unit,ah_supply_sum,3029,-0.002042943343363271,0.9105142974822844,0.010577733496260412,0.560609892193684,False,rtms_fac,applyhome,0.010577733496260412,,0.6799546251569091,
appr_vs_rtms_all_3m,kiscon_amt_all,4548,-0.024355657029773454,0.10052580111069005,0.008617188905276614,0.5612509338750143,False,valuation,kiscon,0.008617188905276614,,0.6803897136009983,
unsold_pct_completed,appr_unit_land_mn_m2,3894,0.00837882261067926,0.6011858546665877,0.009287346203834632,0.5623363776693677,False,unsold,valuation,0.009287346203834632,,0.6813628306602193,
vac_midlarge,rtms_nrg_n,4732,0.021409906359785028,0.14087048255974025,-0.00837796669106635,0.5644973890379675,False,commercial,rtms_nrg,0.00837796669106635,,0.6836375414982421,
rtms_land_dae_unit_3m,kiscon_amt_indiv,4732,-0.0033660229324272016,0.8169367693432373,0.008299750685000072,0.5681386283722508,False,rtms_land,kiscon,0.008299750685000072,,0.6877017048604342,
min_bid_mn,capret_office,2829,0.010928300357591495,0.5612278697679667,-0.010703268135050166,0.5693196165808999,False,site_price,commercial,0.010703268135050166,,0.6887852790963699,
vac_office,kiscon_cnt_all,4636,-0.07543496953285894,2.715800141554573e-07,0.008314965423688599,0.5713883688058136,False,commercial,kiscon,0.008314965423688599,,0.6909412788871103,
appraisal_mn,kiscon_amt_priv,4576,-0.011354603583194569,0.44254066073075404,0.008286119786154489,0.57521993753188,False,site_price,kiscon,0.008286119786154489,,0.6952257018314097,
minbid_vs_rtms_all_3m,ah_under_ratio,2355,0.019545068269301396,0.3430903828362917,-0.011538039636573707,0.5757227692991267,False,valuation,applyhome,0.011538039636573707,,0.6954846486270152,
rtms_fac_unit_3m,appr_unit_land_mn_m2,4198,0.006170279953488896,0.6894000544401685,-0.008625675045228407,0.5763538655737043,False,rtms_fac,valuation,0.008625675045228407,,0.6958982044251639,
n_rounds_m,ah_supply_sum,382,-0.06241614713029774,0.22356560291143995,-0.028366942579453644,0.5804544201174163,False,site_price,applyhome,0.028366942579453644,,0.7004983237270772,
house_idx_yoy_pct,unsold_total,4149,0.06580096097463309,2.2179367750085855e-05,-0.008553805421155289,0.5817584229995543,False,land_house,unsold,0.008553805421155289,,0.7017206203347977,
appr_unit_land_mn_m2,excess_pp_med,442,0.011785903512336177,0.8048375258105546,0.026099934507443148,0.5842007368344355,False,valuation,excess,0.026099934507443148,,0.7040661520035724,
rtms_land_dae_med_unit,kiscon_cnt_priv,4666,0.03555425768146884,0.015150480823005087,-0.00801179932739226,0.5842872630735041,False,rtms_land,kiscon,0.00801179932739226,,0.7040661520035724,
kiscon_cnt_indiv,kiscon_amt_pub,4732,0.02827114736886205,0.05181905246482514,0.00794723626366531,0.5846873230039575,True,kiscon,kiscon,0.00794723626366531,,0.7041961261566905,
vac_office,rtms_nrg_n_yoy_pct,4620,-0.013856412558110313,0.3463878564392456,0.008021722645660367,0.5856831025234629,False,commercial,rtms_nrg,0.008021722645660367,,0.7050430954453274,
rtms_apt_n_yoy_pct,kiscon_amt_priv_yoy_pct,4732,-0.002804322410524393,0.8470706119692956,-0.007915857145527661,0.5861712036063768,False,rtms_apt,kiscon,0.007915857145527661,,0.7052783827715267,
rtms_apt_n,appr_unit_land_mn_m2,4548,0.004657788810903049,0.7534972421521345,0.008062351395062877,0.5867338479572574,False,rtms_apt,valuation,0.008062351395062877,,0.7054585281561659,
rtms_nrg_n,rtms_fac_med_unit,3740,-0.03244098673556958,0.047277585111914926,0.008887101598726294,0.5869063688602127,False,rtms_nrg,rtms_fac,0.008887101598726294,,0.7054585281561659,
excess_pp_med,ah_supply_sum,382,-0.05386612794947086,0.2936647333595331,-0.027834043035942353,0.5875886935073317,False,excess,applyhome,0.027834043035942353,,0.7059265958886686,
rtms_fac_n_yoy_pct,appr_unit_land_mn_m2,3641,-0.005360668291721434,0.7464243384422689,-0.008943500293554152,0.5895539339976703,False,rtms_fac,valuation,0.008943500293554152,,0.7079347189508647,
appr_vs_rtms_all_3m,kiscon_cnt_indiv,4548,0.0073238795119635915,0.6214580643969521,-0.00796534767092462,0.591243551448431,False,valuation,kiscon,0.00796534767092462,,0.7093174758688681,
capret_office,rtms_nrg_med_unit,4615,0.014604828836451679,0.3212240983562245,-0.007900275877158582,0.5915724925010047,False,commercial,rtms_nrg,0.007900275877158582,,0.7093174758688681,
appraisal_mn,capret_office,4481,0.0256414900717732,0.08611600177788228,0.00801724728269175,0.5915884342308817,False,site_price,commercial,0.00801724728269175,,0.7093174758688681,
land_area_m2,apt_idx_yoy_pct,4324,0.03938154700787814,0.0096011238930135,0.008122890668246287,0.5933468295964414,False,site_price,land_house,0.008122890668246287,,0.7110342785455915,
house_idx_yoy_pct,kiscon_amt_all,4394,0.07306088808246924,1.2464478943745753e-06,0.008052146796047068,0.5936103603459462,False,land_house,kiscon,0.008052146796047068,,0.7110342785455915,
excess_pp_med,ah_rate_med,351,-0.09451601300985318,0.07699386424896203,0.028537711823486304,0.5941337952979444,False,excess,applyhome,0.028537711823486304,,0.7113077231336542,
capret_office,rtms_nrg_unit_3m,4634,0.03332247454272287,0.023305137254835438,0.0077754287588258485,0.5966904572654829,False,commercial,rtms_nrg,0.0077754287588258485,,0.7140139036791527,
rtms_land_dae_n_3m,rtms_fac_n_yoy_pct,3791,0.027755156341094017,0.0875100527527205,-0.008581763133736419,0.5973438415814475,False,rtms_land,rtms_fac,0.008581763133736419,,0.7144410214448081,
rtms_nrg_unit_3m,ah_rate_med,3477,-0.009443651217689336,0.5777546995130948,0.008947669886714131,0.5978950339349909,False,rtms_nrg,applyhome,0.008947669886714131,,0.7147455514798254,
rtms_apt_n_yoy_pct,minbid_unit_land_mn_m2,2850,0.05287999894086313,0.004746440007394722,-0.009806408553173423,0.6007641934834659,False,rtms_apt,valuation,0.009806408553173423,,0.7175529379743327,
unsold_pct_completed,minbid_vs_rtms_dae_3m,2444,0.0049479871040721685,0.8068520060421562,-0.010588211271925926,0.6008389331253956,False,unsold,valuation,0.010588211271925926,,0.7175529379743327,
rtms_land_n_yoy_pct,ah_rate_med,3471,-0.015406008509179414,0.3642085823385982,0.00885753244169397,0.6019032444461744,False,rtms_land,applyhome,0.00885753244169397,,0.7184679639005845,
rtms_fac_med_unit,kiscon_cnt_all,3740,0.043103560993455525,0.008379939120035929,-0.008511615619340314,0.6028072010140264,False,rtms_fac,kiscon,0.008511615619340314,,0.7190012093273463,
rtms_land_med_unit,kiscon_amt_indiv,4723,0.008935007467098747,0.5392814504147477,0.007570824895276024,0.6029466572823929,False,rtms_land,kiscon,0.007570824895276024,,0.7190012093273463,
appraisal_mn,kiscon_amt_indiv,4576,0.022368599770330313,0.13029863978764014,0.007676873363090265,0.6036375882070255,False,site_price,kiscon,0.007676873363090265,,0.7194691333229136,
land_chg_pct,excess_pp_med,446,0.0009616562206895638,0.9838423844270238,-0.024605802870140563,0.604274742679124,False,land_house,excess,0.024605802870140563,,0.7197197644718265,
capret_midlarge,rtms_fac_n,4732,-0.0040265642308733715,0.7818465855957931,0.0075248540384657185,0.6048059296226073,False,commercial,rtms_fac,0.0075248540384657185,,0.7197197644718265,
land_chg_cum12_pct,rtms_nrg_n,4732,0.0389177402667313,0.007418709019916722,-0.007521260201156172,0.6049784333602447,False,land_house,rtms_nrg,0.007521260201156172,,0.7197197644718265,
minbid_vs_rtms_dae_3m,kiscon_amt_indiv,2850,-0.030045929043928957,0.10878635793005542,-0.0096913733033932,0.605042424406606,False,valuation,kiscon,0.0096913733033932,,0.7197197644718265,
appraisal_mn,excess_pp_med,444,-0.021268086689158257,0.6549229739540494,0.024562362897997018,0.6057287009690552,False,site_price,excess,0.024562362897997018,,0.7201806459474213,
rtms_land_dae_med_unit,kiscon_cnt_all,4666,0.04146896539619346,0.00460950706000966,0.007525720346510304,0.6072957629774816,False,rtms_land,kiscon,0.007525720346510304,,0.7216877656685062,
minbid_vs_rtms_all_3m,kiscon_cnt_indiv,2850,0.003651838934029656,0.8454947390499555,0.009619643378539215,0.6077169940119324,False,valuation,kiscon,0.009619643378539215,,0.7218324078702597,
rtms_land_dae_n,minbid_unit_land_mn_m2,2850,0.012554789011701074,0.5028739177170393,0.009597512598577555,0.608543239676219,False,rtms_land,valuation,0.009597512598577555,,0.7224577377436886,
round_no,rtms_nrg_n_3m,315,-0.007108545218949731,0.8999977560007308,-0.028905803801508555,0.6092849645200384,False,site_price,rtms_nrg,0.028905803801508555,,0.7226882241967537,
min_bid_mn,rtms_nrg_n,2873,0.006439092638803301,0.7301010241982168,0.009537820673985429,0.6093371251318687,False,site_price,rtms_nrg,0.009537820673985429,,0.7226882241967537,
bldg_area_m2,unsold_pct_completed,1150,-0.03792565449759645,0.19872756502439928,0.015037260089755476,0.6104630864848882,False,site_price,unsold,0.015037260089755476,,0.7233202648357139,
rtms_land_dae_unit_3m,kiscon_amt_priv,4732,0.018357033634266502,0.2067529049857822,-0.007400598714366187,0.6107829178484152,False,rtms_land,kiscon,0.007400598714366187,,0.7233202648357139,
rtms_nrg_med_unit,minbid_unit_land_mn_m2,2841,-0.002077246672656823,0.9118774132826367,-0.009551618606143304,0.6108232392465419,False,rtms_nrg,valuation,0.009551618606143304,,0.7233202648357139,
rtms_apt_n,ah_sale_unit_med,3493,-0.007035564223683799,0.6776518830055044,-0.008607524789316865,0.6110705639856903,False,rtms_apt,applyhome,0.008607524789316865,,0.7233202648357139,
rtms_apt_med_unit,appr_vs_rtms_all_3m,4547,0.0028384512854481183,0.8482524574768179,0.007501941174906153,0.6130428500392979,False,rtms_apt,valuation,0.007501941174906153,,0.7252986100121296,
ah_under_ratio,kiscon_amt_pub,3825,-0.052411339797771295,0.001184312559850179,0.008172737976022632,0.6133487324243403,False,applyhome,kiscon,0.008172737976022632,,0.7253044382446812,
kiscon_cnt_indiv,kiscon_amt_priv_yoy_pct,4732,-0.012647477790521324,0.38439930423768914,0.007336833142113339,0.6138603320142598,True,kiscon,kiscon,0.007336833142113339,,0.725359798885267,
rtms_apt_unit_3m,n_rounds_m,446,-0.00016566782435351035,0.9972162879950733,-0.023946650519353064,0.6139975061103505,False,rtms_apt,site_price,0.023946650519353064,,0.725359798885267,
land_area_m2,rtms_apt_unit_3m,4662,-0.0010372313581035579,0.9435553545217251,-0.0073777781965740545,0.6145299064094106,False,site_price,rtms_apt,0.0073777781965740545,,0.7256330595035178,
capret_midlarge,kiscon_amt_priv,4732,0.006316964773676241,0.6639757839749268,0.00730874847629757,0.6152179009703829,False,commercial,kiscon,0.00730874847629757,,0.7260896872373275,
rtms_nrg_n,appr_unit_land_mn_m2,4548,0.00038761723372175325,0.9791510322864927,0.007426623289341625,0.6165736501164861,False,rtms_nrg,valuation,0.007426623289341625,,0.7273335764957081,
round_no,unsold_completed,309,0.016439025883019966,0.7734845315876476,0.028481988243675076,0.6179627543564519,False,site_price,unsold,0.028481988243675076,,0.7282897841669366,
rtms_nrg_n_3m,rtms_fac_n_3m,4732,-0.014299281787266721,0.3253951934764017,0.007251513350822678,0.6179886342827324,False,rtms_nrg,rtms_fac,0.007251513350822678,,0.7282897841669366,
rentidx_office,rtms_fac_unit_3m,4267,0.0831804771879177,5.287006414143246e-08,0.007617876906170958,0.6188516634909437,False,commercial,rtms_fac,0.007617876906170958,,0.7289503954121086,
bldg_area_m2,rtms_fac_unit_3m,1210,-0.025811888109467863,0.3696712147820201,-0.014200813901049419,0.621666109771076,False,site_price,rtms_fac,0.014200813901049419,,0.7319078283088877,
rentidx_office,rtms_nrg_n_yoy_pct,4620,-0.013131151390886085,0.3722166399816197,-0.007230656804886965,0.6231821871484226,False,commercial,rtms_nrg,0.007230656804886965,,0.7333345073377433,
rtms_nrg_unit_3m,rtms_land_n_yoy_pct,4722,-0.0004850963665499223,0.9734150575661177,-0.007122661393065082,0.6246129015351738,False,rtms_nrg,rtms_land,0.007122661393065082,,0.7342752618649503,
apt_idx,appr_unit_land_mn_m2,4548,-0.017669413387114887,0.2335081424190062,-0.007250187093823396,0.6249716978428569,False,land_house,valuation,0.007250187093823396,,0.7342752618649503,
discount_ratio,rtms_nrg_unit_3m,2853,0.015059368054933065,0.42135864403779194,-0.009151561446579212,0.6251158652064155,False,site_price,rtms_nrg,0.009151561446579212,,0.7342752618649503,
min_bid_mn,rtms_land_dae_n,2873,0.010246346279495297,0.5830168462257876,0.009117398996087779,0.6252003474468373,False,site_price,rtms_land,0.009117398996087779,,0.7342752618649503,
rtms_fac_n,unsold_pct_completed,4041,-0.029902341558667365,0.05734201387783927,-0.007662513896224746,0.6262911221806916,False,rtms_fac,unsold,0.007662513896224746,,0.7351980538019809,
rtms_nrg_unit_3m,kiscon_amt_indiv,4730,-0.0035817876985500454,0.805470820317468,0.007065222061062714,0.6271173058718167,False,rtms_nrg,kiscon,0.007065222061062714,,0.7358094971524237,
appr_vs_rtms_dae_3m,ah_sale_unit_med,3345,-0.010084755089634403,0.5598539394275971,0.008318731946384512,0.6305517004430322,False,valuation,applyhome,0.008318731946384512,,0.739479123147303,
house_idx_yoy_pct,rentidx_office,4394,0.2068021129360431,1.1954108465730208e-43,0.007250995289170658,0.6308590160290654,False,land_house,commercial,0.007250995289170658,,0.7394796831858208,
excess_pp_med,kiscon_cnt_all,446,0.032223823193772996,0.4972695535401968,0.02277722741338302,0.6314136733588956,False,excess,kiscon,0.02277722741338302,,0.7397700305274373,
capret_midlarge,rtms_land_dae_unit_3m,4732,-0.044482329605248457,0.0022087537548252907,0.006952786039490468,0.6325375155155989,False,commercial,rtms_land,0.006952786039490468,,0.7407266338156431,
rtms_fac_n_3m,minbid_vs_rtms_dae_3m,2850,0.006533481289509837,0.7273572171503649,0.008920911676137214,0.6340409584797961,False,rtms_fac,valuation,0.008920911676137214,,0.7421266196873768,
appraisal_mn,ah_sale_unit_med,3371,-0.01245028734787735,0.46990876859481345,-0.008178063146672453,0.6350345025521988,False,site_price,applyhome,0.008178063146672453,,0.7429287141508735,
land_area_m2,rtms_land_dae_n,4662,0.003906797253711844,0.789714729579027,-0.006934907809427853,0.6359376892211576,False,site_price,rtms_land,0.006934907809427853,,0.7435042287081278,
minbid_vs_rtms_all_3m,ah_supply_sum,2393,0.004909005462463698,0.8103177170935585,-0.009668318648786001,0.6364117853223125,False,valuation,applyhome,0.009668318648786001,,0.7435042287081278,
rtms_land_unit_3m,rtms_nrg_n_yoy_pct,4716,0.0012165766457678498,0.93343487829045,0.006884570497767415,0.6364519600933061,False,rtms_land,rtms_nrg,0.006884570497767415,,0.7435042287081278,
rtms_land_unit_3m,rtms_nrg_n,4732,0.014308414563789191,0.3250862551292344,-0.006860229066004193,0.6370746638996303,False,rtms_land,rtms_nrg,0.006860229066004193,,0.7438710949603242,
round_no,unsold_total,309,-0.025605529630838897,0.6538981312479816,0.026891513947422445,0.6377271302868365,False,site_price,unsold,0.026891513947422445,,0.7442723409158721,
appraisal_mn,kiscon_amt_priv_yoy_pct,4576,-0.006071563518448663,0.681358969212438,0.0069501183203253235,0.6383365162919006,False,site_price,kiscon,0.0069501183203253235,,0.7446229449484416,
rtms_land_n,ah_under_ratio,3825,0.0027467170942172664,0.8651518016479383,0.00759439403566741,0.6386832813872063,False,rtms_land,applyhome,0.00759439403566741,,0.7446670092613291,
rtms_land_med_unit,unsold_pct_completed,4039,-0.004202260810363725,0.7894804554485716,-0.00730746118140039,0.6424511186787873,False,rtms_land,unsold,0.00730746118140039,,0.748225200198538,
minbid_vs_rtms_all_3m,ah_sale_unit_med,2146,-0.00036554556210407433,0.9864972380874579,0.010016058809256897,0.6428378982560716,False,valuation,applyhome,0.010016058809256897,,0.748225200198538,
minbid_vs_rtms_dae_3m,ah_under_ratio,2355,0.013896785599958082,0.5002715974151568,0.009556843489139231,0.6429758240918533,False,valuation,applyhome,0.009556843489139231,,0.748225200198538,
rentidx_midlarge,minbid_vs_rtms_all_3m,2850,0.01660791733385806,0.37546001592250877,-0.008683017911827797,0.6431122993818634,False,commercial,valuation,0.008683017911827797,,0.748225200198538,
rtms_land_n,appr_unit_land_mn_m2,4548,0.024567538444163088,0.09760008800964838,0.0068688772843869825,0.6432873920379132,False,rtms_land,valuation,0.0068688772843869825,,0.748225200198538,
ah_supply_sum,kiscon_amt_priv_yoy_pct,3877,0.011757660996108331,0.4642378026443201,0.007393759364414534,0.6453479776260366,False,applyhome,kiscon,0.007393759364414534,,0.7502598292709831,
appr_vs_rtms_dae_3m,excess_pp_med,442,0.0067342045544578,0.8877283537145374,-0.021709712090345182,0.64897849280175,False,valuation,excess,0.021709712090345182,,0.753976732077285,
rtms_land_dae_unit_3m,ah_under_ratio,3825,-0.010581795153357013,0.5129492724590503,0.007352215634597465,0.6494208179749609,False,rtms_land,applyhome,0.007352215634597465,,0.753976732077285,
rtms_nrg_n_3m,ah_sale_unit_med,3493,0.02024006630622529,0.23172980820265843,-0.00769244003722242,0.6494836912001841,False,rtms_nrg,applyhome,0.00769244003722242,,0.753976732077285,
min_bid_mn,rtms_fac_n_3m,2873,-0.0066739374881192035,0.7206622513463329,0.00843965318568621,0.6511394923057744,False,site_price,rtms_fac,0.00843965318568621,,0.7555349910721793,
rtms_land_med_unit,kiscon_cnt_priv,4723,-0.0006026713839907389,0.9669713680816082,-0.006559531077810364,0.6522178184347057,False,rtms_land,kiscon,0.006559531077810364,,0.7564220127178252,
rtms_fac_n,minbid_unit_land_mn_m2,2850,0.00021880952360203536,0.9906840255435178,0.008419916460606544,0.6532071005831236,False,rtms_fac,valuation,0.008419916460606544,,0.757204960271923,
land_area_m2,house_idx,4662,-0.017777938512756088,0.22489003208456643,0.006567415181335765,0.6539366440184786,False,site_price,land_house,0.006567415181335765,,0.7573952193932695,
rtms_land_dae_med_unit,appr_unit_land_mn_m2,4486,0.0003487682943557342,0.9813685701022539,0.006693767207902006,0.6539997724304539,False,rtms_land,valuation,0.006693767207902006,,0.7573952193932695,
apt_idx_yoy_pct,minbid_vs_rtms_all_3m,2665,0.0002306717819049453,0.9905033792327892,-0.008660353711339233,0.65496343819894,False,land_house,valuation,0.008660353711339233,,0.7581035963024855,
rtms_land_n_3m,rtms_apt_n,4732,-0.08007763145661502,3.46985721954035e-08,0.006486475681336027,0.655533355658962,False,rtms_land,rtms_apt,0.006486475681336027,,0.7581035963024855,
vac_office,rtms_fac_n,4636,-0.018690513337503635,0.20324134617047604,-0.006552882262470568,0.6555551430267136,False,commercial,rtms_fac,0.006552882262470568,,0.7581035963024855,
land_chg_cum12_pct,kiscon_amt_pub,4732,0.004596765356407316,0.7519057513486423,-0.0064521344444600105,0.6572402020652521,False,land_house,kiscon,0.0064521344444600105,,0.7596877155766223,
round_no,rtms_land_n_3m,315,-0.00758669551082713,0.8933099682191434,-0.02501940635943069,0.6582328168107803,False,site_price,rtms_land,0.02501940635943069,,0.7604703204765006,
rtms_fac_n,rtms_fac_unit_3m,4363,-0.005720755657250448,0.7056029914017939,-0.006671537761773872,0.65953607287381,True,rtms_fac,rtms_fac,0.006671537761773872,,0.7616108939271117,
appraisal_mn,kiscon_amt_all,4576,-0.008487070951110051,0.5659873839293598,0.006454472364933799,0.6624700884840896,False,site_price,kiscon,0.006454472364933799,,0.7646326212867126,
rtms_land_n_yoy_pct,appr_vs_rtms_dae_3m,4540,0.006176779692262275,0.6773530531328538,-0.00642796755783801,0.6650157936709131,False,rtms_land,valuation,0.00642796755783801,,0.7670566843666395,
round_no,rtms_land_n_yoy_pct,315,0.10598297255791846,0.060267996701563055,-0.02447554111653944,0.6652068341602808,False,site_price,rtms_land,0.02447554111653944,,0.7670566843666395,
house_idx_yoy_pct,excess_pp_med,424,-0.0035164061145874365,0.9424477572816999,-0.020963129658222945,0.6668826884032406,False,land_house,excess,0.020963129658222945,,0.7686213673131563,
apt_idx,unsold_total,4377,0.13146915230933695,2.4734834864127213e-18,-0.006492141485692638,0.6676359493547115,False,land_house,unsold,0.006492141485692638,,0.7691217198589171,
land_chg_pct,ah_n_pblanc,3877,0.009971428938415051,0.5348024057945051,0.006862529633507921,0.6692580636668102,False,land_house,applyhome,0.006862529633507921,,0.7702012118210462,
rtms_land_n,rtms_land_unit_3m,4732,-0.03170290433163456,0.02919821259579145,-0.006209156315237021,0.6693674967216989,True,rtms_land,rtms_land,0.006209156315237021,,0.7702012118210462,
apt_idx_yoy_pct,unsold_total,4149,0.059407749433138424,0.00012874647075811503,-0.006627799655251227,0.6695317588236895,False,land_house,unsold,0.006627799655251227,,0.7702012118210462,
land_area_m2,rtms_fac_n,4662,-0.0017354461079392047,0.9057011579928654,0.006200918012092465,0.6720895092652391,False,site_price,rtms_fac,0.006200918012092465,,0.7727746742982949,
round_no,land_chg_cum12_pct,315,0.0023660757337376354,0.9666367781832459,0.023889492860388106,0.6727541549877167,False,site_price,land_house,0.023889492860388106,,0.773142570313582,
rtms_land_dae_unit_3m,ah_supply_sum,3877,-0.0058047926587714415,0.7178563867269334,-0.006778956907331333,0.6730510840323216,False,rtms_land,applyhome,0.006778956907331333,,0.773142570313582,
rtms_fac_unit_3m,kiscon_amt_priv,4363,0.042749520530426806,0.004739637226154866,0.006358163136423209,0.6745879410477899,False,rtms_fac,kiscon,0.006358163136423209,,0.7745387984398159,
round_no,unsold_pct_completed,289,-0.0001268586542654826,0.9982867431639635,0.02470460167743503,0.6757848644408648,False,site_price,unsold,0.02470460167743503,,0.7755435825249924,
bldg_area_m2,kiscon_amt_priv_yoy_pct,1314,0.0130398106152797,0.6367468455188239,-0.011471659712740622,0.6778083475775349,False,site_price,kiscon,0.011471659712740622,,0.7774955343464346,
appraisal_mn,kiscon_cnt_pub,4576,-0.02338675656978935,0.11369343444058731,-0.0061141527377603115,0.6792478743718677,False,site_price,kiscon,0.0061141527377603115,,0.7784022474277493,
yield_midlarge,rtms_nrg_n_yoy_pct,4716,0.022521319763003964,0.12200899540119063,0.006018066977238344,0.6794793298922205,False,commercial,rtms_nrg,0.006018066977238344,,0.7784022474277493,
appr_unit_land_mn_m2,kiscon_cnt_priv_yoy_pct,4548,0.016485513155411947,0.26633849508047575,-0.0061264781710689345,0.6795677711983339,False,valuation,kiscon,0.0061264781710689345,,0.7784022474277493,
rtms_land_med_unit,rtms_nrg_unit_3m,4721,0.010152673862900063,0.48554078154492325,0.0060062880674992495,0.6799116531220565,False,rtms_land,rtms_nrg,0.0060062880674992495,,0.778426168182497,
rtms_land_n_3m,rtms_apt_unit_3m,4732,-0.009532014010442999,0.5121172690184798,0.005974784077820067,0.6811475512440355,False,rtms_land,rtms_apt,0.005974784077820067,,0.7793747459265816,
round_no,land_chg_pct,315,-0.02194515168793167,0.6980263058912717,0.023203287697582668,0.6816331615456563,False,site_price,land_house,0.023203287697582668,,0.7793747459265816,
discount_ratio,ah_sale_unit_med,2155,-0.0030093138805940096,0.8889621621733393,-0.00883978692263076,0.6817103586776905,False,site_price,applyhome,0.00883978692263076,,0.7793747459265816,
house_idx_yoy_pct,minbid_vs_rtms_all_3m,2665,0.0014170047599604582,0.9417132850815004,-0.00788714261298586,0.6840239214201277,False,land_house,valuation,0.00788714261298586,,0.7816489571467556,
excess_pp_med,kiscon_cnt_indiv,446,-0.009721250192722072,0.8377838732104772,0.019293002955199395,0.6844944266021032,False,excess,kiscon,0.019293002955199395,,0.7818159090573786,
appr_unit_land_mn_m2,ah_sale_unit_med,3345,-0.016598530777451718,0.3372064668079477,-0.00700258765516731,0.6855840419997433,False,valuation,applyhome,0.00700258765516731,,0.7826895031830324,
rtms_fac_med_unit,minbid_unit_land_mn_m2,2199,-0.00628185742728062,0.768441823124876,-0.00862826332629364,0.6859282280498957,False,rtms_fac,valuation,0.00862826332629364,,0.782711661742542,
rtms_land_dae_unit_3m,kiscon_cnt_priv_yoy_pct,4732,0.00856672267386407,0.5557566415149744,0.005847265697863379,0.6875899340936644,False,rtms_land,kiscon,0.005847265697863379,,0.7842365078872368,
appr_vs_rtms_all_3m,ah_n_pblanc,3714,-0.006526701576278327,0.6909070120790587,-0.006556719196899703,0.6895592452925857,False,valuation,applyhome,0.006556719196899703,,0.786110587112172,
unsold_completed,appr_vs_rtms_dae_3m,4212,0.009718514623173365,0.5283292202333081,-0.006135746847614873,0.6905601219924845,False,unsold,valuation,0.006135746847614873,,0.7868793825068027,
rtms_land_n_3m,rtms_land_dae_med_unit,4666,-0.06024889445443088,3.819632922993287e-05,-0.0058003362196688635,0.69202589547081,True,rtms_land,rtms_land,0.0058003362196688635,,0.7881769414388714,
appr_vs_rtms_dae_3m,ah_under_ratio,3664,0.020133797126851295,0.2230620524542074,-0.006532922448689096,0.6926115293158519,False,valuation,applyhome,0.006532922448689096,,0.7884713205721319,
round_no,rtms_land_unit_3m,315,-0.01347128115384368,0.8117633465406681,-0.02230352123258691,0.6933421497380065,False,site_price,rtms_land,0.02230352123258691,,0.7889303970106684,
rtms_land_dae_n_3m,rtms_fac_n,4732,0.050716816092538114,0.00048282089804377705,-0.0057105381781762665,0.6945228391140457,False,rtms_land,rtms_fac,0.0057105381781762665,,0.7899009165950213,
rtms_fac_unit_3m,ah_sale_unit_med,3201,0.0027908208380700815,0.874586054147824,0.006923208745471421,0.6953916822956588,False,rtms_fac,applyhome,0.006923208745471421,,0.7905160161945933,
round_no,kiscon_cnt_all,315,-0.022477146016108136,0.691076919135718,-0.022020742711018733,0.697037314665248,False,site_price,kiscon,0.022020742711018733,,0.7920131675357132,
rtms_nrg_med_unit,rtms_fac_n_3m,4711,-0.03723041967863627,0.010601040896422725,-0.005664221803132038,0.697517626815206,False,rtms_nrg,rtms_fac,0.005664221803132038,,0.7921854291350832,
rtms_nrg_n_yoy_pct,n_rounds_m,446,-0.020755778557712174,0.662000898816892,-0.018380663298744215,0.6986678904679774,False,rtms_nrg,site_price,0.018380663298744215,,0.7931180480583258,
rtms_land_dae_n,rtms_apt_unit_3m,4732,-0.04705018511805028,0.0012058271670428707,-0.005592071631294739,0.700550555110152,False,rtms_land,rtms_apt,0.005592071631294739,,0.7948446577346876,
apt_idx_yoy_pct,n_rounds_m,424,0.008890920084800386,0.855160223692409,-0.018710806235212166,0.700848505263988,False,land_house,site_price,0.018710806235212166,,0.7948446577346876,
capret_midlarge,rtms_nrg_n_yoy_pct,4716,0.011387489076143138,0.4343129221354599,0.005517497417000996,0.704831703783678,False,commercial,rtms_nrg,0.005517497417000996,,0.7989860800181863,
vac_office,rtms_nrg_med_unit,4615,-0.03924971280626594,0.007660297303343327,0.005541870992456601,0.7066335109766394,False,commercial,rtms_nrg,0.005541870992456601,,0.8006519799970385,
rtms_land_n_3m,rtms_land_dae_unit_3m,4732,0.07511904712021025,2.2993448174333835e-07,-0.005422564609470038,0.7092080702337648,True,rtms_land,rtms_land,0.005422564609470038,,0.8031139366751783,
rtms_fac_n_3m,unsold_completed,4377,-0.04595391209506336,0.0023579509815722815,-0.005632917853955964,0.7094728511126367,False,rtms_fac,unsold,0.005632917853955964,,0.8031139366751783,
rtms_fac_unit_3m,kiscon_cnt_pub,4363,0.012000164433374625,0.42809928115107143,0.005615948084019947,0.7107515653289347,False,rtms_fac,kiscon,0.005615948084019947,,0.8041836959825036,
appraisal_mn,rtms_fac_med_unit,3620,0.0011816182866006217,0.9433426549273546,-0.006154583780831563,0.711252110502841,False,site_price,rtms_fac,0.006154583780831563,,0.8043724008971594,
appraisal_mn,rtms_fac_n,4576,-0.025213940872639732,0.08811409678301943,0.005436562975431177,0.713123239320602,False,site_price,rtms_fac,0.005436562975431177,,0.805965747253168,
bldg_area_m2,ah_rate_med,984,-0.0005767299181407905,0.9855843533266944,0.011726394269544761,0.7133298501622437,False,site_price,applyhome,0.011726394269544761,,0.805965747253168,
land_chg_pct,rtms_nrg_unit_3m,4730,0.031093811504901477,0.03248197605485928,0.005325717660145461,0.7142292752329927,False,land_house,rtms_nrg,0.005325717660145461,,0.8065604981355824,
rtms_nrg_n,n_rounds_m,446,-0.0026544187416630005,0.9554209230243618,-0.01736305386747504,0.7146009830597798,False,rtms_nrg,site_price,0.01736305386747504,,0.8065604981355824,
minbid_vs_rtms_all_3m,kiscon_amt_all,2850,-0.04400366209339231,0.01881076210545665,0.006846302236001582,0.7148602589284664,False,valuation,kiscon,0.006846302236001582,,0.8065604981355824,
rtms_land_dae_med_unit,kiscon_amt_pub,4666,0.00648072037181939,0.658075414244285,0.005341536111090654,0.7152792476164748,False,rtms_land,kiscon,0.005341536111090654,,0.8066555857537222,
house_idx,kiscon_cnt_priv,4732,-0.04506572305279075,0.0019299441505992506,0.005289813441391615,0.7160146721383933,False,land_house,kiscon,0.005289813441391615,,0.8071072777612386,
unsold_total,kiscon_cnt_pub,4377,0.012476846502489957,0.4092292252184457,0.005465554498528461,0.7177298217697898,False,unsold,kiscon,0.005465554498528461,,0.8086623985344523,
rtms_land_dae_n_3m,kiscon_amt_priv_yoy_pct,4732,0.016336443965581145,0.26120208985233045,-0.005230613337337897,0.7190573896550811,False,rtms_land,kiscon,0.005230613337337897,,0.809779583676984,
rtms_land_dae_unit_3m,rtms_fac_n_yoy_pct,3791,-0.03895725694011011,0.016450666746602147,-0.005786358165973666,0.7217223101095324,False,rtms_land,rtms_fac,0.005786358165973666,,0.8120879072648508,
min_bid_mn,kiscon_amt_indiv,2873,-0.01062730705312998,0.5690875562348611,0.006646046642899679,0.7217810362495064,False,site_price,kiscon,0.006646046642899679,,0.8120879072648508,
rtms_fac_n_3m,kiscon_cnt_all,4732,-0.015066794465414996,0.30009822785531026,-0.005156246678741916,0.7228859372524237,False,rtms_fac,kiscon,0.005156246678741916,,0.8129515206618484,
rtms_nrg_n,ah_sale_unit_med,3493,0.04840135712711873,0.004219727037796505,-0.005991213502099834,0.7233637719705831,False,rtms_nrg,applyhome,0.005991213502099834,,0.8130354778155934,
rtms_fac_unit_3m,ah_rate_med,3163,-0.002158070279300499,0.9034350154263109,0.006286038771152268,0.7237930381356051,False,rtms_fac,applyhome,0.006286038771152268,,0.8130354778155934,
house_idx_yoy_pct,rtms_land_med_unit,4385,0.02951276070390242,0.05067948676398468,-0.005334584550317655,0.7239726702872462,False,land_house,rtms_land,0.005334584550317655,,0.8130354778155934,
rtms_nrg_med_unit,excess_pp_med,445,0.01922522802422023,0.6858793877906023,-0.016751900821434757,0.7245289028443797,False,rtms_nrg,excess,0.016751900821434757,,0.8131444859699883,
land_area_m2,ah_under_ratio,3759,-0.005109488241725513,0.7541560097596368,0.005745152159354009,0.7247445460014669,False,site_price,applyhome,0.005745152159354009,,0.8131444859699883,
rtms_apt_n_3m,n_rounds_m,446,0.033001013697388094,0.4869472375918623,-0.016691646022800547,0.7251822815296775,False,rtms_apt,site_price,0.016691646022800547,,0.8132485594742954,
yield_office,minbid_unit_land_mn_m2,2806,-0.015610489623623231,0.4084661168654295,-0.00663097866850227,0.725512200360886,False,commercial,valuation,0.00663097866850227,,0.8132485594742954,
vac_office,minbid_vs_rtms_dae_3m,2806,-0.04938392908396313,0.008886733329222218,0.006594514751814848,0.7269611277209139,False,commercial,valuation,0.006594514751814848,,0.8144938715980485,
apt_idx_yoy_pct,rtms_land_n_yoy_pct,4386,0.048077956233693125,0.0014476031205781254,0.005204279597470698,0.730419687592903,False,land_house,rtms_land,0.005204279597470698,,0.8179885906593384,
rtms_apt_med_unit,kiscon_amt_priv_yoy_pct,4731,0.010663695941861305,0.4633753582210139,-0.004996249586862049,0.7311736767155549,False,rtms_apt,kiscon,0.004996249586862049,,0.8184526525241463,
minbid_unit_land_mn_m2,kiscon_amt_indiv,2850,-0.031825835062307524,0.08937202730383688,0.0063950145169399866,0.7329123185385034,False,valuation,kiscon,0.0063950145169399866,,0.8198433401289453,
rtms_apt_n_yoy_pct,excess_pp_med,446,-0.020958169236672018,0.6589119124784251,-0.016191647985878934,0.7330964306962147,False,rtms_apt,excess,0.016191647985878934,,0.8198433401289453,
appraisal_mn,rtms_fac_n_3m,4576,-0.0029184521592688145,0.8435391760442967,-0.005010139997181787,0.7347406952492381,False,site_price,rtms_fac,0.005010139997181787,,0.8213010554502151,
apt_idx_yoy_pct,vac_midlarge,4394,0.043474556840619696,0.003947188002123906,0.005052115487878018,0.7377776839273769,False,land_house,commercial,0.005052115487878018,,0.8243134994274354,
discount_ratio,rtms_nrg_n,2853,0.0088058845188842,0.6382436070406479,0.00625748518808662,0.7383109891299237,False,site_price,rtms_nrg,0.00625748518808662,,0.824527100928228,
rtms_land_n_yoy_pct,excess_pp_med,446,0.005015745129149542,0.9158763338698532,0.01582765096951933,0.7388758000608044,False,rtms_land,excess,0.01582765096951933,,0.8247756730646312,
ah_under_ratio,kiscon_cnt_priv,3825,-0.0436631716433787,0.006916805197994905,-0.005371639564266197,0.739805163993496,False,applyhome,kiscon,0.005371639564266197,,0.8254307616779284,
land_area_m2,ah_supply_sum,3811,0.02063319936316873,0.20285019885505462,0.005282654873582598,0.7444160347761903,False,site_price,applyhome,0.005282654873582598,,0.8301909503982502,
rentidx_office,rtms_land_med_unit,4627,0.0442283985370106,0.0026196579101363127,0.004780055996125751,0.745133210530585,False,commercial,rtms_land,0.004780055996125751,,0.8306064002676734,
rtms_land_dae_med_unit,rtms_fac_n_3m,4666,-0.01330217648525522,0.363643964006024,0.004715275073025169,0.7474473206350974,False,rtms_land,rtms_fac,0.004715275073025169,,0.8328007594686013,
rtms_fac_unit_3m,excess_pp_med,405,0.04128291828449716,0.40733750485793846,0.01586105716515859,0.7503096753144373,False,rtms_fac,excess,0.01586105716515859,,0.8356036587374278,
rtms_land_dae_med_unit,ah_supply_sum,3816,-0.00810616431756662,0.6166578799693562,-0.005129227514902445,0.75143326550371,False,rtms_land,applyhome,0.005129227514902445,,0.8361645247696792,
min_bid_mn,unsold_completed,2660,-0.03760850898323999,0.05244774596522383,0.006142460168691869,0.7515072035896785,False,site_price,unsold,0.006142460168691869,,0.8361645247696792,
unsold_total,ah_sale_unit_med,3254,0.025858491517930366,0.1402804218352628,0.0055367255405987985,0.7522171904140762,False,unsold,applyhome,0.0055367255405987985,,0.8363408706743429,
apt_idx_yoy_pct,rtms_land_med_unit,4385,0.0027985062598558496,0.8530229566133527,-0.004764554189645814,0.7524447287316445,False,land_house,rtms_land,0.004764554189645814,,0.8363408706743429,
rtms_fac_n_3m,kiscon_cnt_priv,4732,-0.02895218928534913,0.04642606719160081,0.004581421869609594,0.7527067836069087,False,rtms_fac,kiscon,0.004581421869609594,,0.8363408706743429,
rtms_land_unit_3m,excess_pp_med,446,-0.0063539699681468345,0.8935508894040959,-0.01490325089567606,0.7536185262919607,False,rtms_land,excess,0.01490325089567606,,0.8367234979614593,
unsold_completed,kiscon_amt_priv,4377,0.014699539645330814,0.33091120824345804,0.004743009755565026,0.7537455245121694,False,unsold,kiscon,0.004743009755565026,,0.8367234979614593,
apt_idx,ah_under_ratio,3825,0.01911662135648571,0.23719803871269468,0.00506445462778412,0.7541903656228557,False,land_house,applyhome,0.00506445462778412,,0.8368318513586934,
rtms_land_med_unit,rtms_fac_n,4723,-0.023443837714731956,0.10719034937899798,-0.004545770044294876,0.7547952039528003,False,rtms_land,rtms_fac,0.004545770044294876,,0.8371175524741136,
land_area_m2,kiscon_cnt_priv_yoy_pct,4662,-0.0018095565976179642,0.9016942336753508,0.004507846446032446,0.7583033498471723,False,site_price,kiscon,0.004507846446032446,,0.8406214687818239,
rtms_fac_n_yoy_pct,excess_pp_med,341,0.06638725739080359,0.22141760288787538,-0.01666783383468568,0.7590850968467231,False,rtms_fac,excess,0.01666783383468568,,0.841101187770392,
excess_pp_med,kiscon_cnt_priv_yoy_pct,446,0.029105391195859556,0.5398278611607411,0.014413885315957215,0.7614599172550949,False,excess,kiscon,0.014413885315957215,,0.8430063317018006,
appraisal_mn,rtms_land_n_yoy_pct,4568,-0.00026513986059153994,0.9857065838964547,0.004491809412543041,0.7615040597986805,False,site_price,rtms_land,0.004491809412543041,,0.8430063317018006,
unsold_completed,n_rounds_m,432,-0.020272700885596323,0.674352122890923,0.014614410351255658,0.7619730071291232,False,unsold,site_price,0.014614410351255658,,0.8431381759325927,
rtms_apt_med_unit,minbid_vs_rtms_all_3m,2850,0.006604184387138426,0.7245261961226663,-0.005612880204094836,0.7645458205180512,False,rtms_apt,valuation,0.005612880204094836,,0.8455968001140447,
appraisal_mn,kiscon_amt_pub,4576,-0.0026624217919615683,0.8571104360123817,0.0044188079438958645,0.765065877233169,False,site_price,kiscon,0.0044188079438958645,,0.8457838367577694,
land_area_m2,n_rounds_m,442,0.010826984810463073,0.820434316946781,0.014209328904892475,0.7657770944880977,True,site_price,site_price,0.014209328904892475,,0.8458723559177721,
round_no,house_idx,315,-0.0017937151754245095,0.9747043169802531,-0.016837087317639936,0.7659613328382635,False,site_price,land_house,0.016837087317639936,,0.8458723559177721,
bldg_area_m2,rentidx_office,1311,-0.005691406884575187,0.8368861771617803,-0.008220051006880462,0.766198901646679,False,site_price,commercial,0.008220051006880462,,0.8458723559177721,
vac_office,excess_pp_med,442,0.007225077066197752,0.8796046695936832,-0.014009354595288367,0.7689793626145466,False,commercial,excess,0.014009354595288367,,0.8484241364602901,
rtms_land_unit_3m,kiscon_amt_all,4732,-0.011754115675182078,0.4188750561004494,0.004260269329156247,0.7695329694384225,False,rtms_land,kiscon,0.004260269329156247,,0.8484241364602901,
rtms_fac_n,kiscon_amt_priv_yoy_pct,4732,-0.02232715618235012,0.12462171160838227,-0.004256586149968546,0.7697265904436145,False,rtms_fac,kiscon,0.004256586149968546,,0.8484241364602901,
rentidx_office,excess_pp_med,442,0.03347834540699629,0.4826507126662968,0.013938398369808763,0.7701165607656397,False,commercial,excess,0.013938398369808763,,0.8484241364602901,
appr_vs_rtms_dae_3m,n_rounds_m,442,-0.03561815612779607,0.455096522031571,-0.013928792863096468,0.7702705438071016,False,valuation,site_price,0.013928792863096468,,0.8484241364602901,
appr_vs_rtms_all_3m,ah_under_ratio,3664,0.021878411301984084,0.18549362798766006,0.0048052963627397815,0.7712258946666785,False,valuation,applyhome,0.0048052963627397815,,0.8490883536531271,
rtms_nrg_n_yoy_pct,appr_unit_land_mn_m2,4532,0.00016907445403404654,0.9909210877293924,0.004309528581280208,0.771786137973085,False,rtms_nrg,valuation,0.004309528581280208,,0.8493171655320251,
round_no,rtms_fac_med_unit,256,0.00690228740573072,0.9124907044523406,0.018008710038471695,0.7743018229706785,False,site_price,rtms_fac,0.018008710038471695,,0.8513977537727051,
appr_vs_rtms_all_3m,kiscon_cnt_priv,4548,0.012305708940529092,0.4067161748142176,-0.004246182111205926,0.7746634742451568,False,valuation,kiscon,0.004246182111205926,,0.8513977537727051,
min_bid_mn,n_rounds_m,405,-0.07630305636874818,0.12526133779777385,0.014256688472657614,0.7748489609453346,True,site_price,site_price,0.014256688472657614,,0.8513977537727051,
rtms_land_med_unit,rtms_nrg_med_unit,4702,0.010386108878354226,0.47645419924382265,0.004167909162065469,0.7750899053017904,False,rtms_land,rtms_nrg,0.004167909162065469,,0.8513977537727051,
land_area_m2,rtms_nrg_n,4662,-0.026397357968970112,0.07151210724253182,0.004157458337738011,0.776570139681017,False,site_price,rtms_nrg,0.004157458337738011,,0.8526350964151485,
minbid_vs_rtms_dae_3m,ah_n_pblanc,2393,0.002015469440618173,0.9215019834105667,-0.005722675907263865,0.7796312603333407,False,valuation,applyhome,0.005722675907263865,,0.8553111345719021,
land_chg_pct,ah_rate_med,3478,0.0040177203993842356,0.8127660851040245,0.004744189324064161,0.7797172459147174,False,land_house,applyhome,0.004744189324064161,,0.8553111345719021,
rtms_land_dae_med_unit,excess_pp_med,440,0.027819733779422706,0.560563767191033,0.013090280149411897,0.7842270450187295,False,rtms_land,excess,0.013090280149411897,,0.8598667782052494,
yield_midlarge,rtms_fac_n,4732,-0.0008495991406072805,0.953407632969225,0.003964415399922544,0.7851304897531304,False,commercial,rtms_fac,0.003964415399922544,,0.8604658846316708,
rtms_fac_unit_3m,rtms_nrg_n_yoy_pct,4352,-0.01978257685084294,0.19195985336382082,0.004124912573819401,0.785589578155751,False,rtms_fac,rtms_nrg,0.004124912573819401,,0.8605776742524364,
rtms_fac_unit_3m,kiscon_amt_priv_yoy_pct,4363,-0.0063282170321791505,0.6760332559517156,0.004105652334079979,0.786303256757293,False,rtms_fac,kiscon,0.004105652334079979,,0.8609681275715929,
round_no,apt_idx,315,-0.0032657249425399465,0.9539632212740621,-0.01521466182840337,0.7879485307732055,False,site_price,land_house,0.01521466182840337,,0.8623202064862403,
unsold_total,kiscon_amt_priv_yoy_pct,4377,-0.019128943061472874,0.20576233040912606,0.004054201330636728,0.7885869459032616,False,unsold,kiscon,0.004054201330636728,,0.8623202064862403,
rtms_land_dae_med_unit,unsold_pct_completed,3995,0.00947150686709413,0.5495181910461302,0.004243216608291246,0.7886115083384537,False,rtms_land,unsold,0.004243216608291246,,0.8623202064862403,
rtms_apt_n_yoy_pct,appr_vs_rtms_dae_3m,4548,0.03395033513408119,0.022044365486706685,-0.003952071843233532,0.7898918898438789,False,rtms_apt,valuation,0.003952071843233532,,0.863328550804421,
excess_pp_med,kiscon_amt_indiv,446,-0.028878070698839957,0.5429997579282483,-0.012564308754943836,0.7913115861984348,False,excess,kiscon,0.012564308754943836,,0.8644222037364501,
rtms_land_dae_med_unit,rtms_fac_n_yoy_pct,3758,-0.04350272228415833,0.007648561178060976,-0.004311524933690551,0.7916098770316785,False,rtms_land,rtms_fac,0.004311524933690551,,0.8644222037364501,
appr_vs_rtms_all_3m,ah_sale_unit_med,3345,-0.0022526815932641902,0.8963785215918652,-0.004549747707042969,0.7925181256963468,False,valuation,applyhome,0.004549747707042969,,0.865022048427625,
land_chg_cum12_pct,rtms_fac_med_unit,3740,-0.042553059275775,0.009250249664694402,0.004289840424221743,0.7931202156637014,False,land_house,rtms_fac,0.004289840424221743,,0.8652873335217386,
bldg_area_m2,rtms_fac_n_yoy_pct,1031,-0.006692955958518893,0.8300424770307643,-0.008031151952683922,0.7967425652028054,False,site_price,rtms_fac,0.008031151952683922,,0.8688170210790315,
land_chg_pct,rtms_apt_unit_3m,4732,0.06741822706788379,3.455129895848077e-06,0.0037242361456598164,0.797856886040744,False,land_house,rtms_apt,0.0037242361456598164,,0.8688170210790315,
rtms_nrg_n_3m,kiscon_cnt_pub,4732,0.02167003230846381,0.13610526906427942,-0.003699688764332661,0.7991606726886508,False,rtms_nrg,kiscon,0.003699688764332661,,0.8688170210790315,
rentidx_midlarge,yield_office,4636,0.13849725574667526,2.7148286110359596e-21,-0.0037354051606742255,0.7992875667205658,True,commercial,commercial,0.0037354051606742255,,0.8688170210790315,
bldg_area_m2,ah_n_pblanc,1111,0.011620188154746818,0.6988322436725134,0.007627152791515351,0.7995394188248518,False,site_price,applyhome,0.007627152791515351,,0.8688170210790315,
house_idx_yoy_pct,ah_sale_unit_med,3327,0.021558658064657003,0.21380008282450114,0.004401748697662984,0.799650569428191,False,land_house,applyhome,0.004401748697662984,,0.8688170210790315,
ah_n_pblanc,kiscon_amt_all,3877,0.013532976891957555,0.3995611595156949,0.0040773557178592655,0.7996515978524692,False,applyhome,kiscon,0.0040773557178592655,,0.8688170210790315,
rtms_land_med_unit,kiscon_cnt_indiv,4723,0.016336182616640264,0.26166395422754046,-0.0036922954129464105,0.7997402166119997,False,rtms_land,kiscon,0.0036922954129464105,,0.8688170210790315,
rtms_land_n,excess_pp_med,446,0.002441240421682516,0.9589978217205815,0.012038819863726817,0.7998509009459746,False,rtms_land,excess,0.012038819863726817,,0.8688170210790315,
rtms_nrg_med_unit,appr_unit_land_mn_m2,4527,-0.003971396989286003,0.7893654479865156,0.003767181775139164,0.7999605683711082,False,rtms_nrg,valuation,0.003767181775139164,,0.8688170210790315,
rentidx_office,rtms_apt_med_unit,4635,0.051363622882365054,0.00046833206213458314,0.003713804354380874,0.800444734678292,False,commercial,rtms_apt,0.003713804354380874,,0.8689512660246324,
land_area_m2,house_idx_yoy_pct,4324,0.036062749252550354,0.017717553292888266,0.0038309063590845397,0.8011666746790147,False,site_price,land_house,0.0038309063590845397,,0.8689609214705272,
rtms_land_n_yoy_pct,ah_supply_sum,3869,0.008349170984382308,0.6036419106146881,0.004049874500952732,0.801174758301872,False,rtms_land,applyhome,0.004049874500952732,,0.8689609214705272,
discount_ratio,kiscon_amt_indiv,2853,-0.04306080731586812,0.0214433177647447,0.004705012390352752,0.8016576663604086,False,site_price,kiscon,0.004705012390352752,,0.8690935564231149,
rtms_land_dae_n,kiscon_amt_priv_yoy_pct,4732,0.007911915744416175,0.5863577110771799,-0.0036300239212064805,0.8028638239278993,False,rtms_land,kiscon,0.0036300239212064805,,0.8700098092024449,
bldg_area_m2,rtms_apt_n_3m,1314,0.031749097512918364,0.25011420287067404,-0.0068247457259628195,0.8047854973616649,False,site_price,rtms_apt,0.0068247457259628195,,0.8717002465804999,
rtms_land_dae_med_unit,rtms_apt_unit_3m,4666,0.05997788386734345,4.139185495830731e-05,0.0035925322200286254,0.8061976855786023,False,rtms_land,rtms_apt,0.0035925322200286254,,0.8728375661475433,
unsold_pct_completed,ah_supply_sum,3314,-0.04088946965372664,0.0185728651069021,0.0042450495173743455,0.8070099697312437,False,unsold,applyhome,0.0042450495173743455,,0.8733246641456207,
bldg_area_m2,rtms_land_n_yoy_pct,1312,0.037927769307404276,0.16975645567990005,0.0067102444396180865,0.8081398417473098,False,site_price,rtms_land,0.0067102444396180865,,0.8741548557500074,
rtms_apt_n_3m,appr_unit_land_mn_m2,4548,0.00048638018177378246,0.9738405287025511,-0.003577433798479125,0.8094059111642955,False,rtms_apt,valuation,0.003577433798479125,,0.8751315594015039,
round_no,appr_vs_rtms_all_3m,311,-0.000892509184261224,0.987492718514837,-0.013611895669127775,0.811033579003509,False,site_price,valuation,0.013611895669127775,,0.87649817282442,
rtms_land_dae_n,rtms_nrg_med_unit,4711,-0.01805258124521934,0.21540394750936445,-0.0034393969289197544,0.8134272435463697,False,rtms_land,rtms_nrg,0.0034393969289197544,,0.878691016112394,
vac_office,appr_vs_rtms_all_3m,4453,-0.028276754092645434,0.059190192122361845,0.0035027267421008316,0.8152374049878797,False,commercial,valuation,0.0035027267421008316,,0.8802518575361962,
rtms_land_dae_med_unit,rtms_nrg_n_3m,4666,0.001181479069803512,0.9356940364179431,-0.0034101518102618417,0.8158550992875726,False,rtms_land,rtms_nrg,0.0034101518102618417,,0.8805243122628974,
vac_office,kiscon_cnt_priv_yoy_pct,4636,0.03555347727605115,0.015482815860633239,-0.0034094830387196642,0.8164731119649198,False,commercial,kiscon,0.0034094830387196642,,0.8807968665333288,
rtms_apt_n,minbid_vs_rtms_all_3m,2850,-0.005522515493453556,0.7682272165368064,-0.004338539110609201,0.8169154393116644,False,rtms_apt,valuation,0.004338539110609201,,0.8808797354546359,
apt_idx,n_rounds_m,446,0.020869980534355105,0.6602571829849945,0.010901859825806959,0.8184073039918196,False,land_house,site_price,0.010901859825806959,,0.882093739991183,
rtms_fac_unit_3m,ah_under_ratio,3481,0.0006724801255510561,0.96836253199395,0.0038538520512761917,0.8201932317225938,False,rtms_fac,applyhome,0.0038538520512761917,,0.8836234637690885,
rtms_land_med_unit,ah_under_ratio,3816,0.003453535763278089,0.8311173825544674,-0.003641261145634356,0.8220870045816772,False,rtms_land,applyhome,0.003641261145634356,,0.8852679539954611,
rtms_land_n_3m,kiscon_amt_pub,4732,0.002841216986974724,0.8450839247007078,0.003260421638533265,0.8225828323027279,False,rtms_land,kiscon,0.003260421638533265,,0.8854062643365673,
rtms_fac_n,appr_unit_land_mn_m2,4548,0.006365925531494264,0.667779787832025,-0.003305675627993648,0.8236364294285787,False,rtms_fac,valuation,0.003305675627993648,,0.8858054433880024,
rtms_fac_med_unit,kiscon_amt_priv_yoy_pct,3740,-0.01572319445959981,0.33640213702455446,-0.0036444255441566206,0.8236887961130761,False,rtms_fac,kiscon,0.0036444255441566206,,0.8858054433880024,
rtms_nrg_n_3m,rtms_apt_n,4732,-0.01460207167875639,0.3152543339159109,-0.0032150714614593147,0.8250103579895834,False,rtms_nrg,rtms_apt,0.0032150714614593147,,0.8868309378924604,
min_bid_mn,unsold_pct_completed,2462,-0.011774219769706284,0.5592585241133361,-0.004429418256630894,0.8261275837009864,False,site_price,unsold,0.004429418256630894,,0.8872850968984263,
round_no,rtms_land_n,315,0.03430049876706168,0.5441616865827132,0.012422944806735777,0.8261691939585347,False,site_price,rtms_land,0.012422944806735777,,0.8872850968984263,
rtms_fac_n,unsold_total,4377,0.07787830564372435,2.4866062641986523e-07,0.0033128093934571105,0.8265644973305244,False,rtms_fac,unsold,0.0033128093934571105,,0.8873142265329905,
land_chg_pct,n_rounds_m,446,-0.0027674639850207494,0.9535245060651711,-0.010353341569078132,0.8273967878312861,False,land_house,site_price,0.010353341569078132,,0.887812225589225,
rtms_land_n_3m,excess_pp_med,446,0.025574810739765905,0.5901080402660994,0.010195133831441107,0.8299938506709468,False,rtms_land,excess,0.010195133831441107,,0.8902025723707083,
capret_midlarge,rtms_fac_med_unit,3740,0.0064292700791896695,0.6942765631811306,0.0034704014192364005,0.8319791187147445,False,commercial,rtms_fac,0.0034704014192364005,,0.8915991082235177,
bldg_area_m2,rtms_nrg_n,1314,-0.00012035283901258662,0.9965224034958742,-0.005856455640150352,0.8320358482965524,False,site_price,rtms_nrg,0.005856455640150352,,0.8915991082235177,
discount_ratio,rtms_nrg_med_unit,2844,-0.005616998414884631,0.7646192070711518,-0.003924051184880785,0.8343114806738116,False,site_price,rtms_nrg,0.003924051184880785,,0.8936402970772825,
rtms_nrg_unit_3m,rtms_fac_n,4730,0.022148523411824134,0.1277464944612651,0.002989919769299049,0.837120697517513,False,rtms_nrg,rtms_fac,0.002989919769299049,,0.8962509466980036,
rtms_land_med_unit,rtms_nrg_n_3m,4723,0.052326692291570887,0.0003211461834664669,-0.0029474376580397323,0.8395205566055866,False,rtms_land,rtms_nrg,0.0029474376580397323,,0.8982967846087861,
rtms_land_n_3m,rtms_apt_med_unit,4731,-0.027264651026380614,0.0607683121884265,0.002940171963808843,0.8397770355699565,False,rtms_land,rtms_apt,0.002940171963808843,,0.8982967846087861,
rtms_land_med_unit,rtms_fac_unit_3m,4359,0.04395189411357012,0.0037032245281341737,-0.003042230845315254,0.840855569463417,False,rtms_land,rtms_fac,0.003042230845315254,,0.8990514296392347,
rtms_fac_med_unit,appr_unit_land_mn_m2,3597,0.0038361255441033667,0.8180976051952319,-0.0033176758553977643,0.8423339437727626,False,rtms_fac,valuation,0.0033176758553977643,,0.9002327292649037,
rtms_fac_unit_3m,kiscon_cnt_priv_yoy_pct,4363,-0.009628723081313484,0.5248816055454686,-0.002987445170762081,0.8436134058240813,False,rtms_fac,kiscon,0.002987445170762081,,0.9008026018704318,
rtms_land_n_3m,ah_n_pblanc,3877,0.0034500187728838567,0.8299632351192926,-0.0031625399070552163,0.8439415468373906,False,rtms_land,applyhome,0.0031625399070552163,,0.9008026018704318,
rtms_apt_n,minbid_vs_rtms_dae_3m,2850,-0.0032516944852053176,0.8622448398179205,-0.0036879006583677783,0.8439884958603465,False,rtms_apt,valuation,0.0036879006583677783,,0.9008026018704318,
min_bid_mn,rtms_nrg_unit_3m,2873,-0.015158799812478911,0.41667091015953156,-0.0036468265168205782,0.8450901119628365,False,site_price,rtms_nrg,0.0036468265168205782,,0.901579092443752,
capret_office,kiscon_amt_priv,4636,-0.03864596590873919,0.00849821354114223,-0.0028302419869500454,0.8472296059252109,False,commercial,kiscon,0.0028302419869500454,,0.9034616594158222,
appraisal_mn,rentidx_office,4481,0.0015832197731499497,0.9156207054469809,-0.0028509759209686004,0.8486883632277537,False,site_price,commercial,0.0028509759209686004,,0.904259351043339,
rtms_apt_n_yoy_pct,minbid_vs_rtms_dae_3m,2850,0.04174252334661066,0.025851547493409746,0.0035744735464439733,0.8487280713942045,False,rtms_apt,valuation,0.0035744735464439733,,0.904259351043339,
appraisal_mn,minbid_vs_rtms_dae_3m,2845,0.002134152275634125,0.9094100729951331,-0.0035549644090062072,0.8496743984017135,False,site_price,valuation,0.0035549644090062072,,0.9048675652444231,
unsold_total,kiscon_amt_all,4377,-0.03727516522331343,0.013654111674109721,-0.0028456567415970162,0.8507103662909721,False,unsold,kiscon,0.0028456567415970162,,0.9055706637637998,
rtms_fac_n_3m,n_rounds_m,446,0.11780873041906284,0.012786465233454645,0.008902739914589852,0.8512760795808536,False,rtms_fac,site_price,0.008902739914589852,,0.9057727822471776,
rtms_nrg_unit_3m,n_rounds_m,446,-0.026584843626019754,0.5755059941742621,-0.008704535614660775,0.8545499442678159,False,rtms_nrg,site_price,0.008704535614660775,,0.9086063484500152,
kiscon_amt_pub,kiscon_cnt_priv_yoy_pct,4732,0.02010930740199795,0.16663902756583157,-0.0026629293812245177,0.8546931916747653,True,kiscon,kiscon,0.0026629293812245177,,0.9086063484500152,
min_bid_mn,rtms_fac_med_unit,2217,-0.013086562600876784,0.5379868922189913,0.0038770416354735404,0.855230883119455,False,site_price,rtms_fac,0.0038770416354735404,,0.9087770847962463,
rtms_nrg_n,minbid_vs_rtms_all_3m,2850,0.0035162818375675357,0.8511617584691872,0.003385357249324543,0.8566424202076884,False,rtms_nrg,valuation,0.003385357249324543,,0.9098131622251421,
unsold_pct_completed,kiscon_amt_all,4041,-0.016680728965472236,0.28908972405383965,0.002836286632518865,0.8569609453323952,False,unsold,kiscon,0.002836286632518865,,0.9098131622251421,
unsold_completed,ah_n_pblanc,3617,0.009438842127657087,0.5703863781765746,0.002959326492659689,0.8587879980805286,False,unsold,applyhome,0.002959326492659689,,0.9110553651170294,
rtms_land_dae_med_unit,rtms_apt_n_3m,4666,0.04886396817363874,0.0008410894025800211,-0.002603474033781356,0.8588870496041041,False,rtms_land,rtms_apt,0.002603474033781356,,0.9110553651170294,
land_area_m2,unsold_completed,4312,0.019803347765170693,0.1935483477645548,0.0026870996623590206,0.8599798892423335,False,site_price,unsold,0.0026870996623590206,,0.911813256961735,
house_idx_yoy_pct,rtms_nrg_n,4394,0.018180905643033013,0.22823457377369527,-0.002646805807002151,0.8607654372560029,False,land_house,rtms_nrg,0.002646805807002151,,0.9118889758082901,
apt_idx_yoy_pct,appr_vs_rtms_all_3m,4214,-0.00806706506777555,0.6006059353834043,-0.0026979358321153803,0.8610122521080917,False,land_house,valuation,0.0026979358321153803,,0.9118889758082901,
land_area_m2,rtms_nrg_n_3m,4662,-0.011123825378737594,0.4476481708320156,0.0025563797452316174,0.8614724343315295,False,site_price,rtms_nrg,0.0025563797452316174,,0.9118889758082901,
discount_ratio,unsold_total,2641,-0.0029115394010104934,0.8811153853295666,-0.0033930487879601057,0.8616383659329779,False,site_price,unsold,0.0033930487879601057,,0.9118889758082901,
appr_unit_land_mn_m2,kiscon_cnt_priv,4548,0.03367998360416814,0.02312520944361092,0.002573862896311456,0.8622340970917312,False,valuation,kiscon,0.002573862896311456,,0.9118889758082901,
apt_idx_yoy_pct,ah_sale_unit_med,3327,0.008362326970289043,0.6296869821699649,0.00299536055265142,0.8628807062586638,False,land_house,applyhome,0.00299536055265142,,0.9118889758082901,
rtms_land_dae_n_3m,rtms_apt_med_unit,4731,-0.02620988681601234,0.0714496970174725,0.002510949857863591,0.8629159722933392,False,rtms_land,rtms_apt,0.002510949857863591,,0.9118889758082901,
rtms_land_dae_n_3m,excess_pp_med,446,0.027371755345210615,0.5642488585412426,-0.008188915905057478,0.8630783210866015,False,rtms_land,excess,0.008188915905057478,,0.9118889758082901,
rtms_apt_n_yoy_pct,unsold_pct_completed,4041,-0.0329693062180597,0.036105037130970324,-0.002665874392284516,0.8654706430929061,False,rtms_apt,unsold,0.002665874392284516,,0.9140158851244101,
house_idx_yoy_pct,appr_vs_rtms_all_3m,4214,-0.005603416661756212,0.7161249262616775,0.0025799425488749455,0.8670329700406402,False,land_house,valuation,0.0025799425488749455,,0.915264764694675,
bldg_area_m2,rtms_land_dae_n,1314,0.00914870764452229,0.7403997040652985,-0.004594203587309309,0.8678592472750251,False,site_price,rtms_land,0.004594203587309309,,0.9154368127905665,
rentidx_office,appr_vs_rtms_dae_3m,4453,-0.00814277075329376,0.5869713971155784,0.0024921358933892596,0.8679556503014293,False,commercial,valuation,0.0024921358933892596,,0.9154368127905665,
apt_idx,kiscon_cnt_priv,4732,-0.03983727574976005,0.0061298835083819095,0.00240441985769952,0.8686642057586863,False,land_house,kiscon,0.00240441985769952,,0.9157833490281864,
land_area_m2,rtms_land_dae_unit_3m,4662,0.0001873139016734714,0.9897984091535457,0.0023995289936976616,0.8698938207045211,False,site_price,rtms_land,0.0023995289936976616,,0.9165017955220149,
unsold_pct_completed,n_rounds_m,399,-0.0021554306545202443,0.9657655724289813,-0.008212040672564178,0.870106268943722,False,unsold,site_price,0.008212040672564178,,0.9165017955220149,
rtms_apt_med_unit,n_rounds_m,446,0.020421490106902213,0.6671155295052775,0.007723202181028265,0.8707949710602899,False,rtms_apt,site_price,0.007723202181028265,,0.9168265095042808,
bldg_area_m2,appraisal_mn,1277,0.02695283966753846,0.3358512138660681,-0.0045064342582301865,0.8721870033410877,True,site_price,site_price,0.0045064342582301865,,0.9175303588154978,
bldg_area_m2,vac_midlarge,1314,-0.01337006039367529,0.6282343175138716,-0.004441083217176232,0.8722249178615376,False,site_price,commercial,0.004441083217176232,,0.9175303588154978,
minbid_vs_rtms_all_3m,kiscon_amt_pub,2850,-0.012018982096551995,0.5212759868008408,0.0029973803855112354,0.8729232284460566,False,valuation,kiscon,0.0029973803855112354,,0.9178643021618659,
rtms_land_dae_n,rtms_fac_med_unit,3740,-0.15748028145656937,3.38838023640282e-22,0.0025996662192919818,0.8737231468832912,False,rtms_land,rtms_fac,0.0025996662192919818,,0.9183047466152342,
min_bid_mn,rtms_nrg_med_unit,2864,-0.007051036688925586,0.7060355859997907,0.002904020077179036,0.8765493048673192,False,site_price,rtms_nrg,0.002904020077179036,,0.920705650716633,
rtms_apt_unit_3m,kiscon_cnt_pub,4732,-0.02146351432515847,0.1398780989514722,0.0022428348404953096,0.8774181408296505,False,rtms_apt,kiscon,0.0022428348404953096,,0.920705650716633,
land_area_m2,rtms_land_n,4662,-0.016501279907762553,0.259969673715082,-0.002253889362453433,0.8777265272246116,False,site_price,rtms_land,0.002253889362453433,,0.920705650716633,
appr_vs_rtms_dae_3m,kiscon_cnt_all,4548,0.02967542121096267,0.04537437515376018,-0.002278527772993156,0.8779099348892933,False,valuation,kiscon,0.002278527772993156,,0.920705650716633,
minbid_unit_land_mn_m2,n_rounds_m,403,-0.08034932249793025,0.10726778646957423,0.00764745178926588,0.8783612925231934,False,valuation,site_price,0.00764745178926588,,0.920705650716633,
rtms_land_dae_n,ah_under_ratio,3825,0.0017591748410328237,0.9133900915854014,0.002474393868334141,0.8784116617120569,False,rtms_land,applyhome,0.002474393868334141,,0.920705650716633,
rtms_land_dae_unit_3m,n_rounds_m,446,0.009739089580437631,0.8374903248979515,-0.007236114187555214,0.878878906895174,False,rtms_land,site_price,0.007236114187555214,,0.920705650716633,
appraisal_mn,ah_n_pblanc,3741,0.003903798369443222,0.8113444785199901,-0.002488514350461461,0.8790637768875406,False,site_price,applyhome,0.002488514350461461,,0.920705650716633,
rtms_fac_n_3m,ah_under_ratio,3825,-0.07808565588312881,1.3305438841026131e-06,-0.0024055912950807206,0.8817673249379183,False,rtms_fac,applyhome,0.0024055912950807206,,0.9226274746356525,
rtms_land_n_3m,rtms_apt_n_yoy_pct,4732,-0.07063188297580694,1.153131558212187e-06,0.002160704743884867,0.8818733935506363,False,rtms_land,rtms_apt,0.002160704743884867,,0.9226274746356525,
rtms_apt_unit_3m,unsold_completed,4377,-0.03294248913883084,0.029301386141213404,0.0022398905719417657,0.8822271087993784,False,rtms_apt,unsold,0.0022398905719417657,,0.9226274746356525,
land_area_m2,rtms_apt_med_unit,4661,-0.002508328237808101,0.8640651619064074,0.0021667741282956295,0.8824300120477921,False,site_price,rtms_apt,0.0021667741282956295,,0.9226274746356525,
rtms_nrg_n,rtms_apt_unit_3m,4732,-0.01921523132897194,0.18630817801067684,0.0021029023555174118,0.8850112088097023,False,rtms_nrg,rtms_apt,0.0021029023555174118,,0.9249249840552396,
unsold_pct_completed,excess_pp_med,399,0.07859593762868824,0.11700892089403354,0.00720306088247931,0.8859494202324182,False,unsold,excess,0.00720306088247931,,0.9255041624447888,
appr_unit_land_mn_m2,kiscon_cnt_all,4548,0.038745771322750686,0.008968996093732438,-0.002083422465556365,0.8882924706050568,False,valuation,kiscon,0.002083422465556365,,0.9275497635000809,
minbid_unit_land_mn_m2,ah_sale_unit_med,2146,0.0015426530887678613,0.9430621267663861,-0.002970054253226295,0.8906294887764095,False,valuation,applyhome,0.002970054253226295,,0.9295872966440653,
appr_vs_rtms_dae_3m,ah_n_pblanc,3714,0.003922804755064098,0.8111161664123977,0.0022142416352428423,0.892693805634972,False,valuation,applyhome,0.0022142416352428423,,0.9313385591256634,
round_no,rtms_apt_unit_3m,315,0.014423630075282513,0.7987311352718517,0.0075522401124125,0.8937916420957813,False,site_price,rtms_apt,0.0075522401124125,,0.932080422955791,
vac_midlarge,appr_unit_land_mn_m2,4548,-0.024373001373825948,0.10028370969983876,0.0019017526729497984,0.8979773289972772,False,commercial,valuation,0.0019017526729497984,,0.9359076437286202,
unsold_total,kiscon_cnt_indiv,4377,0.00926086795729731,0.5401891594325292,-0.0019194613538252138,0.89897736288077,False,unsold,kiscon,0.0019194613538252138,,0.9359076437286202,
ah_under_ratio,kiscon_cnt_priv_yoy_pct,3825,0.0013437296131162428,0.9337895491934961,-0.0020514335879848974,0.8990727144834313,False,applyhome,kiscon,0.0020514335879848974,,0.9359076437286202,
rtms_apt_n,rtms_fac_n_3m,4732,-0.01993157122597848,0.17041940156599736,0.001843593302746116,0.899109359263356,False,rtms_apt,rtms_fac,0.001843593302746116,,0.9359076437286202,
land_area_m2,kiscon_amt_all,4662,0.0017004948621736314,0.9075917028825687,0.0018519483397833327,0.8994033621889977,False,site_price,kiscon,0.0018519483397833327,,0.9359076437286202,
house_idx,n_rounds_m,446,0.013479131970172926,0.7765054445030213,0.005971704342883303,0.8999203946565806,False,land_house,site_price,0.005971704342883303,,0.9360414981106427,
rtms_apt_n,kiscon_amt_priv_yoy_pct,4732,-0.021867256207803328,0.13257601495213103,-0.001820712148274904,0.9003549611131705,False,rtms_apt,kiscon,0.001820712148274904,,0.9360894979649442,
bldg_area_m2,rtms_nrg_n_3m,1314,-0.00956552843084805,0.7290270318872561,0.003385307596708399,0.9024254029395669,False,site_price,rtms_nrg,0.003385307596708399,,0.9378375252627668,
land_area_m2,kiscon_cnt_priv,4662,0.007530028513721487,0.6072442806654635,-0.0017259614611296948,0.9062141388682682,False,site_price,kiscon,0.0017259614611296948,,0.9410747382794997,
house_idx,appr_unit_land_mn_m2,4548,-0.011473309336480813,0.4391912197661088,-0.0017454637653588278,0.906321355828514,False,land_house,valuation,0.0017454637653588278,,0.9410747382794997,
n_rounds_m,ah_under_ratio,375,-0.010031552180242457,0.8464761655145808,0.006055729773918506,0.9069565118834074,False,site_price,applyhome,0.006055729773918506,,0.941328679431099,
rtms_land_dae_n_3m,minbid_vs_rtms_dae_3m,2850,0.028404019197992632,0.12951926953139561,-0.002180937146749037,0.9073519836143323,False,rtms_land,valuation,0.002180937146749037,,0.9413337410721226,
appr_unit_land_mn_m2,kiscon_amt_indiv,4548,0.00828628065206078,0.5763846957523651,-0.001703931142130351,0.9085404975662922,False,valuation,kiscon,0.001703931142130351,,0.9421611872352685,
house_idx_yoy_pct,rtms_nrg_med_unit,4389,0.020722558683610174,0.16987173271648684,0.0017189970461198635,0.9093563934577138,False,land_house,rtms_nrg,0.0017189970461198635,,0.9426016809604689,
apt_idx_yoy_pct,rtms_nrg_n_yoy_pct,4391,0.03042237514233379,0.0438188265563177,0.0017071979875524378,0.9099554754924598,False,land_house,rtms_nrg,0.0017071979875524378,,0.9428171521654463,
land_area_m2,rtms_fac_n_yoy_pct,3733,-0.013081904767520114,0.4242623439244757,-0.001828617537740942,0.9110707426665638,False,site_price,rtms_fac,0.001828617537740942,,0.9435670347341722,
rtms_nrg_med_unit,rtms_fac_n,4711,0.00243788339714314,0.8671464537793607,-0.0015796770265232105,0.913682246024899,False,rtms_nrg,rtms_fac,0.0015796770265232105,,0.9458652117353981,
rtms_nrg_n_yoy_pct,appr_vs_rtms_dae_3m,4532,-0.001758510082011118,0.905789894657933,0.00155331085392216,0.9167405829289086,False,rtms_nrg,valuation,0.00155331085392216,,0.9486237891192227,
rentidx_midlarge,rtms_fac_med_unit,3740,-0.003977579424386072,0.8078731915421818,0.0016927335423504936,0.9175776548684415,False,commercial,rtms_fac,0.0016927335423504936,,0.9488550420716698,
rtms_apt_n_yoy_pct,unsold_total,4377,0.016175402554072564,0.2846592957176918,-0.0015603736403070635,0.9178017157621822,False,rtms_apt,unsold,0.0015603736403070635,,0.9488550420716698,
rtms_land_dae_unit_3m,ah_n_pblanc,3877,-0.0040806973128558076,0.799490900596573,-0.0016510485697848098,0.9181452108344954,False,rtms_land,applyhome,0.0016510485697848098,,0.9488550420716698,
excess_pp_med,ah_under_ratio,375,0.0007663791041940429,0.9881986612003354,-0.0052729906116811545,0.9189385731193879,False,excess,applyhome,0.0052729906116811545,,0.9492678787902806,
rtms_fac_n_3m,ah_supply_sum,3877,0.03224648616204023,0.04467303612761319,-0.0016169924807308148,0.9198278735270375,False,rtms_fac,applyhome,0.0016169924807308148,,0.9496029468513932,
appr_unit_land_mn_m2,kiscon_amt_all,4548,-0.03141212565566798,0.034146419771625566,0.0014887119020565631,0.9200509879244827,False,valuation,kiscon,0.0014887119020565631,,0.9496029468513932,
appraisal_mn,rtms_land_n,4576,-0.0013810051227424046,0.925590409505856,-0.001443312629729111,0.9222436490396272,False,site_price,rtms_land,0.001443312629729111,,0.9514585591547524,
rtms_land_dae_unit_3m,kiscon_cnt_priv,4732,-0.015064721887986257,0.3001647246871563,0.0014089782725681828,0.9228078729364039,False,rtms_land,kiscon,0.0014089782725681828,,0.9516332793225217,
appraisal_mn,rtms_land_dae_med_unit,4514,0.0027535069299641952,0.853270543317355,-0.0013970416895360022,0.9252393355019078,False,site_price,rtms_land,0.0013970416895360022,,0.9537325913428563,
rtms_land_med_unit,rtms_apt_unit_3m,4723,-0.05709676613947223,8.633881878470059e-05,-0.0013156027894911813,0.9279775363050773,False,rtms_land,rtms_apt,0.0013156027894911813,,0.9561461575439232,
house_idx_yoy_pct,kiscon_amt_priv,4394,0.07014567956836795,3.252804714884809e-06,0.0013488942968267758,0.9287726863396847,False,land_house,kiscon,0.0013488942968267758,,0.9565564846489915,
rtms_nrg_n_3m,rtms_land_n_yoy_pct,4724,0.02315117756074228,0.11160865944818833,0.0012685220331115211,0.9305409889983653,False,rtms_nrg,rtms_land,0.0012685220331115211,,0.9576115289602671,
rentidx_office,rtms_land_dae_med_unit,4570,0.01236564361815,0.4032996499832034,-0.0012887842083138333,0.9305917845746662,False,commercial,rtms_land,0.0012887842083138333,,0.9576115289602671,
round_no,rtms_fac_n_3m,315,0.03714956470181133,0.5112163070868192,0.00489757838812785,0.9310066778776545,False,site_price,rtms_fac,0.00489757838812785,,0.9576295747695891,
apt_idx_yoy_pct,kiscon_amt_priv,4394,0.06818428299112858,6.0759805072685955e-06,0.0012487960722493048,0.9340457609146903,False,land_house,kiscon,0.0012487960722493048,,0.9602911217538143,
rtms_fac_med_unit,rtms_land_n_yoy_pct,3737,-0.04381786687990072,0.007383778858983403,-0.0013470887481803566,0.9343911537397073,False,rtms_fac,rtms_land,0.0013470887481803566,,0.9602911217538143,
apt_idx_yoy_pct,kiscon_cnt_priv_yoy_pct,4394,-0.04203468077918239,0.005323091822644895,-0.0012296148405983194,0.9350565466088302,False,land_house,kiscon,0.0012296148405983194,,0.9605653356041265,
appr_vs_rtms_all_3m,kiscon_cnt_all,4548,0.02705597164088644,0.06808311316226048,0.001187977608804346,0.9361626036732487,False,valuation,kiscon,0.001187977608804346,,0.9612918086291135,
apt_idx_yoy_pct,capret_office,4394,0.04166361334439017,0.0057416804376741815,0.0011991017976574168,0.9366646952486182,False,land_house,commercial,0.0011991017976574168,,0.9613977493820995,
bldg_area_m2,ah_sale_unit_med,1002,0.038007295621606985,0.2293518659654539,-0.0024805711406028293,0.9374915311954168,False,site_price,applyhome,0.0024805711406028293,,0.9618367774290995,
vac_office,rtms_land_n_yoy_pct,4628,0.005463439904524719,0.7102078600665834,0.001041483803770177,0.9435311418489535,False,commercial,rtms_land,0.001041483803770177,,0.9669873736564695,
capret_midlarge,rtms_fac_unit_3m,4363,0.03156944386512346,0.03705305953479943,0.0010681565008986932,0.9437680393836607,False,commercial,rtms_fac,0.0010681565008986932,,0.9669873736564695,
rentidx_midlarge,appr_vs_rtms_dae_3m,4548,0.04114768553411709,0.005513967762526333,-0.00104371829476194,0.9439008843222745,False,commercial,valuation,0.00104371829476194,,0.9669873736564695,
rtms_nrg_n_yoy_pct,ah_under_ratio,3813,0.06409010593040736,7.48538513682795e-05,-0.001135549985092548,0.9441167179309845,False,rtms_nrg,applyhome,0.001135549985092548,,0.9669873736564695,
appraisal_mn,capret_midlarge,4576,0.00949657263557803,0.5207138332583879,-0.0010131888650268888,0.9453720127089555,False,site_price,commercial,0.0010131888650268888,,0.9675158906184329,
appr_unit_land_mn_m2,ah_rate_med,3331,0.00046568549904310125,0.9785659204792907,-0.0011846012988107261,0.9455122692363159,False,valuation,applyhome,0.0011846012988107261,,0.9675158906184329,
bldg_area_m2,capret_office,1311,-0.016141647636117504,0.559265374907721,-0.0018780556283226222,0.9458371113265676,False,site_price,commercial,0.0018780556283226222,,0.9675158906184329,
bldg_area_m2,kiscon_cnt_all,1314,-0.003656332264122376,0.8946574773121234,-0.0018188203366675808,0.9474829359966584,False,site_price,kiscon,0.0018188203366675808,,0.9686467513213417,
min_bid_mn,unsold_total,2660,-0.0005132517383281176,0.9788915429116847,-0.001264538402472382,0.9480241743922466,False,site_price,unsold,0.001264538402472382,,0.9686467513213417,
round_no,rtms_nrg_unit_3m,315,-0.004820128759585908,0.9320950822857391,-0.003678758060032536,0.9481484175796867,False,site_price,rtms_nrg,0.003678758060032536,,0.9686467513213417,
discount_ratio,rtms_fac_n_yoy_pct,2239,0.02082158509024352,0.324725344271138,0.001358081295508151,0.9487903281340387,False,site_price,rtms_fac,0.001358081295508151,,0.9688918181368786,
rtms_land_n_3m,rtms_fac_n_3m,4732,-0.018776812049679563,0.19655781819455742,0.000918864507588692,0.9496139530312474,False,rtms_land,rtms_fac,0.000918864507588692,,0.9693221629840348,
land_area_m2,unsold_total,4312,-0.004384333096183365,0.7734854889193883,0.0009238780134454995,0.9516382458000309,False,site_price,unsold,0.0009238780134454995,,0.970977210998338,
bldg_area_m2,rtms_land_n_3m,1314,0.03587057989077719,0.19378669651818467,0.0016183955911731314,0.9532630236223338,False,site_price,rtms_land,0.0016183955911731314,,0.9719149277406193,
apt_idx_yoy_pct,rtms_fac_n_3m,4394,0.055751127212286665,0.00021780749926882765,-0.0008825179938448046,0.9533638544310472,False,land_house,rtms_fac,0.0008825179938448046,,0.9719149277406193,
discount_ratio,rtms_land_med_unit,2846,-0.049148616788475305,0.008731052876553347,0.0010687802549702156,0.9545514353306174,False,site_price,rtms_land,0.0010687802549702156,,0.9723355634000219,
unsold_pct_completed,kiscon_amt_indiv,4041,0.010303685764242902,0.5125911836136373,-0.0008961884685409551,0.9545833788400214,False,unsold,kiscon,0.0008961884685409551,,0.9723355634000219,
capret_office,rtms_land_n_yoy_pct,4628,-0.01755958064576548,0.23234608431173928,0.000796574866504712,0.9567950336714923,False,commercial,rtms_land,0.000796574866504712,,0.974176608005195,
appraisal_mn,n_rounds_m,444,-0.11070242333562608,0.01963530513901599,-0.0024993635875074816,0.9581171642280578,True,site_price,site_price,0.0024993635875074816,,0.9751107963638596,
n_rounds_m,kiscon_cnt_all,446,-0.026180772826876707,0.581327211656832,0.002388260440565327,0.9598868982198697,False,site_price,kiscon,0.002388260440565327,,0.976499546099572,
rtms_land_dae_unit_3m,unsold_total,4377,-0.013684948513371029,0.36537802252861806,0.0007082710688482693,0.9626367184048585,False,rtms_land,unsold,0.0007082710688482693,,0.9788837516268816,
appraisal_mn,yield_office,4481,0.016030381106837667,0.283339490922865,-0.0006702185393552603,0.964225197496289,False,site_price,commercial,0.0006702185393552603,,0.9800855023053803,
appr_vs_rtms_all_3m,kiscon_amt_priv,4548,-0.02951641594784355,0.04654249184180853,-0.0006417496083217233,0.965488720129246,False,valuation,kiscon,0.0006417496083217233,,0.980956077365718,
land_area_m2,kiscon_cnt_indiv,4662,-0.002724244691208115,0.8524771231580358,0.0006216715454650888,0.9661514224158768,False,site_price,kiscon,0.0006216715454650888,,0.9812157303085811,
rtms_land_med_unit,n_rounds_m,446,0.010862200022451366,0.8190564930288141,0.0019466836227432975,0.9672989904743344,False,rtms_land,site_price,0.0019466836227432975,,0.9819527235072645,
rtms_land_med_unit,appr_unit_land_mn_m2,4539,0.0010610851989914705,0.9430253952993265,-0.0006013513005516846,0.9676919993069516,False,rtms_land,valuation,0.0006013513005516846,,0.9819527235072645,
rtms_apt_n_3m,kiscon_cnt_priv,4732,-0.01375871574549657,0.3440208924432427,0.0005806261680411989,0.9681485709679284,False,rtms_apt,kiscon,0.0005806261680411989,,0.9820025488353146,
rtms_apt_med_unit,unsold_completed,4376,-0.010931658436503656,0.469705148039439,0.0005791876776024477,0.969446019687173,False,rtms_apt,unsold,0.0005791876776024477,,0.9829048832335241,
rtms_land_n,kiscon_amt_priv_yoy_pct,4732,-8.621751460190057e-05,0.9952691341528885,0.0005385600711550143,0.9704550963993486,False,rtms_land,kiscon,0.0005385600711550143,,0.9832802627633119,
discount_ratio,rtms_fac_med_unit,2209,-0.018548147187046622,0.38356611199051094,-0.0007837481559214447,0.970632259383369,False,site_price,rtms_fac,0.0007837481559214447,,0.9832802627633119,
rtms_land_n_yoy_pct,appr_unit_land_mn_m2,4540,0.0012724801131078376,0.931692558760016,-0.0005088622602747494,0.9726559012381579,False,rtms_land,valuation,0.0005088622602747494,,0.9849162697411599,
rtms_land_unit_3m,rtms_apt_med_unit,4731,0.15398109077043887,1.7074499094135807e-26,0.0004824937085319796,0.9735324484877325,False,rtms_land,rtms_apt,0.0004824937085319796,,0.9853898365625515,
unsold_completed,ah_supply_sum,3617,0.015887137992986612,0.3394733651074159,-0.0005373189410419214,0.9742296195382621,False,unsold,applyhome,0.0005373189410419214,,0.9856815210273768,
rtms_apt_n,n_rounds_m,446,0.045118189052668595,0.34178296207923403,0.001450661268351699,0.9756283066646348,False,rtms_apt,site_price,0.001450661268351699,,0.9866824251203399,
appraisal_mn,yield_midlarge,4576,-0.006115817129293098,0.6791654234525563,0.0004428845885463318,0.9761059336643014,False,site_price,commercial,0.0004428845885463318,,0.9867513842831235,
unsold_total,excess_pp_med,432,-0.08766389778614479,0.06871539240854949,0.0013272809500716018,0.9780552781508832,False,unsold,excess,0.0013272809500716018,,0.9883074299134711,
yield_office,rtms_land_n_yoy_pct,4628,-0.011575301406035835,0.43112117675719824,0.0003810329571523999,0.9793255790057664,False,commercial,rtms_land,0.0003810329571523999,,0.9890687792645029,
rtms_land_unit_3m,rtms_land_n_yoy_pct,4724,-0.03776069884731774,0.00944305807504001,-0.000368411579470247,0.979803925541607,True,rtms_land,rtms_land,0.000368411579470247,,0.9890687792645029,
rtms_land_dae_n,ah_n_pblanc,3877,-0.0033686880704268604,0.8339125909509026,0.0004019382425658459,0.9800399356363623,False,rtms_land,applyhome,0.0004019382425658459,,0.9890687792645029,
discount_ratio,rtms_fac_n_3m,2853,-0.02959604214940144,0.11399673486249166,-0.0004489575300475407,0.9808766363628882,False,site_price,rtms_fac,0.0004489575300475407,,0.9894988252970115,
excess_pp_med,kiscon_cnt_priv,446,-0.013269335834733983,0.7798940018876463,0.0011008166410252625,0.9815046212170034,False,excess,kiscon,0.0011008166410252625,,0.9897180490096144,
unsold_pct_completed,appr_vs_rtms_dae_3m,3894,0.006217866987788418,0.6981003728479881,0.0003111548900112232,0.9845136899020608,False,unsold,valuation,0.0003111548900112232,,0.9923370943805798,
house_idx_yoy_pct,rtms_land_n_yoy_pct,4386,0.04328926332852961,0.004138073590840175,-0.00027284764695241715,0.9855872395337428,False,land_house,rtms_land,0.00027284764695241715,,0.993003865918194,
round_no,rtms_land_dae_unit_3m,315,-0.003424882617004403,0.9517222462027902,0.0009346274511295201,0.986817911612551,False,site_price,rtms_land,0.0009346274511295201,,0.9938283188408892,
appr_vs_rtms_all_3m,n_rounds_m,442,-0.02673027064916833,0.5751516986144736,0.0007441422791671673,0.9875531898211083,False,valuation,site_price,0.0007441422791671673,,0.9941533782242569,
rtms_land_med_unit,unsold_completed,4370,-0.003992839404013439,0.7918754041004196,0.00019396976618599963,0.9897722837196257,False,rtms_land,unsold,0.00019396976618599963,,0.995971275058162,
rtms_land_dae_med_unit,unsold_total,4320,-0.0074080343540115145,0.6264202867158579,-0.00016910623411554586,0.9911344247462834,False,rtms_land,unsold,0.00016910623411554586,,0.9969256943399595,
apt_idx_yoy_pct,excess_pp_med,424,0.006851008469790816,0.88814163440769,-0.0004894863835879132,0.9919818839979964,False,land_house,excess,0.0004894863835879132,,0.9973618441531795,
rtms_fac_n_yoy_pct,kiscon_amt_priv,3791,0.02182983774909259,0.1790117984145829,0.00010824320892539424,0.9946841691137499,False,rtms_fac,kiscon,0.00010824320892539424,,0.9996617379333349,
rtms_land_dae_n,rtms_fac_n_3m,4732,0.034628070855256037,0.017212636832695097,-7.291176887138577e-05,0.9959992308487663,False,rtms_land,rtms_fac,7.291176887138577e-05,,1.0,
rtms_nrg_med_unit,n_rounds_m,445,-0.040426394661533326,0.39491104407050515,-0.00017867565704430042,0.9970011053711562,False,rtms_nrg,site_price,0.00017867565704430042,,1.0,
rtms_nrg_n_3m,n_rounds_m,446,-0.021575277959497798,0.6495292166144195,-0.00014806328170932577,0.9975120956402487,False,rtms_nrg,site_price,0.00014806328170932577,,1.0,
appr_vs_rtms_dae_3m,kiscon_amt_indiv,4548,-0.009856705329609246,0.5063329814477177,-3.1143403093220196e-05,0.9983246843643322,False,valuation,kiscon,3.1143403093220196e-05,,1.0,
round_no,capret_office,309,2.4936649967166602e-18,1.0,0.0,1.0,False,site_price,commercial,0.0,,1.0,
round_no,yield_midlarge,315,-6.938893903907228e-18,1.0000000000000002,0.0,1.0,False,site_price,commercial,0.0,,1.0,
round_no,yield_office,309,-5.204170427930421e-18,1.0,0.0,1.0,False,site_price,commercial,0.0,,1.0,
round_no,rentidx_midlarge,315,0.0,1.0000000000000002,0.0,1.0,False,site_price,commercial,0.0,,1.0,
round_no,rentidx_office,309,0.0,1.0,0.0,1.0,False,site_price,commercial,0.0,,1.0,
round_no,vac_midlarge,315,0.0,1.0000000000000002,0.0,1.0,False,site_price,commercial,0.0,,1.0,
round_no,vac_office,309,1.9081958235744878e-17,1.0,0.0,1.0,False,site_price,commercial,0.0,,1.0,
round_no,capret_midlarge,315,-5.204170427930421e-18,1.0000000000000002,0.0,1.0,False,site_price,commercial,0.0,,1.0,
