site_id,sido,region,address,addr_norm,biz_class,biz_type,land_area_m2,bldg_area_m2,trustee,agent_org,constr_status_last,permit_yn_last,first_month,last_month,n_months,appraisal_first_mn,appraisal_last_mn,min_bid_first_mn,min_bid_last_mn,onbid_no_any,onbid_cltr_no,onbid_cltr_nos_all,onbid_plnm_no_last,onbid_pbct_no_last
S010F3641,경기도,수도권,경기도 파주시 맥금동 513-6 외,파주시맥금동513-6,상업시설,66-물류센터,21678.0,,농협은행,중앙농협,착공 전,Y,2026-02,2026-06,5,15827.0,15827.0,11014.0,11014.0,,,,837530,9964582
S0142A33E,인천광역시,수도권,인천 중구 신흥동3가 47-5번지 일원,중구신흥동3가47-5,상업시설,25-상가,7773.1,5566.0,우리자산신탁,KA17유동화전문유한회사,착공 전,Y,2025-02,2026-05,12,19440.0,19199.557,13050.0,9800.0,,,,846520,9985812
S014CC9DE,충청남도,지방,천안시 풍세면 보성리 산35-1번지 일원,천안시풍세면보성리산35-1,주거시설,11-아파트,394570.0,,,우리들새마을금고,착공 전,N,2025-12,2026-04,5,37230.0,37230.0,,,,,,,
S01B649CC,강원도,지방,강원 속초시 조양동 1412-1번지,속초시조양동1412-1,숙박시설,45-기타숙박시설,1022.0,,무궁화신탁,하나저축은행,공사진행 중,Y,2026-05,2026-06,2,7171.0,7171.0,,,,,,,
S0217152D,전라남도,지방,목포시 상락동 1가 6-1,목포시상락동1가6-1,숙박시설,41-호텔,4163.0,31205.003,케이비부동산신탁,목포중앙새마을금고,완공,Y,2025-01,2026-06,17,85567.0,59371.0,60000.0,55150.0,,1761064,1761064,804757,9890978
S02C32278,충청남도,지방,충남아산시신창면남성리130-6번지,아산시신창면남성리130-6,주거시설,11-아파트,52782.0,,하나자산신탁,케이비증권,착공 전,Y,2026-06,2026-06,1,481.21,481.21,,,,,,,
S02E285C7,경상북도,지방,경북 김천시 율곡동 1094,김천시율곡동1094,상업시설,26-기타상업시설,5312.0,,캠코(한국자산관리공사),알찬새마을금고,공사진행 중,Y,2025-02,2025-04,3,3400.0,4754.0,2377.0,2377.0,,1827357,1827357,814603,9889832
S02E37C4D,경기도,수도권,경기도 김포시 양촌읍 석모리 1061-15 외,김포시양촌읍석모리1061-15,주거시설,15-타운하우스,22233.0,,무궁화신탁,KA17유동화전문유한회사,착공 전,Y,2026-03,2026-06,4,33533.974,33533.974,9832.760825,11513.0,,,,782782,9842973
S030F6D19,충청남도,지방,충청남도 천안시 동남구 수신면 신풍리 241-5 외 67필지,천안시동남구수신면신풍리241-5,산업시설,66-물류센터,117780.0,143037.65,,고산농협,착공 전,Y,2025-02,2026-06,14,34788.805,36712.0,36712.0,36712.0,,,,,
S033393F7,부산광역시,지방,부산 사상구 괘법동   822-2,사상구괘법동822-2,주거시설,11-아파트,1116.0,10173.0,신영부동산신탁,온천3동새마을금고,완공,Y,2025-12,2025-12,1,38007.0,38007.0,,,,,,,
S03652A61,대구광역시,지방,대구 달성군 유가읍 봉리 599,달성군유가읍봉리599,기타시설,71-의료시설,15853.0,,대한토지신탁,대구축산농협,착공 전,N,2025-04,2026-06,14,39949.0,39949.0,,,,1886613,1886613,822441,9931338
S04F4AA2B,충청남도,지방,충남 천안시 성거읍 모전리 280-3번지 일원,천안시성거읍모전리280-3,기타시설,66-물류센터,36486.0,,우리자산신탁㈜,웰컴자산운용㈜,착공 전,Y,2025-02,2025-02,1,18072.0,18072.0,,,,,,,
S0519F4C5,울산광역시,지방,울산광역시 북구 송정동 1231-2번지,북구송정동1231-2,업무시설,31-오피스텔,2064.3,,(주)무궁화신탁,신한투자증권㈜(한국리얼에셋저축은행정사화지원 일반사모투자신탁2호의신탁업자로서),착공 전,N,2025-01,2025-04,4,18702.558,18703.0,,,,,,,
S05264363,경상남도,지방,"경남 양산 물금읍 범어리 2783-2, 3번지",양산물금읍범어리2783-2,주거시설,11-아파트,3265.0,5773.82,신한자산신탁,미래에셋증권,,N,2025-02,2026-02,12,31045.0,31045.0,27746.0,27746.0,,,,,
S06A76971,경상남도,지방,경상남도 김해시 신문동 625번지 일원,김해시신문동625,주거시설,11-아파트,22282.0,38.07,우리자산신탁㈜,웰컴자산운용㈜,착공 전,Y,2025-01,2025-02,2,86934.562675,86935.0,57674.6326,57675.0,,,,800240,9882582
S06D4E6D7,경기도,수도권,경기 광주시 퇴촌면 광동리 194 외 2필지,광주시퇴촌면광동리194,업무시설,31-오피스텔,993.0,8189.82,대신자산신탁,우리금융저축은행,완공,Y,2025-04,2025-06,3,22006.0,22006.0,13728.12,13728.12,,,,816166,9915946
S07008417,경기도,수도권,안양시 만안구 안양동 369-6,안양시만안구안양동369-6,주거시설,11-아파트,805.0,,,안양저축은행,착공 전,Y,2025-01,2025-08,4,5848.715,5849.0,2994.541959,2994.541959,,,,,
S071CA5E4,경기도,수도권,경기도 부천시 원미구 심곡동 129-8,부천시원미구심곡동129-8,업무시설,31-오피스텔,453.9,,,산곡새마을금고,공사진행 중,Y,2025-04,2026-06,6,6581.0,6581.0,,,,,,,
S073B2D26,강원도,지방,강원도 춘천시 동산면 군자리 산129-11,춘천시동산면군자리산129-11,레져시설,51-골프장,23101.0,,KB부동산신탁,미래에셋증권,착공 전,N,2026-03,2026-06,4,,,,,,,,,
S07631617,울산광역시,지방,울산시 전하동 300-17외 11필지,전하동300-17,주거시설,31-오피스텔,2640.1,,KB부동산신탁,우리금융저축은행,착공 전,Y,2025-08,2026-06,7,18210.0,18210.0,10400.0,6859.0,,,,818091,9920618
S076A1CAD,강원도,지방,강원도 원주시 무실동 127-2번지 외 11필지,원주시무실동127-2,주거시설,11-아파트,12582.0,365.22,,송파새마을금고,착공 전,N,2025-02,2025-07,6,8973.0,8973.0,3078.0,3078.0,,,,,
S081A389E,부산광역시,지방,부산 사상구 모라동 271-11번지,사상구모라동271-11,주거시설,11-아파트,659.8,152.8,우리자산신탁,에이치비캐피탈,착공 전,Y,2025-01,2025-04,2,3492.14,3492.0,2066.0,2066.0,,1861367,1861367,816675,9917014
S0840E617,경기도,수도권,경기 평택시 진위면 엘지로 107,평택시진위면엘지로107,상업시설,21-근린생활시설,9406.0,324.0,해당없음,남사농협,착공 전,Y,2025-02,2026-06,16,10008.0,10008.0,,,,,,,
S0855FD8D,전라남도,지방,"전라남도 여수시 교동 630, 634",여수시교동630,주거시설,12-주상복합,608.0,2544.51,코리아신탁,하나증권,착공 전,Y,2025-05,2025-05,1,130.1854581,130.1854581,4557.19134,4557.19134,,,,805536,9892254
S08DE5D74,대구광역시,지방,수성구 범어동 1801 일원,수성구범어동1801,주거시설,11-아파트,6279.0,14772.0,,LS증권,착공 전,Y,2025-02,2026-06,16,47373.0,47373.0,16200.0,11300.0,,,,,
S094DADA7,경기도,수도권,경기도 의정부시 가능동 604-3,의정부시가능동604-3,주거시설,11-아파트,1590.0,4529.0,무궁화신탁,무궁화캐피탈,착공 전,Y,2025-01,2025-05,2,10607.301,10607.0,,,,,,747031,9768919
S0956FC65,경기도,수도권,경기도 시흥시 정왕동 2692-3,시흥시정왕동2692-3,주거시설,16-기타주거시설,991.8,,,안산제일신협,착공 전,Y,2025-01,2025-04,4,3699.414,3699.0,1268.899,1268.0,,,,,
S0971DF3D,경기도,수도권,시흥시 신천동 713번지외 5필지,시흥시신천동713외5필지,주거시설,31-오피스텔,1324.0,,신한자산신탁㈜,송파새마을금고,공사진행 중,Y,2025-02,2025-11,8,21684.0,21816.0,16096.0,13263.0,,1862963,1862963,820891,9927439
S09F44B51,세종특별자치시,지방,세종시 장군면 용현리 170-13일원,장군면용현리170-13,주거시설,15-타운하우스,67398.0,,,대전북부새마을금고,공사진행 중,Y,2025-08,2025-08,1,13840.0,13840.0,,,,,,,
S0A6CC8C6,강원도,지방,"강원도 현북면 하광정리 591외, 중광정리 508외",현북면하광정리591,숙박시설,42-콘도,52991.7,,무궁화신탁,천안농협,착공 전,Y,2025-05,2026-06,13,100387.0,100387.0,53706.0,53706.0,,,,820947,9927884
S0A6FAD7F,경기도,수도권,경기도 남양주시 진전읍 팔야리 산48-1번지 일원,남양주시진전읍팔야리산48-1,산업시설,66-물류센터,63013.0,,우리자산신탁,앤도버자산운용,착공 전,Y,2026-06,2026-06,1,55075.9,55075.9,,,,,,,
S0A7A5F4E,경기도,수도권,경기도 양주시 광적면 우고리 120-1,양주시광적면우고리120-1,기타시설,61-공장설립,19283.0,19353.39,무궁화신탁,에프엘자산운용,완공,Y,2026-04,2026-04,1,61100.0,61100.0,29136.0,29136.0,,,,,
S0ADB789F,경기도,수도권,경기도 광명시 광명동 752-3번지,광명시광명동752-3,주거시설,13-연립주택,1110.8,4524.94,무궁화신탁,화성새마을금고,완공,Y,2025-01,2025-08,8,23176.0,23100.0,20335.3,15034.0,,1789823,1789823,804727,9890929
S0B1656E8,경기도,수도권,경기도 과천시 문원동 328-1번지 외 3필지,과천시문원동328-1,주거시설,14-다세대주택,9532.0,3083.0,무궁화신탁,상상인저축은행,공사진행 중,Y,2025-01,2025-04,4,12614.803,12615.0,5000.0,4500.0,,,,816887,9917658
S0B32AC2A,경기도,수도권,"경기도 시흥시 정왕동 2724, 2724-1",시흥시정왕동2724,숙박시설,16-기타주거시설,15574.1,,신한자산신탁,FL자산운용,착공 전,N,2025-01,2026-06,9,107305.549,108240.0,68903.0,65277.0,,,,811989,9905646
S0C083C68,대전광역시,지방,유성구 용계동 667-8,유성구용계동667-8,업무시설,31-오피스텔,1651.3,,코람코자산신탁,흥국증권,착공 전,Y,2025-01,2026-04,15,14531.44,14531.44,9900.0,9900.0,,,,790873,9861501
S0C556870,경상북도,지방,경상북도 영천시 북안면 송포리 산92 외 46필지,영천시북안면송포리산92,레져시설,51-골프장,1023300.9,,신영부동산신탁㈜,에스앤티저축은행,착공 전,Y,2025-04,2025-04,1,33132.0,33132.0,29537.0,29537.0,,1856606,1856606,815533,9914346
S0CD975EF,전라남도,지방,전남 나주시 빛가람동 196-2번지,나주시빛가람동196-2,숙박시설,41-호텔,6305.0,,코리아신탁,한국투자리얼에셋운용㈜,착공 전,Y,2025-01,2026-04,10,30072.465,25785.0,20500.0,12892.0,,,,815092,9913313
S0D902046,인천광역시,수도권,"인천시 중구 중산동 1873-11, 12번지",중구중산동1873-11,상업시설,21-근린생활시설,2808.5,,코리아신탁,금화저축은행,착공 전,N,2025-01,2025-06,6,21766.0,21766.0,13528.0,13013.0,,1754463,1754463,807598,9896145
S0DE05765,경상남도,지방,김해시 주촌면 원지리 726번지 외 15필지,김해시주촌면원지리726,주거시설,11-아파트,18935.0,330.5,신한자산신탁,사상중앙금고,착공 전,N,2026-05,2026-06,2,,,,,,,,,
S0DF491F1,경상북도,지방,포항시 북구 용흥동 145-21 일원,포항시북구용흥동145-21,주거시설,12-주상복합,8714.4,,우리자산신탁,한화투자증권,착공 전,Y,2025-10,2026-04,7,44495.0,40817.0,41000.0,41000.0,,,,,
S0E0E530B,경기도,수도권,"경기 양주시 백석읍 기산리 117-3, 498-10, 117-4, 117-5 ,277-2, 117, 117-2 ,277-3, 277, 278-4",양주시백석읍기산리117-3,숙박시설,44-펜션,9877.0,,,봉천,착공 전,N,2025-07,2025-07,1,4388.0,4388.0,,,,,,,
S0EAF055D,울산광역시,지방,울산광역시 북구 천곡동 525-3번지 일원,북구천곡동525-3,주거시설,11-아파트,15071.0,,한국투자부동산신탁,한국투자증권,착공 전,Y,2025-01,2025-03,3,46907.0,46907.0,,,,,,,
S0EDE59BA,세종특별자치시,지방,세종시 장군면 용현리 178-8일원,장군면용현리178-8,기타시설,15-타운하우스,67398.0,,,대전북부새마을금고,공사진행 중,Y,2025-02,2025-07,6,13840.0,13840.0,,,,,,,
S0EE4E155,경기도,수도권,남양주시 다산동 6242,남양주시다산동6242,산업시설,62-아파트형공장,30396.0,,㈜교보자산신탁,㈜케이비저축은행,착공 전,Y,2025-01,2025-04,4,140258.0,140258.0,59850.0,59850.0,,1853065,1853065,786379,9850465
S0EF9B6E7,전라남도,지방,나주시 빛가람동 949-1,나주시빛가람동949-1,산업시설,62-아파트형공장,9504.4,61292.7362,케이비부동산신탁,메리츠증권,완공,Y,2025-01,2026-06,17,40202.0,40202.0,352.2,352.2,,,,810234,9893759
S0F484014,서울특별시,수도권,"동작구 노량진동 58-20, 58-21, 58-42, 58-28, 58-29(5필지)",동작구노량진동58-20,주거시설,31-오피스텔,852.0,,무궁화신탁,포스트자산운용,착공 전,N,2025-03,2026-06,11,23004.0,12766.3,9258.2,9258.2,,,,831593,9951823
S0F6BBBAC,대구광역시,지방,대구 동구 신천동 76-1번지 외 1필지,동구신천동76-1,주거시설,11-아파트,1717.1,,코람코자산신탁,웰컴저축은행,착공 전,Y,2025-01,2025-04,3,17514.0,18201.0,,,,,,,
S0F822031,충청남도,지방,충남 아산시 동암리 419-1외24필지,아산시동암리419-1,산업시설,61-공장설립,59438.0,,,남포농협,완공,Y,2025-03,2025-04,2,,,,,,,,,
S0FD4C0C8,충청남도,지방,충청남도 공주시 상왕동 산58-1외 3필지,공주시상왕동산58-1,주거시설,15-타운하우스,79016.0,,코리아신탁,HB저축은행,공사진행 중,Y,2025-01,2026-05,16,6298.0,6298.0,4276.0,1441.0,,,,799715,9881730
S10337289,경기도,수도권,경기 남양주시 진접읍 금곡리 477-2 일원,남양주시진접읍금곡리477-2,주거시설,11-아파트,66616.0,,우리자산신탁,HB저축은행,착공 전,Y,2025-04,2026-05,5,181602.0,183296.0,97000.0,94000.0,,,,808694,9898216
S106219CB,강원도,지방,강원도 원주시무실동 119번지 외,원주시무실동119외,주거시설,11-아파트,12582.0,179.62,,송파새마을금고,착공 전,N,2025-01,2025-01,1,10107.58225,10107.58225,4397.241,4397.241,,,,,
S106F6247,충청남도,지방,충남 천안시 동남구 구성동 388-1 외,천안시동남구구성동388-1,상업시설,21-근린생활시설,21355.0,,,세종금고,착공전,Y,2025-05,2026-06,4,17244.0,17244.0,,,,,,,
S10811092,전라남도,지방,여수시 웅천동 1868-4,여수시웅천동1868-4,숙박시설,45-기타숙박시설,8227.5,45341.09,신한자산신탁,메리츠증권,완공,Y,2025-01,2025-11,10,72216.0,72216.0,33300.2,27000.0,,1847629,1847629,819395,9923610
S10AC7248,경기도,수도권,경기도 김포시 월곶면 고막리 142-1,김포시월곶면고막리142-1,주거시설,15-타운하우스,91734.0,,코리아신탁,김포농협,공사진행 중,Y,2026-03,2026-06,4,30212.0,30212.0,,,,,,,
S10EAC3DE,충청남도,지방,충남 예산군 삽교읍 목리 RB1~4,예산군삽교읍목리RB1~4,주거시설,15-타운하우스,55666.0,,신한자산신탁,웰컴저축은행,착공 전,Y,2025-02,2025-02,1,40357.0,40357.0,,,,,,,
S11801321,서울특별시,수도권,서울특별시 노원구 공릉동 661-16 外 1필지,노원구공릉동661-16外1필지,업무시설,31-오피스텔,371.5,2733.0,신한자산신탁,엔에이치저축은행,착공 전,Y,2025-01,2025-02,2,13116.252,13116.0,9880.0,9880.0,,,,784036,9845897
S125500D4,부산광역시,지방,부산 해운대구 중동 1554-1 외 14필지,해운대구중동1554-1,주거시설,12-주상복합,2446.0,,KB부동산신탁,대구축산농협,착공전,Y,2025-04,2026-06,14,70307.0,70307.0,32000.0,32000.0,,,,,
S126B4694,경기도,수도권,경기도 화성시 반송동 99번지,화성시반송동99,주거시설,12-주상복합,18545.0,,,한국투자리얼에셋운용㈜,착공 전,N,2025-03,2025-11,3,304149.0,304149.0,,,,,,,
S12865F46,울산광역시,지방,울산광역시 남구 신정동 698-1번지 일원,남구신정동698-1,주거시설,12-주상복합,3504.6,,신한자산신탁,상상인저축은행,착공 전,Y,2025-02,2026-04,14,61419.07496,61622.0,47660.0,47660.0,,,,,
S130B9B09,제주특별자치도,지방,"제주시 애월읍 광령리 1005, 1005-1, 1005-2",제주시애월읍광령리1005,주거시설,15-타운하우스,6152.0,,,포스트자산운용,착공 전,N,2025-04,2026-06,7,3114.0,3179.0,,,,,,,
S13731CB5,경기도,수도권,경기도 파주시 조리읍 장곡리 427-18 외 13필지,파주시조리읍장곡리427-18,주거시설,15-타운하우스,5375.0,571.43,대신자산산탁,명동새마을금고,공사진행 중,Y,2025-01,2026-06,17,4694.2105,4514.0,1585.589,1585.0,,1679820,1679820,792391,9865096
S138A1FA2,경기도,수도권,"경기도 안양시 만안구 관양동 905-1 ,701.702.703.704.705.707.708.709.1304.1305",안양시만안구관양동905-1,상업시설,76-기타시설,1600.0,8916.61,신한자산신탁,종로중앙새마을금고,완공,Y,2026-04,2026-06,3,6464.0,6464.0,2505.0,2505.0,,,,,
S15259032,인천광역시,수도권,인천광역시 중구 중산동 1995-1외 15필지,중구중산동1995-1,상업시설,26-기타상업시설,154578.5,,신한자산신탁,우리금융저축은행,완공,Y,2025-02,2026-06,12,168211.0,157597.0,16804.0,89200.0,,1898048,1898048,826992,9942146
S1638CC83,광주광역시,지방,북구 동림동 산 144번지 외,북구동림동산144외,주거시설,15-타운하우스,32447.0,,무궁화신탁,진남새마을금고,착공 전,N,2025-07,2025-07,1,23624.0,23624.0,,,,,,774472,9826125
S1682CEAB,울산광역시,지방,중구 학산동 83-3 외 19필지,중구학산동83-3,주거시설,12-주상복합,4883.0,,한국자산신탁,고척,착공 전,N,2025-02,2025-07,6,42145.0,42145.0,35287.0,32350.0,,1681225,1681225,826906,9941719
S16E31147,인천광역시,수도권,인천광역시 중구 항동7가 57-8번지 일원,중구항동7가57-8,주거시설,31-오피스텔,11763.5,648.0,케이비부동산신탁주식회사,바로자산운용,착공 전,N,2025-01,2026-02,13,44596.625,44918.0,27300.0,24324.0,,,,799172,9880781
S17278CE2,제주특별자치도,지방,"제주 서귀포시 동홍동1580-5번지, 1580-9, 1579",서귀포시동홍동1580-5,주거시설,12-주상복합,3310.0,,KB부동산신탁,서귀포새마을금고,착공전,Y,2026-05,2026-06,2,9354.0,9354.0,,,,,,,
S17D1F372,충청남도,지방,충남 천안시 동남구 영성동 75-1 외 26필지,천안시동남구영성동75-1,주거시설,12-주상복합,11213.0,,우리자산신탁,웰컴저축은행,착공 전,N,2025-04,2025-05,2,51283.0,51283.0,48100.0,48100.0,,,,,
S17F7C82F,경기도,수도권,경기 의정부시 태평로138번길 22 외 12필지(의정부동),의정부시태평로138번길22,주거시설,12-주상복합,2406.0,,한국자산신탁,웰컴저축은행,착공 전,Y,2025-02,2025-02,1,23581.0,23581.0,15751.0,15751.0,,,,778795,9835018
S17FD9CBE,경기도,수도권,남양주시 별내동811,남양주시별내동811,상업시설,21-근린생활시설,2710.0,,신한자산신탁,한국투자저축은행,착공 전,N,2026-05,2026-06,2,40197.0,40197.0,,,,,,,
S181CC42E,제주특별자치도,지방,제주도 서귀포시 남원읍 신흥리 107외 26필지,서귀포시남원읍신흥리107,주거시설,15-타운하우스,53303.0,,,의성축산농협,착공 전,N,2025-02,2026-06,16,41557.0,41557.0,,,,,,,
S1A51ABDA,울산광역시,지방,울산광역시 동구 화정동 638-3,동구화정동638-3,주거시설,12-주상복합,5758.9,2898.98,한국토지신탁,한국투자증권,착공 전,Y,2025-01,2025-08,8,43698.3352,43698.3352,41967.0,41967.0,,1851528,1851528,825808,9939147
S1A6D33DC,부산광역시,지방,"부산광역시 해운대구 중동 1394-335, 1394-336, 1398-36, 1394-338, 1394-339, 1398-16, 1398-86, 1394-364",해운대구중동1394-335,주거시설,31-오피스텔,3583.0,,신한자산신탁,한마음새마을금고,착공 전,Y,2025-08,2025-12,4,168107.0,168107.0,74000.0,74000.0,,,,835907,9961047
S1A77DD7D,충청북도,지방,충청북도 진천군 진천읍 삼덕리 767-53 외,진천군진천읍삼덕리767-53,산업시설,66-물류센터,34627.0,,우리자산신탁,교보증권,착공 전,Y,2025-03,2025-05,3,5852.0,5852.0,2874.0,2874.0,,1864415,1864415,812796,9907858
S1AC1A8B0,전라북도,지방,고창읍 읍내리 567-1번지,고창읍읍내리567-1,주거시설,13-연립주택,6762.0,,무궁화신탁,상상인저축은행,공사진행 중,Y,2025-02,2025-03,2,3773.0,3773.0,,,,,,,
S1B48D54E,강원도,지방,"강원도 강릉시 연곡면 영진리 64-5, 66-1",강릉시연곡면영진리64-5,주거시설,16-기타주거시설,2353.0,,코리아신탁,한국투자리얼에셋운용㈜,공사진행 중,Y,2025-02,2026-01,7,1202.0,3341.0,,,,,,,
S1BD92F4D,경기도,수도권,경기도 안성시 일죽면 월정리 802 외 31필지,안성시일죽면월정리802,산업시설,66-물류센터,53044.0,,,모아저축은행,착공 전,N,2025-01,2025-05,5,11024.716,11025.0,3782.0,3782.0,,,,,
S1BF442BD,서울특별시,수도권,금천구 시흥동 113-16,금천구시흥동113-16,주거시설,12-주상복합,3110.0,21970.0,신한자산신탁,화성새마을금고,완공,Y,2025-02,2025-08,7,163628.0,163628.0,110000.0,99000.0,,1841856,1841856,813621,9909784
S1CCC7A4F,충청남도,지방,공주시 신관동 608,공주시신관동608,주거시설,11-아파트,17000.0,19570.55,대한토지신탁,삼성증권,착공 전,N,2025-04,2026-01,9,57630.0,57971.0,44450.0,34500.0,,1915216,1915216,853737,10001923
S1D487202,경기도,수도권,경기도 이천시 송정동 315-4번지 외,이천시송정동315-4외,주거시설,16-기타주거시설,507.0,3987.0,무궁화신탁,페퍼저축은행,공사진행 중,Y,2025-01,2025-12,11,9325.294155,9325.0,5430.0,4646.0,,1794806,1794806,832979,9954762
S1DD157B8,부산광역시,지방,부산광역시연제구거제동507-8,연제구거제동507-8,상업시설,21-근린생활시설,1731.0,4931.34,무궁화신탁,장림동금고,완공,,2026-05,2026-06,2,38970.0,38970.0,6574.0,6574.0,,,,,
S1E19C21A,서울특별시,수도권,강북구 미아동 52-1외 2필지,강북구미아동52-1,상업시설,21-근린생활시설,1980.0,3823.0,무궁화신탁,키움예스저축은행,착공 전,Y,2025-01,2025-03,3,29443.5736,29443.0,21026.2,21026.0,,1853065,1853065,775696,9828542
S1E46D22B,충청남도,지방,충청남도천안시청당동293번지일원,천안시청당동293,주거시설,11-아파트,22279.0,,우리자산신탁,상상인저축은행,착공 전,N,2025-02,2026-06,15,45109.82,47896.0,35700.0,34000.0,,,,,
S1ECB5CAB,경기도,수도권,경기도김포시구래동6871-43번지,김포시구래동6871-43,상업시설,76-기타시설,122722.2,,무궁화신탁,원광,착공 전,N,2025-02,2025-05,4,43509.0,43509.0,32159.0,32159.0,,,,789272,9857449
S1EFDB8C5,경기도,수도권,경기도이천시마장면장암리595외,이천시마장면장암리595,산업시설,66-물류센터,29575.0,5200.44,하나자산신탁,NH투자증권,착공 전,Y,2025-03,2025-12,9,23940.0,23940.0,,,,,,,
S1F4B1CC0,경상북도,지방,"경상북도 포항시 남구 중흥로 85(상도동, 포항터미널)",포항시남구중흥로85(상도동,주거시설,16-기타주거시설,20027.0,6689.08,무궁화신탁,더케이저축은행,착공 전,N,2025-02,2025-07,6,97474.0,97474.0,28114.0,46319.0,,1856900,1856900,815832,9915077
S1F76955E,경기도,수도권,경기 남양주시 진접읍 주곡로147번길 19-21외 86필지(금곡리),남양주시진접읍주곡로147번길19-21,주거시설,11-아파트,59068.0,,우리자산신탁,LS증권,착공 전,Y,2025-08,2025-11,3,126255.0,126255.0,94000.0,94000.0,,1803915,1803915,826353,9940353
S1F847112,경기도,수도권,"이천시 중리동 313-8, 313-9, 관고동 332-10, 332-11",이천시중리동313-8,상업시설,21-근린생활시설,5141.0,,코리아신탁㈜,다올저축은행,착공 전,Y,2025-08,2026-01,5,8520.372,8520.0,6541.0,5444.0,,,,,
S1F967BEA,경기도,수도권,파주시 조리읍 장곡리 117-35 외10필지,파주시조리읍장곡리117-35,주거시설,15-타운하우스,78260.0,,해당없음,강화군산림조합,공사진행 중,Y,2025-01,2026-01,8,10969.009,10969.0,,,,,,,
S1FB16284,충청남도,지방,충청남도 천안시 동남구 신부동 53-1외 28필지,천안시동남구신부동53-1,주거시설,11-아파트,28510.0,11452.6,한국자산신탁,푸른파트너스자산운용,착공 전,N,2025-01,2026-06,12,43442.93468,32200.0,24511.0,24511.0,,,,817506,9918977
S2033A975,경기도,수도권,경기 수원시 영통구 신동 398-7외,수원시영통구신동398-7,기타시설,73-복지시설,1728.0,924.0,농협은행 평촌지점,용인축산농협,착공 전,N,2025-02,2025-03,2,6710.0,6710.0,5600.0,5600.0,,,,,
S203FCBDB,대구광역시,지방,대구광역시 수성구 두산동 81-1,수성구두산동81-1,상업시설,12-주상복합,9680.5,98388.0,코리아신탁,비엔케이투자증권,완공,Y,2026-04,2026-06,3,31126.0,31126.0,12142.2,12142.2,,,,,
S20C94211,경상남도,지방,경남 창원시 진해구 용원동1347-2번지,창원시진해구용원동1347-2,주거시설,31-오피스텔,5757.7,,신영부동산신탁,구미강동새마을금고,착공 전,N,2025-02,2025-08,7,22051.0,22051.0,,,,,,,
S20EEDA2E,경상남도,지방,"경남 창원시 마산합포구 산호동 8-1번지, 8-2번지",창원시마산합포구산호동8-1,주거시설,16-기타주거시설,4592.4,,신한자산신탁,신한투자증권,착공 전,N,2025-01,2026-04,8,30116.0,30100.0,,,,,,,
S215E26FA,울산광역시,지방,울산시삼남읍신화리1608-4,삼남읍신화리1608-4,주거시설,11-아파트,19399.3,,무궁화신탁,물금새마을금고,착공 전,Y,2025-02,2025-07,6,83998.0,83998.0,,,,,,,
S216D1864,경기도,수도권,"경기도 김포시 양촌읍 대포리 대포일반산업단지내 A7/3-1,2,3L",김포시양촌읍대포리대포일반산업단지내A7/3-1,산업시설,66-물류센터,7647.5,34400.79,㈜하나자산신탁,한양증권㈜,완공,Y,2025-01,2026-03,14,115400.0,115400.0,42300.0,47021.0,,,,,
S21A286E2,경상북도,지방,경북포항시북구죽도동609-8,포항시북구죽도동609-8,주거시설,12-주상복합,1606.7,,무궁화신탁,머스트삼일저축은행,착공 전,Y,2025-03,2025-06,4,5350.0,5350.0,3000.0,3000.0,,,,775398,9827929
S21C3310D,경기도,수도권,경기 성남시 중원구 성남동 2203번지 외,성남시중원구성남동2203외,업무시설,31-오피스텔,340.0,1657.08,무궁화신탁,오케이저축은행,공사진행 중,Y,2025-04,2025-08,5,12002.0,12002.0,10000.0,10000.0,,1910064,1910064,832080,9952833
S21F01B01,경기도,수도권,경기도 남양주시 평내동 산87-1 일원,남양주시평내동산87-1,주거시설,11-아파트,60046.0,9589.0,해당없음,상상인저축은행,착공 전,Y,2025-01,2026-01,8,252788.6682,284183.0,,,,,,,
S21F1D241,경기도,수도권,경기도 화성시 오산동 982-3,화성시오산동982-3,상업시설,26-기타상업시설,4119.0,,대신자산신탁,KR투자증권,착공 전,Y,2026-05,2026-05,1,26117.0,26117.0,,,,,,,
S220CB9E4,경기도,수도권,경기 의정부시 의정부동 9-6 외,의정부시의정부동9-6,주거시설,12-주상복합,2406.0,2429.0,한국자산신탁주식회사,웰컴저축은행,착공 전,Y,2025-01,2025-05,4,23702.4502,23702.0,15760.4506,15760.0,,,,792890,9866225
S23706B17,제주특별자치도,지방,화북이동 5558-2번지 외 11필지,화북이동5558-2,주거시설,11-아파트,28579.0,,우리자산신탁,제주시농협,착공 전,N,2025-05,2025-07,3,37836.0,37836.0,,,,,,,
S23763C58,전라남도,지방,"순천시 남정동 568-1,5",순천시남정동568-1,주거시설,11-아파트,3720.0,,코람코자산신탁,동광양농협,착공 전,N,2026-03,2026-06,4,16306.0,16306.0,9475.0,9475.0,,,,,
S2455ED51,서울특별시,수도권,서울특별시 마포구 노고산동,마포구노고산동,주거시설,11-아파트,1385.8,2213.45,하나자산신탁,메리츠증권,착공 전,N,2025-04,2025-04,1,57646.0,57646.0,69293.0,69293.0,,,,,
S248A5119,경기도,수도권,경기도 남양주시 화도읍 마석우리 266-1 외 7필지,남양주시화도읍마석우리266-1,주거시설,12-주상복합,3043.0,,코람코자산신탁,푸른저축은행,착공 전,Y,2025-06,2025-07,2,14919.0,14919.0,,,,,,,
S24E6B67F,경기도,수도권,경기도 성남시 분당구 운중동 337-7번지 일원,성남시분당구운중동337-7,주거시설,14-다세대주택,3610.0,1933.0,무궁화신탁,다올저축은행,착공 전,Y,2025-01,2025-03,3,14093.88,14090.0,12000.0,12000.0,,,,773995,9825112
S250F01DC,부산광역시,지방,부산기장군일광면삼성리888,기장군일광면삼성리888,상업시설,21-근린생활시설,683.7,2591.24,무궁화신탁,온천3동새마을금고,완공,Y,2025-02,2025-06,5,16039.0,16039.0,,,,,,,
S258F1648,경기도,수도권,용인시 처인구 삼가동 213-1,용인시처인구삼가동213-1,주거시설,15-타운하우스,6602.0,2551.0,코리아신탁,상상인저축은행,완공,Y,2025-01,2025-02,2,14079.41246,14079.0,11169.74374,11170.0,,1849080,1849080,803752,9889268
S25DF20E9,경기도,수도권,경기 동두천시 생연동 724-5외 4필지,동두천시생연동724-5,주거시설,12-주상복합,2776.0,,대한토지신탁,KA17유동화전문유한회사,착공 전,N,2025-01,2026-06,9,8379.071,9276.82668,5430.0,4401.0,,,,864826,10026761
S26D3DCDF,서울특별시,수도권,서울특별시 송파구 삼전동28,송파구삼전동28,업무시설,31-오피스텔,835.0,,무궁화신탁,성남수정새마을금고,착공 전,Y,2025-02,2025-06,5,35900.0,35900.0,,,,,,,
S27450A1B,인천광역시,수도권,인천광역시 중구 중산동 1960-7번지,중구중산동1960-7,업무시설,31-오피스텔,2640.3,,신영부동산신탁,계양,착공 전,N,2025-01,2025-05,5,19036.563,19036.0,16400.0,9516.0,,1722146,1722146,809674,9900461
S276E2275,경상남도,지방,"경상남도 거제시 고현동 1143,1144,1145",거제시고현동1143,상업시설,25-상가,2182.0,,코리아신탁,김해농협,착공전,N,2026-05,2026-06,2,12245.0,12245.0,,,,,,,
S27BB570D,전라남도,지방,곡성군 석곡면 연반리 산19번지 일원,곡성군석곡면연반리산19,기타시설,45-기타숙박시설,103740.5,632.69,,나주동부새마을금고,착공 전,N,2025-04,2025-04,1,5121.0,5121.0,,,,,,,
S2851AAE8,경상남도,지방,경남 사천시 사등동208번지,사천시사등동208,기타시설,16-기타주거시설,142296.0,,대신자산신탁,순천농협,착공 전,N,2025-02,2026-06,16,17010.0,17010.0,,,,,,,
S2875361E,서울특별시,수도권,서울 양천구 신월동 981-2번지 외,양천구신월동981-2외,기타시설,기타시설,29.6998,156.1542,교보자산신탁㈜,한국투자저축은행,공사진행 중,N,2025-02,2025-05,3,2357.0,2357.0,,,,,,,
S28BF23AD,경기도,수도권,경기도 하남시 학암동 656,하남시학암동656,업무시설,32-오피스빌딩,2149.0,,우리자산신탁,엔에이치저축은행,착공 전,Y,2025-04,2025-04,1,30516.0,30516.0,16769.0,16769.0,,,,,
S28C2AEF5,충청북도,지방,충북 음성군 대소면 부윤리 409,음성군대소면부윤리409,기타시설,66-물류센터,35508.0,,우리자산신탁,서원주,착공 전,Y,2025-02,2025-12,10,10939.0,10930.0,,,,,,,
S28F688CE,대구광역시,지방,"서구 내당동 463-34, 광장코아종합상가 77개호",서구내당동463-34,주거시설,12-주상복합,6280.0,2690.0,신영부동산신탁,구미강동새마을금고,착공 전,Y,2025-02,2025-02,1,96646.0,96646.0,,,,,,,
S291C403B,경기도,수도권,경기도평택시동삭동661-1,평택시동삭동661-1,상업시설,근린생활시설,633.8,,케이비부동산신탁,한국투자저축은행,착공 전,Y,2025-02,2025-02,1,3137.0,3137.0,,,,,,809013,9898883
S296C1212,경상북도,지방,경북 포항시 북구 흥해읍 곡강리 A1BL 1LOT,포항시북구흥해읍곡강리A1BL1LOT,주거시설,11-아파트,56231.0,,코리아신탁,더블저축은행,착공 전,Y,2025-08,2025-12,2,76474.0,76474.0,41800.0,37016.0,,1890134,1890134,823787,9934595
S29B50BAE,경상남도,지방,경남 김해시외동275외,김해시외동275,주거시설,15-타운하우스,19646.0,4139.67,교보자산신탁,송파농협 삼전동지점,착공 전,Y,2025-02,2025-11,9,17626.0,17626.0,,,,,,,
S29FD7B4A,대구광역시,지방,대구광역시 달서구 장기동 539-2,달서구장기동539-2,기타시설,71-의료시설,1631.0,1630.7,무궁화신탁,왕십리중앙새마을금고,착공 전,Y,2025-01,2026-05,16,20057.61,17578.0,15556.8,12500.0,,1668997,1668997,797070,9875668
S2A233FB6,서울특별시,수도권,"종로구 연지동 75, 74-5, 76",종로구연지동75,업무시설,31-오피스텔,331.4,,,경인서부수협,착공 전,Y,2025-04,2025-11,6,9842.0,9842.0,,,,,,,
S2A5AF0B4,충청남도,지방,충청남도 계룡시 두마면 농소리 1017번지,계룡시두마면농소리1017,상업시설,24-쇼핑센터,48695.5,,대한토지신탁,남군산새마을금고,착공 전,Y,2025-08,2025-08,1,89112.0,89112.0,34527.0,34527.0,,,,,
S2B1968A4,경상남도,지방,경남 양산시 어곡동 597-6번지 외 74필지,양산시어곡동597-6,주거시설,11-아파트,29764.0,,코리아신탁(주),㈜키웨스트글로벌자산운용,착공 전,Y,2025-12,2026-02,3,22733.0,22733.0,11100.0,11100.0,,,,,
S2B56257A,충청남도,지방,충청남도 아산시 온천동 232-7 외 9필지,아산시온천동232-7,상업시설,21-근린생활시설,2149.1,,교보자산신탁,한국투자저축은행,착공 전,Y,2025-01,2025-03,3,7700.456,8551.0,,,,,,,
S2B84A388,서울특별시,수도권,서울특별시 중구 을지로6가 53-2번지 일원,중구을지로6가53-2,업무시설,32-오피스빌딩,19872.0,,신한자산신탁,부국증권,착공 전,N,2025-04,2026-04,12,253.0,253.0,,,,,,,
S2BFC21AD,인천광역시,수도권,"중구 운북동1353-20,-26",중구운북동1353-20,상업시설,76-기타시설,2464.0,,한국투자부동산신탁,한국투자저축은행,착공 전,N,2025-01,2026-06,17,3568.2375,3568.0,2160.0,1011.0,,1833087,1833087,825906,9939311
S2C2C2F80,충청남도,지방,충남 아산시 온천동 82-6,아산시온천동82-6,주거시설,12-주상복합,2781.5,7631.49,우리자산신탁,신한캐피탈,착공 전,N,2025-01,2025-06,6,9939.1747,9939.0,9939.1747,8052.0,,,,794659,9870162
S2C6542AE,경기도,수도권,시흥시 정왕동 2718,시흥시정왕동2718,상업시설,21-근린생활시설,3290.3,16030.88,우리자산신탁,제물포새마을금고,완공,Y,2025-02,2025-08,7,24161.0,24161.0,9953.0,9953.0,,,,799514,9881312
S2CCA842E,서울특별시,수도권,광진구 화양동 2-10외,광진구화양동2-10,주거시설,16-기타주거시설,764.5,4316.12,케이비신탁,(주)우리투자증권,완공,Y,2025-02,2026-06,16,30306.0,30306.0,12484.0,3500.0,,,,772957,9823505
S2CF30C9B,경기도,수도권,경기 김포시 사우동 300 외,김포시사우동300,주거시설,11-아파트,10053.0,,우리자산신탁,광명동부새마을금고,착공 전,Y,2025-01,2025-06,6,62896.69862,62896.0,54153.0,35204.0,,1870526,1870526,815875,9915214
S2D3878B7,경기도,수도권,경기도 포천시 영북면 산정리 433외,포천시영북면산정리433,숙박시설,45-기타숙박시설,22806.0,,우리자산신탁,오에스비저축은행,착공 전,Y,2025-04,2025-05,2,7099.0,7099.0,,,,,,,
S2D6D5742,경기도,수도권,경기도 동두천시 생연동 592-2번지,동두천시생연동592-2,주거시설,12-주상복합,2778.0,28976.8,교보자산신탁,메리츠증권,완공,Y,2026-05,2026-06,2,55130.0,55130.0,31540.0,31540.0,,,,,
S2E34E058,경기도,수도권,경기 고양시 덕양구 주교동 38-15번지 일원,고양시덕양구주교동38-15,상업시설,21-근린생활시설,2209.0,,무궁화신탁,나주동부새마을금고,착공 전,Y,2025-04,2025-04,1,11000.0,11000.0,,,,,,,
S2EADBA71,제주특별자치도,지방,제주도 제주시 구좌읍 행원리,제주시구좌읍행원리,기타시설,76-기타시설,189950.0,,,행복새마을금고,착공 전,N,2025-04,2025-04,1,1108.0,1108.0,,,,,,,
S2F49078F,서울특별시,수도권,서울특별시은평구불광동304-2외,은평구불광동304-2,업무시설,31-오피스텔,1075.35,6224.74,우리자산신탁,NH투자증권,착공 전,N,2025-03,2025-12,5,48108.0,48108.0,,,,,,,
S2F6BE4CA,제주특별자치도,지방,"제주 서귀포시 안덕면 사계리 3711-3, 3711-4, 3712-1,3713-1, 3712,3711,3712-4,3712-5,3713,3714,3711-1,3712-3,3712-5,3712-8,3711-2,3712-2,3712-7,3712-9,3715",서귀포시안덕면사계리3711-3,주거시설,16-기타주거시설,7794.2,115.95,,화원신협,공사진행 중,Y,2025-01,2025-01,1,4376.9711,4376.9711,,,,,,,
S2F8DC284,경기도,수도권,경기도 용인시 수지구 동천동 581-53번지 외 2필지,용인시수지구동천동581-53,주거시설,15-타운하우스,9799.0,4617.0,대신자산신탁,오케이저축은행,공사진행 중,Y,2025-01,2025-01,1,24900.7036,24900.7036,29544.059814,29544.059814,,,,,
S2FD6996C,충청남도,지방,충청남도 태안군 남면 원청리 804 외,태안군남면원청리804,기타시설,76-기타시설,21254.0,,,영암군산림조합,착공 전,N,2026-03,2026-06,4,1289.0,1286.0,607.0,427.0,,,,,
S3083518A,경기도,수도권,김포시 마산동 621-10,김포시마산동621-10,주거시설,31-오피스텔,3198.1,,,서일새마을금고,착공 전,Y,2025-02,2025-08,7,9242.0,9242.0,,,,,,,
S308EC589,경기도,수도권,경기도 시흥시 월곶동 1005-1외,시흥시월곶동1005-1,주거시설,31-오피스텔,2630.2,,대신자산신탁,천안농협,착공 전,Y,2026-05,2026-06,2,33204.0,33204.0,15860.0,15860.0,2026-0030-002223,,,,
S30E9E255,대구광역시,지방,대전광역시 달서구 본동 881번지,달서구본동881,주거시설,12-주상복합,2318.3,7580.32,신한자산신탁,원광새마을금고,착공 전,N,2025-04,2026-06,14,20920.0,20920.0,21200.0,17000.0,,1893546,1893546,844874,9982362
S313547C7,경기도,수도권,"파주시 파주읍 연풍리 422-14,-10,-6",파주시파주읍연풍리422-14,주거시설,14-다세대주택,1967.0,,무궁화신탁,모아저축은행,착공 전,Y,2025-01,2025-02,2,838.501,838.501,500.0,500.0,,,,796253,9874124
S31373BDD,경상북도,지방,포항시 죽도동 53-1 일원,포항시죽도동53-1,주거시설,12-주상복합,5384.3,6699.295,KB부동산신탁,대신증권,착공 전,Y,2025-03,2025-08,6,34647.19435,34647.19435,34648.0,19800.0,,,,,
S3152EF82,제주특별자치도,지방,제주시 화북이동5121-7외,제주시화북이동5121-7,주거시설,11-아파트,20207.0,,,장수농협,착공 전,Y,2025-03,2026-06,15,18343.0,18343.0,,,,,,,
S31AD2393,경상북도,지방,경북 영천시 금호읍 신월리 33외,영천시금호읍신월리33,레져시설,51-골프장,17391.0,,신영부동산신탁,가창농협,착공 전,Y,2025-02,2026-06,16,10518.0,10518.0,7719.0,10518.0,,,,783723,9845059
S32119684,부산광역시,지방,부산광역시 부산진구 양정동 387-13번지 외,부산진구양정동387-13외,업무시설,31-오피스텔,337.0,1798.0,신영부동산신탁,오케이저축은행,완공,Y,2025-01,2025-06,6,11515.0,11515.0,7141.0,7141.0,,1811302,1811302,801476,9885085
S328E3BF3,세종특별자치시,지방,세종시장군면대교리90-2외27필지,장군면대교리90-2,주거시설,16-기타주거시설,51306.0,,,홍성농협,착공 전,N,2026-05,2026-06,2,13049.0,13049.0,,,,,,,
S32D5C6A2,경기도,수도권,경기도진접읍팔야리199-1번지외9필지,진접읍팔야리199-1,상업시설,66-물류센터,16846.0,,신한자산신탁,KB증권,착공 전,N,2026-06,2026-06,1,6130.0,6130.0,,,,,,,
S3306A195,강원도,지방,강원특별자치도 춘천시 근화동 266-4일원,춘천시근화동266-4,상업시설,12-주상복합,2512.7,3680.34,한국토지신탁,남군산새마을금고,착공 전,N,2025-07,2025-11,4,12614.0,20712.0,7813.0,7813.0,,,,,
S3312CC66,경기도,수도권,"안산시 단원구 성곡동 844-1, 845-4",안산시단원구성곡동844-1,업무시설,31-오피스텔,3696.9,,아시아신탁,계산새마을금고,착공 전,Y,2025-07,2025-08,2,19556.0,25952.0,,,,,,,
S3312EB57,광주광역시,지방,광주광역시 광산구 수완동 375 외,광산구수완동375,주거시설,15-타운하우스,8965.0,,하나자산신탁,순천농협,착공 전,Y,2026-02,2026-06,5,14070.0,14070.0,11746.0,11746.0,,,,850032,9993892
S33154434,경기도,수도권,"경기도 양주시 백석읍 오산리산27-6,524-3",양주시백석읍오산리산27-6,주거시설,12-주상복합,2387.0,3999.84,교보자산신탁,경인아라,공사진행 중,Y,2025-01,2026-06,17,11652.0,11652.0,4560.0,4423.0,,,,789058,9857008
S3390A03E,충청남도,지방,천안시 동남구 영성동 55-13외,천안시동남구영성동55-13,주거시설,11-아파트,5975.0,,코람코자산신탁,고양축산농협,착공 전,Y,2025-02,2026-02,12,40111.0,40111.0,26317.0,26317.0,,,,,
S34915D85,부산광역시,지방,부산광역시 동래구 명장동 508-75외 17필지,동래구명장동508-75,주거시설,11-아파트,21859.0,,,앤도버자산운용,착공전,Y,2026-01,2026-02,2,43452.0,10790.286,,,,,,,
S3492273E,경기도,수도권,파주시 탄현면 성동리715,파주시탄현면성동리715,숙박시설,41-호텔,3716.0,,고양지원경매2계,한국투자저축은행,착공 전,Y,2025-01,2026-06,17,7691.292,7691.0,5398.904,1293.0,,,,,
S34C4A9C1,경상남도,지방,경상남도 함양군 서하면 다곡리 23번지 외,함양군서하면다곡리23외,숙박시설,43-리조트,6998841.0,,교보자산신탁,푸른저축은행,착공 전,N,2025-01,2026-06,17,16562.63225,10003.0,9005.0,9005.0,,,,800392,9882965
S3519BD04,경기도,수도권,경기도포천시 소흘읍 무봉리 산 37-9번지 일원,포천시소흘읍무봉리산37-9,기타시설,66-물류센터,16738.0,1719.12,한국투자부동산신탁,한국투자증권,착공 전,Y,2025-01,2026-06,16,15001.77586,15002.0,9900.0,9000.0,,1833970,1833970,849048,9991516
S35B90595,부산광역시,지방,부산광역시 동래구 명장동 542-1,동래구명장동542-1,주거시설,11-아파트,21890.0,,,비엔케이저축은행,착공 전,Y,2025-08,2025-08,1,43451.0,43451.0,,,,,,,
S3625C96E,인천광역시,수도권,인천광역시 중구 중산동 1944-4번지 일원,중구중산동1944-4,숙박시설,45-기타숙박시설,1078.2,8886.42,무궁화신탁,대명상호저축은행,완공,Y,2025-01,2025-04,4,31884.0,20829.0,18380.5,18380.0,,,,794025,9868881
S36F66B58,충청남도,지방,아산시 음봉면 동암리 336외25필지,아산시음봉면동암리336,산업시설,61-공장설립,60233.0,,,남포농협,공사진행 중,Y,2025-08,2026-06,10,13547.0,13547.0,,,,,,,
S370549A1,세종특별자치시,지방,세종시 장군면 대교리 90-6 외,장군면대교리90-6,주거시설,16-기타주거시설,27693.0,,농협은행 월평동지점,홍성농협,착공 전,N,2026-05,2026-06,2,9600.0,9600.0,,,,,,,
S3765E522,서울특별시,수도권,서울특별시 강남구 신사동 523-37번지,강남구신사동523-37,상업시설,21-근린생활시설,216.0,573.0,우리자산신탁,오케이저축은행,완공,Y,2025-04,2025-06,3,15204.0,15204.0,9972.0,9972.0,,,,816788,9917226
S3780216A,인천광역시,수도권,인천광역시 서구 청라동 92-1번지(청라국제도시 B3-1BL),서구청라동92-1(청라국제도시B3-1BL),업무시설,33-기타업무시설,13748.3,,하나자산신탁,푸른파트너스자산운용,착공 전,Y,2025-02,2026-06,14,175978.0,175978.0,127562.0,114805.0,,,,814106,9910850
S37DA0FE1,충청남도,지방,충남 천안시 서북구 성성동 348번지 일원,천안시서북구성성동348,산업시설,62-아파트형공장,27751.0,1540.0,하나자산신탁,오에스비저축은행,착공 전,N,2025-08,2026-06,10,46351.0,46351.0,34032.0,30628.0,,1923340,1923308;1923340,858435,10012737
S388BB614,부산광역시,지방,부산광역시 남구 용호동 720-43번지,남구용호동720-43,주거시설,16-기타주거시설,1700.0,4257.0,㈜무궁화신탁,페퍼저축은행,공사진행 중,Y,2025-01,2025-05,5,6928.92006,6929.0,3669.8,3486.0,,,,809909,9901025
S38B045CD,제주특별자치도,지방,서귀포시 상예동 1689번지 외 26필지,서귀포시상예동1689,상업시설,21-근린생활시설,58008.0,,,대구축산농협,착공 전,Y,2025-03,2026-06,15,15703.0,15703.0,,,,,,,
S394FCFCA,울산광역시,지방,울산광역시 남구 무거동 855-5 일원,남구무거동855-5,주거시설,11-아파트,3698.0,,하나자산신탁,상상인저축은행,착공 전,N,2026-04,2026-05,2,55345.0,52238.0,39342.0,35408.0,,,,,
S39F8D3BA,충청남도,지방,태안군 태안읍 반곡리 1148-31,태안군태안읍반곡리1148-31,주거시설,11-아파트,39079.6,,신영부동산신탁,서원주,착공 전,Y,2025-04,2025-08,5,13756.0,13756.0,9400.0,9400.0,,,,,
S3A4006C1,충청남도,지방,충청남도 아산 신창면 남성리 130-6번지,아산신창면남성리130-6,주거시설,11-아파트,,,하나자산신탁,케이비증권,착공 전,Y,2026-03,2026-04,2,48121.769,48121.769,48121.0,48121.0,,,,,
S3A620A12,서울특별시,수도권,"서울특별시 성동구 도선동 20,25,32,33-1,33-2,34",성동구도선동20,상업시설,26-기타상업시설,2045.0,,무궁화신탁,광주은행,착공 전,N,2025-01,2026-06,6,71124.8775,67994.0,44003.9,52004.0,,1755687,1755687,776986,9831389
S3A67D635,제주특별자치도,지방,"조천읍 선흘리 1825,1823, 1823-6",조천읍선흘리1825,주거시설,15-타운하우스,34288.0,,,해남군산림조합,착공 전,N,2025-03,2026-06,14,7708.0,8306.0,8306.0,4070.0,,,,,
S3A7CFA7A,경기도,수도권,경기 포천시 군내면 유교리 산4번지 일원,포천시군내면유교리산4,기타시설,66-물류센터,15420.0,,교보자산신탁,한국투자리얼에셋운용㈜,착공 전,Y,2025-02,2025-12,8,6584.0,6583.0,4460.0,3700.0,,,,839967,9970296
S3AAA7ECA,대구광역시,지방,대구광역시 수성구 청수로 128,수성구청수로128,주거시설,12-주상복합,5007.2,,대신자산신탁,비엔케이투자증권,착공 전,Y,2025-05,2026-06,13,105235.76099,105633.48416,48279.809,48279.809,,,,,
S3AB8DBB6,경기도,수도권,경기도평택시모곡동451-8,평택시모곡동451-8,주거시설,11-아파트,6508.0,,교보자산신탁,오하자산운용,착공 전,Y,2025-02,2026-06,16,15162.941,8473.0,,,,,,,
S3AE309C9,경상북도,지방,"경상북도 안동시 안막동 540-1번지(토지, 건물)
경상북도 안동시 안막동 540-2번지
경상북도 안동시 안막동 528-2번지
경상북도 안동시 안막동 산91-7번지
경상북도 안동시 안막동 산91-14번지",안동시안막동540-1(토지,기타시설,76-기타시설,35083.0,1027.7,우리자산신탁,흥국저축은행,착공 전,N,2025-04,2025-05,2,4764.0,4764.0,2800.0,2800.0,,1852289,1852289,816086,9915772
S3B8B627B,전라북도,지방,전북 정읍시 상평동 23-3번지 일원 토지 및 건물,정읍시상평동23-3토지,주거시설,11-아파트,33163.0,468.79,교보자산신탁,정읍새마을금고,착공 전,N,2026-03,2026-06,4,20345.0,20345.0,22758.0,22758.0,,,,,
S3C560EA7,경기도,수도권,이천시 대월면 부필리 419-17 외 11필지,이천시대월면부필리419-17,기타시설,66-물류센터,27664.0,,해당없음,죽산농협,착공 전,Y,2025-08,2026-06,10,,,,,,,,,
S3D09E326,대구광역시,지방,달서구 본리동 398번지 일원,달서구본리동398,주거시설,12-주상복합,12162.0,,무궁화신탁,키움증권,착공 전,Y,2025-02,2026-05,8,215241.0,215241.0,101003.0,101003.1,,,,,
S3D0F95B5,세종특별자치시,지방,세종 전동면 노장리 605-3 외 9필지,전동면노장리605-3,주거시설,11-아파트,12995.0,,코리아신탁,오송농협,착공 전,Y,2025-03,2025-11,8,8002.0,8002.0,,,,,,,
S3DAA7EB3,부산광역시,지방,"강서구 범방동 1898-7,9",강서구범방동1898-7,숙박시설,45-기타숙박시설,3565.9,,우리자산신탁,서동금고,착공 전,Y,2025-04,2026-06,14,13550.0,13550.0,9330.0,8397.0,,,,851752,9997738
S3DB8B19B,서울특별시,수도권,서울시서초구양재동11-11공동주택및근생신축사업,서초구양재동11-11공동주택및근생신축사업,주거시설,11-아파트,622.8,1999.6,,상상인증권,완공,Y,2025-02,2025-04,3,15118.679,15119.0,6875.0,6875.39,,,,,
S3DDA8020,서울특별시,수도권,서울 강북구 삼양로 283~299,강북구삼양로283~299,주거시설,11-아파트,,,,부산은행,,N,2025-10,2025-11,2,,,,,,,,,
S3E2101BE,경상남도,지방,"사천시 실안동 1268, 1268-6, 1268-7, 1268-8, 1268-9",사천시실안동1268,숙박시설,16-기타주거시설,17291.2,,㈜하나자산신탁,하나동산새마을금고,착공 전,N,2025-07,2025-08,2,30331.0,30330.0,19346.0,19346.0,,,,830882,9950370
S3EC3E860,전라남도,지방,"전라남도 광양시 중동 1913,1914",광양시중동1913,주거시설,11-아파트,13963.5,,신한자산신탁,웰컴저축은행,착공 전,Y,2025-02,2025-02,1,26525.0,26525.0,11301.6,11301.6,,,,808498,9897842
S3EDAE54C,경기도,수도권,경기도 평택시 칠괴동 577-6번지,평택시칠괴동577-6,산업시설,62-아파트형공장,32921.6,31488.3,신영부동산신탁,NH투자증권,착공 전,Y,2025-03,2026-06,15,46420.0,56662.0,33658.0,33658.0,,,,,
S3F00856C,제주특별자치도,지방,제주시 조천읍 신촌리 공동주택 PF,제주시조천읍신촌리공동주택PF,주거시설,14-다세대주택,13554.0,,KB신탁,메리츠증권,공사진행 중,Y,2025-08,2026-02,6,,,,,,,,,
S3F538499,전라남도,지방,전남 순천시 장천동 57-1,순천시장천동57-1,상업시설,21-근린생활시설,1148.0,8008.0,신영부동산신탁,대전동부새마을금고,완공,Y,2025-08,2026-05,6,18501.0,18501.0,14033.0,14033.0,,,,,
S3FDB6B7D,경기도,수도권,경기도 평택시 비전동 833-1 메디타워 101호 외 18개호,평택시비전동833-1메디타워101호,상업시설,21-근린생활시설,1012.8,9978.403,신한자산신탁,남서울새마을금고,완공,Y,2025-08,2025-08,1,34673.0,34673.0,,,,,,,
S401AB6DB,전라남도,지방,전라남도화순군화순읍대리87번지일원,화순군화순읍대리87,주거시설,11-아파트,37037.0,3121.56,신한자산신탁,iM증권,착공 전,N,2025-02,2026-06,16,49460.178,49460.178,40811.0,24500.0,,1866750,1866750,838653,9967168
S4055BCED,경기도,수도권,경기도 파주시 와동동 1409,파주시와동동1409,주거시설,13-연립주택,3130.1,1941.59,코리아신탁,한국투자저축은행,완공,Y,2025-02,2025-05,4,12708.0,12708.0,5457.0,5457.0,,,,795690,9872713
S40A69F39,제주특별자치도,지방,"제주 제주시 조천읍 북촌리 산65-2,1938, 1837-1",제주시조천읍북촌리산65-2,주거시설,15-타운하우스,27959.0,,코리아신탁,원남새마을금고,공사진행 중,Y,2025-04,2025-04,1,13012.0,13012.0,,,,,,,
S40DA32FF,전라북도,지방,전북 전주시 만성동 1261-5,전주시만성동1261-5,상업시설,21-근린생활시설,1578.0,,무궁화신탁,전주원예농협,공사진행 중,Y,2025-02,2025-03,2,8368.0,8368.0,913.0,3654.0,,,,,
S41534991,대구광역시,지방,대구광역시동구신천동66-4,동구신천동66-4,업무시설,26-기타상업시설,809.9,10534.86,신한자산신탁,메리츠증권,완공,Y,2026-06,2026-06,1,30419.0,30419.0,21111.0,21111.0,,,,,
S41549F93,경기도,수도권,경기 남양주시 와부읍 덕소리 557,남양주시와부읍덕소리557,주거시설,16-기타주거시설,279.52,1461.6302,신영부동산신탁㈜,우리들새마을금고,완공,Y,2025-05,2025-11,6,4580.0,45800.0,2955.0,29550.0,,,,827736,9943559
S41596FF1,경기도,수도권,경기도 용인시 처인구 남사면 통삼리 636-5번지 일원,용인시처인구남사면통삼리636-5,산업시설,66-물류센터,49473.0,,우리자산신탁,KA17유동화전문유한회사,착공 전,Y,2025-04,2026-06,9,80511.0,80511.3,61803.0,61803.452798,,1878982,1878982,819273,9923364
S419B0AFB,대구광역시,지방,"대구 서구 내당동 866-9 외 5필지, 위지상 건물",서구내당동866-9,기타시설,71-의료시설,2126.0,53985.0,무궁화신탁,오케이저축은행,착공 전,Y,2025-02,2025-03,2,26366.0,26365.0,17400.0,17400.0,,1862216,1862216,811549,9904553
S4207E216,강원도,지방,속초시 조양동 1558-3,속초시조양동1558-3,주거시설,45-기타숙박시설,3428.3,,,삼척동해태백산림조합,착공 전,Y,2025-02,2025-10,5,8502.0,8502.0,,,,,,,
S42364E05,경기도,수도권,경기화성시향남읍하길리1470외1필지,화성시향남읍하길리1470,상업시설,21-근린생활시설,1734.6,,교보자산신탁,웰컴저축은행,착공 전,Y,2026-06,2026-06,1,14455.0,14455.0,11000.0,11000.0,,,,,
S425510B1,경상북도,지방,경북 김천시 덕곡동,김천시덕곡동,주거시설,11-아파트,17116.0,,교보자산신탁,행복새마을금고,착공 전,N,2025-05,2025-06,2,1108.0,1108.0,,,,,,,
S4291E794,대전광역시,지방,대전광역시유성구봉명동546-5번지일원,유성구봉명동546-5,주거시설,11-아파트,6778.4,3219.19,신한자산신탁,원광새마을금고,착공 전,N,2025-02,2025-07,6,69421.0,69421.0,64350.0,64350.0,,,,,
S4312C70C,울산광역시,지방,울산광역시 북구 송정동 1234-3 송정테라스 101호외,북구송정동1234-3송정테라스101호외,상업시설,21-근린생활시설,969.2077,4914.5763,,새중앙새마을금고,완공,,2026-04,2026-06,3,14573.0,14573.0,,,,,,,
S43F81975,경기도,수도권,김포시 풍무동 3-11번지 일원,김포시풍무동3-11,주거시설,12-주상복합,19949.0,,무궁화신탁,오케이저축은행,착공 전,Y,2025-02,2025-06,5,84422.0,84422.0,,,,,,794976,9870914
S447224EA,경상남도,지방,김해시 무계동 무계지구 도시개발구역 7블록(김해시 무계로56),김해시무계동무계지구도시개발구역7블록(김해시무계로56),상업시설,21-근린생활시설,10656.0,46898.0,KB부동산신탁,물금새마을금고,완공,Y,2026-05,2026-06,2,134805.0,134805.0,,,,,,,
S449F6AB8,대구광역시,지방,대구광역시 신천동 290-5,신천동290-5,주거시설,12-주상복합,2953.1,6481.04,교보자산신탁,하나동산새마을금고,착공 전,Y,2025-10,2025-11,2,31305.0,31305.0,,,,,,,
S44AA84D4,세종특별자치시,지방,세종특별자치시 대평동 680,대평동680,상업시설,25-상가,14382.0,102271.3943,신한자산신탁,현대차증권,완공,Y,2025-03,2025-03,1,,,,,,,,,
S44E3A048,전라남도,지방,전남 광양시 광영동 398 외,광양시광영동398,주거시설,11-아파트,16386.0,,,동양저축은행,착공 전,N,2025-01,2025-06,6,5321.1964,5321.0,3718.83,1523.0,,,,,
S4562DAB6,충청남도,지방,충남 태안군 남면 신장리403-7,태안군남면신장리403-7,숙박시설,45-기타숙박시설,5832.0,,신한자산신탁,웰컴저축은행,착공 전,Y,2025-01,2025-10,5,2638.0,2638.0,,,,,,,
S456DC1C1,경상북도,지방,경북 포항시북구용흥동120-2번지,포항시북구용흥동120-2,주거시설,12-주상복합,4880.0,,우리자산신탁,순천농협,착공 전,Y,2025-02,2026-06,16,12468.0,12468.0,,,,,,,
S458CE799,경기도,수도권,광주시 장지동 산67번지 일원,광주시장지동산67,주거시설,12-주상복합,8423.0,,,IBK투자증권,착공 전,N,2025-08,2025-11,3,23488.0,23488.0,,,,,,,
S45AD16FC,경기도,수도권,이천시 부발읍 송온리 315번지,이천시부발읍송온리315,산업시설,66-물류센터,29686.0,,,한국투자저축은행,착공 전,N,2025-04,2025-08,4,9618.0,9618.0,,,,,,,
S45CB5324,경기도,수도권,이천시 설성면 자석리 121-1,이천시설성면자석리121-1,산업시설,66-물류센터,27829.1,50865.11,신한자산신탁,IBK투자증권,완공,Y,2025-02,2025-10,8,87100.0,87100.0,92959.0,92959.0,,,,755001,9783897
S462CCA2F,대구광역시,지방,대구중구계산동1가2-9번지 외,중구계산동1가2-9외,주거시설,12-주상복합,7879.15,8142.345,코리아신탁,원남,착공 전,Y,2025-02,2025-10,8,107002.0,108312.0,49294.0,37017.0,,,,835938,9961257
S468E8CAB,제주특별자치도,지방,"제주 서귀포시 남원읍 신흥리 113, 114, 113-2, 114-6, 114-7",서귀포시남원읍신흥리113,주거시설,15-타운하우스,16658.0,,,성서농협,착공 전,N,2025-02,2026-04,14,11502.0,11502.0,,,,,,,
S46910EBF,경기도,수도권,용인시 처인구 삼계리 557-3외7필지,용인시처인구삼계리557-3,주거시설,16-기타주거시설,2678.0,,신영부동산신탁,미소신협,착공 전,Y,2025-04,2025-06,3,7592.0,7592.0,,,,,,,
S46BBE2A2,제주특별자치도,지방,제주특별자치도 제주시 연동 280-3 외 3필지,제주시연동280-3,숙박시설,12-주상복합,2267.0,,교보자산신탁,하나증권,착공 전,Y,2025-03,2026-04,13,24936.0,27136.0,16500.0,16000.0,,,,,
S46C8BB31,경기도,수도권,경기도남양주시진접읍금곡리1055,남양주시진접읍금곡리1055,주거시설,16-기타주거시설,1959.0,1370.0,KB부동산신탁,교보증권,완공,Y,2026-05,2026-06,2,76807.0,76807.0,59002.0,59002.0,,,,,
S46E58956,경상북도,지방,경상북도 예천군 호명읍 산합리 1154,예천군호명읍산합리1154,업무시설,31-오피스텔,4611.7,,신한자산신탁,비엔케이저축은행,착공 전,Y,2025-01,2025-03,3,9730.687,9730.0,6050.5,6050.0,,1823325,1823325,804090,9880920
S4754906B,충청남도,지방,충청남도 태안군 원북면 황촌리 393-3 일원,태안군원북면황촌리393-3,기타시설,76-기타시설,8811.0,,,웰컴저축은행,착공 전,N,2025-02,2025-04,3,438.121,438.0,410.0,410.0,,,,,
S47FCEEE0,전라남도,지방,전남 순천시 동외동 35-8외 28필지,순천시동외동35-8,주거시설,12-주상복합,10767.0,2166.83,코람코자산신탁,화순농협,착공 전,N,2025-01,2026-06,17,34255.0,34255.0,22461.0,34234.0,,,,765998,9806440
S48577CA9,서울특별시,수도권,종로구 창신동 401-31,종로구창신동401-31,주거시설,31-오피스텔,2403.69,,우리자산신탁,한양증권㈜,착공 전,N,2025-02,2025-11,9,,,,,,,,,
S48F17253,제주특별자치도,지방,제주시연동274-40,제주시연동274-40,숙박시설,12-주상복합,1383.0,,무궁화신탁,오하자산운용,착공 전,Y,2025-02,2026-06,15,16672.54,27136.0,11500.0,9200.0,,,,,
S492D9709,부산광역시,지방,부산광역시 해운대구 중동 145-5번지 외,해운대구중동145-5외,주거시설,16-기타주거시설,1797.0,,㈜무궁화신탁,페퍼저축은행,공사진행 중,Y,2025-02,2025-02,1,26014.888,26014.888,21643.1,21643.1,,,,798613,9879644
S4947BBD6,경상남도,지방,경상남도 김해시 주촌면 덕암리 993번지 외 1필지,김해시주촌면덕암리993,기타시설,66-물류센터,36223.0,,무궁화신탁,광주축산농협,착공 전,Y,2026-02,2026-06,5,29594.0,29594.0,16000.0,16000.0,,1968732,1968732,860915,10018097
S49711340,경상북도,지방,경상북도 상주시 상산로 294,상주시상산로294,숙박시설,45-기타숙박시설,2482.0,5016.45,무궁화신탁,북부산신협,착공 전,Y,2025-08,2025-08,1,1189.0,1189.0,,,,,,,
S499A3205,전라남도,지방,여수시 돌산읍 우두리 1068-7번지,여수시돌산읍우두리1068-7,주거시설,12-주상복합,11508.2,10500.35,코리아신탁,비엔케이투자증권,착공 전,Y,2025-02,2026-06,16,51647.53548,51647.53548,27779.344623,27779.344623,,,,,
S49D4C3F2,대전광역시,지방,"대전 대덕구 중리동 238-7번지, 238-8번지",대덕구중리동238-7,주거시설,14-다세대주택,1764.0,,,한밭새마을금고,공사진행 중,Y,2025-04,2026-06,9,12230.0,12231.0,4195.233,4195.233,,,,,
S4A4DE53A,제주특별자치도,지방,제주 서귀포시 색달동1161번지 외 8필지,서귀포시색달동1161,주거시설,15-타운하우스,5023.0,,코리아신탁,웰컴저축은행,착공 전,Y,2025-01,2025-05,5,2220.0,2280.0,1596.0,1596.0,,1860647,1860647,810711,9902800
S4AD594B6,부산광역시,지방,부산광역시 중구 광복동1가 7 외 10필지,중구광복동1가7,업무시설,31-오피스텔,5008.0,,대신자산신탁,지도농협,착공 전,N,2026-02,2026-06,5,65135.0,65135.0,36500.0,36500.0,,1901336,1901336,855065,10004890
S4AE144DB,충청북도,지방,청주시 흥덕구 가경동 1032외 8필지,청주시흥덕구가경동1032,상업시설,21-근린생활시설,3531.0,11951.0,한국자산신탁㈜,충북원예농협,착공 전,Y,2025-04,2026-02,10,29698.0,29698.0,,,,,,,
S4B392F95,경상남도,지방,경남 창원시 마산합포구 산호동 8-2번지,창원시마산합포구산호동8-2,업무시설,31-오피스텔,4592.4,,신한자산신탁,신한투자증권,착공 전,N,2025-08,2026-03,7,30116.0,30116.0,,,,,,,
S4B47A1F9,서울특별시,수도권,서울특별시 강남구 대치동 603번지 일원,강남구대치동603,상업시설,21-근린생활시설,886.593,1551.09,코리아신탁,광주은행,착공 전,N,2025-04,2026-06,7,84007.0,80640.0,65109.0,65109.0,,,,,
S4BE3B6ED,경기도,수도권,경기 김포시 양촌읍 석모리 933-8외 12필지,김포시양촌읍석모리933-8,주거시설,11-아파트,22233.0,,무궁화신탁,오케이에프앤아이,착공 전,Y,2025-03,2025-04,2,33534.0,33534.0,5979.0,4876.0,,,,797424,9876540
S4BEEBE72,경기도,수도권,포천시 어룡동 405,포천시어룡동405,주거시설,11-아파트,44008.0,,코리아신탁,LS증권,착공 전,N,2025-02,2026-06,16,46573.0,46573.0,34328.0,34328.0,,1907298,1907298,831245,9951154
S4CC9508F,서울특별시,수도권,노원구 공릉동 312-24외 5번지,노원구공릉동312-24,주거시설,13-연립주택,825.9,,,부평동부새마을금고,착공 전,Y,2025-08,2025-08,1,9746.0,9746.0,,,,,,,
S4D95E598,경기도,수도권,성남시 수정구 수진동 4785-7번지 일원,성남시수정구수진동4785-7,주거시설,11-아파트,5930.0,5362.0,코리아신탁,다올저축은행,착공 전,N,2025-02,2025-03,2,37957.0,37957.0,,,,,,,
S4DDE817B,경상남도,지방,경남 양산시 물금읍 범어리 2783-1,양산시물금읍범어리2783-1,주거시설,12-주상복합,1884.5,,한국자산관리공사,대구축산농협,착공 전,N,2025-07,2026-01,6,11080.0,11080.0,1108.0,1108.0,,,,,
S4E26D415,광주광역시,지방,광주광역시북구동림동산144일원,북구동림동산144,주거시설,15-타운하우스,32447.0,,무궁화신탁,진남새마을,착공 전,N,2025-01,2026-01,11,25582.2215,25582.0,15000.0,15000.0,,1061100,1061100,836824,9962983
S4E510512,강원도,지방,"강원도 평창군 대관령면 횡계리 산 455, 평창군 대관령면 횡계리 245-7",평창군대관령면횡계리산455,숙박시설,45-기타숙박시설,93961.0,,케이비부동산신탁,동촌새마을금고,착공 전,Y,2025-07,2026-05,10,23020.0,23020.0,14600.0,23500.0,,,,864069,10024957
S4E9CE545,제주특별자치도,지방,"제주특별자치도 제주시 한림읍 협재리 2267,2271,2281",제주시한림읍협재리2267,기타시설,76-기타시설,42716.0,,,세종우리신협,착공 전,N,2025-04,2025-06,3,7551.0,7551.0,3700.0,3700.0,,,,,
S4E9EA74C,제주특별자치도,지방,제주특별자치도 제주시 화북이동 5571번지 일원,제주시화북이동5571,주거시설,13-연립주택,27586.78,,우리자산신탁,메리츠증권,착공 전,N,2025-02,2026-04,11,36327.0,36326.7,,,,,,,
S4EA7B1E3,경상남도,지방,경남 거제시 일운면 소동리 산46-6,거제시일운면소동리산46-6,주거시설,15-타운하우스,132115.0,,교보자산신탁,대청새마을금고,착공 전,Y,2025-02,2025-08,5,45016.0,45000.0,,,,,,,
S4EBFED0A,부산광역시,지방,부산 기장군 기장읍 청강리 109번지,기장군기장읍청강리109,주거시설,31-오피스텔,622.0,5559.4,무궁화신탁,사상중앙새마을금고,완공,Y,2025-02,2025-08,7,17017.0,17017.0,8560.0,8560.0,,,,809516,9900143
S4EDAB20A,경상북도,지방,경주시 동방동 16B1L,경주시동방동16B1L,주거시설,11-아파트,26521.5,,무궁화신탁,성당,착공 전,N,2025-10,2025-11,2,14586.0,14586.0,,,,,,,
S4F112563,전라북도,지방,전라북도 고창군 고창읍 읍내리 568외 2필지,고창군고창읍읍내리568,주거시설,13-연립주택,6762.0,,무궁화신탁,상상인저축은행,공사진행 중,Y,2025-04,2025-04,1,17282.0,17282.0,,,,,,,
S4F4F1B40,제주특별자치도,지방,제주 서귀포시 서호동 1615-11번지 외,서귀포시서호동1615-11외,상업시설,26-기타상업시설,16752.0,,대한토지신탁,용인농협,착공 전,Y,2025-01,2026-06,17,20023.0,20023.0,,,,,,792654,9865550
S4FAB26F8,대전광역시,지방,대전광역시 유성구 도룡동,유성구도룡동,업무시설,31-오피스텔,3338.0,,,부국증권,착공 전,N,2025-04,2025-04,1,,,,,,,,,
S4FCC3641,경상남도,지방,경상남도 양산시 평산동,양산시평산동,주거시설,11-아파트,8078.5,,신한자산신탁,한강새마을금고,착공 전,N,2025-04,2025-04,1,30201.0,30201.0,,,,,,,
S5038F53F,충청북도,지방,충북 진천군 덕산읍 신척리 산108,진천군덕산읍신척리산108,산업시설,66-물류센터,20602.0,,케이비부동산신탁,한국투자저축은행,착공 전,N,2025-07,2025-12,3,3169.0,3169.0,2100.1,2100.1,,,,845861,9984489
S5123A176,경상북도,지방,김천시 덕곡동 1059-8 외13필지,김천시덕곡동1059-8,주거시설,11-아파트,13782.0,,교보자산신탁,우리새마을금고,착공 전,N,2025-07,2025-07,1,22103.0,22103.0,11000.0,11000.0,,,,826276,9940167
S51615967,인천광역시,수도권,"인천 중구 중산동 1874-3,4번지",중구중산동1874-3,숙박시설,45-기타숙박시설,1779.4,10067.15,우리자산신탁,메리츠증권,완공,Y,2025-02,2025-03,2,,,,,,,,,
S51F4B529,경기도,수도권,초월읍 선동리 356-5 외,초월읍선동리356-5,산업시설,66-물류센터,11178.0,7565.0,신한자산신탁,부림저축은행,착공 전,Y,2026-06,2026-06,1,19512.0,19512.0,14537.0,14537.0,,,,,
S521420DD,경상북도,지방,경북 경주시 양남면 기구리 267-1 외,경주시양남면기구리267-1,산업시설,67-기타산업시설,1140811.0,,하나자산신탁,포항농협,착공 전,Y,2026-06,2026-06,1,31491.0,31491.0,9981.0,9981.0,2025-0100-002364,,,,
S526D08F0,서울특별시,수도권,서울특별시 영등포구 문래동3가 16-17 외,영등포구문래동3가16-17,주거시설,16-기타주거시설,2201.0,,,아이비케이저축은행,착공 전,N,2025-04,2025-08,5,30009.455,30009.0,,,,,,,
S53198E06,강원도,지방,강원 춘천시 근화동 266-2,춘천시근화동266-2,주거시설,12-주상복합,2520.1,3680.34,한국토지신탁,남군산새마을금고,착공 전,N,2025-02,2025-06,5,12637.0,12637.0,,,,,,,
S54705827,서울특별시,수도권,서울특별시 금천구 독산동 1030-1,금천구독산동1030-1,주거시설,12-주상복합,4879.0,,무궁화신탁,미래에셋증권,착공 전,Y,2026-03,2026-03,1,155607.0,155607.0,91000.0,91000.0,,,,837705,9964984
S5486BF91,충청남도,지방,충남 천안시 동남구 영성동 102-1 외 6,천안시동남구영성동102-1,상업시설,21-근린생활시설,3079.0,4305.12,우리자산신탁,둔포농협,착공 전,N,2025-02,2026-02,12,12519.0,12519.0,8342.0,13864.0,,1876788,1876788,818364,9921135
S549C5C5D,경기도,수도권,화성시 봉담읍 상리 26-6번지,화성시봉담읍상리26-6,주거시설,12-주상복합,2376.0,,무궁화신탁,상록신협,착공 전,Y,2025-08,2025-10,2,10882.0,18759.0,8500.0,8500.0,,,,823583,9934025
S54A0D50E,세종특별자치시,지방,세종특별자치시 나성동 780,나성동780,주거시설,16-기타주거시설,1677.0,,KB부동산신탁,홍성농협,착공 전,N,2025-04,2026-06,14,13505.0,13736.0,,,,,,,
S54F26513,서울특별시,수도권,서울시 중랑구 면목동 1547번지,중랑구면목동1547,주거시설,16-기타주거시설,1319.0,,무궁화신탁,오투저축은행,완공,Y,2025-04,2025-05,2,12094.0,12094.0,9191.44,9191.44,,,,795209,9871589
S550D0D46,서울특별시,수도권,"서울특별시 용산구 이태원동 124-3,124-4",용산구이태원동124-3,업무시설,32-오피스빌딩,996.4,,우리자산신탁,한국투자리얼에셋운용㈜,착공 전,Y,2025-02,2026-06,16,62688.58,62689.0,63942.0,36317.0,,1704776,1704776,811827,9905362
S55294A89,경기도,수도권,경기도 용인시 기흥구 언남동 산 75-2,용인시기흥구언남동산75-2,산업시설,66-물류센터,19692.0,,,미래에셋증권,착공 전,N,2025-04,2026-02,10,14582.0,14582.0,,,,,,,
S556147A0,경기도,수도권,경기도 평택시 서탄면 수월암리 787,평택시서탄면수월암리787,산업시설,66-물류센터,30807.0,,KB부동산신탁,신한투자증권,착공 전,Y,2025-01,2026-02,13,42050.0,42050.0,29365.0,29365.0,,,,,
S55F5F23A,경기도,수도권,경기도 시흥시 신천동 707-30 외,시흥시신천동707-30,업무시설,31-오피스텔,534.8,8002.0,교보자산신탁,한국투자저축은행,공사진행 중,Y,2025-01,2025-03,3,17226.0,17226.0,9058.400714,9692.0,,,,801121,9884467
S566FDED2,서울특별시,수도권,서울특별시 마포구 신공덕동 5-27,마포구신공덕동5-27,주거시설,11-아파트,1322.0,2170.0,,상상인플러스저축은행,착공 전,N,2025-04,2025-06,3,22606.0,22606.0,,,,,,,
S56A638A4,울산광역시,지방,울산광역시 남구 달동 1247-3번지 외 7필지,남구달동1247-3,주거시설,12-주상복합,3960.5,,우리자산신탁,한강금고,착공 전,Y,2026-05,2026-06,2,61367.0,61367.0,47000.0,47000.0,,,,,
S56E7F14D,대전광역시,지방,중구 유천동 332-1외22필지,중구유천동332-1,주거시설,11-아파트,3564.0,,수협은행,수협은행,착공 전,Y,2025-02,2025-02,1,17716.0,17716.0,,,,,,,
S5722BA55,경기도,수도권,경기 평택시 팽성읍 남산리 323-1 외 10필지,평택시팽성읍남산리323-1,주거시설,13-연립주택,9921.0,13070.7,무궁화신탁,한국투자리얼에셋운용㈜,공사진행 중,Y,2025-01,2026-06,10,20006.168641,20006.0,6156.0,5540.0,,1654012,1654012,644896,9593277
S57236455,부산광역시,지방,부산 수영구 광안동 89-7번지 외 2필지,수영구광안동89-7,주거시설,12-주상복합,1639.6,,케이비부동산신탁,한국투자리얼에셋운용㈜,착공 전,N,2025-08,2026-01,3,32068.0,32032.0,26258.1,26258.0,,,,790177,9859838
S574B8BF0,충청북도,지방,충청북도 충주시 대소원면 완오리 1196,충주시대소원면완오리1196,상업시설,66-물류센터,23444.2,,하나자산신탁,지도농협,착공 전,Y,2026-06,2026-06,1,8581.0,8581.0,6850.0,6850.0,2026-0300-005426,,,,
S577A7CBC,서울특별시,수도권,서울특별시 서대문구 북가좌동 338-19,서대문구북가좌동338-19,주거시설,12-주상복합,1933.05,,,남면농협,착공 전,N,2026-03,2026-06,4,10248.0,10248.0,,,,,,,
S581406EC,대구광역시,지방,대구시 서구 비산동 2037-33,서구비산동2037-33,상업시설,26-기타상업시설,6441.0,,대신자산신탁,화원농협,착공 전,N,2026-06,2026-06,1,23000.0,23000.0,,,,,,,
S5886D9EC,경기도,수도권,경기도 용인시 처인구 역북동 363번지 일원,용인시처인구역북동363,주거시설,12-주상복합,,,,KB증권,착공 전,N,2026-06,2026-06,1,,,,,,,,,
S5939DD89,경기도,수도권,경기과천시갈현동과천지식정보타운공동주택지구5-1블록외,과천시갈현동과천지식정보타운공동주택지구5-1블록외,상업시설,21-근린생활시설,4830.0,,신한자산신탁,광주,착공 전,Y,2025-02,2025-05,4,100069.0,100069.0,45360.0,45360.0,,,,785784,9849079
S59EA7FBD,전라남도,지방,여수 죽림리 1191,여수죽림리1191,레져시설,기타레져시설,2027.5,4620.8,코리아신탁,한국투자저축은행,공사진행 중,Y,2025-02,2025-02,1,17110.0,17110.0,7079.6,7079.6,,,,,
S59F5B15F,경기도,수도권,경기도 평택시 진위면 가곡리550외 5필지,평택시진위면가곡리550,산업시설,66-물류센터,40616.0,,무궁화신탁,진주금곡농협,착공 전,Y,2025-04,2026-06,14,37562.0,37562.0,,,,,,,
S5A2B1E84,충청남도,지방,충청남도 천안시 동남구 성남면 신사리 산70-1 외 39필지,천안시동남구성남면신사리산70-1,산업시설,66-물류센터,99243.0,,천안지원경매6계,한국투자리얼에셋운용㈜,착공 전,Y,2025-08,2026-06,5,9017.0,15059.0,,,,,,,
S5B438CB8,충청남도,지방,충청남도 보령시 신흑동  911-75,보령시신흑동911-75,주거시설,13-연립주택,3379.0,3597.0,교보자산신탁,동작새마을금고,공사진행 중,Y,2025-03,2026-01,7,5720.0,5400.0,4279.0,4279.0,,,,805128,9891566
S5B794734,부산광역시,지방,부산시 연제구 연산동 1849-38번지외 6필지,연제구연산동1849-38외6필지,주거시설,11-아파트,16455.0,,무궁화신탁,동원제일저축은행,착공 전,N,2025-02,2025-08,7,10135.0,10135.0,,,,,,,
S5BAABD04,경기도,수도권,수원시 장안구 조원동 469-5번지 일원,수원시장안구조원동469-5,주거시설,11-아파트,270.4,163.3,한국자산신탁,KB자산운융,착공 전,N,2025-01,2025-08,2,2108.0,545.0,,,,1853065,1853065,805822,9892743
S5CC17A71,인천광역시,수도권,중구 을왕동 762-4외3필지,중구을왕동762-4,숙박시설,41-호텔,1159.0,,신한자산신탁,한국투자저축은행,착공 전,N,2026-02,2026-06,5,3131.0,3131.0,2030.0,2030.0,,,,,
S5D01398D,충청북도,지방,충청북도 충주시 동충주산업단지 내 E3-3 BL,충주시동충주산업단지내E3-3BL,산업시설,67-기타산업시설,23345.7,2006.79,교보자산신탁,바로저축은행,착공 전,Y,2025-01,2025-02,2,20544.216,11672.8,8843.611343,8840.0,,,,794576,9869923
S5D31E37E,경기도,수도권,"일괄매각 (수원시 원천동 366-7, 406-5, 405-1), 단독매각 (수원시 원천동 490)",일괄매각(수원시원천동366-7,업무시설,62-아파트형공장,3896.0,430.0,코람코자산신탁,현대차증권,착공 전,Y,2026-03,2026-03,1,25195.0,25195.0,14880.0,14880.0,,,,,
S5D431712,대전광역시,지방,대전시 유성구 봉명동 545-1번지 외,유성구봉명동545-1외,주거시설,12-주상복합,6390.0,,무궁화신탁,삼성증권,착공 전,N,2025-06,2026-06,12,51591.0,51591.0,50275.7,43032.6,,1906702,1906702,865795,10029340
S5D7FF988,제주특별자치도,지방,"제주시 도련1동 1751-4,1751-5,1751-6,1752,1754,1800-1,1803-1,1803-2",제주시도련1동1751-4,주거시설,11-아파트,8548.0,2572.0,,무학신협,완공,Y,2025-01,2025-03,3,10507.5,10507.0,,,,,,,
S5D8F500B,대전광역시,지방,동구 문창동 38-3번지,동구문창동38-3,주거시설,12-주상복합,,,우리자산신탁,리딩투자증권,착공 전,Y,2025-06,2025-07,2,,,,,,,,,
S5E440110,경기도,수도권,"화성시 마도면 고모리 산99, 산99-1, 267-14, 267-1",화성시마도면고모리산99,주거시설,15-타운하우스,23205.0,,,연천군산림조합,,N,2025-01,2025-11,9,1835.0,1835.0,,,,,,,
S5F201368,경상남도,지방,경상남도 양산시 평산동 146-15일원,양산시평산동146-15,주거시설,11-아파트,8159.5,,신한자산신탁,한강새마을금고,착공 전,N,2025-05,2025-06,2,30201.0,30201.0,,,,,,,
S5F50F311,제주특별자치도,지방,"제주특별자치도 제주시 오라이동 3128, 3125-1, 3130-1, 3125-3, 3125-2",제주시오라이동3128,주거시설,타운하우스,7101.0,,,우정,착공 전,N,2025-02,2025-12,10,5950.0,5950.0,,,,,,,
S5FA83185,경상북도,지방,경상북도 칠곡군 석적읍 중리 647번지 일원,칠곡군석적읍중리647,주거시설,11-아파트,9843.3,41199.7654,케이비부동산신탁,메리츠증권,완공,Y,2026-04,2026-06,2,95703.0,95703.0,,,,,,,
S5FE3DF8B,제주특별자치도,지방,제주 제주시 조천읍 북촌리1938 외,제주시조천읍북촌리1938,주거시설,15-타운하우스,27959.0,,코리아신탁,원남새마을금고,공사진행 중,Y,2025-02,2025-02,1,13012.0,13012.0,,,,,,,
S6055ED93,경상북도,지방,경상북도 경주시 천군동 1310-3외 13필지,경주시천군동1310-3,레져시설,54-관광단지,211275.0,,수협은행 경북지역금융본부,방촌신협,공사진행 중,Y,2025-04,2025-06,3,7072.0,7072.0,,,,,,,
S60625312,강원도,지방,강원도 홍천군 서면 모곡리 518-49외 24필지,홍천군서면모곡리518-49,주거시설,16-기타주거시설,17928.0,,,가평군산림조합,착공 전,N,2025-01,2026-05,16,2882.242,2882.0,1412.0,1412.0,,,,,
S606A899F,부산광역시,지방,부산시 수영구 광안동 141-5외 1필지,수영구광안동141-5,주거시설,12-주상복합,1521.0,2792.5,무궁화신탁,MG신용정보,착공 전,N,2025-08,2025-11,3,33915.0,33915.0,22512.0,22512.0,,,,825908,9939325
S60ED02F0,대구광역시,지방,대구광역시 수성구 황금동 664번지 외,수성구황금동664외,주거시설,11-아파트,2321.2,,무궁화신탁,흥국자산운용,공사진행 중,Y,2026-06,2026-06,1,44045.0,44045.0,,,,,,,
S60EF3D6D,경기도,수도권,"총 39필지 평택시 청북읍 고잔리 1617, 산60
평택시 청북읍 고렴리 749-11, 749-12, 749-14, 749-15, 749-16, 749-17, 750, 750-2, 750-3, 750-7, 750-8, 750-9, 750-10, 750-11, 750-12, 751, 751-1, 751-2, 751-3, 751-4, 751-5, 751-7, 875-2, 984-1, 984-2, 985, 986, 987, 988, 1054, 1055, 1054-1, 산161-3, 산161-5, 산161-6, 산163-4, 산163-6",총39필지평택시청북읍고잔리1617,산업시설,66-물류센터,49489.0,,신한자산신탁,강남영동새마을금고,착공 전,Y,2025-02,2025-03,2,38584.0,38584.0,25712.0,25712.0,,,,,
S612EADA0,충청북도,지방,충북 충주시 앙성면 능암리 212 외,충주시앙성면능암리212,산업시설,67-기타산업시설,201422.0,,신한자산신탁,왜관,착공 전,N,2025-12,2026-01,2,32013.0,32013.0,,,,,,,
S61384ED9,경기도,수도권,"경기 시흥시 능곡동 4007-2,3번지",시흥시능곡동4007-2,업무시설,33-기타업무시설,1179.8,8865.7,신한자산신탁,메리츠증권,착공 전,Y,2025-02,2025-03,2,30408.0,30408.0,,,,,,793319,9867266
S61E1DB49,인천광역시,수도권,인천광역시 중구 중산동 1886-12,중구중산동1886-12,주거시설,16-기타주거시설,1406.0,,KB부동산신탁,미래에셋증권,착공 전,N,2026-03,2026-03,1,10045.0,10045.0,,,,,,,
S6281BCD8,경기도,수도권,파주시 야당동 114-188 외,파주시야당동114-188,주거시설,13-연립주택,4418.0,,교보자산신탁㈜,흥국자산운용,공사진행 중,Y,2026-05,2026-06,2,7687.0,7687.0,,,,,,,
S62BC2A86,서울특별시,수도권,서울동작구노량진동59-26외,동작구노량진동59-26,주거시설,31-오피스텔,481.0,,무궁화신탁,포스트자산운용,착공 전,Y,2026-05,2026-05,1,12766.0,12766.0,,,,,,,
S62EAE3ED,충청북도,지방,충북 제천시 강제동 275번지 일원,제천시강제동275,주거시설,11-아파트,39642.0,5103.0,코리아신탁,오케이저축은행,착공 전,N,2025-01,2025-06,6,44029.09836,44029.0,27088.4,27088.0,,1820172,1820172,802986,9887981
S63470B37,경상북도,지방,경상북도 경주시 천북면 물천리 678-32 외,경주시천북면물천리678-32,주거시설,15-타운하우스,89415.6,,무궁화신탁,새김천농협,착공 전,Y,2026-02,2026-06,5,21853.0,21853.0,1400.0,1400.0,,,,,
S637D16C3,제주특별자치도,지방,제주 서귀포시 사계리 242 외 11필지,서귀포시사계리242,주거시설,15-타운하우스,16310.0,,,북부산,착공 전,Y,2025-01,2026-06,17,9521.341,9521.0,6664.0,6664.0,,,,,
S63A3D622,부산광역시,지방,동래구 우장충로4번길 19,동래구우장충로4번길19,주거시설,11-아파트,1965.0,3565.77,한국자산신탁,서원주신협,착공 전,N,2025-01,2025-03,2,16300.16262,16300.0,9500.0,9500.0,,,,,
S64429504,세종특별자치시,지방,세종특별자치시 장군면 대교리 126-2번지 일원,장군면대교리126-2,주거시설,16-기타주거시설,29748.0,,우리자산신탁,신한투자증권,완공,Y,2025-01,2025-07,7,43000.0,43000.0,26010.0,26010.0,,,,793193,9866957
S646E9B5F,경기도,수도권,경기도 여주 삼교지구 복합물류센터 토지 브릿지,여주삼교지구복합물류센터토지브릿지,상업시설,66-물류센터,128411.0,,신한자산신탁,메리츠증권,착공 전,Y,2025-08,2026-06,10,98619.0,98619.0,48510.0,48510.0,,,,828972,9946326
S648ACBB0,인천광역시,수도권,인천광역시 부평구 십정동 558-7번지 일원,부평구십정동558-7,산업시설,66-물류센터,33673.7,23070.87,무궁화신탁,LS증권,착공 전,Y,2025-02,2026-06,10,136302.3045,136302.3045,7737.635,25853.7,,,,829743,9947974
S64D0F5AD,충청남도,지방,충남 세종시 고운동 2097번지,세종시고운동2097,상업시설,26-기타상업시설,1485.0,,교보자산신탁,대전동부새마을금고,착공 전,N,2025-01,2025-01,1,7600.0,7600.0,4050.0,4050.0,,,,799749,9881760
S64EAAD1B,경상남도,지방,경상남도 김해시 무계동 82 외,김해시무계동82,주거시설,12-주상복합,8049.0,,우리자산신탁,종로중앙새마을금고,착공 전,Y,2025-01,2025-01,1,31036.815,31036.815,,,,,,767710,9810394
S64EE6C7C,대전광역시,지방,대전광역시 동구 판암동 230-19,동구판암동230-19,주거시설,11-아파트,40194.0,2195.36,우리자산신탁,조촌새마을금고,착공 전,N,2025-02,2025-04,3,48007.037,48007.037,,,,,,,
S64F21DFB,충청남도,지방,계룡시 두마면 농소리 1017-1번지,계룡시두마면농소리1017-1,상업시설,23-대형마트,48696.0,,신한자산신탁,원광새마을금고,착공 전,Y,2025-02,2025-11,9,78328.0,78328.0,63543.0,45000.0,,1821100,1821100,833930,9956698
S66288477,부산광역시,지방,부산광역시 해운대구 우동 645-1,해운대구우동645-1,주거시설,12-주상복합,1212.1000000000001,868.82,한국투자부동산신탁,한국투자증권,착공 전,Y,2025-01,2025-12,11,46971.28,46971.28,28000.0,28000.0,,1729003,1729003,803114,9888209
S662DC017,충청남도,지방,태안군 태안읍 기업도시1길 32 1148-31 일원,태안군태안읍기업도시1길321148-31,주거시설,11-아파트,39079.6,,신영부동산신탁,서원주신협,착공 전,Y,2025-02,2025-03,2,13756.0,13756.0,9600.0,9600.0,,,,,
S6633AC5C,경상남도,지방,경남 양산시 어곡동 603번지 일원,양산시어곡동603,주거시설,11-아파트,37054.0,,코리아신탁,키웨스트글로벌자산운용,착공 전,Y,2025-01,2025-06,6,22733.0,22733.0,11100.0,11100.0,,1799683,1799683,799935,9882112
S664FEE3B,전라남도,지방,"전라남도 순천시 용당동 189, 190, 191, 192, 195, 196, 197, 198, 199, 203, 204, 205, 206, 207, 221, 222, 633, 634, 636, 637, 639, 187-1, 188-1, 193-3, 193-4, 193-5, 194-1, 199-5, 202-1, 205-1, 208-1, 208-2, 208-5, 219-3, 220-2, 220-3, 223-1, 224-2, 631-7, 639-2, 640-2, 640-3, 641-1, 산84-1, 산84-2, 산86-25, 산86-26",순천시용당동189,주거시설,16-기타주거시설,43123.0,,,울산행복신협,착공 전,N,2025-04,2025-06,3,41342.0,41342.0,,,,,,,
S666BA650,서울특별시,수도권,서울 마포구 염리동   27-91,마포구염리동27-91,주거시설,16-기타주거시설,812.0,468.7,무궁화신탁,서울축산새마을금고,완공,Y,2025-01,2025-03,3,27230.0,27230.0,10500.0,10500.0,,,,774122,9825450
S66D6600F,세종특별자치시,지방,세종시 고운동 893-33번지,고운동893-33,주거시설,13-연립주택,4958.0,,,천안서부새마을금고,공사진행 중,Y,2026-02,2026-06,5,7943.0,7943.0,5560.0,5560.0,,,,,
S66E2E2BA,경기도,수도권,경기 용인시 기흥구 하갈동 309-5외,용인시기흥구하갈동309-5,주거시설,14-다세대주택,831.0,657.52,우리자산신탁,웰컴저축은행,공사진행 중,Y,2025-01,2025-02,2,3514.0,3514.0,1600.0,1600.0,,,,801578,9885256
S66F9C562,부산광역시,지방,해운대구 송정동 319-3 외 15필지,해운대구송정동319-3,주거시설,11-아파트,5532.0,,우리자산신탁,광안신협,착공 전,N,2025-04,2025-12,7,50572.0,50572.0,,,,,,,
S6705EA92,경기도,수도권,"경기도여주시가남읍신해리406-10,406-11번지",여주시가남읍신해리406-10,산업시설,66-물류센터,18443.0,34687.5,코리아신탁,한국투자저축은행,착공 전,Y,2025-01,2025-05,5,43555.0,43555.0,34624.493331,25000.0,,1829050,1829050,814654,9912128
S6711F1A4,경상북도,지방,경상북도 포항시 남구 상도동 643-1번지 일원,포항시남구상도동643-1,주거시설,16-기타주거시설,6083.55,,신한자산신탁,메리츠증권,착공 전,Y,2025-02,2025-03,2,32060.3085,32060.3085,21500.0,21500.0,,,,789903,9859229
S6724CA4D,울산광역시,지방,울산광역시 남구 삼산동 227-8 일원,남구삼산동227-8,주거시설,11-아파트,3512.4,,우리자산신탁,LS증권,착공 전,Y,2025-02,2025-08,6,41081.1304,41081.1304,11300.0,11300.0,,1812301,1812301,786022,9849733
S6727CB24,대전광역시,지방,대전광역시 유성구 학하동 735,유성구학하동735,주거시설,11-아파트,16282.3,,,대전북부새마을금고,착공 전,Y,2025-04,2025-04,1,48521.0,48521.0,,,,,,,
S6757CA95,경기도,수도권,경기도 가평군 가평읍 달전리 279-1 외 21필지,가평군가평읍달전리279-1,주거시설,11-아파트,16223.0,1220.0,무궁화신탁,인성저축은행,착공 전,Y,2025-02,2025-02,1,18244.0,18244.0,,,,,,,
S678F87CD,전라남도,지방,전라남도 순천시 덕암동 188-21 일원,순천시덕암동188-21,주거시설,12-주상복합,6624.0,,,오하자산운용,착공 전,Y,2025-02,2025-03,2,16027.36796,16027.0,12700.0,12700.0,,,,,
S685A8C64,경기도,수도권,경기도 오산시 외삼미동 67-9번지 일원,오산시외삼미동67-9,주거시설,11-아파트,36893.7,5725.92,무궁화신탁,하나증권,착공 전,N,2025-05,2025-05,1,2913.45238,2913.45238,91100.0,91100.0,,,,,
S688C62D4,제주특별자치도,지방,제주도 서귀포시 안덕변 사계리 3713-6번지 외 14필지,서귀포시안덕변사계리3713-6,주거시설,16-기타주거시설,2475.7,,,중평새마을금고,착공 전,N,2025-12,2026-01,2,2075.0,2075.0,,,,,,,
S693C630B,인천광역시,수도권,인천광역시 계양구 서운동 128-14 외,계양구서운동128-14,상업시설,21-근린생활시설,26460.0,,,광주새마을금고,착공 전,N,2025-02,2026-06,11,57671.0,33583.0,11599.0,16455.0,,,,,
S697BC959,경기도,수도권,경기도 파주시 탄현면 성동리 711번지,파주시탄현면성동리711,숙박시설,41-호텔,16350.9,,우리은행 신탁부,안양농협,착공 전,N,2025-04,2026-06,14,17168.0,17168.0,,,,,,,
S6984B94E,강원도,지방,강원도 춘천시 죽림동 7-1번지,춘천시죽림동7-1,주거시설,12-주상복합,971.0,3315.0,무궁화신탁,인성저축은행,착공 전,N,2025-01,2025-01,1,39579.7192,39579.7192,18966.9,18966.9,,1772320,1772320,767807,9810835
S69DF49C9,충청남도,지방,충청남도 천안시 동남구목천읍 서리 40-3번지,천안시동남구목천읍서리40-3,주거시설,11-아파트,5181.828025,,신영부동산신탁,키움증권,,N,2025-03,2025-12,2,7412.0,7412.0,,,,,,,
S69F7C0D7,경상북도,지방,영천시 고경면 단포리 175-8번지외,영천시고경면단포리175-8외,주거시설,11-아파트,20095.0,,코리아신탁㈜,진주금곡농협,착공 전,N,2025-08,2026-06,10,10766.0,10766.0,,,,,,,
S6A687565,전라남도,지방,전남 여수시 봉산동 260-28 외 23필지,여수시봉산동260-28,주거시설,12-주상복합,6498.0,,한국투자부동산신탁,웰컴저축은행,착공 전,N,2025-12,2026-01,2,44890.0,44890.0,23400.0,23400.0,,,,,
S6A7E38EF,경상북도,지방,경상북도 영덕군 강구면 삼사리 9-12 외,영덕군강구면삼사리9-12,상업시설,21-근린생활시설,10167.0,,신영부동산신탁,정안농협,착공 전,N,2026-02,2026-06,5,4735.0,4735.0,3390.0,3390.0,,,,845948,9984718
S6ACAE164,경기도,수도권,경기도 용인시 기흥구 상하동282-5번지  외 4필지,용인시기흥구상하동282-5,주거시설,15-타운하우스,13912.0,,교보자산신탁,구산동새마을금고,착공 전,Y,2025-01,2025-04,4,12621.282,12621.0,6800.0,6300.0,,1713411,1713411,803422,9888682
S6ACC8AAC,제주특별자치도,지방,제주 서귀포시 서귀동 706-5 외,서귀포시서귀동706-5,주거시설,19-기타주거시설,388.0,,,중평새마을금고,착공 전,N,2025-12,2026-06,7,915.0,915.0,915.0,915.0,,,,,
S6AEC9D1E,서울특별시,수도권,서대문구 대현동 40-7 외,서대문구대현동40-7,주거시설,12-주상복합,871.2,1539.0,신한자산신탁,한국투자캐피탈,착공 전,Y,2025-01,2025-07,7,38098.9167,38099.0,32498.0,30000.0,,1635767,1635767,772075,9820863
S6B404727,전라북도,지방,남원시 신정동185,남원시신정동185,주거시설,11-아파트,31790.0,,하나자산신탁,경기서부,착공 전,Y,2025-07,2025-07,1,16195.0,16195.0,,,,,,,
S6C8EB396,대전광역시,지방,서구 문정로 85번지,서구문정로85,업무시설,31-오피스텔,3890.2,28500.5,코리아신탁㈜,키움증권,착공 전,N,2025-01,2025-03,3,112122.6141,112122.0,40107.61,40107.0,,,,,
S6CCE5111,경기도,수도권,경기도 고양시 일산 동구 장항동 1790,고양시일산동구장항동1790,숙박시설,41-호텔,10456.0,,신영부동산신탁,동작새마을금고,착공 전,N,2025-08,2025-08,1,60856.0,60856.0,41471.0,41471.0,,,,,
S6CE8647B,경기도,수도권,경기도남양주시진접읍장현리19-14번지일원,남양주시진접읍장현리19-14,주거시설,11-아파트,14337.0,,신한자산신탁,신한캐피탈,착공 전,N,2025-03,2025-03,1,32193.0,32193.0,,,,,,,
S6D789837,충청남도,지방,충청남도 천안시 서북구 차암동 214-2번지 일원,천안시서북구차암동214-2,주거시설,11-아파트,18532.0,,신한자산신탁,상상인저축은행,착공 전,N,2025-02,2025-10,8,8326.0,8326.0,,,,,,,
S6DC8DB7E,경기도,수도권,경기도 안성시 원곡면 산하리 산142 외,안성시원곡면산하리산142,산업시설,66-물류센터,181706.0,,신한자산신탁,KCGI대체투자운용,착공 전,Y,2025-08,2025-08,1,135007.558,135007.558,79974.278959,79974.278959,,,,,
S6E0AA54E,광주광역시,지방,광주광역시 북구 동림동 219-1번지 외,북구동림동219-1외,주거시설,15-타운하우스,32447.0,,무궁화신탁,진남새마을금고,착공 전,N,2026-02,2026-06,5,25582.0,25582.0,15000.0,15000.0,,,,,
S6E3D6F2B,경기도,수도권,수원시 원천동 366-7 외 3필지,수원시원천동366-7,업무시설,62-아파트형공장,3896.0,430.0,코람코자산신탁,현대차증권,착공 전,Y,2026-04,2026-04,1,25195.0,25195.0,14880.0,14880.0,,,,,
S6E985FD4,전라남도,지방,전남 목포시 상동 1139-9번지,목포시상동1139-9,숙박시설,45-기타숙박시설,2621.6,4886.82,우리자산신탁,한국투자증권,착공 전,Y,2025-01,2025-01,1,12069.18692,12069.18692,5611.01,5611.01,,1847645,1847645,803062,9888087
S6EBAD9FF,경기도,수도권,경기도안성시원곡면지문리769번지일원,안성시원곡면지문리769,산업시설,66-물류센터,88874.0,,무궁화신탁,iM증권,착공 전,Y,2025-01,2025-08,8,36017.654,36017.654,26000.0,26000.0,,,,801164,9884539
S6F1B17C6,제주특별자치도,지방,제주 제주시 구좌읍 행원리 3160-4번지 외33필지,제주시구좌읍행원리3160-4,주거시설,15-타운하우스,189950.0,,,달서,착공 전,N,2025-05,2025-07,3,16017.0,16017.0,,,,,,,
S6FCB4DCD,경기도,수도권,경기도성남시분당구서현동245-2,성남시분당구서현동245-2,상업시설,25-상가,1672.4,21971.5,,상상인증권,착공 전,N,2025-02,2025-06,5,2800.0,2800.0,,,,,,,
S6FD9662F,서울특별시,수도권,서울시 영등포구 대림동 993-15,영등포구대림동993-15,주거시설,12-주상복합,3059.3,9256.0,신한자산신탁,바로자산운용,착공 전,Y,2025-01,2025-08,7,82709.28,82709.0,58970.0,58970.0,,,,798372,9878830
S6FFB55E7,제주특별자치도,지방,제주특별자치도 제주시 한경면 낙천리 927 일원,제주시한경면낙천리927,주거시설,13-연립주택,29942.8,29648.5725,교보자산신탁,메리츠증권,완공,Y,2026-04,2026-06,3,100072.0,100072.0,70486.7,70486.7,,,,,
S701A11EA,경기도,수도권,경기 용인시 기흥구 신갈동 58번지 외 31필지,용인시기흥구신갈동58,주거시설,12-주상복합,7969.0,,교보자산신탁,LS증권,착공 전,N,2026-04,2026-06,3,128821.65,128821.65,90004.615804,90004.615804,,,,,
S70983641,제주특별자치도,지방,"제주도 서귀포시 안덕면 사계리 3140, 3139-1",서귀포시안덕면사계리3140,주거시설,18-기타주거시설,9395.0,,,중평새마을금고,착공 전,N,2025-12,2026-06,7,3084.0,3084.0,926.0,648.0,,,,,
S70FC96EC,충청북도,지방,청주시 흥덕구 가경동 1010,청주시흥덕구가경동1010,주거시설,12-주상복합,533.7,,㈜하나자산신탁,케이비저축은행,착공 전,Y,2025-02,2025-06,5,2690.0,2967.0,2200.0,2200.0,,1867653,1867653,814792,9912451
S714258F7,경상남도,지방,경남 양산시 146-15 일원,양산시146-15,주거시설,11-아파트,7849.5,,,한강새마을금고,착공 전,N,2025-07,2025-08,2,29535.0,29535.0,,,,,,,
S71494D22,대전광역시,지방,대전광역시유성구용계동163-1번지외,유성구용계동163-1외,업무시설,31-오피스텔,9485.0,586.7,하나자산신탁,iM증권,착공 전,N,2025-02,2026-06,16,50052.26194,45006.21954,28000.0,23000.0,,,,828584,9945414
S71580A3F,경기도,수도권,"경기도양주시백석읍기산리277-2번지,117-3, 117-4, 117-5, 117, 117-2, 277-3, 277, 278-4",양주시백석읍기산리277-2,숙박시설,44-펜션,9877.0,199.0,해당없음,봉천새마을금고,착공 전,N,2025-01,2026-02,12,4388.06152,4252.0,2150.15,1021.0,,,,,
S71687E6F,경상남도,지방,경남김해시무계동4B-1L번지외,김해시무계동4B-1L외,주거시설,12-주상복합,8049.0,,우리자산신탁,종로중앙새마을금고,착공 전,Y,2025-02,2025-04,3,31036.0,31036.0,200000.0,20000.0,,,,,
S7189CA08,대전광역시,지방,"동구 옥천로153 유진프라자, 501호, 602호",동구옥천로153유진프라자,기타시설,71-의료시설,439.22,773.21,코리아신탁㈜,부평동부새마을금고,완공,Y,2025-08,2025-08,1,3580.0,3580.0,2065.0,2065.0,,,,795129,9871268
S72A62A92,경기도,수도권,시흥시 배곧동 297-3,시흥시배곧동297-3,산업시설,67-기타산업시설,4973.8,,수협은행 평택비전동지점,근해유망수협,착공 전,Y,2026-03,2026-06,4,22133.0,22133.0,,,,,,,
S72B75B03,충청남도,지방,충남 아산시 탕정면 매곡리 1209,아산시탕정면매곡리1209,상업시설,21-근린생활시설,1830.0,13842.18,무궁화신탁,천안서부새마을금고,완공,Y,2026-03,2026-04,2,59092.0,59092.0,,,,,,,
S733B018F,서울특별시,수도권,서울특별시 동작구 노량진동 128-2,동작구노량진동128-2,주거시설,14-다세대주택,3790.0,,대신자산신탁,한국투자저축은행,착공 전,Y,2025-04,2025-05,2,90581.0,90581.0,59700.0,59700.0,,,,811419,9904290
S73FA8FAC,서울특별시,수도권,서울특별시 강남구 역삼동 784-7,강남구역삼동784-7,상업시설,32-오피스빌딩,898.5,,코리아신탁,블루코너캐피탈,착공 전,Y,2025-02,2025-08,7,54539.0,54539.0,,,,,,,
S73FDC11C,전라북도,지방,고창읍 읍내리 654-3 외 3필지,고창읍읍내리654-3,상업시설,21-근린생활시설,1861.0,,신영부동산신탁,대왕새마을금고,착공 전,Y,2025-02,2025-12,8,5917.0,5584.0,4530.0,4300.0,,,,816838,9917440
S740B4AC7,서울특별시,수도권,서울특별시 금천구 가산동 60-27번지 일원,금천구가산동60-27,업무시설,32-오피스빌딩,7069.0,52504.72,한국자산신탁,IBK투자증권,착공 전,N,2025-02,2025-02,1,26027.8,26027.8,88000.0,88000.0,,,,,
S747CD69F,전라남도,지방,전남 무안군 삼향읍 남악리 2622-4번지 외 11필지,무안군삼향읍남악리2622-4,주거시설,11-아파트,44566.0,,코리아신탁,여천농협,착공 전,N,2026-02,2026-06,5,35578.0,35578.0,46635.0,46635.0,,,,,
S75A6FAAE,전라남도,지방,전남 광양시 중동 1913  1914,광양시중동19131914,주거시설,11-아파트,13964.0,,신한자산신탁㈜,웰컴저축은행,착공 전,Y,2025-01,2025-01,1,26524.98,26524.98,12562.8,12562.8,,,,798568,9879403
S75C893AF,대전광역시,지방,대전광역시 동구 낭월동 74-1 외,동구낭월동74-1,주거시설,11-아파트,7226.0,,,예향새마을금고,착공 전,N,2026-02,2026-05,4,8309.0,8309.0,,,,,,,
S75CA0326,부산광역시,지방,"부산시 해운대구 재송동 900-11, 900-12, 900-25, 900-118, 900-122, 948-3, 948-25, 900-165, 948-18, 948-22번지",해운대구재송동900-11,주거시설,12-주상복합,8533.0,1630.21,KB부동산신탁,대전서부새마을금고,착공 전,Y,2025-02,2025-04,3,49853.0,49853.0,,,,,,,
S75F5FE52,충청남도,지방,충청남도 금산군 금성면 양전리 48-3,금산군금성면양전리48-3,주거시설,11-아파트,30916.0,,한국투자부동산신탁,참저축은행,착공 전,Y,2025-02,2025-05,4,17055.0,18208.0,14772.0,14772.0,,,,815998,9915557
S76064975,전라남도,지방,여수시 연등동 311번지,여수시연등동311,주거시설,12-주상복합,3550.0,18615.48,대한토지신탁,광양시새마을금고,완공,Y,2025-04,2025-08,4,41579.0,41579.0,,,,,,,
S768AFAAE,충청남도,지방,충청남도 예산군 삽교읍 목리RB1~4단독주택용지(예정지번 251-1외),예산군삽교읍목리RB1~4단독주택용지(예정지251-1,주거시설,16-기타주거시설,55666.0,,,웰컴저축은행,착공 전,N,2025-06,2025-07,2,40358.0,40358.0,,,,,,,
S76D8C9CD,서울특별시,수도권,서울시 종로구 평창동 81-1외 14필지,종로구평창동81-1,주거시설,13-연립주택,28701.0,30869.76,코리아신탁㈜,리딩자산운용,착공 전,N,2025-04,2026-06,7,103507.0,103506.0,63389.0,3132.0,,1834537,1834537,843002,9977439
S76E223E7,충청남도,지방,충남천안시동남구중앙로39외26필지,천안시동남구중앙로39,주거시설,11-아파트,11431.61,2928.0,우리자산신탁,바로자산운용,착공 전,N,2025-02,2026-06,7,48193.0,51284.0,48100.0,44039.0,,,,,
S76E552D2,세종특별자치시,지방,세종특별자치시 대평동 698,대평동698,주거시설,12-주상복합,2475.4,1724.4,우리자산신탁,서울축산새마을금고,완공,Y,2025-01,2025-02,2,59875.0,59875.0,32218.2,32218.0,,,,797362,9876386
S77A302C9,제주특별자치도,지방,제주특별자차시도 제주시 조천읍 와흘리2850-11외 11필지,특별자차시도제주시조천읍와흘리2850-11,주거시설,15-타운하우스,198843.0,,교보자산신탁,회원신용협동조합,착공 전,N,2026-03,2026-06,4,18832.0,18832.0,,,,,,,
S77F2193F,경기도,수도권,경기 김포시 양촌읍 양곡리 475-25 외 3필지,김포시양촌읍양곡리475-25,업무시설,31-오피스텔,1319.0,1955.2,우리자산신탁,신한저축은행,착공 전,Y,2025-01,2025-08,8,6412.9008,6413.0,3163.5,3164.0,,1821344,1821344,804528,9890547
S78637C33,제주특별자치도,지방,"제주 서귀포시 서호동 1615-2, 1615-5",서귀포시서호동1615-2,산업시설,62-아파트형공장,9651.0,,대한토지신탁,안성농협,착공 전,Y,2025-02,2026-02,12,11654.0,11654.0,5589.0,5589.0,,,,792663,9865585
S78B642C2,울산광역시,지방,울산광역시 울주군 청량읍 덕하리 512번지,울주군청량읍덕하리512,주거시설,11-아파트,1821.0,,코리아신탁,NH투자증권,착공 전,N,2025-08,2026-06,10,,,,,,,,,
S78C9AF69,경기도,수도권,안산시 단원구 성곡동 821,안산시단원구성곡동821,주거시설,16-기타주거시설,3628.5,42590.3682,우리자산신탁,메리츠증권,완공,Y,2025-10,2026-06,7,100933.0,100933.0,52000.0,52000.0,,,,838516,9966860
S78FA7EE4,대전광역시,지방,"대전광역시동구판암동849,850",동구판암동849,기타시설,71-의료시설,439.22,1406.71,코리아신탁,부평동부새마을금고,완공,Y,2025-02,2025-06,5,6569.0,6569.0,4055.0,4055.0,,,,795129,
S78FE5AE7,경기도,수도권,경기 용인시 처인구 역북동 436-6번지,용인시처인구역북동436-6,업무시설,31-오피스텔,1199.2,,무궁화신탁,인성저축은행,착공 전,N,2025-01,2025-01,1,8526.312,8526.312,,,,,,770706,9817892
S79663507,대전광역시,지방,대전광역시 중구 태평동 413-14번지 일대,중구태평동413-14,주거시설,11-아파트,524.1,,하나은행 신탁부,하나저축은행,착공 전,N,2025-05,2026-05,12,800.0,800.0,612.0,495.0,,1916019,1916019,854555,10003796
S79FA3632,경기도,수도권,경기도 의정부시 의정부동 32-4번지 일원,의정부시의정부동32-4,상업시설,31-오피스텔,1703.8,2687.94,신영부동산신탁,이푸른새마을금고,착공 전,N,2026-05,2026-06,2,16895.0,16895.0,,,,,,,
S7A850E02,경상북도,지방,경북 영천시 조교동 352번지 외,영천시조교동352외,주거시설,11-아파트,24538.0,,대한토지신탁,용인농협,착공 전,Y,2025-01,2026-06,17,22947.0,22947.0,,,,,,838110,9965864
S7ADD65B4,경기도,수도권,경기도 남양주시 화도읍 묵현리 200-1,남양주시화도읍묵현리200-1,주거시설,15-타운하우스,3761.0,,해당없음,용문농협,착공 전,N,2025-02,2026-06,16,69746.0,7349.0,,,,,,,
S7B2459C0,경상남도,지방,거제시 고현동 1167번지 일원,거제시고현동1167,기타시설,76-기타시설,60204.0,,KB부동산신탁,현대차증권,착공 전,N,2026-05,2026-06,2,314465.0,314465.0,101704.0,101704.0,,,,,
S7B4AEEAD,제주특별자치도,지방,제주도 서귀포시 대정읍 보성리 2476-8,서귀포시대정읍보성리2476-8,상업시설,76-기타시설,1232.2,,코리아신탁,서귀포새마을금고,공사진행 중,Y,2025-02,2026-06,15,5963.0,5964.0,4700.0,4700.0,,1843839,1843839,800909,9883981
S7B5B873C,경기도,수도권,경기도 시흥시 도창동 508-18번지 매화프라자 103호 외 11개호,시흥시도창동508-18매화프라자103호,상업시설,21-근린생활시설,1225.1,5974.69,코리아신탁,안양동부새마을금고,완공,Y,2025-05,2025-08,4,9793.0,12652.0,8993.0,45887.0,,,,830601,9949756
S7B93A15E,부산광역시,지방,부산광역시 기장군 일광읍 삼성리 890-5대지,기장군일광읍삼성리890-5대지,기타시설,기타시설,668.2,,무궁화신탁,서부금고,착공 전,Y,2025-01,2026-05,16,6982.69,6982.0,4730.2,3831.0,,,,802910,9887845
S7BA4D386,대전광역시,지방,대전광역시 유성구 도룡동 4-17번지 일원,유성구도룡동4-17,업무시설,31-오피스텔,3338.0,,,부국증권,착공 전,N,2025-05,2026-04,7,,,,,,,,,
S7BCF3A8A,경기도,수도권,경기도 용인시 처인구 역북동 89-2 외,용인시처인구역북동89-2,기타시설,72-교육시설,58976.0,,무궁화신탁,오에스비저축은행,착공 전,N,2025-01,2026-06,17,11003.584,11877.0,6570.1,1188.0,,1811355,1811355,806958,9895115
S7C4F2067,서울특별시,수도권,서울특별시 강동구 길동 82-4,강동구길동82-4,상업시설,21-근린생활시설,738.9,2703.48,무궁화신탁,이푸른새마을금고,완공,Y,2025-08,2025-11,3,,,,,,,,,
S7CB12621,부산광역시,지방,해운대구 재송동 1098-2,해운대구재송동1098-2,업무시설,31-오피스텔,692.6,6987.85,코리아신탁,태종대새마을금고,완공,Y,2025-08,2025-08,1,27067.0,27067.0,26903.0,26903.0,,,,824333,9935755
S7CCB96E9,대구광역시,지방,동구 혁신대로 468 7층,동구혁신대로4687층,기타시설,76-기타시설,42716.0,,,세종우리신협,착공 전,N,2025-07,2025-08,2,7551.0,7551.0,2590.0,2590.0,,,,,
S7CEB3948,서울특별시,수도권,서울 중구 황학동 372-3 일원,중구황학동372-3,주거시설,12-주상복합,2607.54,,㈜무궁화신탁,한국투자리얼에셋운용㈜,착공 전,N,2025-02,2026-06,16,30512.26569,30512.0,21877.0,21877.0,,,,791148,9862035
S7D66F4F9,경기도,수도권,"경기 양주시 고암동 486-1, 486-2, 486-4, 486-7, 486-8, 486-9",양주시고암동486-1,주거시설,15-타운하우스,20345.0,,수협은행,인천수협,착공 전,N,2025-01,2025-01,1,22940.94,22940.94,9360.0,9360.0,,1844746,1844746,801361,9884906
S7D8EDDE6,충청남도,지방,충남 서천군 서천읍 사곡리 341-2번지,서천군서천읍사곡리341-2,주거시설,11-아파트,13638.0,,한국투자부동산신탁,순천농협,착공 전,N,2025-02,2026-06,16,13092.0,13092.0,,,,,,792654,9865550
S7DB81BFC,인천광역시,수도권,부평구 부평동 206-21,부평구부평동206-21,상업시설,21-근린생활시설,1171.6,2083.41,신영부동산신탁,수원서부새마을금고,착공 전,Y,2025-02,2025-04,3,18992.0,18992.0,,,,,,,
S7E041E01,대전광역시,지방,중구 유천동 299-5번지 일원,중구유천동299-5,주거시설,12-주상복합,15032.2,786.7,교보자산신탁,,착공 전,Y,2025-10,2025-11,2,125842.0,125842.0,80248.0,80248.0,,1939030,1939030,845906,9984641
S7E85B6BA,경기도,수도권,수원시 원천동 336-7 외 3필지,수원시원천동336-7,업무시설,62-아파트형공장,3896.0,430.0,코람코자산신탁,현대차증권,착공 전,Y,2026-05,2026-06,2,25195.0,25195.0,14880.0,14880.0,,,,,
S7ED0967E,세종특별자치시,지방,세종시 고운동 2096,고운동2096,상업시설,21-근린생활시설,1485.0,,교보자산신탁,대전동부새마을금고,착공 전,N,2025-02,2025-08,7,7600.0,7501.0,4050.0,3550.0,,,,,
S7EE44732,경기도,수도권,경기도 포천시 내촌면 진목리 산232-12,포천시내촌면진목리산232-12,산업시설,66-물류센터,128979.0,,KB부동산신탁,현대차증권,착공 전,Y,2025-11,2025-11,1,63361.2503,63361.2503,,,,,,,
S7F08CFAB,대구광역시,지방,대구중구북내동15번지일원,중구북내동15,,,,,,한국투자증권,,N,2025-03,2025-03,1,,,,,,,,,
S7F8BC8A1,대구광역시,지방,대구광역시 동구 신천동 320-1번지 일원,동구신천동320-1,주거시설,12-주상복합,3756.7,,신한자산신탁,원광새마을금고,착공 전,N,2025-04,2025-06,3,49933.0,49933.0,48240.0,48240.0,,,,,
S7FB537F4,충청남도,지방,천안시 동남구 병천면 가전리710,천안시동남구병천면가전리710,주거시설,16-기타주거시설,4493.0,6776.0511,무궁화신탁,오케이저축은행,완공,Y,2025-02,2025-04,3,20541.0,20739.0,,,,,,,
S7FD91CAD,경기도,수도권,경기도 평택시 두릉리102-1 일원,평택시두릉리102-1,주거시설,31-오피스텔,38215.0,,코리아신탁,교보증권,착공 전,N,2025-01,2026-06,17,30103.713,30103.0,18726.0,16552.0,,1823993,1823993,791040,9861852
S802F23A4,전라남도,지방,전라남도 광양시 황금동 21-12번지 일원,광양시황금동21-12,주거시설,12-주상복합,3120.7,,㈜무궁화신탁,한양증권㈜,착공 전,N,2025-01,2026-04,15,7583.301,7583.0,4800.0,4600.0,,,,5614577,9976190
S8071D976,울산광역시,지방,"남구 삼산동 1638-4, 1638-5, 1638-9, 1638-10, 1638-11",남구삼산동1638-4,주거시설,31-오피스텔,2680.2,5777.5,코리아신탁,태종대새마을금고,착공 전,N,2025-01,2025-08,8,46627.21678,45635.0,40356.130496,28895.0,,1789577,1789577,824333,9935755
S807AC5DF,인천광역시,수도권,인천연수구 송도동 22-20,연수구송도동22-20,상업시설,21-근린생활시설,1713.0,2727.0,신한자산신탁,웰컴저축은행,완공,Y,2025-01,2025-03,3,22955.0,21826.0,,,,,,702047,9684769
S807B9B5A,충청남도,지방,천안시 서북구 쌍용동 200-3,천안시서북구쌍용동200-3,주거시설,12-주상복합,36432.0,13779.08,케이비부동산신탁,삼성증권,착공 전,Y,2025-12,2026-06,7,212250.0,212250.0,130000.0,130000.0,,,,838931,9967715
S80F0D4BB,서울특별시,수도권,서울특별시 강동구 성내동 48-1,강동구성내동48-1,주거시설,12-주상복합,2333.0,,하나자산신탁,신한투자증권,착공 전,Y,2025-04,2025-08,5,107661.0,107661.0,74492.0,77083.0,,,,,
S81B561BC,경기도,수도권,경기도 남양주시 진접읍 장현리 88 외,남양주시진접읍장현리88,주거시설,13-연립주택,41948.0,,KB부동산신탁,신한투자증권,,N,2025-08,2026-04,4,38000.0,38509.656,37899.0,30698.5,,,,,
S81CF70A3,경상북도,지방,경북 예천군 호명면 산합리 1153,예천군호명면산합리1153,업무시설,31-오피스텔,3285.0,,무궁화신탁,엠에스상호저축은행,착공 전,Y,2025-01,2025-06,6,6504.696,6504.0,3895.0,3895.0,,1669633,1669633,803538,9888904
S81F2FD5D,강원도,지방,강원 원주시 지정면 가곡리 1303번지,원주시지정면가곡리1303,주거시설,11-아파트,15424.7,,교보자산신탁,한국투자저축은행,착공 전,Y,2025-08,2025-08,1,22520.0,22520.0,,,,,,,
S8202447A,경기도,수도권,경기 파주시 문산읍 선유리 664외,파주시문산읍선유리664,주거시설,16-기타주거시설,14711.0,,,스카이저축은행,착공 전,N,2026-05,2026-06,2,15433.0,15433.0,,,,,,,
S823494DF,제주특별자치도,지방,서귀포시 안덕면 사계리 763 외 2필지,서귀포시안덕면사계리763,주거시설,15-타운하우스,12116.0,53.72,,화원신협,,N,2025-02,2026-06,16,6092.0,6092.0,4206.0,2061.0,,,,,
S833FBE00,부산광역시,지방,부산광역시서구서대신동3가30-7,서구서대신동3가30-7,주거시설,11-아파트,8041.0,,우리자산신탁,오하자산운용,착공 전,Y,2025-03,2026-06,13,8110.0,16736.0,6310.0,5130.0,,,,,
S8347934C,경기도,수도권,경기도 동두천시 송내동 517-1,동두천시송내동517-1,주거시설,11-아파트,39298.0,,코리아신탁,iM증권,착공 전,Y,2025-12,2026-06,6,36275.68,36275.68,32002.0,28882.0,,,,856712,10009130
S83864343,경기도,수도권,경기도 양주시 광사동 718,양주시광사동718,주거시설,11-아파트,11654.1,,신한자산신탁,오케이에프앤아이,착공 전,N,2025-02,2025-04,3,18414.0,18414.0,,,,1726948,1726948,816673,9916995
S84017898,대구광역시,지방,동구 신천동 77-1 외,동구신천동77-1,주거시설,12-주상복합,1717.0,,차장 강신관,웰컴저축은행,착공 전,Y,2025-05,2025-05,1,18201.0,18201.0,12500.0,12500.0,,,,817591,9919267
S859CF593,대구광역시,지방,대구광역시 수성구 범어동 217-7 일원,수성구범어동217-7,상업시설,21-근린생활시설,3058.0,,오하자산운용,한국투자리얼에셋운용㈜,착공 전,N,2025-02,2026-06,11,72399.0,72398.0,51600.0,4126.0,,,,815795,9914978
S85DB4362,전라남도,지방,전남 여수시 오림동 373외 17필지,여수시오림동373,주거시설,13-연립주택,30349.0,,농협은행 문화전당지점,능주농협,착공 전,Y,2025-01,2026-06,17,13474.956,13475.0,6459.0,13500.0,,,,785973,9849605
S863B2795,강원도,지방,강원도 속초시 청호동 444-7외,속초시청호동444-7,주거시설,12-주상복합,7704.0,,우리자산신탁,해리농협,착공 전,Y,2026-05,2026-06,2,37360.0,37360.0,25000.0,25000.0,,,,,
S865E5E63,인천광역시,수도권,강화군 길상면 초지리 1251-326,강화군길상면초지리1251-326,상업시설,21-근린생활시설,9682.0,,교보자산신탁,한국투자저축은행,착공 전,Y,2025-01,2025-08,8,7668.144,7668.0,4500.4,4500.0,,,,797300,9876259
S86AC06EA,인천광역시,수도권,계양구서운동128-20외4,계양구서운동128-20외4,주거시설,21-근린생활시설,19445.0,,,광주새마을금고,착공 전,N,2025-07,2025-08,2,33900.0,33583.0,11519.0,11519.0,,,,,
S8799E1AA,경기도,수도권,경기 화성시 청계동 564,화성시청계동564,상업시설,25-상가,,,신한자산신탁,현대차증권,완공,Y,2025-01,2025-02,2,15200.0,15200.0,3800.0,4559.0,,1815714,1815714,804451,9890413
S87BCABB1,경기도,수도권,"경기 부천시 괴안동 119-18, -23, -20",부천시괴안동119-18,주거시설,11-아파트,2549.9,,무궁화신탁,한국투자저축은행,착공 전,N,2025-01,2025-08,8,1654.0,1654.0,599.4,289.0,,,,821889,9930202
S87CD91BB,대구광역시,지방,대구광역시 중구 태평로2가 37-3번지 일원,중구태평로2가37-3,주거시설,12-주상복합,6304.0,,KB부동산신탁,한국투자증권,착공 전,N,2025-03,2026-04,4,100200.0,100200.0,67069.0,67069.0,,,,838763,9967357
S88DF615C,부산광역시,지방,부산광역시 부산진구 범천동 1298-9 외 2필지,부산진구범천동1298-9,주거시설,11-아파트,3508.0,5831.9,신한자산신탁,성남제일새마을금고,착공 전,Y,2025-08,2025-08,1,31317.0,31317.0,,,,,,,
S88E0ABC2,서울특별시,수도권,서울특별시 용산구 갈월동 98-13,용산구갈월동98-13,주거시설,12-주상복합,389.9,,무궁화신탁,블루코너캐피탈,착공 전,Y,2025-01,2025-08,8,23031.393,17543.0,15000.0,15000.0,,1895276,1895276,825960,9939425
S896EAC7F,서울특별시,수도권,서울특별시 금천구 시흥동 882-44번지,금천구시흥동882-44,주거시설,16-기타주거시설,149.4,560.0,㈜무궁화신탁,페퍼저축은행,공사진행 중,Y,2025-01,2025-05,5,3727.0,3727.0,2270.0,1966.0,,,,809792,9900740
S89836F99,경상남도,지방,경상남도 거제시 고현동 1153번지 외 1필지,거제시고현동1153,주거시설,12-주상복합,14120.0,,신한자산신탁,다올저축은행,착공 전,Y,2025-02,2025-03,2,91736.0,91736.0,33030.0,33030.0,,,,782457,9842245
S899E96A9,대구광역시,지방,대구광역시 달성군 화원읍 천내리 412-2번지,달성군화원읍천내리412-2,주거시설,12-주상복합,6649.0,4628.95,우리자산신탁,한양증권㈜,착공 전,Y,2025-03,2026-01,7,33509.33977,46008.0,21176.380167,21176.0,,,,811225,9903936
S89A47359,경상남도,지방,경상남도 양산시 물금읍 2783-1,양산시물금읍2783-1,주거시설,31-오피스텔,1884.5,,코람코자산신탁,대구축산농협,착공 전,N,2026-03,2026-06,4,11100.0,11100.0,,,2025-0900-064731,,,,
S89A5BE07,경기도,수도권,경기 화성시 진안동 939-7번지 외 4필지,화성시진안동939-7,기타시설,71-의료시설,6644.0,,무궁화신탁,한국투자리얼에셋운용㈜,착공 전,N,2025-04,2026-06,7,65952.0,65952.0,48768.0,56289.0,,,,798667,9879814
S8A249C59,경기도,수도권,고양시 덕양구 토당동 383-5외,고양시덕양구토당동383-5,주거시설,12-주상복합,1938.0,4697.835,,서울종암새마을금고,착공 전,Y,2025-02,2025-11,9,16991.0,16991.0,5828.0,45994.0,,,,,
S8A488F65,서울특별시,수도권,서울시 송파구 송파동 174-13,송파구송파동174-13,주거시설,11-아파트,252.5,261.06,신영부동산신탁,송파동부신용협동조합,착공 전,N,2025-02,2025-08,4,3301.0,3301.0,1600.0,1590.0,,,,808613,9898037
S8A4E2EA9,대구광역시,지방,대구광역시 수성구 만촌동 1037-9외 3개필지,수성구만촌동1037-9,주거시설,12-주상복합,2830.1,4982.43,무궁화신탁,대구축산농협,완공,N,2026-06,2026-06,1,82500.0,82500.0,40000.0,40000.0,,,,,
S8AC371A9,경상남도,지방,경남 사천시 용현면 송지리16번지 외 43필지,사천시용현면송지리16,주거시설,11-아파트,101801.0,,무궁화신탁,장림동새마을금고,착공 전,Y,2025-02,2025-08,7,27300.0,27303.0,21000.0,21000.0,,,,811823,9905348
S8ADCD718,제주특별자치도,지방,제주시 구좌읍 월정리 1919,제주시구좌읍월정리1919,주거시설,15-타운하우스,23655.7,,무궁화신탁,서울축산새마을금고,착공 전,Y,2025-03,2026-06,14,32009.0,36351.0,18720.0,24202.0,,1954694,1954694,854016,10002492
S8AE5D876,강원도,지방,강원도 원주시 무실동 172-2번지 외 11필지,원주시무실동172-2,주거시설,11-아파트,12582.0,176.62,,송파새마을금고,착공 전,N,2025-08,2025-08,1,8973.0,8973.0,,,,,,,
S8BF5F06F,경기도,수도권,경기도 용인시 수지구 신봉동 481 외,용인시수지구신봉동481,주거시설,15-타운하우스,9450.0,,교보자산신탁,배방농협,착공 전,Y,2025-08,2026-06,9,11762.0,14297.0,6188.0,9053.0,,,,829780,9948122
S8C7212F3,울산광역시,지방,울산광역시 울주군 온양읍 발리 299-1번지 일원,울주군온양읍발리299-1,주거시설,11-아파트,38374.0,1765.73,우리자산신탁㈜,한양증권㈜,착공 전,N,2025-12,2026-02,3,58594.0,58594.0,58000.0,58000.0,,,,812995,9908316
S8C87574D,경기도,수도권,"부천시 괴안동 111-47, 111-48",부천시괴안동111-47,주거시설,11-아파트,2869.0,4768.24,신영부동산신탁㈜,상상인저축은행,완공,Y,2025-01,2025-08,7,22237.0,18656.0,15283.25057,13500.0,,,,812035,9905725
S8CC2AE1F,세종특별자치시,지방,세종특별자치시 장군면 대교리 90-14외 26필지,장군면대교리90-14,주거시설,16-기타주거시설,50132.0,,농협은행 월평동지점,홍성농협,착공 전,N,2025-04,2025-07,4,11467.0,11467.0,,,,,,,
S8CC3E24B,경상북도,지방,포항시 북구 흥해읍 곡강리 산 148-2,포항시북구흥해읍곡강리산148-2,주거시설,16-기타주거시설,56231.0,,코리아신탁,엔에이치저축은행,착공 전,Y,2025-04,2026-06,3,76474.0,76474.0,41800.0,34400.0,,,,814723,9912307
S8D9E41DC,경기도,수도권,파주시 문사업 내포리 1634,파주시문사업내포리1634,주거시설,31-오피스텔,1713.0,9476.0,무궁화신탁,의정부동부새마을금고,완공,Y,2025-02,2025-08,7,28324.0,28324.0,20809.0,20809.0,,,,815106,9913367
S8DC81E03,대전광역시,지방,"중리동238-7,8번지",중리동238-7,주거시설,16-기타주거시설,1763.9,,,한밭새마을금고,공사진행 중,Y,2025-02,2025-06,4,12230.0,12230.0,,,,,,,
S8E09C96E,강원도,지방,강원도 원주시 반곡동 1858-4,원주시반곡동1858-4,산업시설,62-아파트형공장,13344.2,,코리아신탁,KA17유동화전문유한회사,착공 전,Y,2025-01,2026-06,11,55626.256,55626.256,17456.0,17456.108554,,1807648,1807648,806733,9894608
S8E9E7BCF,광주광역시,지방,광주광역시 남구 주월동 88 외,남구주월동88,기타시설,73-복지시설,6377.0,,무궁화신탁,광주새마을금고,착공 전,N,2025-12,2025-12,1,25944.0,25944.0,18000.0,18000.0,,,,,
S8F24B93D,인천광역시,수도권,인천광역시 중구 운북동 1274-2,중구운북동1274-2,업무시설,31-오피스텔,11526.0,,코리아신탁,오에스비저축은행,착공 전,Y,2025-12,2026-06,7,42761.0,32157.0,20160.0,18310.0,,1943501,1943501,847882,9988945
S8F3849F4,경상북도,지방,"김천시 덕곡동 1006-3,1007-6,1059-8,1007-1,1007-7,1059-2,1059-3,1059-7,1059-11,1059-12,1059-13,1059-14,1059-15,1059-10",김천시덕곡동1006-3,업무시설,21-근린생활시설,13782.0,,교보자산신탁,송현새마을금고,착공 전,N,2025-02,2025-04,3,16017.0,16017.0,,,,,,,
S8F445778,경기도,수도권,경기도 용인시 처인구 남동 480-22외 5필지,용인시처인구남동480-22,주거시설,15-타운하우스,17720.0,9000.0,신영부동산신탁,바로저축은행,착공 전,N,2025-01,2025-02,2,6827.8563,9822.0,5640.0,5640.0,,,,793938,9868674
S8F4CD32A,부산광역시,지방,부산 금정구 남산동 118-18,금정구남산동118-18,주거시설,11-아파트,1508.0,77471.0,코리아신탁,온천3동금고,완공,Y,2025-12,2026-05,6,31993.0,31993.0,,,,,,,
S8FC6A518,경기도,수도권,경기 용인시 수지구 동천동 1-1외,용인시수지구동천동1-1,주거시설,15-타운하우스,11366.0,,교보자산신탁㈜,한국투자저축은행,착공 전,Y,2025-01,2025-05,5,17808.8106,17809.0,9629.0,9629.0,,,,798947,9880408
S8FDBDC74,경상남도,지방,경상남도 김해시 어방동 998-17,김해시어방동998-17,기타시설,71-의료시설,1106.0,9976.0,무궁화신탁,연산로터리금고,완공,Y,2025-08,2026-06,7,24043.0,24043.0,15787.0,15787.0,,,,,
S90468CA7,울산광역시,지방,울산 남구 신정동 758-2 일원,남구신정동758-2,주거시설,11-아파트,809.0,,코람코자산신탁,에스비아이저축은행,착공 전,N,2026-05,2026-06,2,3526.0,3526.0,3557.0,3557.0,,,,,
S908D2F0E,경기도,수도권,경기도 양주시 산북동 304-7 일원,양주시산북동304-7,주거시설,11-아파트,12717.0,,대신자산신탁,경북동부신협,,N,2026-03,2026-06,4,15315.0,15315.0,,,,,,,
S91DA0A5E,충청남도,지방,충남 천안시 동남구 대흥동 112-1번지,천안시동남구대흥동112-1,숙박시설,45-기타숙박시설,1627.0,3491.24,코리아신탁,스카이저축은행,착공 전,N,2026-04,2026-04,1,14599.7,14599.7,8444.0,8444.0,,,,,
S922A51DD,대구광역시,지방,대구광역시 동구 신암동 259-5,동구신암동259-5,주거시설,12-주상복합,1401.36,7016.7309,KB부동산신탁,신한투자증권,완공,Y,2025-08,2026-02,6,42757.0,42757.0,41412.0,41412.0,,,,,
S924C3837,경기도,수도권,경기도 용인시 처인구 삼가동 197-2,용인시처인구삼가동197-2,주거시설,12-주상복합,,4016.79,무궁화신탁,블루코너캐피탈,완공,Y,2025-01,2026-06,17,11752.0,9551.0,7185.8,5099.9,,1753707,1753707,845078,9982775
S92754760,제주특별자치도,지방,서귀포시 안덕면 사계리 3711 외 19필지,서귀포시안덕면사계리3711,주거시설,15-타운하우스,7794.2,115.95,,화원신협,,N,2025-02,2026-06,12,4407.0,4407.0,1415.0,2888.0,,,,,
S93210B34,서울특별시,수도권,서울특별시 강남구 논현동 114,강남구논현동114,주거시설,11-아파트,3252.8,,한국투자부동산신탁,삼성증권,착공 전,Y,2025-02,2026-06,16,277789.0,277789.0,234000.0,234000.0,,1889882,1889882,823687,9934300
S9357F055,인천광역시,수도권,"인천광역시 미추홀구 주안동 69-6,-29",미추홀구주안동69-6,주거시설,16-기타주거시설,182.5,,무궁화신탁,인천저축은행,착공 전,Y,2025-01,2025-05,5,768.2,768.0,625.7,357.0,,1853065,1853065,805822,9892746
S944DE5D0,경기도,수도권,경기도파주시와동동1456일원,파주시와동동1456,업무시설,31-오피스텔,2407.2,,신한자산신탁,iM증권,착공 전,Y,2025-02,2025-07,6,29127.12,29127.12,16445.5,16445.5,,,,802152,9886395
S94A4CC20,경기도,수도권,김포시 풍무동 782번지 일원,김포시풍무동782,기타시설,72-교육시설,6160.0,,우리자산신탁,(주)우리투자증권,착공 전,N,2025-12,2026-06,7,13428.0,13428.0,,,,,,,
S95AB5C20,부산광역시,지방,부산광역시 북구 구포동 1020-2,북구구포동1020-2,업무시설,31-오피스텔,1874.9,1513.12,무궁화신탁,동구새마을금고,착공 전,N,2025-01,2026-06,17,7576.1722,7576.0,4994.0,4994.0,,1852654,1852654,805861,9892493
S95E6B733,부산광역시,지방,기장군 일광읍 삼성리 888,기장군일광읍삼성리888,업무시설,21-근린생활시설,683.7,2591.0,무궁화신탁,온천3동새마을금고,완공,Y,2025-07,2025-08,2,16030.0,17132.0,9166.0,9166.0,,,,,
S9637D1A5,부산광역시,지방,부산 동래구 수안동 4-14,동래구수안동4-14,주거시설,16-기타주거시설,445.0,,대신자산신탁,동원제일저축은행,공사진행 중,Y,2025-02,2025-12,10,4488.0,4488.0,4255.0,3447.0,,1869092,1822431;1869092,846200,9985219
S968BF31E,서울특별시,수도권,서울 강남구 삼성동70-1번지,강남구삼성동70-1,상업시설,21-근린생활시설,1137.6,,교보자산신탁,성남동부새마을금고,공사진행 중,Y,2025-01,2025-01,1,71441.28,71441.28,,,,1842393,1842393,804922,9891227
S9696E01E,경기도,수도권,화성시 장안면 장안리 산 36-1,화성시장안면장안리산36-1,상업시설,66-물류센터,194323.0,,무궁화신탁,제천농협,착공 전,N,2025-08,2026-02,6,21181.0,21181.0,,,,,,819050,9922828
S96AA97D3,전라남도,지방,여수시 나진리 화양면 산368,여수시나진리화양면산368,숙박시설,45-기타숙박시설,49178.0,,하나자산신탁,대신증권,착공 전,Y,2025-02,2025-08,7,25500.0,25500.0,18077.0,17000.0,,,,811240,9903975
S96C8F3ED,충청북도,지방,충청북도진천군진천읍산척리111-19,진천군진천읍산척리111-19,산업시설,66-물류센터,80469.0,,,교보증권,착공 전,Y,2026-06,2026-06,1,,,,,,,,,
S9705ED2B,전라남도,지방,전남 여수시 화장동 864번지 외,여수시화장동864외,주거시설,15-타운하우스,30811.0,132.0,주식회사 하나자산신탁,광양원예농협,착공 전,N,2025-02,2026-06,16,,,,,,,,,
S970C77BC,충청남도,지방,당진시 수청1지구 38BL 2/3LOT,당진시수청1지구38BL2/3LOT,상업시설,21-근린생활시설,1645.0,,무궁화신탁,오케이저축은행,착공 전,Y,2025-03,2025-07,3,7501.0,7501.0,,,,,,,
S971D3942,경상북도,지방,경북포항시북구우현동379번지외25필지,포항시북구우현동379,주거시설,11-아파트,24483.0,,코리아신탁,연수새마을금고,착공 전,N,2025-01,2025-06,6,36188.02139,36188.0,19039.59,18800.0,,1650731,1650731,807427,9895769
S972F3277,인천광역시,수도권,서구 원당동 3204-103번지,서구원당동3204-103,상업시설,31-오피스텔,3095.0,,무궁화신탁,계양새마을금고,착공 전,Y,2025-12,2026-01,2,43016.0,43016.0,32096.0,32096.0,,,,,
S974C3B84,강원도,지방,강원 양양군 현북면 하광정리 591외,양양군현북면하광정리591,숙박시설,42-콘도,52991.7,,무궁화신탁,천안농협,착공 전,Y,2025-01,2025-04,4,100387.66,100387.0,53706.9,53706.0,,,,791990,9864074
S97550927,경기도,수도권,경기 평택시 포승읍 도곡리 산87번지 일원,평택시포승읍도곡리산87,주거시설,11-아파트,104048.0,,해당없음,하나저축은행,착공 전,Y,2025-12,2026-06,7,80367.0,75572.0,,,,,,,
S9776F0A6,서울특별시,수도권,서울 중랑구 중화동 303-9,중랑구중화동303-9,주거시설,12-주상복합,6141.5,,신한자산신탁,남대문새마을금고,착공 전,Y,2025-01,2025-01,1,85449.6,85449.6,55000.0,55000.0,,,,789147,9857214
S978EF55A,서울특별시,수도권,서울시 강남구 논현동 16번지,강남구논현동16,상업시설,21-근린생활시설,2976.6,,한국자산신탁,하나은행,착공 전,Y,2025-01,2025-11,10,312908.8,312909.0,225000.0,225500.0,,,,787121,9852364
S97DFA8E7,울산광역시,지방,울산광역시 북구 중산동 938번지 일원,북구중산동938,주거시설,11-아파트,28002.0,5919.5177,우리자산신탁,삼성증권,착공 전,Y,2025-02,2026-06,16,95869.0,95869.0,44000.0,38000.0,,1969217,1969217,861256,10018900
S97F002D8,경기도,수도권,경기도 포천시 동교동 645-4외 11필지,포천시동교동645-4,기타시설,76-기타시설,97199.0,,한국투자부동산신탁,거창농협,착공 전,N,2026-02,2026-06,5,23292.0,23292.0,10069.0,10069.0,,1930105,1930105,861021,10018343
S9801538A,경기도,수도권,"여주시 연라동 151-3, 151-7, 151-6, 152-4, 146-1, 146-2",여주시연라동151-3,산업시설,61-공장설립,31613.0,6484.75,KB부동산신탁,웰컴저축은행,착공 전,Y,2025-01,2025-04,4,20738.86565,20739.0,8550.0,8550.0,,1818178,1818178,800150,9882452
S980171A1,강원도,지방,강원도 고성군 죽왕면 가진리 산1-1.1-6.1-10,고성군죽왕면가진리산1-1.1-6.1-10,레져시설,43-리조트,55923.0,,,금강농협,착공 전,N,2025-03,2025-03,1,12131.0,12131.0,,,,,,,
S98C1BE88,부산광역시,지방,부산 영도구 영선동4가1-1번지,영도구영선동4가1-1,업무시설,31-오피스텔,1008.2,5321.51,우리자산신탁,흥국저축은행,완공,Y,2025-01,2025-02,2,15165.0,15165.0,8501.0,8501.0,,,,798746,9880115
S990B5580,제주특별자치도,지방,제주 서귀포시 서홍동 1724번지,서귀포시서홍동1724,주거시설,15-타운하우스,9950.0,,,서광주농협,착공 전,N,2025-04,2026-06,14,5930.0,5930.0,,,,,,,
S9923FE3B,울산광역시,지방,북구 명촌동689-7,북구명촌동689-7,업무시설,31-오피스텔,912.0,,코리아신탁,한국투자저축은행,착공 전,N,2025-01,2026-06,17,1870.036,1870.0,858.655142,692.0,,1820871,1820871,807739,9896364
S992E91EB,대전광역시,지방,"대전광역시동구판암지구도시개발사업지내9블럭1,2롯트(M2블록내)",동구판암지구도시개발사업지내9블럭1,업무시설,31-오피스텔,7758.8,4648.2,KB부동산신탁,부국증권,완공,Y,2026-05,2026-06,2,114024.0,114024.0,71863.0,71863.0,,,,,
S992EA770,경기도,수도권,"경기도 고양시 덕양구 동산동 47-59,-64",고양시덕양구동산동47-59,주거시설,16-기타주거시설,546.0,,무궁화신탁,한국투자저축은행,착공 전,N,2025-02,2025-05,4,2071.0,2071.0,1102.0,1102.0,,1875132,1875132,817632,9919321
S9988C4DD,경기도,수도권,경기도하남시망월동1146,하남시망월동1146,주거시설,16-기타주거시설,1848.0,14844.0,KB부동산신탁,교보증권,완공,Y,2026-05,2026-06,2,,,,,,,,,
S99D973F5,경기도,수도권,경기 부천시 오정동 799번지,부천시오정동799,상업시설,33-기타업무시설,6503.9,4017.05,신한자산신탁,파주연천축협,착공 전,Y,2025-01,2025-07,7,34669.112,32324.0,26615.0,19440.0,,1839969,1839969,798273,9878562
S9A9A5073,경상남도,지방,경남 거제시 일운면 소동리 산46-7번지 일원,거제시일운면소동리산46-7,주거시설,15-타운하우스,132114.97,,교보자산신탁,대청새마을금고,착공 전,Y,2025-05,2025-06,2,45000.0,45000.0,,,,,,,
S9AEC8353,대구광역시,지방,"대구광역시 동구 신천동 292-3, 292-11
대구광역시 동구 신천동 292-14, 292-15
대구광역시 동구 신천동 293-5",동구신천동292-3,주거시설,12-주상복합,2361.2,2288.27,한국자산신탁,성서새마을금고,착공 전,N,2025-02,2025-03,2,32408.0,32408.0,23769.0,23769.0,,,,733282,9740042
S9BA124BF,충청남도,지방,아산시 탕정면 용두리 730-1,아산시탕정면용두리730-1,업무시설,31-오피스텔,6941.3,,무궁화신탁,광명,착공 전,Y,2025-01,2025-05,5,20060.357,20060.0,11750.0,11750.0,,,,801056,9884255
S9BA5054C,강원도,지방,강릉시 홍제동 223-17 외,강릉시홍제동223-17,주거시설,11-아파트,7367.0,,무궁화신탁,오케이저축은행,착공 전,Y,2025-02,2025-03,2,20342.0,20342.0,,,,,,,
S9BAE1486,인천광역시,수도권,인천광역시서구가정동202-0,서구가정동202-0,,,,,,한국투자증권,,N,2025-03,2025-03,1,,,,,,,,,
S9BDC536C,부산광역시,지방,"부산광역시 해운대구 송정동 297-83 외 297-77,-79,-81,-82,-127,-128",해운대구송정동297-83,숙박시설,45-기타숙박시설,1922.0,,(주)무궁화신탁,부산제일신협,착공 전,Y,2025-08,2026-02,6,42297.0,42297.0,32500.0,32500.0,,1907182,1907182,830821,9950251
S9CDC4F7D,울산광역시,지방,울주군 삼남읍 신화리 1610-2,울주군삼남읍신화리1610-2,업무시설,31-오피스텔,1221.2,10100.5184,무궁화신탁,안양중부새마을금고,완공,Y,2025-02,2025-08,5,29064.0,25273.0,16077.7,16077.7,,,,,
S9D6A332C,서울특별시,수도권,서울시 강남구 도곡동 946-11번지 일원,강남구도곡동946-11,주거시설,16-기타주거시설,1774.0,5243.596,신한자산신탁,BNK캐피탈,완공,Y,2025-03,2026-06,6,140736.0,140736.0,112993.0,90500.0,,1811170,1811170,818949,9922512
S9EEC1C21,제주특별자치도,지방,서귀포시 안덕면 상창리 46-1,서귀포시안덕면상창리46-1,주거시설,16-기타주거시설,8589.0,,무궁화신탁,제주시산림조합,착공 전,N,2025-01,2026-06,16,2705.6,2706.0,950.0,950.0,,1757084,1757084,810828,9903169
S9F0024E1,제주특별자치도,지방,제주도 제주시 애월읍 상귀리 1229-2번지 외 7필지,제주시애월읍상귀리1229-2,숙박시설,45-기타숙박시설,13849.0,,,남산대신새마을금고,공사진행 중,Y,2025-12,2026-06,7,4991.0,4991.0,,,,,,,
S9F83AD5A,경기도,수도권,경기도용인시처인구포곡읍삼계리46번지일원,용인시처인구포곡읍삼계리46,산업시설,66-물류센터,452787.0,,한국자산신탁,유진투자증권,착공 전,Y,2025-05,2026-06,13,370276.0,484386.0,240000.0,240000.0,,,,827771,9943621
S9FC9B116,경기도,수도권,수원시 팔달구 매산로2가 13-5,수원시팔달구매산로2가13-5,상업시설,21-근린생활시설,690.6,,코리아신탁,안양중부새마을금고,공사진행 중,Y,2025-02,2025-03,2,8010.0,8010.0,,,,,,,
SA000075A,대전광역시,지방,대전 도안 2-4지구 도안에듀타운 공동주택 개발사업,도안2-4지구도안에듀타운공동주택개발사업,주거시설,11-아파트,65276.0,,한국토지신탁,상상인저축은행,착공 전,N,2025-04,2025-04,1,88357.0,88357.0,,,,,,,
SA05D35DE,경상남도,지방,경남 사천시 용현면 송지리22-5번지 외 68필지,사천시용현면송지리22-5,주거시설,11-아파트,123555.0,,KB부동산신탁,장림동금고,착공 전,Y,2025-08,2026-06,10,80900.0,80900.0,,,,,,,
SA06664CD,충청남도,지방,충남 천안시 동남구 대흥동 105-3번지 외,천안시동남구대흥동105-3외,숙박시설,45-기타숙박시설,1627.0,3491.24,코리아신탁,스카이저축은행,착공 전,N,2026-05,2026-06,2,14599.7,14600.0,8444.0,8444.0,,,,,
SA06BB3CC,부산광역시,지방,부산동래구온천동142번지외23필지,동래구온천동142,주거시설,11-아파트,2857.0,,하나자산신탁,장림동금고,착공 전,Y,2025-10,2026-06,4,50300.0,51361.0,,,,,,,
SA0D1BEBC,경기도,수도권,안양시 만안구 안양동 42-4,안양시만안구안양동42-4,주거시설,12-주상복합,1274.0,16000.0,코리아신탁,홍은새마을금고,완공,Y,2025-08,2025-08,1,52480.0,52480.0,36800.0,36800.0,,1866482,1866482,813282,9909549
SA0EC283D,충청북도,지방,청주시 흥덕구 오송읍 봉산리 992번지,청주시흥덕구오송읍봉산리992,상업시설,21-근린생활시설,1265.7,,신한자산신탁,청주신협,착공 전,Y,2025-02,2026-06,16,11024.0,10707.0,7785.0,7785.0,,,,,
SA14478A6,경기도,수도권,경기도 평택시 신장동 690-87 외,평택시신장동690-87,주거시설,12-주상복합,3115.0,,신영부동산신탁,하나저축은행,착공 전,Y,2025-02,2026-06,10,18437.0,18437.0,12738.0,8807.0,,1964882,1857746;1874728;1910139;1930898;1964882,858685,10013312
SA166815F,경상북도,지방,포항시 북구 죽도동 608-2번지 외,포항시북구죽도동608-2외,주거시설,12-주상복합,3077.8,3261.12,신한자산신탁,성당,착공 전,Y,2025-02,2025-05,4,14774.0,16479.0,,,,,,,
SA1E138A5,강원도,지방,강원도 원주시 단구동 128-1 외 14,원주시단구동128-1,주거시설,12-주상복합,5225.0,,한국투자부동산신탁,남원주농협,착공 전,Y,2025-04,2026-01,9,16436.0,16436.0,9486.0,9486.0,,1847359,1847359,813228,9908815
SA3EBCF2F,부산광역시,지방,"부산 사하구 다대동 96-2, 1601-2, 1601-4",사하구다대동96-2,상업시설,21-근린생활시설,3403.4,17679.0,무궁화신탁,오케이저축은행,완공,Y,2025-01,2025-08,7,46780.6613,46781.0,14301.6,13584.0,,1726948,1726948;1769329,816673,9916995
SA478839E,충청북도,지방,청주시 서원구 현도면 중삼리 산7-1 일원,청주시서원구현도면중삼리산7-1,산업시설,66-물류센터,11148.4,,코람코자산신탁,(주)우리투자증권,착공 전,Y,2025-02,2026-04,14,10883.0,10883.0,,,,,,,
SA4AB2E02,경기도,수도권,경기도이천시마장면표교리산55-1번지일원,이천시마장면표교리산55-1,산업시설,66-물류센터,74134.0,,,교보증권,착공 전,N,2026-06,2026-06,1,,,,,,,,,
SA4EA3A53,경기도,수도권,"안산시 상록구 일동 119-1, 119-2, 120-5",안산시상록구일동119-1,주거시설,11-아파트,2431.3,5061.7,하나자산신탁,광남새마을금고,착공 전,N,2025-02,2025-08,6,12986.0,12986.0,7771.0,6800.0,,,,786382,9850467
SA51A7364,대구광역시,지방,대구 수성구 범어동 22-5번지 일원,수성구범어동22-5,주거시설,11-아파트,1445.4,1601.62,,진남새마을금고,착공 전,N,2025-08,2025-08,1,,,,,,,,,
SA52CFD20,울산광역시,지방,울산광역시 북구 송정동 1234-3 101호 외,북구송정동1234-3101호외,상업시설,21-근린생활시설,1785.0,9051.23,,새중앙새마을금고,완공,Y,2026-02,2026-03,2,14573.0,14573.0,,,,,,,
SA5C9DD73,충청남도,지방,천안시 서북구 성거읍 신월리 405-1 / 405-39,천안시서북구성거읍신월리405-1/405-39,주거시설,11-아파트,11689.0,,무궁화신탁,알디자산운용,착공 전,N,2025-07,2025-08,2,13506.0,13506.0,,,,,,,
SA66B8BCD,부산광역시,지방,부산광역시해운대구송정동349외9필지일원,해운대구송정동349,숙박시설,45-기타숙박시설,7343.0,,코리아신탁,iM증권,착공 전,N,2025-01,2026-01,12,86134.6,88420.5,48700.0,46000.0,,1756057,1756057,829549,9947452
SA67A2CE4,전라남도,지방,석곡면 연반리 산19번지 일원,석곡면연반리산19,기타시설,45-기타숙박시설,103740.5,632.69,,나주동부새마을금고,착공 전,N,2025-02,2025-07,5,5121.0,6134.0,,,,,,,
SA6CCD1D8,울산광역시,지방,남구 신정동 1238-1 외 18필지,남구신정동1238-1,주거시설,11-아파트,4850.0,14623.0,대한토지신탁,현대차증권,착공 전,Y,2025-02,2026-06,11,80241.0,80242.0,45567.0,45567.0,,,,810991,9903492
SA70D4501,전라남도,지방,전남 여수시 둔덕동 471-10 외 23필지,여수시둔덕동471-10,주거시설,11-아파트,56516.0,18739.3,코리아신탁,한국투자저축은행,착공 전,Y,2025-01,2025-05,5,22751.82463,19912.0,8294.22,7006.0,,,,814666,9912171
SA83A9B61,부산광역시,지방,부산광역시 기장군 기장읍 당사리 535번지,기장군기장읍당사리535,상업시설,21-근린생활시설,69712.6,,우리자산신탁,서울축산새마을금고,착공 전,Y,2026-04,2026-04,1,185401.0,185401.0,,,,,,,
SA8490C3A,부산광역시,지방,부산 사상구 모라동 270-3 외 25필지,사상구모라동270-3,주거시설,11-아파트,22127.0,,우리자산신탁,오케이저축은행,착공 전,Y,2025-01,2025-06,6,145523.434,145523.0,,,,1726948,1726948,816673,9916995
SA866A183,경기도,수도권,시흥시 정왕동 2706-1번지 일원,시흥시정왕동2706-1,주거시설,16-기타주거시설,4876.0,,신한자산신탁,신한저축은행,착공 전,Y,2025-10,2025-10,1,28708.0,28708.0,,,,,,,
SA8FECD82,경기도,수도권,경기도 시흥시 정왕동 2727,시흥시정왕동2727,상업시설,21-근린생활시설,7530.2,35872.0,우리자산신탁,제물포새마을금고,완공,Y,2025-02,2026-06,16,87851.0,75048.0,60983.0,48674.0,,184692,184692,840362,9971252
SA94A6526,울산광역시,지방,울산광역시 북구 신천동 262 외 11필지,북구신천동262,주거시설,11-아파트,5261.0,,한국자산신탁,성서새마을금고,착공 전,N,2025-02,2025-03,2,12728.0,12728.0,9173.0,9173.0,,,,734311,9742109
SA95A5A26,부산광역시,지방,부산광역시 기장군 기장읍 시랑리 711번지 일원,기장군기장읍시랑리711,레져시설,54-관광단지,65437.4,,하나자산신탁,바로자산운용,착공 전,Y,2025-02,2026-06,11,190362.0,190361.0,,,,,,,
SA9E2F2E1,경상북도,지방,경산시 하양읍 서사리 329,경산시하양읍서사리329,상업시설,21-근린생활시설,826.0,3219.0,무궁화신탁,웰컴저축은행,완공,Y,2025-01,2025-03,3,11552.0,11552.0,5613.6,5052.0,,,,808448,9897774
SA9F1949A,인천광역시,수도권,인천 남동구 간석동 280-11 외,남동구간석동280-11,주거시설,16-기타주거시설,1178.1,8258.0,무궁화신탁,웰컴저축은행,완공,Y,2025-02,2025-04,3,27105.0,27105.0,13308.5,13309.0,,1815693,1772286;1815693,811355,9904157
SAA237D55,충청남도,지방,충남 천안시 동남구 대흥동 105-3지번,천안시동남구대흥동105-3지,주거시설,11-아파트,1627.0,3491.0,코리아신탁,오투저축은행,착공 전,N,2025-04,2025-08,2,13097.0,13097.0,9196.88175,9197.0,,,,816611,
SAA5702D3,경기도,수도권,경기 양주시 남면 입암리 92-8,양주시남면입암리92-8,산업시설,66-물류센터,63461.0,,대신자산신탁,하나저축은행,착공 전,N,2025-02,2025-04,3,23942.0,23942.0,10018.0,10018.0,,1736089,1736089,807978,9896866
SAA8A5710,경기도,수도권,경기도 용인시 처인구 모현읍 오산리 306,용인시처인구모현읍오산리306,주거시설,15-타운하우스,8787.0,,무궁화신탁,흥국자산운용,공사진행 중,Y,2026-04,2026-06,3,12918.3,12918.3,,,,,,,
SAAE18A9D,경기도,수도권,경기도 군포시 당공 772-8번지,군포시당공772-8,주거시설,12-주상복합,4306.0,,무궁화신탁,케이비캐피탈,착공 전,N,2025-05,2025-08,4,61992.0,61992.0,33169.0,33169.0,,,,,9861561
SAAE7097E,제주특별자치도,지방,"제주시 조천읍 선흘리 1823, 1825, 1823-6",제주시조천읍선흘리1823,주거시설,15-타운하우스,48688.0,,,해남군산림조합,착공 전,N,2025-01,2025-02,2,8085.622,8086.0,,,,,,,
SAB5291E7,제주특별자치도,지방,"제주특별자치도 서귀포시 안덕면 서광리 1432, 1433-2, 1432-1",서귀포시안덕면서광리1432,주거시설,16-기타주거시설,7101.0,,,한빛새마을금고,착공 전,N,2025-02,2026-06,16,5378.0,5394.0,3776.0,1295.0,,,,,
SAB8E754B,전라북도,지방,전라북도 군산시 구암동 355-10번지 일원,군산시구암동355-10,주거시설,11-아파트,17619.0,,교보자산신탁,흥국자산운용,착공 전,Y,2026-03,2026-06,4,31892.0,31892.0,19300.0,19300.0,,,,856765,10009234
SABAF7D0B,경기도,수도권,경기 안성시 죽산면 장계리 산124-1 외 23필지,안성시죽산면장계리산124-1,산업시설,66-물류센터,66760.0,,신한자산신탁,하나저축은행,착공 전,Y,2025-01,2026-06,14,20280.06,20280.0,9450.0,6908.0,,1829680,1829680,859187,10014248
SABBA2F50,경상북도,지방,경상북도 김천시 율곡동 808,김천시율곡동808,상업시설,21-근린생활시설,6149.6,13518.02,케이비부동산신탁,iM증권,완공,N,2025-10,2026-06,9,31664.0,34940.0,10860.752,18700.0,,,,,
SAC0A3BAA,경기도,수도권,"부천시 원미구 심곡동 176-14, 176-15, 376-31",부천시원미구심곡동176-14,업무시설,31-오피스텔,575.7,,,부천중앙새마을금고,공사진행 중,Y,2026-02,2026-06,5,6090.0,6090.0,,,,,,,
SAC5701A3,경기도,수도권,"경기의정부시가능동604,604-5번지",의정부시가능동604,산업시설,67-기타산업시설,2936.0,4529.0,무궁화신탁,오하자산운용,착공 전,Y,2025-02,2026-05,8,10607.0,15163.0,,,,,,,
SAD555B9C,부산광역시,지방,부산광역시 연제구 연산동 708-1 외,연제구연산동708-1,업무시설,31-오피스텔,1591.0,19929.1848,신한자산신탁,코리아에셋투자증권,완공,Y,2025-02,2026-06,16,76085.0,76085.0,44927.0,39356.0,,,,843685,9979105
SADB9413D,경상남도,지방,경남 함안군 군북면 월촌리 2059번지,함안군군북면월촌리2059,산업시설,66-물류센터,89599.0,,신한자산신탁,순천농협,착공 전,Y,2026-02,2026-06,5,33868.0,33868.0,30632.0,30632.0,,,,847244,9987343
SAE805988,전라북도,지방,전주시덕진구 만성동 1345-1,전주시덕진구만성동1345-1,상업시설,26-기타상업시설,8218.7,,무궁화신탁,놀뫼새마을금고,착공 전,N,2025-01,2025-06,6,11999.302,11999.0,18862.0,8500.0,,,,793294,9867226
SAEA34291,경기도,수도권,"경기도동두천시지행동383-2,383-9,383-12,383-13",동두천시지행동383-2,주거시설,12-주상복합,2358.0,,무궁화신탁,안산서부새마을금고,착공 전,N,2026-05,2026-06,2,6703.0,6703.0,3248.0,3248.0,,,,,
SAF1A8E46,서울특별시,수도권,마포구 노고산동 57-22 일원,마포구노고산동57-22,주거시설,11-아파트,1874.3,2213.45,하나자산신탁,메리츠증권,착공 전,N,2025-05,2026-03,8,57646.0,57646.9279,34542.0,32542.0,,,,,
SAF267246,경기도,수도권,"경기도 부천시 심곡동 100-2번지 1201호, 1301호, 1302호",부천시심곡동100-21201호,주거시설,11-아파트,92.0,183.0,코람코자산신탁,하나저축은행,완공,Y,2026-05,2026-06,2,1458.0,1458.0,1075.0,1075.0,,,,,
SAF765FF4,경상남도,지방,경남 고성군 당동리 220-2번지,고성군당동리220-2,주거시설,11-아파트,24112.0,,무궁화신탁,순천농협,착공 전,Y,2026-06,2026-06,1,,,,,,,,,
SAF84367F,대구광역시,지방,대구시 북구 칠성동2가 302-131,북구칠성동2가302-131,주거시설,12-주상복합,3995.7,,㈜무궁화신탁,웰컴자산운용㈜,착공 전,N,2025-01,2025-02,2,63474.81,63475.0,,,,,,,
SAFBF7EFE,경상남도,지방,"김해시 어방동 457-2, 457-12, 457-13, 457-14, 457-15",김해시어방동457-2,상업시설,21-근린생활시설,2365.0,,우리자산신탁,광장신협,착공 전,N,2025-02,2026-02,10,7200.0,7214.0,,,,,,,
SB01A9807,부산광역시,지방,부산 남구 용호동 산95-4 외,남구용호동산95-4,주거시설,11-아파트,18592.0,,우리자산신탁,아이비케이저축은행,착공 전,N,2025-04,2025-08,5,10790.286,10790.0,5850.0,5850.0,,,,805350,9891919
SB080EDF8,경기도,수도권,"경기 수원시 영통구 원천동417-2, -13번지",수원시영통구원천동417-2,업무시설,76-기타시설,5758.9,,하나자산신탁,한국투자증권,착공 전,Y,2025-06,2026-02,7,28984.51,27104.0,18486.0,18486.0,,1875602,1875602,817905,9920063
SB098D1FD,제주특별자치도,지방,제주특별자치도 제주시 신촌리 4009,제주시신촌리4009,주거시설,13-연립주택,13554.0,10556.0,KB부동산신탁,메리츠증권,완공,Y,2025-02,2025-03,2,10575.6,10575.6,,,,,,,
SB0A25699,제주특별자치도,지방,제주도 한경면 저지리2967-1,한경면저지리2967-1,주거시설,13-연립주택,2328.0,2737.0,코리아신탁,순천농협,착공 전,N,2025-02,2025-03,2,8608.0,8608.0,,,,,,,
SB114B5F0,전라남도,지방,전남 광양시 광양읍 덕례리 산242-2번지 외,광양시광양읍덕례리산242-2외,주거시설,11-아파트,50181.0,,신한자산신탁,오케이저축은행,착공 전,Y,2025-04,2025-05,2,31730.0,31730.0,,,,,,,
SB34D1AAA,서울특별시,수도권,서울시 종로구 평창동 492-6 외,종로구평창동492-6,주거시설,16-기타주거시설,13835.0,,우리자산신탁,KA17유동화전문유한회사,착공 전,N,2025-02,2026-06,8,41478.0,47180.8,19801.0,19801.0,,,,787530,9853187
SB4717DE9,부산광역시,지방,사하구 괴정동 947-1번지,사하구괴정동947-1,업무시설,31-오피스텔,388.0,4004.64,교보자산신탁,키움저축은행,완공,Y,2025-01,2025-05,5,15081.0,15081.0,8014.0,8014.0,,1694123,1694123,803132,9888260
SB48061DB,경기도,수도권,경기도 용인시 수지구 동천동 산15 외,용인시수지구동천동산15,기타시설,76-기타시설,27107.0,,대한토지신탁,푸른저축은행,착공 전,N,2025-02,2026-06,13,16569.0,16569.0,,,,,,,
SB496FDA8,강원도,지방,강원 양양군 강현면 주청리 2-5 일원,양양군강현면주청리2-5,주거시설,11-아파트,1977.0,,우리자산신탁,상상인저축은행,착공 전,N,2026-05,2026-05,1,7615.0,7615.0,3621.0,3621.0,,,,,
SB4CDED1E,부산광역시,지방,"부산시 사하구 장림동492-7, -3, -8, -14, 489-1",사하구장림동492-7,상업시설,76-기타시설,17064.0,,하나자산신탁,구미칠곡축협,착공 전,Y,2025-02,2026-06,16,61942.0,61942.0,,,,,,,
SB529D910,경상북도,지방,경북 문경시 신기동 67-37번지,문경시신기동67-37,주거시설,11-아파트,19801.0,,하나자산신탁,순천농협,착공 전,Y,2026-02,2026-02,1,10023.0,10023.0,7104.0,7104.0,,,,850132,9994228
SB52E3E66,제주특별자치도,지방,제주서귀포시안덕면사계리3486-1일원,서귀포시안덕면사계리3486-1,주거시설,15-타운하우스,5452.0,,,대평새마을금고,착공 전,N,2025-01,2025-07,7,2338.908,2338.0,1637.236,393.1,,,,,
SB57D1A2B,경기도,수도권,경기도 이천시 설성면 자석리 245-7,이천시설성면자석리245-7,산업시설,66-물류센터,19615.0,22238.42,신한자산신탁,교보증권,완공,Y,2025-12,2026-06,7,52700.0,52700.0,32010.0,32010.0,,1823993,1823993,831638,9951912
SB647D174,부산광역시,지방,부산광역시 강서구 대저1동 2347-2 외 5필지,강서구대저1동2347-2,주거시설,11-아파트,7439.0,,신영부동산신탁,오에스비저축은행,착공 전,Y,2025-01,2025-05,5,30194.48,30194.0,14040.0,12631.0,,1850628,1850628,804567,9890629
SB648E4B0,서울특별시,수도권,서울시 강서구 공항동 45-99 외,강서구공항동45-99,산업시설,62-아파트형공장,3506.0,3603.4,무궁화신탁,한국투자저축은행,착공 전,N,2025-01,2025-04,4,68332.29182,68332.0,44511.401669,44563.0,,,,801059,9884269
SB6940DF9,대전광역시,지방,대전광역시 서구 복수동 192-10외 10필지,서구복수동192-10,주거시설,11-아파트,20123.2,1385.0,신한자산신탁,오케이저축은행,착공 전,Y,2025-02,2025-06,5,34822.7,34822.7,13839.0,14239.0,,,,817048,9917990
SB69CE44B,경상남도,지방,김해시 어방동 468-5번지외,김해시어방동468-5외,상업시설,12-주상복합,5539.0,,우리자산신탁,온천새마을금고,착공 전,Y,2025-02,2025-06,5,28482.0,28482.0,,,,,,,
SB719F472,경기도,수도권,경기도 용인시 처인구 역북동 556-119,용인시처인구역북동556-119,상업시설,21-근린생활시설,9706.0,9059.92,무궁화신탁,명동새마을금고,완공,Y,2025-04,2025-12,8,43502.0,43502.0,,,,,,,
SB7611EFB,서울특별시,수도권,서울특별시 강남구 도곡동 515-13번지 일원,강남구도곡동515-13,주거시설,16-기타주거시설,1716.2,6107.0,신한자산신탁,IBK투자증권,착공 전,Y,2025-02,2025-04,3,55398.0,55398.0,42527.0,42527.0,,,,788765,9856224
SB7D11B4E,전라남도,지방,전남순천시해룡면신대리1973,순천시해룡면신대리1973,업무시설,31-오피스텔,20673.2,,교보자산신탁,한국투자저축은행,착공 전,N,2025-01,2025-05,5,75944.896,81930.0,40964.842,40965.0,,1793850,1793850,771761,9820094
SB7DBD18D,충청남도,지방,충남세종시장군면대교리227-3외,세종시장군면대교리227-3,기타시설,76-기타시설,80894.0,,신영부동산신탁,장수농협,공사진행 중,N,2025-03,2025-03,1,35116.0,35116.0,,,,,,,
SB7EEE8DB,인천광역시,수도권,"서구 당하동 1235-7,8",서구당하동1235-7,상업시설,31-오피스텔,3095.0,,무궁화신탁,계양새마을금고,착공 전,Y,2025-03,2026-02,3,43016.0,43016.0,32096.0,32096.0,,,,,
SB8E21170,부산광역시,지방,부산 진구 양정동 311-3,부산진구양정동311-3,주거시설,31-오피스텔,991.8,2939.0,무궁화신탁,온천3동새마을금고,완공,Y,2025-04,2026-03,11,16845.0,16845.0,13000.0,13000.0,,,,,
SB9489886,경기도,수도권,시흥시 신천동 707-35번지 외,시흥시신천동707-35외,주거시설,31-오피스텔,3281.5,4989.46,하나자산신탁,청운신협,착공 전,Y,2025-02,2025-03,2,47909.0,47909.0,,,,,,,
SB9D703C3,대전광역시,지방,학하동 735,학하동735,주거시설,11-아파트,16282.3,,,대전북부새마을금고,착공 전,Y,2025-02,2025-06,4,48521.0,48521.0,,,,,,,
SB9E6D085,경상북도,지방,경상북도 경산시 진량읍 선화리 888-15번지 일원,경산시진량읍선화리888-15,산업시설,66-물류센터,33750.0,,한국자산신탁,FL자산운용,착공 전,Y,2025-10,2026-04,5,20843.0,23052.0,17837.0,17837.0,,1943384,1943384,847797,9988777
SBB5474E4,부산광역시,지방,부산광역시 남구 감만동 239-53 외 6필지,남구감만동239-53,업무시설,31-오피스텔,57087.56,,우리자산신탁㈜,DB금융투자,착공 전,N,2025-02,2025-03,2,107173.72593,107174.0,,,,,,,
SBB7E6E40,충청남도,지방,충남 서산시 석림동 738번지 일원,서산시석림동738,주거시설,11-아파트,19209.0,1699.0,신한자산신탁,바로자산운용,착공 전,Y,2025-02,2026-06,11,26176.0,25062.0,18826.0,15768.7,,1760176,1760176,816952,9917807
SBCC0158C,충청남도,지방,충청남도 아산시 온천동 84-1 외,아산시온천동84-1,상업시설,21-근린생활시설,2822.5,3243.0,교보자산신탁,서해중앙,공사진행 중,Y,2025-01,2025-12,10,15095.22,15095.0,9316.0,9316.0,,,,797660,9877056
SBCFA4308,울산광역시,지방,울산 중구 서동 607-2,중구서동607-2,상업시설,26-기타상업시설,22315.7,,신영부동산신탁,하나저축은행,착공 전,Y,2025-02,2025-08,7,4251.0,60699.0,30000.0,27000.0,,1665475,1665475,828020,9944153
SBDD6D558,제주특별자치도,지방,제주시 한림읍 협재리 1343외15필지,제주시한림읍협재리1343,기타시설,76-기타시설,18944.0,,,우정새마을금고,착공 전,N,2025-07,2025-08,2,3992.0,3992.0,,,,,,,
SBEE5E896,충청북도,지방,청주시 지동동 111 외,청주시지동동111,상업시설,26-기타상업시설,33334.0,11696.91,KB부동산신탁,양평농협,착공 전,N,2025-12,2026-06,7,45033.0,45033.0,25215.0,25215.0,,1931507,1931507,842525,9976462
SBF45A5D5,경상남도,지방,"경상남도 창원시 마포합포구 산호동 6-4,6-23",창원시마포합포구산호동6-4,상업시설,21-근린생활시설,3033.8,19963.06,신한자산신탁,메리츠증권,완공,Y,2025-01,2026-02,13,77496.7,77496.7,30024.212,30024.212,,,,794507,9869772
SBFB10452,경상남도,지방,창원시 진해구 용원동 1333-4,창원시진해구용원동1333-4,업무시설,31-오피스텔,8383.0,,수협은행,새진해새마을금고,착공 전,N,2025-01,2025-04,4,18023.45,18023.0,9400.0,9400.0,,1792953,1792953,802258,9886563
SBFE40430,제주특별자치도,지방,제주특별자치도 서귀포시 서호동 1615-14,서귀포시서호동1615-14,산업시설,62-아파트형공장,8701.5,,교보자산신탁,세종중앙신협,착공 전,N,2025-02,2025-08,7,8876.0,11834.0,1087.0,1087.0,,1871878,1871878,820632,9906506
SC012A39E,제주특별자치도,지방,제주시 한림읍 협재리 1348-1 외,제주시한림읍협재리1348-1,기타시설,76-기타시설,18944.0,99.0,,우정새마을금고,착공 전,N,2025-02,2025-06,5,3992.0,3992.0,,,,,,,
SC03C15E3,경기도,수도권,원미구 심곡동 129-8,원미구심곡동129-8,업무시설,31-오피스텔,453.9,,해당없음,산곡새마을금고,공사진행 중,Y,2025-08,2026-01,3,6581.0,6581.0,,,,,,,
SC0D47A45,경기도,수도권,경기 파주시 문산읍 우계로 430-10 593-3번지,파주시문산읍우계로430-10593-3,주거시설,31-오피스텔,6665.0,,우리자산신탁,광명동부새마을금고,착공 전,Y,2025-05,2025-06,2,8261.0,8261.0,,,,,,,
SC0E96404,강원도,지방,강원도 속초시 동명동 86번지,속초시동명동86,주거시설,12-주상복합,2593.59,,우리자산신탁,유안타증권,착공 전,N,2025-02,2025-03,2,49319.0,49319.0,,,,,,,
SC1119DCA,서울특별시,수도권,서울특별시 강동구 강일동 75-1번지(고덕강일 근생 4-1BL),강동구강일동75-1(고덕강일근생4-1BL),상업시설,21-근린생활시설,900.0,3864.49,코리아신탁㈜,명동,완공,Y,2025-04,2025-05,2,23007.0,23007.0,,,,,,,
SC14F4ADD,서울특별시,수도권,서울시 강서구 화곡동 24-102,강서구화곡동24-102,업무시설,31-오피스텔,444.0,2526.0,,부천제일새마을금고,완공,Y,2025-08,2025-08,1,19000.0,19000.0,,,,,,,
SC18B43FD,경기도,수도권,파주시 문산읍 선유리 593-3,파주시문산읍선유리593-3,주거시설,13-연립주택,6665.0,300.0,,광명동부새마을금고,착공 전,Y,2025-02,2025-08,5,7531.0,7531.0,,,,,,,
SC33AEBAA,충청남도,지방,천안시 성성동 361-38 일원,천안시성성동361-38,업무시설,33-기타업무시설,20667.0,136466.0,하나자산신탁,(주)우리투자증권,완공,Y,2025-12,2026-06,7,313572.0,313572.0,,,,,,,
SC3B036E6,경기도,수도권,경기도 용인시 처인구 포곡읍 삼계리 46-11일원,용인시처인구포곡읍삼계리46-11,산업시설,66-물류센터,19051.0,11312.03,한국자산신탁,청운신협,착공 전,N,2025-02,2025-04,3,21050.0,21050.0,16000.0,16000.0,,,,,
SC4E344BD,강원도,지방,강원도 강릉시 견소동 268-5외 8필지,강릉시견소동268-5,숙박시설,43-리조트,34345.0,,무궁화신탁,중앙농협,착공 전,N,2025-04,2026-06,14,31731.0,31731.0,19637.0,19637.0,,,,787183,9852487
SC4F06853,인천광역시,수도권,인천광역시 남동구 간석동 176-10,남동구간석동176-10,주거시설,12-주상복합,1018.2,9376.74,무궁화신탁,경인아라,완공,Y,2025-01,2026-06,17,40506.0,40506.0,20200.0,20200.0,,,,705361,9689703
SC52C2452,제주특별자치도,지방,제주 제주시 애월읍 곽지리 1480-1번지 외 13필지,제주시애월읍곽지리1480-1,주거시설,16-기타주거시설,19425.0,,,한마음새마을금고,착공 전,N,2025-01,2025-12,10,7617.13,9024.0,3732.394,3732.394,,,,,
SC5418EE9,서울특별시,수도권,"서울시 금천구 시흥동 113-12, -196번지",금천구시흥동113-12,주거시설,11-아파트,527.1,307.2,무궁화신탁,스마트저축은행,완공,Y,2025-08,2025-08,1,4965.0,4965.0,4044.0,4044.0,,,,,
SC5780EED,대구광역시,지방,대구광역시동구신암동211번지,동구신암동211,주거시설,12-주상복합,5660.3,,신한자산신탁,헤리티지 자산운용,착공 전,Y,2025-01,2026-06,17,49495.0715,49500.0,20000.0,20000.0,,,,789348,9857613
SC57B0F1E,경기도,수도권,경기도 광주시 도척면 노곡리 66번지 외 4필지,광주시도척면노곡리66,기타시설,66-물류센터,22748.0,16642.0,무궁화신탁,다올저축은행,착공 전,N,2025-01,2025-05,5,31828.0,31828.0,29343.0,29342.0,,1839926,1839926,798193,9878401
SC58C81F5,경기도,수도권,경기도김포시사우동332번지일원,김포시사우동332,주거시설,11-아파트,94908.89,7428.54,신한자산신탁,iM증권,착공 전,N,2025-02,2026-06,12,702808.70464,702808.70464,423286.0,382016.19,,1781417,1781417,845332,9983276
SC5980FAA,서울특별시,수도권,서울시중랑구면목동371-134번지일원,중랑구면목동371-134,주거지역,11-아파트,9502.88,,,부국증권,착공 전,N,2026-05,2026-06,2,,,,,,,,,
SC5F2F681,전라남도,지방,전남 여수시 화양면 나진리 6-1,여수시화양면나진리6-1,숙박시설,43-리조트,43435.0,,하나자산신탁,대신증권㈜,착공 전,Y,2025-10,2026-04,7,25509.0,25509.0,17000.0,17000.0,,,,,
SC62A910F,경기도,수도권,경기 광주시 초월읍 선동리 356-5 외,광주시초월읍선동리356-5,산업시설,66-물류센터,11178.0,7705.0,신한자산신탁,오케이저축은행,착공 전,Y,2025-02,2025-06,5,18883.0,19512.945,,,,1875750,1875750,817894,9920025
SC63E9090,충청남도,지방,충남천안시동남구목천읍응원리164,천안시동남구목천읍응원리164,주거시설,11-아파트,101874.0,,무궁화신탁,해운대새마을금고,착공 전,Y,2025-02,2025-06,5,55778.0,55778.0,26886.0,26886.0,,,,799879,9882009
SC647D2CD,경기도,수도권,경기도 안성시 원곡면 산하리 산162번지 일원,안성시원곡면산하리산162,산업시설,66-물류센터,238624.0,,신한자산신탁,KCGI대체투자운용,착공 전,Y,2025-01,2025-08,8,135007.558,138008.0,128807.366832,71976.0,,1842267,1842267,835238,9959348
SC656EE22,경기도,수도권,경기도 남양주시 화도읍 재재기로 122번안길 6-31(차산리 634-1),남양주시화도읍재재기로122번안길6-31(차산리634-1),산업시설,66-물류센터,15724.0,40311.46,신한자산신탁,신한투자증권,완공,Y,2025-08,2026-05,2,160500.0,135328.0,75730.0,75730.0,,,,,
SC684F9E2,경기도,수도권,경기도 용인시 처인구 원삼면 좌항리 산12-1외,용인시처인구원삼면좌항리산12-1,상업시설,26-기타상업시설,16140.0,,,원삼농협,착공 전,N,2026-03,2026-06,4,11517.0,11517.0,,,,,,,
SC6FEB869,경기도,수도권,경기도 안성시 원곡면 성주리 362-1 번지 일원,안성시원곡면성주리362-1,산업시설,66-물류센터,132450.0,,한국자산신탁,IBK투자증권㈜,착공 전,Y,2025-12,2026-06,7,50546.23,50546.23,24362.0,24362.0,,,,847577,9988216
SC716BEC8,전라남도,지방,무안군 삼향군 남악리 106,무안군삼향군남악리106,주거시설,16-기타주거시설,22855.0,,,옥천농협,착공 전,N,2025-05,2026-06,13,6823.0,6823.0,,,,,,,
SC75AB55E,경상남도,지방,경남 김해시 어방동464-1번지 외 20필지,김해시어방동464-1,상업시설,12-주상복합,5539.0,,우리자산신탁,장림동새마을금고,착공 전,Y,2025-02,2025-12,10,28482.0,28482.0,23071.0,23071.0,,,,835026,9958949
SC775B5C7,경상북도,지방,경상북도 경산시 와촌면 덕촌리 산15 외 11필지,경산시와촌면덕촌리산15,주거시설,15-타운하우스,39876.0,,코람코자산신탁,교남동새마을금고,착공 전,Y,2025-07,2026-06,11,12901.0,12901.0,9119.0,9119.0,,,,,
SC79A8107,충청남도,지방,서산시 해미면휴암리1-8외 3필지,서산시해미면휴암리1-8,산업시설,67-기타산업시설,36572.0,,무궁화신탁,포산신협,착공 전,N,2025-02,2025-10,8,4520.0,4520.0,2070.0,2070.0,,,,,
SC7F1C5D0,전라남도,지방,전라남도 순천시 남내동 18-1번지 일원,순천시남내동18-1,상업시설,25-상가,4057.0,17615.35,하나자산신탁,메리츠증권,완공,Y,2026-04,2026-06,3,63685.54963,63685.54963,18000.0,16200.0,,,,,
SC87E9D61,광주광역시,지방,광주광역시 동구 금남로4가 21-12,동구금남로4가21-12,업무시설,31-오피스텔,997.4,13494.6698,대신자산신탁,다올투자증권,완공,Y,2025-10,2026-06,9,37592.0,37592.0,27528.0,27527.0,,,,,9984683
SC88267B9,광주광역시,지방,"광주광역시 광산구 연산동 1178, 1179번지",광산구연산동1178,산업시설,66-물류센터,26235.0,91915.13,하나자산신탁,신한투자증권,완공,Y,2025-08,2025-08,1,150000.0,150000.0,91971.852,91971.852,,,,816482,9916523
SC891BD4C,강원도,지방,강원도원주시무실동1198-1번지외30필지일원,원주시무실동1198-1,주거시설,11-아파트,75702.0,326.0,,iM증권,착공 전,N,2025-02,2025-03,2,52258.493,52258.493,,,,,,,
SC8D2A23E,강원도,지방,강릉시 구정면 제비리 1276-1,강릉시구정면제비리1276-1,상업시설,21-근린생활시설,14666.3,,한국부동산신탁,서원주,착공 전,Y,2025-04,2025-08,5,7053.0,7053.0,,,,,,,
SC92A9702,전라남도,지방,전라남도 목포시 동명동 7,목포시동명동7,숙박시설,41-호텔,2546.0,5334.79,코리아신탁,목포중앙새마을금고,완공,Y,2025-03,2026-06,15,32805.0,34997.0,33691.0,33691.0,,,,837869,9965243
SC9614210,대구광역시,지방,달서구 상인동 1558번지,달서구상인동1558,주거시설,31-오피스텔,8119.9,,신한자산신탁,다올투자증권,착공 전,N,2025-02,2025-06,5,67400.0,67400.0,42009.0,32883.0,,,,783817,9845325
SCA41FD69,부산광역시,지방,금정구 구서동 84-10,금정구구서동84-10,주거시설,12-주상복합,1741.0,7637.0,KB부동산신탁,다올저축은행,착공 전,Y,2025-02,2025-03,2,24264.0,24264.0,21636.0,21636.0,,,,,
SCA7BE326,충청남도,지방,"태안군 반곡리 1148-50,51,53, 1149-8,9,39",태안군반곡리1148-50,주거시설,11-아파트,29842.4,,한국자산신탁,홍주,착공 전,N,2025-02,2025-05,4,10713.0,10713.0,9326.0,9326.0,,,,809750,9900633
SCAA5390E,인천광역시,수도권,"부평구 일신동 109-31, -35",부평구일신동109-31,주거시설,14-다세대주택,204.4,,,안양저축은행,착공 전,Y,2025-01,2025-05,5,801.248,801.0,,,,,,,
SCB2D07BF,광주광역시,지방,광주광역시 동구 학동 92-2번지 외 9필지,동구학동92-2,업무시설,31-오피스텔,2157.6,,한국투자부동산신탁,서울개인택시조합,착공 전,Y,2025-01,2025-05,5,11655.6916,11655.0,7200.0,7200.0,,,,782988,9843465
SCD2B7CF6,경기도,수도권,경기 가평군 가평읍 읍내리 362-7외4필지,가평군가평읍읍내리362-7,상업시설,21-근린생활시설,4723.0,2128.32,무궁화신탁,가평축산농협,착공 전,N,2025-02,2026-06,16,10815.0,10815.0,7000.0,6500.0,,,,775875,9829038
SCD9A3434,부산광역시,지방,부산시 동구 범일동330-1,동구범일동330-1,업무시설,31-오피스텔,2982.3,,한국투자부동산신탁,DB증권,착공 전,N,2025-01,2025-05,5,40300.0,39386.0,31328.0,31328.0,,1726288,1726288,799708,9881674
SCDCA656F,서울특별시,수도권,금천구 독산동 293-4,금천구독산동293-4,업무시설,31-오피스텔,1212.0,,코리아신탁㈜,케이비저축은행,착공 전,Y,2025-01,2026-06,11,15753.4,18662.0,11682.0,11682.0,,1853065,1853065,788977,9857174
SCDF6292F,울산광역시,지방,울산 북구 산하동 산242-8 외,북구산하동산242-8,숙박시설,41-호텔,104502.0,,KB부동산신탁,왜관,착공 전,N,2025-04,2025-11,7,95817.0,123622.0,,,,,,,
SCE54D952,제주특별자치도,지방,제주도 제주시 아라이동 822 일원,제주시아라이동822,주거시설,13-연립주택,8799.0,2908.0,코리아신탁,키움예스저축은행,착공 전,Y,2025-01,2025-02,2,26077.514432,26122.0,17131.0,17131.0,,,,789095,9857128
SCEDBBE34,경상북도,지방,"경북 포항시 남구 상도동 579-12, 경북 포항시 남구 상도동 579-21, 경북 포항시 남구 상도동 579-9",포항시남구상도동579-12,상업시설,76-기타시설,7487.6,,한국투자부동산신탁,동촌새마을금고,착공 전,Y,2025-02,2025-04,3,35865.0,35865.0,24000.0,24000.0,,,,782616,9842569
SCEE9BC0B,경기도,수도권,"경기도 용인시 수지구 신봉동 710,711,산82,산82-1,산82-2",용인시수지구신봉동710,주거시설,16-기타주거시설,5254.0,,교보자산신탁,서울서부신협,착공 전,Y,2025-03,2025-07,2,11762.0,11762.0,6433.0,13582.0,,,,,
SCFC862F8,경기도,수도권,경기도 하남시 덕풍동 326-66외 2필지,하남시덕풍동326-66,주거시설,14-다세대주택,339.0,,무궁화신탁,한국투자저축은행,착공 전,N,2025-04,2025-06,3,3048.0,3048.0,,,,,,,
SCFFE3999,경기도,수도권,경기도 양평군 용문면 다문리 699-1번지 외 5필지,양평군용문면다문리699-1,주거시설,16-기타주거시설,1184.0,,㈜무궁화신탁,페퍼저축은행,공사진행 중,Y,2026-04,2026-06,3,4230.0,3744.0,,,,,,,
SD017B509,제주특별자치도,지방,제주 제주시 해안동 256-1 일원,제주시해안동256-1,상업시설,21-근린생활시설,6500.0,3283.0,무궁화신탁,웰컴저축은행,완공,Y,2025-02,2025-02,1,10452.0,10452.0,,,,,,,
SD094F8CA,경상남도,지방,"경남 김해시 어방동 활천로 237번길 4, 외 5필지",김해시어방동활천로237번길4,상업시설,21-근린생활시설,2365.0,,우리자산신탁,광장신협,착공 전,N,2025-01,2025-01,1,7214.36,7214.36,,,,,,,
SD0CB9ED3,충청남도,지방,천안시 동남구 목천읍 서리43-1번지 일원,천안시동남구목천읍서리43-1,주거시설,11-아파트,27590.0,,신영부동산신탁,키움증권,착공 전,Y,2025-04,2026-05,12,13879.0,13879.0,,,,,,,
SD14EFDA5,경기도,수도권,경기도 파주시 탄현면 성동리708-7외5필지,파주시탄현면성동리708-7,상업시설,숙박시설(관광호텔),10663.0,,무궁화신탁,구미칠곡축협,착공 전,Y,2025-04,2026-06,14,22661.0,22661.0,,,,,,828336,9948155
SD1588DD4,전라남도,지방,전남 고흥군 동강면 매곡리 154-1외 154개지번,고흥군동강면매곡리154-1,기타시설,76-기타시설,271219.0,,무궁화신탁,해남군수협,공사진행 중,Y,2025-01,2025-11,8,16223.0,18598.0,13010.0,13010.0,,,,,
SD18E3A6A,경기도,수도권,경기도 고양시 덕양구 향동동 477 향동 DMC퍼스트시티 주건축물제1동 제1층 제101호 외 197개호,고양시덕양구향동동477향동DMC퍼스트시티주건축물제1동제1층제101호,업무시설,21-근린생활시설,1199.4,4549.31,교보자산신탁,고양누리새마을금고,완공,Y,2025-12,2025-12,1,60139.0,60139.0,,,,,,,
SD1B1B3C3,경기도,수도권,화성시 목동 496-8,화성시목동496-8,상업시설,21-근린생활시설,2059.0,,KB부동산신탁,엔에이치저축은행,착공 전,Y,2025-03,2025-08,2,20074.0,20074.0,12654.0,11907.0,,1827925,1827925,832101,9952878
SD1B52EEF,경상남도,지방,김해시 진영읍 의전리 23번지 일원,김해시진영읍의전리23,산업시설,66-물류센터,85595.0,,무궁화신탁,한화투자증권,착공 전,Y,2025-01,2026-06,17,106187.109,103947.0,49984.0,43000.0,,,,819855,9924708
SD1D19350,경기도,수도권,경기도이천시호법면송갈리574-4번지일원,이천시호법면송갈리574-4,산업시설,66-물류센터,37038.0,,,교보증권,착공 전,Y,2026-06,2026-06,1,,,,,,,,,
SD21E691B,서울특별시,수도권,서울 노원구 상계동 710-1,노원구상계동710-1,업무시설,31-오피스텔,3877.0,,,한국투자리얼에셋운용㈜,공사진행 중,Y,2025-12,2026-04,4,24620.0,24620.0,,,,,,,
SD2F66929,부산광역시,지방,부산광역시 동래구 온천동 1404-1번지,동래구온천동1404-1,주거시설,12-주상복합,7758.0,,한국자산신탁,한국투자증권,착공 전,N,2025-01,2025-01,1,16300.16262,16300.16262,,,,,,,
SD3006731,부산광역시,지방,부산시 해운대구 우동 638-7 외,해운대구우동638-7,업무시설,31-오피스텔,3538.0,,신한자산신탁,상상인저축은행,착공 전,Y,2025-12,2025-12,1,100662.0,100662.0,86957.0,86957.0,,1885673,1885673,852460,9999084
SD310EE72,경기도,수도권,경기도 하남시 학암동 632-1,하남시학암동632-1,주거시설,31-오피스텔,3018.3,,무궁화신탁,NH투자증권,착공 전,Y,2025-12,2026-06,2,44369.0,44369.0,22184.0,22184.0,,,,,
SD39F17D3,광주광역시,지방,광주광역시 남구 서동 112번지 외 14필지,남구서동112,주거시설,11-아파트,8794.0,,우리자산신탁,하이즈에셋자산운용,착공 전,N,2025-01,2025-12,8,35083.0,35083.0,,,,,,,
SD3A9B2BC,경기도,수도권,경기도 여주시 세종대왕면 광대리 461외 9필지,여주시세종대왕면광대리461,산업시설,66-물류센터,27747.0,,코리아신탁,융창저축은행,착공 전,Y,2025-01,2026-06,17,15069.0,15068.0,6000.0,4875.0,,,,784181,9846189
SD3FD8251,경기도,수도권,"경기도 의정부시 민락동 852-1, 852-2",의정부시민락동852-1,업무시설,31-오피스텔,11398.0,,신영부동산신탁,아이비케이저축은행,착공 전,N,2025-10,2025-11,2,36019.0,36019.0,15600.0,15600.0,,1888554,1888554,844197,9980672
SD4E7B8FD,전라남도,지방,전라남도 순천시 남내동 22-24번지 일원,순천시남내동22-24,상업시설,25-상가,4057.0,17615.35,하나자산신탁,메리츠증권,완공,Y,2025-01,2026-03,14,63685.54963,63685.54963,20000.00026,18000.458,,,,,
SD4F5BD59,서울특별시,수도권,서울특별시중구을지로6가55-3번지일원,중구을지로6가55-3,업무시설,32-오피스빌딩,31968.1,,신한자산신탁,부국증권,착공 전,N,2025-03,2025-03,1,25300.0,25300.0,,,,,,,
SD4FDA194,세종특별자치시,지방,세종특별자치시시 장군면 하봉리 300-12외 21필지,시장군면하봉리300-12,주거시설,15-타운하우스,15773.0,,코리아신탁,대산농협,완공,Y,2025-04,2025-04,1,5295.0,5295.0,,,,,,,
SD5178065,강원도,지방,강원도 춘천시 죽림동 7-1번지 외,춘천시죽림동7-1외,주거시설,12-주상복합,971.0,3315.0,무궁화신탁,인성저축은행,착공 전,N,2025-02,2025-03,2,39580.0,39580.0,,,,,,,
SD55924A7,서울특별시,수도권,서울특별시강서구화곡동370-59,강서구화곡동370-59,주거시설,12-주상복합,3305.0,6011.93,KB부동산신탁,,완공,Y,2025-02,2025-05,4,67509.0,67509.0,71493.0,71493.0,,1821970,1821970,810156,9902037
SD570D3E2,제주특별자치도,지방,제주 서귀포시 토평동 413-2번지,서귀포시토평동413-2,주거시설,15-타운하우스,15819.0,,,순천농협,착공 전,Y,2026-02,2026-06,5,9689.0,9689.0,,,,,,,
SD66FD976,충청남도,지방,홍성군 홍성읍 내법리 396-28외,홍성군홍성읍내법리396-28,상업시설,26-기타상업시설,21616.0,,우리자산신탁,잠실새마을금고,착공 전,Y,2025-02,2025-08,7,11853.0,13171.0,7500.0,7500.0,,,,833381,9955650
SD6DE873C,경기도,수도권,화성시 영천동 838,화성시영천동838,업무시설,76-기타시설,12310.0,,신한자산신탁,엔에이치저축은행,착공 전,Y,2025-12,2026-06,7,73243.0,73243.0,42768.0,41000.0,,1936029,1936029,853984,10002424
SD7468D0D,전라북도,지방,전라북도 군산시,군산시,주거시설,12-주상복합,,,신영부동산신탁,팔공농협,착공 전,Y,2026-01,2026-01,1,,,,,,,,,
SD775B01F,경상북도,지방,포항시 북구 죽도동 45-6번지 일원,포항시북구죽도동45-6,업무시설,12-주상복합,2672.0,3142.0,케이비부동산신탁,원광새마을금고,착공 전,N,2025-02,2026-06,16,11745.0,11745.0,7875.0,9042.0,,1893018,1893018,842649,9976797
SD831E3E0,강원도,지방,강원도원주시무실동120번지일원,원주시무실동120,주거시설,11-아파트,163202.0,1819.77,,iM증권,착공 전,N,2025-02,2025-03,2,107035.385,107035.385,,,,,,,
SD869FE4E,경기도,수도권,경기도 남양주시 화도읍 묵현리 132외,남양주시화도읍묵현리132,주거시설,11-아파트,8856.0,,무궁화신탁,진주금곡농협,착공 전,Y,2025-04,2026-06,14,14549.0,14549.0,,,,,,,
SD87211B3,경기도,수도권,경기도 평택시 현덕면 대안리 101-5외 6필지,평택시현덕면대안리101-5,주거시설,15-타운하우스,17295.0,,신영부동산신탁,진주원예농협,착공 전,N,2026-02,2026-06,5,7234.0,7234.0,3027.0,3027.0,,,,,
SD8A6C200,충청남도,지방,충남천안시서북구불당동1479-1번지일원,천안시서북구불당동1479-1,업무시설,31-오피스텔,8556.7,,신한자산신탁,iM증권,착공 전,Y,2025-01,2025-03,3,61351.539,62720.611,6135.154,27000.0,,1765977,1765977,813360,9909155
SD8F02AD1,전라남도,지방,"여수시 봉산동 274-3, 5, 6, 7, 15, 16",여수시봉산동274-3,상업시설,31-오피스텔,1989.1,,코람코자산신탁,교남동새마을금고,착공 전,Y,2025-02,2026-06,16,6400.0,6400.0,5000.0,5000.0,,1861867,1861867,811322,9904539
SD922B345,경기도,수도권,경기도 용인시 기흥구,용인시기흥구,주거시설,15-타운하우스,23205.0,,,연천군산림조합,착공전,N,2025-05,2025-05,1,1835.0,1835.0,,,,,,,
SD9380CA9,울산광역시,지방,울주군 삼남읍 신화리 1608-4,울주군삼남읍신화리1608-4,주거시설,12-주상복합,19399.3,,무궁화신탁,물금새마을금고,착공 전,N,2025-08,2025-08,1,86326.0,86326.0,,,,,,,
SD94B49E3,대전광역시,지방,유성구 봉명동 546-3번지 일원,유성구봉명동546-3,주거시설,11-아파트,6778.0,3219.0,신한자산신탁,원광새마을금고,착공 전,N,2025-08,2025-11,3,69421.0,69421.0,57800.0,57800.0,,,,834720,9958325
SDA27355B,경기도,수도권,경기도 평택시 고덕동 1979-1 일원,평택시고덕동1979-1,상업시설,21-근린생활시설,2606.1,16145.7,우리자산신탁,조은저축은행,완공,Y,2025-01,2025-05,3,60011.0,60011.0,27000.0,27000.0,,1853065,1853065,818123,9920690
SDA6BBB77,광주광역시,지방,"광주광역시 서구 서창동 522-5, 바흐하우스서창퍼스트빌 101동 105호 외 5개 호실",서구서창동522-5,주거시설,13-연립주택,3465.0,1652.0,대한토지신탁(주),(주)우리투자증권,완공,Y,2025-01,2025-01,1,17969.0,17969.0,5459.0,5459.0,,,,797479,9876646
SDB1C605D,강원도,지방,강원 속초시 조양동 1404,속초시조양동1404,상업시설,12-주상복합,1608.0,,무궁화신탁,화도농협,착공전,N,2026-03,2026-06,4,8632.75,8632.0,,,,,,,
SDB273A50,경기도,수도권,광주시 탄벌동 479-6번지 일원,광주시탄벌동479-6,주거시설,11-아파트,5252.0,243.6,신한자산신탁,원광새마을금고,착공 전,N,2025-07,2025-07,1,8758.0,8758.0,5500.0,5500.0,,,,,
SDBA06B0D,대전광역시,지방,대전광역시중구유천동306번지일원,중구유천동306,주거시설,12-주상복합,9300.3,2582.53,한국투자부동산신탁,DB증권,착공 전,N,2025-01,2026-01,12,80255.671,77270.0,52.834,48750.0,,,,815764,9914907
SDBE9380A,경상남도,지방,경상남도 김해시 신문동 600,김해시신문동600,주거시설,12-주상복합,22282.0,38.07,우리자산신탁,웰컴자산운용,착공 전,Y,2025-03,2025-07,5,86934.0,86935.0,61507.1414,54790.926,,,,815394,9914106
SDC4D96E4,부산광역시,지방,부산광역시 기장군 기장읍 기장해안로 591,기장군기장읍기장해안로591,상업시설,21-근린생활시설,58.0,4515.27,㈜경남은행,㈜부산은행,완공,Y,2025-01,2025-05,5,17885.34,17885.0,12400.566,15309.0,,,,792460,9870318
SDCEF618E,전라북도,지방,전주시 덕진구 만성동 1377-8번지 일원,전주시덕진구만성동1377-8,상업시설,21-근린생활시설,679.0,3878.0,무궁화신탁,상상인플러스저축은행,공사진행 중,Y,2025-01,2025-06,6,10007.826,10008.0,4020.0,4020.0,,,,788415,9855976
SDD8F5BEF,서울특별시,수도권,서울특별시 관악구 신림동 505-1,관악구신림동505-1,주거시설,14-다세대주택,3350.0,,한국투자부동산신탁,영동농협 압구정로데오지점,착공 전,Y,2025-01,2025-01,1,48921.68,48921.68,,,,,,,
SDE358E36,경기도,수도권,경기도 양주시 덕정동 91-1번지,양주시덕정동91-1,주거시설,11-아파트,50682.0,,신영부동산신탁,상상인저축은행,착공 전,Y,2025-04,2025-04,1,60560.0,60560.0,,,,,,,
SDE7092BB,전라남도,지방,전라남도 완도군 완도읍 군내리,완도군완도읍군내리,주거시설,11-아파트,4695.0,3627.0,무궁화신탁,목포중앙새마을금고,완공,Y,2025-05,2025-08,4,10327.0,16114.0,12795.0,12795.0,,,,826732,9941294
SDE753A1C,제주특별자치도,지방,제주시 오라이동 1754-6번지 외 6필지,제주시오라이동1754-6,주거시설,13-연립주택,15275.0,,,인성저축은행,착공 전,N,2026-03,2026-06,4,20872.0,20872.0,,,,,,,
SDE8BA0C4,서울특별시,수도권,중랑구 중화동 306-19 외,중랑구중화동306-19,주거시설,12-주상복합,941.5,,,광남새마을금고,공사진행 중,Y,2026-02,2026-06,5,12710.0,12710.0,,,,,,,
SDECD6689,대구광역시,지방,대구광역시 달서구 본리동 398-1번지,달서구본리동398-1,,,,,무궁화신탁,키움증권,,N,2025-12,2026-01,2,,,,,,,,,
SDF0845A4,전라남도,지방,전라남도여수시봉산동260-1,여수시봉산동260-1,주거시설,12-주상복합,6498.0,6691.0,한국투자부동산신탁,오하자산운용,착공 전,Y,2025-02,2026-06,5,45525.0,42901.0,26000.0,23400.0,,,,783066,9843654
SDF64D494,울산광역시,지방,"남구 삼산동 1639-2, 1639-3, 1639-4, 1639-6, 1639-8, 1639-9",남구삼산동1639-2,주거시설,12-주상복합,3507.0,,교보자산신탁,남경주,착공 전,Y,2025-04,2025-05,2,45009.0,45000.0,21528.0,21528.0,,,,803870,9889482
SDF71A880,강원도,지방,강원도원주시단구동143-9,원주시단구동143-9,주거시설,11-아파트,5256.0,,한국토지신탁,구미칠곡축협,착공 전,Y,2026-05,2026-06,2,13780.0,13780.0,7136.0,7136.0,,,,,
SDFCC9355,전라남도,지방,전남 여수시 봉계동 산132 외,여수시봉계동산132,주거시설,11-아파트,11904.0,,,동양저축은행,착공 전,Y,2025-01,2025-06,6,1620.6,2692.0,907.536,618.0,,,,,
SE024C899,경기도,수도권,일산 동구 장항동 1790,일산동구장항동1790,숙박시설,41-호텔,10456.0,,신영부동산신탁,동작새마을금고,착공 전,N,2025-02,2025-04,3,60856.0,60856.0,,,,,,,
SE02AA3D4,전라북도,지방,익산시 임상동 990-2 외 108필지,익산시임상동990-2,산업시설,66-물류센터,258707.0,,대신자산신탁,순천농협,착공 전,N,2025-08,2026-06,10,63222.0,63222.0,47683.0,47683.0,2025-0700-054976,,,,
SE0B0AD03,경기도,수도권,"광주시 퇴촌면 관음리235,236",광주시퇴촌면관음리235,주거시설,14-다세대주택,4395.0,,성남지원 경매8계,한국투자저축은행,착공 전,N,2025-04,2026-06,5,3450.0,3695.0,1267.0,1267.0,,,,,
SE1382974,경기도,수도권,김포시 풍무동 570-7번지 일원,김포시풍무동570-7,주거시설,11-아파트,85242.9,,,(주)우리투자증권,착공 전,N,2025-12,2026-06,7,222284.0,222284.0,,,,,,,
SE170BF44,전라북도,지방,전북 남원시 왕정동 5-2 외,남원시왕정동5-2,주거시설,11-아파트,36639.0,,우리자산신탁,탄동새마을금고,착공 전,Y,2025-10,2025-11,2,20550.0,20550.0,13348.0,13348.0,,1751112,1751112,845685,9984054
SE19465C5,인천광역시,수도권,인천광역시 중구 항동7가 108,중구항동7가108,기타시설,31-오피스텔,88115.0,,무궁화신탁,한국투자증권,착공 전,N,2026-03,2026-06,4,15157.0,15157.0,10306.0,10306.0,,,,839286,9968606
SE215B905,경상남도,지방,양산시 중부동 689-7,양산시중부동689-7,상업시설,26-기타상업시설,1446.1,,우리자산신탁,물금새마을금고,착공 전,Y,2025-02,2025-11,9,9500.0,9500.0,8563.0,6818.0,,837106,837106,837106,9963824
SE23CEA63,경기도,수도권,경기도 동두천시 생연동 222-3,동두천시생연동222-3,상업시설,21-근린생활시설,8083.0,6190.07,교보자산신탁,서울동부새마을금고,착공 전,N,2025-07,2025-08,2,12507.0,12507.0,9000.0,9000.0,,,,,
SE277C0C6,경기도,수도권,경기 의정부시 의정부동 407-38,의정부시의정부동407-38,주거시설,12-주상복합,478.2,,무궁화신탁,KA17유동화전문유한회사,착공 전,N,2025-01,2026-04,6,2300.142,1745.0,1320.0,1745.0,,1753119,1753119,811352,9904148
SE2E01600,인천광역시,수도권,"인천광역시 중구 중산동 1960-8, 9, 10",중구중산동1960-8,업무시설,31-오피스텔,6686.8,,우리자산신탁,신한투자증권,착공 전,Y,2025-02,2026-02,12,45804.0,45804.0,47870.0,47870.0,,,,,
SE308E5B3,전라남도,지방,"나주시 삼영동 633번지, 산 30-4번지",나주시삼영동633,기타시설,72-교육시설,89049.0,30981.0,㈜우리은행 신탁부,광주문화신용협동조합,착공 전,Y,2025-01,2025-10,9,25032.52364,25032.0,11957.3,10491.0,,1821032,1821032,789796,9859020
SE332D9BE,대구광역시,지방,대구시북구칠성동2가302-136일원,북구칠성동2가302-136,주거시설,12-주상복합,3995.7,,㈜무궁화신탁,웰컴자산운용㈜,착공 전,N,2025-03,2025-03,1,63474.0,63474.0,,,,,,,
SE3E889C8,전라남도,지방,전남 여수시 소라면 죽림리 1191,여수시소라면죽림리1191,레져시설,55-기타레져시설,2027.5,6755.9,코리아신탁,한국투자저축은행,공사진행 중,Y,2025-01,2025-05,4,17110.0,17110.0,8040.97,7080.0,,1852098,1852098,805410,9892005
SE3EBBDCA,서울특별시,수도권,서울시 강서구 염창동 263-5,강서구염창동263-5,주거시설,31-오피스텔,827.6,2954.59,우리자산신탁,서울은평새마을금고,완공,Y,2025-04,2025-08,5,29168.0,29168.0,23772.0,23772.0,,1917049,1917049,835152,9959194
SE43BD093,강원도,지방,"강원도 강릉시 구정면 회산로 171-58 1276-1, 1277-9",강릉시구정면회산로171-581276-1,상업시설,21-근린생활시설,14666.3,,한국부동산신탁,서원주,착공 전,Y,2025-10,2026-06,9,7053.0,7053.0,,,,,,,
SE4AEE2B5,경기도,수도권,경기 시흥시 월곶동 1002-9 외5필지,시흥시월곶동1002-9,주거시설,16-기타주거시설,2410.0,4402.0,케이비부동산신탁㈜,한국투자리얼에셋운용㈜,착공 전,Y,2025-02,2025-08,4,27551.0,29671.5,19706.0,19706.0,,,,778593,9834526
SE549C54A,제주특별자치도,지방,제주도 서귀포시 안덕면 사계리 3713-6번지 외 14필지,서귀포시안덕면사계리3713-6,주거시설,16-기타주거시설,2475.7,,,남산대신새마을금고,착공 전,N,2026-02,2026-06,5,2075.0,2075.0,,,,,,,
SE57DD5D0,서울특별시,수도권,서울시 강남구 논현동 238-14 일원,강남구논현동238-14,업무시설,32-오피스빌딩,1413.0,2642.58,우리자산신탁,고양동부새마을금고,착공 전,Y,2025-02,2026-06,16,78629.0,78629.0,50000.0,50000.0,,,,807759,9896404
SE59F1093,경상북도,지방,경상북도 포항시 남구 구룡포읍 삼정리 B1-2번지 일원,포항시남구구룡포읍삼정리B1-2,주거시설,11-아파트,139900.5,,무궁화신탁,원광,착공 전,N,2025-04,2025-05,2,65800.0,65800.0,,,,,,,
SE5D96402,경상북도,지방,"구미시 송정동 441-3, 441-4, 442",구미시송정동441-3,주거시설,11-아파트,4384.1,4143.9,신한자산신탁,한마음,착공 전,N,2025-02,2025-05,4,11165.0,11165.0,5870.0,5870.0,,1886713,1886713,,9931460
SE5ED159C,부산광역시,지방,"부산광역시부산진구부전동225-1,225-3,225-9번지",부산진구부전동225-1,상업시설,26-기타상업시설,1864.1,6508.011,농협은행 주식회사,부산제일신협,착공 전,Y,2025-01,2026-06,17,39518.92,39518.0,18720.0,21100.0,,1803127,1803127,800937,9884041
SE610DC45,전라남도,지방,전라남도 광양시 광양읍 인동리 412-1번지 일원,광양시광양읍인동리412-1,주거시설,12-주상복합,6298.8,,교보자산신탁,iM증권,착공 전,N,2025-07,2026-06,11,26000.61453,26000.61453,12865.0,11180.0,,1882333,1882333,839002,9967834
SE62B2376,경상남도,지방,경상남도 창원시 진해구 용원동 1111번지,창원시진해구용원동1111,주거시설,11-아파트,26004.0,170.0,,부전1동금고,착공 전,Y,2025-07,2026-06,9,51627.0,51625.0,51625.0,36137.0,,,,,
SE6450578,광주광역시,지방,"광주광역시 서구 서창동 522-2, 522-6",서구서창동522-2,주거시설,15-타운하우스,3465.0,1651.0,대한토지신탁㈜,(주)우리투자증권,완공,Y,2025-02,2026-06,16,17969.0,17969.0,5459.0,5459.0,,,,797479,9876646
SE670D357,대전광역시,지방,대전광역시 중구 대흥동 56-4번지 일원,중구대흥동56-4,주거시설,12-주상복합,1269.0,,코리아신탁,상상인저축은행,착공 전,N,2025-02,2026-04,14,6458.68816,6459.0,5278.0,5229.0,,,,,
SE692F9B3,제주특별자치도,지방,제주시 노형동 2374-1번지,제주시노형동2374-1,주거시설,13-연립주택,3378.0,,,제주은행,공사진행 중,N,2025-02,2025-08,7,6756.0,6665.0,2317.0,2317.0,,,,,
SE6AE36AF,부산광역시,지방,부산광역시 동래구 우장춘로4번길 19,동래구우장춘로4번길19,주거시설,11-아파트,1965.0,3565.77,한국자산신탁,서원주,착공 전,N,2025-02,2026-06,15,16300.0,16300.0,8633.0,8633.0,,,,,
SE6D23FFD,충청남도,지방,충남 천안시 서북구 직산읍 신갈리 48-3 외,천안시서북구직산읍신갈리48-3,산업시설,66-물류센터,36311.0,,우리자산신탁,오에스비저축은행,착공 전,Y,2025-01,2025-01,1,31087.23028,31087.23028,18437.0,18437.0,,1669474,1669474,805006,9891388
SE6EC4C64,충청남도,지방,충청남도 세종시 연서면 월하리 841-1 외,세종시연서면월하리841-1,주거시설,11-아파트,75454.0,,하나자산신탁,성환농협,착공전,Y,2026-03,2026-04,2,110722.0,110722.0,,,,,,,
SE6FD40DA,경기도,수도권,경기도 용인시 기흥구 신갈동 244번지,용인시기흥구신갈동244,산업시설,62-아파트형공장,32694.0,,한국투자부동산신탁,NH투자증권,착공 전,N,2025-08,2026-06,10,185185.0,185185.0,,,,,,,
SE757D614,부산광역시,지방,부산 해운대구 우동 646-7,해운대구우동646-7,주거시설,16-기타주거시설,2339.7,7914.0,대한토지신탁,삼성증권,착공 전,Y,2025-08,2026-06,10,115704.0,115704.0,80864.0,70000.0,,1906934,1906934,830572,9949693
SE7B4112D,경기도,수도권,경기도 군포시 당동 772-8번지,군포시당동772-8,주거시설,12-주상복합,4306.0,,무궁화신탁,케이비캐피탈,착공 전,N,2025-02,2025-10,4,61992.0,61992.0,33169.0,33169.0,,,,,9861561
SE85D4DDC,전라남도,지방,곡성시 석곡면 연반리 산19번지 외 42필지,곡성시석곡면연반리산19,기타시설,15-타운하우스,274975.7,632.69,,나주동부새마을금고,착공 전,N,2025-08,2026-06,10,6134.0,6134.0,6145.0,6145.0,,,,,
SE901911F,서울특별시,수도권,"서울 성동구 마장동 480-5,9",성동구마장동480-5,상업시설,21-근린생활시설,2939.0,,,오케이저축은행,착공 전,Y,2025-03,2025-03,1,40268.0,40268.0,,,,,,,
SE952B830,제주특별자치도,지방,제주도 서귀포시 안덕면 서광리 2489-7 외,서귀포시안덕면서광리2489-7,주거시설,15-타운하우스,8318.0,,무궁화신탁,웰컴저축은행,착공 전,N,2025-01,2026-06,17,2447.276,2447.0,878.5,878.0,,,,825439,9938493
SE9C5BA09,경상북도,지방,"구미시 산동면 임천리 475, 479",구미시산동면임천리475,주거시설,16-기타주거시설,6628.0,,,포산신협,착공 전,N,2025-01,2026-02,13,1277.3334,1252.0,1227.0,429.0,,,,,
SEA34D383,경기도,수도권,"이천시 중리동 217-2, 217-5",이천시중리동217-2,주거시설,12-주상복합,1759.6,1771.055,신한자산신탁,만수,착공 전,N,2025-01,2025-05,5,12986.030415,12986.0,7600.564,6498.0,,,,810933,9882646
SEA3A5DBE,서울특별시,수도권,서울특별시 마포구 노고산동 57-34일원,마포구노고산동57-34,주거시설,11-아파트,1874.3,,하나자산신탁,메리츠증권,착공 전,N,2026-04,2026-04,1,57646.0,57646.0,30000.0,30000.0,,,,,
SEBC60A65,부산광역시,지방,부산광역시 사상구 괘법동 559-10,사상구괘법동559-10,상업시설,21-근린생활시설,431.4,4854.32,신영부동산신탁,웰컴저축은행,공사진행 중,Y,2025-02,2026-03,10,9686.0,9681.0,4981.0,4981.0,,,,841515,9974087
SEC3A9CCF,경기도,수도권,경기도 남양주시 화도읍 창현리 391-20번지 일원,남양주시화도읍창현리391-20,주거시설,11-아파트,70054.19,,해당없음,하나저축은행,착공 전,Y,2025-12,2026-01,2,142036.0,142036.0,,,,,,,
SEC57693A,경기도,수도권,경기 이천시 신둔면 용면리 73외 17필지,이천시신둔면용면리73,산업시설,67-기타산업시설,51470.0,2.0,한국토지신탁,송파중앙새마을금고,착공 전,N,2025-01,2025-04,4,24531.17011,21402.0,15477.551449,15477.0,,,,795740,9872890
SEC69E488,강원도,지방,"속초시 청학동 482-52,-530,-53,-68",속초시청학동482-52,숙박시설,45-기타숙박시설,2546.0,,KB부동산신탁,예가람저축은행,착공 전,Y,2025-01,2025-04,2,20165.42,20165.0,12486.0,11992.0,,1685004,1685004,813128,9908556
SED276E9B,제주특별자치도,지방,"제주도 제주시 연동 281-20, 291-92, 291-136",제주시연동281-20,주거시설,16-기타주거시설,2097.0,7149.0,신영부동산신탁,에프엘자산운용,착공 전,N,2025-01,2025-06,6,29429.244,29439.0,26782.0,21639.0,,,,813624,9909792
SEDCA9B21,경기도,수도권,경기도 양주시 덕계동 691-4 외 5필지,양주시덕계동691-4,주거시설,13-연립주택,1646.0,8057.91,무궁화신탁,상상인플러스저축은행,공사진행 중,Y,2025-01,2025-08,5,14752.0,12608.0,5000.0,4751.0,,,,766434,9807303
SEDD83D1F,서울특별시,수도권,"서울특별시 관악구 신림동 538-3, -4",관악구신림동538-3,기타시설,71-의료시설,1328.8,11758.67,무궁화신탁,인성저축은행,공사진행 중,Y,2025-01,2025-02,2,27107.52,48753.0,42335.9,42335.9,,,,780574,9838538
SEE20F03C,경상남도,지방,경상남도 김해시 어방동 468-8번지 외 14필지,김해시어방동468-8,주거시설,12-주상복합,5539.0,,우리자산신탁,온천새마을금고,착공 전,Y,2025-07,2025-12,5,28482.0,28482.0,39071.0,23071.0,,,,,
SEE224804,제주특별자치도,지방,제주시 화북이동2702번지,제주시화북이동2702,주거시설,11-아파트,33897.0,,신영신탁,순천농협,착공 전,Y,2025-02,2026-06,16,19802.0,19802.0,,,,,,,
SEE77D95C,경상남도,지방,경남 거제시 장승포동 649-1번지 외 3필지,거제시장승포동649-1,주거시설,11-아파트,123844.0,,무궁화신탁,FL자산운용,착공 전,N,2025-04,2026-06,8,114169.0,114169.0,50700.0,50700.0,,1767151,1767151,740677,9754826
SEE92D807,경기도,수도권,안산 단원구 성곡동 604-3번지 일원,안산단원구성곡동604-3,산업시설,66-물류센터,,,신한자산신탁,한양증권㈜,,N,2025-10,2025-11,2,,,,,,,,,
SEF0B950C,제주특별자치도,지방,제주 서귀포시 상예동 3700-0 외 3필지,서귀포시상예동3700-0,주거시설,15-타운하우스,15904.0,,,신천새마을금고,착공 전,Y,2025-02,2025-11,9,11600.0,11600.0,3979.0,3979.0,,,,,
SF008D817,전라남도,지방,전라남도 여수시 학동 68-15 외 3필지,여수시학동68-15,주거시설,11-아파트,4061.1,,하나자산신탁,김포농협,착공전,Y,2026-04,2026-06,3,36484.0,36484.0,,,,,,,
SF009F710,부산광역시,지방,부산 중구 보수동2가 102번지,중구보수동2가102,업무시설,31-오피스텔,304.1,1672.9,신영부동산신탁,한국투자저축은행,완공,Y,2025-08,2025-08,1,9529.0,9529.0,6989.0,6989.0,,,,819131,9923009
SF029F87B,광주광역시,지방,광주광역시 북구 운암동 1063-4,북구운암동1063-4,주거시설,12-주상복합,1562.0,6293.213,우리자산신탁,광주금고,완공,Y,2026-05,2026-06,2,19014.0,19014.0,,,,,,,
SF04FC5BE,경상북도,지방,경상북도 포항시 북구 흥해읍 성곡리 945,포항시북구흥해읍성곡리945,주거시설,11-아파트,25255.0,,한국투자부동산신탁,한국투자증권,착공 전,N,2026-02,2026-06,5,30753.0,30753.0,15816.0,15816.0,,1912606,1912606,833276,9955416
SF0589982,경기도,수도권,"용인시 기흥구 신갈동 71-1, 71-5, 71-6, 71-7, 71-8, 71-10, 71-11, 71-13, 71-14, 71-17, 71-18, 71-20, 71-21, 71-22, 71-23, 71-24, 71-25, 71-27, 71-28, 71-29, 71-30",용인시기흥구신갈동71-1,주거시설,12-주상복합,4779.00471,11908.86,무궁화신탁,전주송천금고,착공 전,N,2025-02,2025-02,1,96341.0,96341.0,39717.0,39717.0,,,,809476,9899999
SF0F5CED5,경기도,수도권,용인시처인구백암면백봉리595-1일원,용인시처인구백암면백봉리595-1,산업시설,66-물류센터,21911.0,,한국투자부동산신탁,와이드크릭자산운용㈜,착공 전,Y,2026-05,2026-06,2,32300.0,32300.0,24792.0,24792.0,,,,,
SF11EDC0B,경기도,수도권,경기도 용인시 처인구 포곡읍 삼계리 557-3번지 외 7필지,용인시처인구포곡읍삼계리557-3,주거시설,16-기타주거시설,2678.0,,신영부동산신탁,미소신협,착공 전,Y,2025-07,2025-07,1,7592.0,7592.0,5900.0,5900.0,,,,827782,9943633
SF19B4472,충청남도,지방,"충남 태안군 남면 원청리 2-1,2-2,24-2,24-5,
27-1,28-3,803,804,산1-4,산1-7,산2-1",태안군남면원청리2-1,레져시설,55-기타레져시설,21254.0,,,영암군산림조합,착공 전,N,2025-01,2025-01,1,,,,,,,,,
SF1CD90CB,경상남도,지방,경상남도거제시장승포동392-10,거제시장승포동392-10,주거시설,12-주상복합,5153.0,511.78,신한자산신탁,iM증권,착공 전,Y,2025-02,2026-06,16,12172.415,12126.66378,9518.3,8100.0,,,,834969,9958839
SF1F221DE,서울특별시,수도권,서울특별시 도봉구 창동 13-1,도봉구창동13-1,주거시설,16-기타주거시설,602.0,361.0,KB부동산신탁,교보증권,완공,Y,2026-04,2026-06,3,32959.0,32959.0,,,,,,,
SF20A960A,제주특별자치도,지방,제주특별자치도 서귀포시 대정읍 구억리 265번지외 15필지,서귀포시대정읍구억리265외15필지,주거시설,15-타운하우스,25532.0,,,제이티저축은행,착공 전,Y,2025-01,2026-06,10,18051.0,17184.0,12029.0,8420.0,,,,,
SF20AF724,대전광역시,지방,대전광역시 중구 유천동 332-28,중구유천동332-28,주거시설,11-아파트,3564.0,,,수협은행,,,2025-03,2026-04,9,17716.0,17716.0,,,,,,,
SF237134D,울산광역시,지방,남구 신정동1232-1외13필지,남구신정동1232-1,주거시설,12-주상복합,3529.0,,교보자산신탁,오케이저축은행,착공 전,Y,2025-03,2025-03,1,50211.0,50211.0,,,,,,,
SF2584669,강원도,지방,강원도 양양군 양양읍 조산리 442-1번지 일원,양양군양양읍조산리442-1,숙박시설,45-기타숙박시설,9087.0,5222.11,무궁화신탁,비엔케이투자증권,착공 전,Y,2025-02,2025-08,7,105237.0,105237.0,65245.0,65245.0,,,,800085,9882339
SF2F1AC91,인천광역시,수도권,인천시남동구구월동1204-3,남동구구월동1204-3,주거시설,31-오피스텔,582.0,3357.075,무궁화신탁,한국투자저축은행,공사진행 중,Y,2025-01,2025-06,6,10541.0,10541.0,4610.096035,4610.0,,,,800165,9882482
SF31DCC23,경기도,수도권,경기도 양주시 광적면 우고리 163-4 외 6필지,양주시광적면우고리163-4,산업시설,66-물류센터,29971.0,14524.76,케이비부동산신탁,FL자산운용,완공,Y,2025-01,2026-02,11,11377.653,11692.0,10288.0,10288.0,,,,816471,9916501
SF332D641,경상남도,지방,경상남도진해구용원동1111번지,진해구용원동1111,주거시설,11-아파트,25892.0,,,부전1동새마을금고,착공 전,Y,2025-02,2025-06,5,51600.0,51600.0,,,,,,,
SF3AAA4E7,경기도,수도권,경기도 고양시 주교동 38-15번지 일원,고양시주교동38-15,상업시설,21-근린생활시설,2209.0,,무궁화신탁,나주동부새마을금고,착공 전,Y,2025-05,2025-11,6,11000.0,10073.0,,,,,,,
SF50B1187,충청북도,지방,청주시 현도면 죽암리 273번지 일원,청주시현도면죽암리273,산업시설,66-물류센터,30048.0,,우리자산신탁㈜,웰컴저축은행,착공 전,Y,2025-01,2025-05,5,12885.176,12885.0,10780.0,10780.0,,,,818056,9920528
SF50F2D8E,세종특별자치시,지방,세종특별자치시 가람동 971,가람동971,상업시설,21-근린생활시설,26635.5,,교보자산신탁,케이프투자증권㈜,착공 전,N,2025-06,2026-06,9,74579.0,74845.0,46485.0,46485.0,,1931368,1931368,845942,9954597
SF54C40A0,제주특별자치도,지방,"제주 서귀포시 표선면 표선리 1371-2,1371-5,1371-6,1332-5,1305-6,2334-2,2338-20",서귀포시표선면표선리1371-2,숙박시설,16-기타주거시설,40598.0,,,흥해농협,착공 전,N,2025-01,2025-03,3,11109.0,11109.0,5444.0,11109.0,,,,,
SF5FBD837,울산광역시,지방,울산광역시남구삼산동1655-1번지일원,남구삼산동1655-1,주거시설,12-주상복합,4461.7,1148.1,한국자산신탁,바로저축은행,착공 전,Y,2025-03,2025-03,1,28421.0,28421.0,21371.0,21371.0,,,,,
SF6150AD1,전라남도,지방,광양시 광양읍 용강리 653번지 일원,광양시광양읍용강리653,주거시설,11-아파트,43528.0,,,원광새마을금고,착공 전,Y,2025-02,2026-05,15,25008.0,25008.0,15640.0,9986.0,,,,,
SF694D071,세종특별자치시,지방,세종특별자치시 장군면 봉안리 176-13 일원,장군면봉안리176-13,주거시설,13-연립주택,20318.0,,대한토지신탁,HB저축은행,착공 전,Y,2025-01,2025-08,8,48094.0,49595.0,22477.0,22213.0,,,,823274,9933268
SF6A384E7,세종특별자치시,지방,세종특별시 장군면 대교리 214 외(장군면 대교리 126-2번지 일원),특별시장군면대교리214,주거시설,15-타운하우스,29955.0,,우리자산신탁,신한투자증권,완공,Y,2025-08,2026-06,10,43000.0,40260.0,26010.0,23780.0,,,,,
SF6C51356,전라북도,지방,전라북도 군산시 나운동 848-2번지 외 7필지,군산시나운동848-2,주거시설,12-주상복합,465.0,,우리자산신탁,엠에스상호저축은행,착공 전,Y,2025-04,2026-06,14,1223.0,1163.0,1002.0,659.0,,,,9958588,9934108
SF701E98D,경기도,수도권,"경기 안산시 단원구 고잔동 542-1, 542-6 번지",안산시단원구고잔동542-1,주거시설,31-오피스텔,4674.2,,한투부동산신탁,삼성증권,착공 전,Y,2025-04,2025-07,4,88608.0,88608.0,45000.0,45000.0,,1900699,1900699,828077,9944279
SF71859EB,경기도,수도권,경기도 부천시 내동 207-1,부천시내동207-1,산업시설,66-물류센터,10879.0,47379.0,KB부동산신탁,교보증권,완공,Y,2026-04,2026-06,3,180200.0,180200.0,,,,,,,
SF7198301,부산광역시,지방,동래구 온천동 450-5 외 9필지,동래구온천동450-5,업무시설,21-근린생활시설,3155.0,,하나자산신탁,양평군산림조합,착공 전,Y,2025-08,2026-04,3,44626.0,61155.0,,,,,,,
SF736823F,충청북도,지방,충청북도진천군진천읍삼덕리772-10,진천군진천읍삼덕리772-10,산업시설,66-물류센터,29917.0,,우리자산신탁,교보증권,착공 전,Y,2025-08,2026-06,3,7000.0,7000.0,2874.0,2874.0,,,,812796,9907858
SF767C506,경기도,수도권,"경기도 의정부시 민락동 882, 122-7",의정부시민락동882,산업시설,62-아파트형공장,10288.3,,신한자산신탁 주식회사,청운신협,착공 전,N,2025-01,2026-06,17,30511.568,32972.0,13730.206,13500.0,,,,811722,9905090
SF7AE5041,제주특별자치도,지방,제주도 서귀포시 안덕면 동광리 1099번지 외 10필지,서귀포시안덕면동광리1099,주거시설,13-연립주택,30464.0,1945.0,무궁화신탁,인성저축은행,착공 전,Y,2025-01,2026-06,17,12091.858,12092.0,6418.8,6413.0,,,,801995,9886079
SF81FAE04,경기도,수도권,"경기 용인시 수지구 신봉동 경기도 용인시 수지구 신봉동 710,711,산82,산82-1,산82-2",용인시수지구신봉동경기도용인시수지구신봉동710,주거시설,15-타운하우스,8276.0,,신영부동산신탁,서울서부신협,착공 전,Y,2025-01,2025-06,5,11762.335,11762.0,6433.188,6433.0,,,,803291,9888484
SF8C1C94A,충청남도,지방,충청남도 천안시 서북구 성정동 24-31,천안시서북구성정동24-31,주거시설,11-아파트,4721.0,2912.31,무궁화신탁,오에스비저축은행,착공 전,N,2025-02,2025-02,1,12206.0,12206.0,7896.0,7896.0,,1835382,1835382,795864,9873120
SF8DCBC63,경상북도,지방,포항시 북구 우현동 315-1외 25필지,포항시북구우현동315-1,주거시설,11-아파트,24483.0,,코리아신탁,연수새마을금고,착공 전,N,2025-07,2025-12,5,36188.0,36188.0,18500.0,18200.0,,,,823098,9932861
SF90C7CEA,부산광역시,지방,부산 중구 보수동1가145-5번지 외6필지,중구보수동1가145-5,주거시설,11-아파트,2161.0,,무궁화신탁,장림동금고,착공 전,Y,2025-02,2026-06,16,9370.0,14400.0,7700.0,7700.0,,,,813825,9910313
SF9924889,경기도,수도권,경기도 안산시 상록구 일동 119-1 대지 외 2건,안산시상록구일동119-1대지,주거시설,12-주상복합,883.2,,하나자산신탁,광남,착공 전,N,2025-07,2025-07,1,12986.0,12986.0,6800.0,6800.0,,,,817340,9918659
SF9BB3C1D,경기도,수도권,경기도포천시소흘읍송우리569외,포천시소흘읍송우리569,,,,,,메리츠증권,,N,2025-03,2025-03,1,,,,,,,,,
SFA30BAF7,인천광역시,수도권,"인천광역시 남구 간석동 280-11,15",남구간석동280-11,주거시설,16-기타주거시설,1178.0,8258.0,무궁화신탁,웰컴저축은행,완공,Y,2025-01,2025-01,1,27105.0,27105.0,14787.6,14787.6,,,,800306,9882785
SFA4F7F53,서울특별시,수도권,서울시 노원구 상계동 323-2 외 4필지,노원구상계동323-2,상업시설,21-근린생활시설,816.0,,신영부동산신탁,다올저축은행,착공 전,Y,2025-03,2026-04,7,21681.0,21681.0,18792.0,18792.0,,,,,
SFAA1A999,세종특별자치시,지방,세종시 장군면 도계리 185일원,장군면도계리185,주거시설,13-연립주택,33964.0,,한국투자부동산신탁,대전북부새마을금고,착공 전,Y,2025-02,2025-03,2,28229.0,28229.0,,,,,,,
SFACC5941,경기도,수도권,경기도 여주시 점동면 처리 618-2 외,여주시점동면처리618-2,산업시설,66-물류센터,51787.0,,해당없음,부발농협,착공 전,Y,2025-04,2026-06,14,10899.0,10899.0,,,,,,,
SFACFF345,부산광역시,지방,부산시 부산진구 부전동 168-291번지,부산진구부전동168-291,주거시설,31-오피스텔,2291.9,36802.63,신한자산신탁,신한투자장권,완공,,2026-04,2026-06,3,146609.0,146609.0,,,,,,,
SFAE0C1E0,제주특별자치도,지방,"제주 제주시 조천읍 대흘리 1025, 1026-1, 1034-1, 1033번지",제주시조천읍대흘리1025,주거시설,11-아파트,29964.0,,,서귀포,착공 전,Y,2025-03,2025-05,3,13510.0,13510.0,,,,,,,
SFB7C6F25,경기도,수도권,경기도 이천시 호법면 매곡리 587-1번지 일원,이천시호법면매곡리587-1,기타시설,66-물류센터,134798.0,,대신자산신탁,한국투자증권,착공 전,N,2026-02,2026-04,3,7360.0,7360.0,1520.0,1520.0,,1929261,1929261,844338,9981146
SFB911C45,제주특별자치도,지방,제주도 제주시 아라이동 3031,제주시아라이동3031,주거시설,13-연립주택,4539.0,5883.0,코리아신탁,키움예스저축은행,착공 전,Y,2025-03,2025-05,3,21217.0,21217.0,16913.0,16913.0,,,,812709,9907619
SFC4B9F51,경기도,수도권,부천 상동 오피스텔 개발부지 브릿지,부천상동오피스텔개발부지브릿지,업무시설,31-오피스텔,1564.8,,교보자산신탁,iM증권,착공 전,Y,2026-03,2026-06,4,20655.36,20655.36,16262.378036,12500.0,,,,852999,10000211
SFCCC66BD,서울특별시,수도권,서울특별시 구로구 신도림동436-10,구로구신도림동436-10,주거시설,31-오피스텔,1134.0,6377.21,신한자산신탁,산본새마을금고,완공,Y,2025-02,2025-04,3,14387.0,14387.0,8313.0,7456.0,,,,816407,9916382
SFCD2E8C0,경기도,수도권,경기 양주시 회정동 506 외,양주시회정동506,주거시설,11-아파트,12460.0,,,양주농협,착공 전,N,2025-02,2025-03,2,11217.0,11217.0,38474.0,11217.0,,,,,
SFD1DE2E1,강원도,지방,강원도 고성군 죽왕면 가진리 산 1-1,고성군죽왕면가진리산1-1,레져시설,43-리조트,55923.0,,,금강농협,착공 전,N,2025-02,2026-06,16,12131.0,12131.0,,,,,,,
SFD676D24,대구광역시,지방,대구광역시동구신천동145-2번지외2필지,동구신천동145-2,주거시설,12-주상복합,2504.0,,한국투자부동산신탁,상상인저축은행,착공 전,Y,2025-02,2026-06,13,20565.954,6328.0,18245.0,18245.0,,,,,
SFD923F75,광주광역시,지방,광주광역시 북구 오룡동 1114-2,북구오룡동1114-2,주거시설,아파트,600.0,866.62,코리아신탁㈜,더블저축은행,착공 전,Y,2025-01,2025-02,2,3442.37844,3442.0,2003.751577,2004.0,,1780478,1780478,798496,9879252
SFD9336E2,부산광역시,지방,부산시 동래구 온천동 301-32 외 68필지 및 13개 공동주택(43개 호실),동래구온천동301-32,주거시설,11-아파트,6485.0,,신한자산신탁,강구농협,착공 전,N,2026-02,2026-06,5,27035.0,27035.0,16506.0,16506.0,,,,,
SFDF2CBC1,세종특별자치시,지방,세종특별자치시 장군면 하봉리 300-12외 21필지,장군면하봉리300-12,주거시설,15-타운하우스,15773.0,,코리아신탁,대산농협,완공,Y,2025-05,2025-07,3,5295.0,5295.0,,,,,,,
SFE5557D6,부산광역시,지방,부산광역시 해운대구 우동 545-1 일원,해운대구우동545-1,숙박시설,45-기타숙박시설,3116.0,,대신자산신탁,비엔케이투자증권,착공 전,N,2025-02,2026-01,8,135447.0,135447.0,113160.0,113160.0,,,,824246,9882339
SFEFB9116,제주특별자치도,지방,제주특별자치도 제주시 연동 268-10 외 5필지,제주시연동268-10,주거시설,16-기타주거시설,2999.2,,신한자산신탁,FL자산운용,착공 전,Y,2025-10,2026-06,4,55905.0,55905.0,,,,,,,
SFF1351D1,서울특별시,수도권,서을특별시 구로구 신도림동 436-10,서을특별시구로구신도림동436-10,업무시설,31-오피스텔,414.3572,1270.5,신한자산신탁,산본새마을금고,완공,Y,2025-08,2025-08,1,19545.0,19545.0,7456.0,7456.0,,,,,9916383
