site_id,n_months,first_month,last_month,appraisal_first,appraisal_last,min_bid_first,min_bid_last,discount_last,max_round,n_bid_cut,n_reappraisal,exited,reactivated,excess_pp,appr_vs_rtms,land_chg_cum12_last,region,sido,sgg,biz_class,biz_type,lon,lat,minbid_drop_pct,address,outcome,sale_price_mn,sale_dt,sale_to_appraisal_pct,n_rounds_observed,n_fail
S010F3641,5,2026-02,2026-06,15827.0,15827.0,11014.0,11014.0,0.6958994123965375,,0,0,0,,,1.1654417139790594,1.763,수도권,경기도,파주시,상업시설,66-물류센터,,,0.0,경기도 파주시 맥금동 513-6 외,유찰만,,,,6.0,6.0
S0142A33E,12,2025-02,2026-05,19440.0,19199.557,13050.0,9800.0,0.5104284437396134,2.0,2,1,1,0.0,-32.22686196249216,1.3884293846246654,0.922,수도권,인천광역시,중구,상업시설,25-상가,126.626110732961,37.4474310123446,-24.904214559386972,인천 중구 신흥동3가 47-5번지 일원,유찰만,,,,12.0,11.0
S014CC9DE,5,2025-12,2026-04,37230.0,37230.0,,,,,0,0,1,0.0,,0.3060362697386407,1.416,지방,충청남도,천안시,주거시설,11-아파트,127.109393960728,36.721019279094,,천안시 풍세면 보성리 산35-1번지 일원,,,,,,
S01B649CC,2,2026-05,2026-06,7171.0,7171.0,,,,,0,0,0,,,6.67073361410315,1.957,지방,강원도,속초시,숙박시설,45-기타숙박시설,128.595646011584,38.190241413147,,강원 속초시 조양동 1412-1번지,,,,,,
S0217152D,17,2025-01,2026-06,85567.0,59371.0,60000.0,55150.0,0.9289046841050344,2.0,1,2,0,,31.428678300540177,39.29894059769583,0.324,지방,전라남도,목포시,숙박시설,41-호텔,,,-8.083333333333332,목포시 상락동 1가 6-1,유찰만,,,,26.0,26.0
S02C32278,1,2026-06,2026-06,481.21,481.21,,,,,0,0,0,,,0.0292863965862488,2.082,지방,충청남도,아산시,주거시설,11-아파트,126.959032389001,36.7908320286333,,충남아산시신창면남성리130-6번지,,,,,,
S02E285C7,3,2025-02,2025-04,3400.0,4754.0,2377.0,2377.0,0.5,1.0,0,1,1,0.0,,6.400602409638553,1.232,지방,경상북도,김천시,상업시설,26-기타상업시설,128.177037637253,36.1259118863519,0.0,경북 김천시 율곡동 1094,,,,,,
S02E37C4D,4,2026-03,2026-06,33533.974,33533.974,9832.760825,11513.0,0.3433234605597296,,1,0,0,,,1.7607963023467703,2.125,수도권,경기도,김포시,주거시설,15-타운하우스,,,17.088172944550408,경기도 김포시 양촌읍 석모리 1061-15 외,유찰만,,,,8.0,7.0
S030F6D19,14,2025-02,2026-06,34788.805,36712.0,36712.0,36712.0,1.0,,0,1,0,,,1.2033063946901827,1.4220000000000002,지방,충청남도,천안시,산업시설,66-물류센터,127.26163404468,36.7466660580036,0.0,충청남도 천안시 동남구 수신면 신풍리 241-5 외 67필지,,,,,,
S033393F7,1,2025-12,2025-12,38007.0,38007.0,,,,,0,0,1,0.0,,16.124687294272547,1.262,지방,부산광역시,사상구,주거시설,11-아파트,,,,부산 사상구 괘법동   822-2,,,,,,
S03652A61,14,2025-04,2026-06,39949.0,39949.0,,,,,0,0,0,,-2.115718688225088,4.0447361853759825,0.646,지방,대구광역시,달성군,기타시설,71-의료시설,128.458670463198,35.6942998017756,,대구 달성군 유가읍 봉리 599,유찰만,,,,6.0,5.0
S04F4AA2B,1,2025-02,2025-02,18072.0,18072.0,,,,,0,0,1,0.0,,1.058381018878687,1.661,지방,충청남도,천안시,기타시설,66-물류센터,127.198187368663,36.8984991508224,,충남 천안시 성거읍 모전리 280-3번지 일원,,,,,,
S0519F4C5,4,2025-01,2025-04,18702.558,18703.0,,,,,0,0,1,0.0,,6.56851144948048,0.6389999999999999,지방,울산광역시,북구,업무시설,31-오피스텔,,,,울산광역시 북구 송정동 1231-2번지,,,,,,
S05264363,12,2025-02,2026-02,31045.0,31045.0,27746.0,27746.0,0.8937349009502336,,0,0,1,0.0,,13.119897091479324,0.571,지방,경상남도,양산시,주거시설,11-아파트,129.010562287908,35.315183369015,0.0,"경남 양산 물금읍 범어리 2783-2, 3번지",,,,,,
S06A76971,2,2025-01,2025-02,86934.562675,86935.0,57674.6326,57675.0,0.6634266981077817,8.0,0,0,1,0.0,6.481369572972513,4.385682528654291,1.798,지방,경상남도,김해시,주거시설,11-아파트,128.821048037724,35.1870423325047,0.000637021829952289,경상남도 김해시 신문동 625번지 일원,유찰만,,,,9.0,9.0
S06D4E6D7,3,2025-04,2025-06,22006.0,22006.0,13728.12,13728.12,0.6238353176406435,,0,0,1,0.0,-5.801217219931498,23.52358592365213,2.211,수도권,경기도,광주시,업무시설,31-오피스텔,,,0.0,경기 광주시 퇴촌면 광동리 194 외 2필지,유찰만,,,,6.0,5.0
S07008417,4,2025-01,2025-08,5848.715,5849.0,2994.541959,2994.541959,0.5119999793116949,1.0,0,0,1,0.0,,1.6589178134926805,2.4730000000000003,수도권,경기도,안양시,주거시설,11-아파트,126.937847195727,37.3792142416382,0.0,안양시 만안구 안양동 369-6,,,,,,
S071CA5E4,6,2025-04,2026-06,6581.0,6581.0,,,,,0,0,0,,,3.1090118359493175,2.536,수도권,경기도,부천시,주거시설,31-오피스텔,,,,경기도 부천시 원미구 심곡동 129-8,,,,,,
S073B2D26,4,2026-03,2026-06,,,,,,,0,0,0,,,,1.172,지방,강원도,춘천시,레져시설,51-골프장,,,,강원도 춘천시 동산면 군자리 산129-11,,,,,,
S07631617,7,2025-08,2026-06,18210.0,18210.0,10400.0,6859.0,0.3766611751784733,,3,0,0,,4.610173565060812,6.1166728533010115,0.58,지방,울산광역시,동구,주거시설,31-오피스텔,129.431814104858,35.5170828820955,-34.04807692307692,울산시 전하동 300-17외 11필지,유찰만,,,,9.0,9.0
S076A1CAD,6,2025-02,2025-07,8973.0,8973.0,3078.0,3078.0,0.3430290872617854,4.0,0,0,1,0.0,,2.938406538718394,1.09,지방,강원도,원주시,주거시설,11-아파트,,,0.0,강원도 원주시 무실동 127-2번지 외 11필지,,,,,,
S081A389E,2,2025-01,2025-04,3492.14,3492.0,2066.0,2066.0,0.5916380297823597,,0,0,1,0.0,-0.9867929931315632,2.2163417077465946,1.298,지방,부산광역시,사상구,주거시설,11-아파트,128.988077123419,35.1949526529458,0.0,부산 사상구 모라동 271-11번지,낙찰,2500.0,2025-04-30 10:00:00,71.59,18.0,11.0
S0840E617,16,2025-02,2026-06,10008.0,10008.0,,,,,0,0,0,,,1.3448649118671447,0.5599999999999999,수도권,경기도,평택시,상업시설,21-근린생활시설,127.076993688195,37.1262493048811,,경기 평택시 진위면 엘지로 107,,,,,,
S0855FD8D,1,2025-05,2025-05,130.1854581,130.1854581,4557.19134,4557.19134,,,0,0,1,0.0,,0.669213977229858,0.882,지방,전라남도,여수시,주거시설,12-주상복합,127.730475604186,34.7400407433562,0.0,"전라남도 여수시 교동 630, 634",유찰만,,,,14.0,14.0
S08DE5D74,16,2025-02,2026-06,47373.0,47373.0,16200.0,11300.0,0.2385324974141388,,1,0,0,,,1.6814143433525799,1.51,지방,대구광역시,수성구,주거시설,11-아파트,128.620933099166,35.8672594607365,-30.246913580246915,수성구 범어동 1801 일원,,,,,,
S094DADA7,2,2025-01,2025-05,10607.301,10607.0,,,,,0,0,1,0.0,,2.4853572539039543,1.612,수도권,경기도,의정부시,주거시설,11-아파트,,,,경기도 의정부시 가능동 604-3,,,,,,
S0956FC65,4,2025-01,2025-04,3699.414,3699.0,1268.899,1268.0,0.3427953500946201,4.0,0,0,1,1.0,,1.7641168936599299,3.0120000000000005,수도권,경기도,시흥시,주거시설,16-기타주거시설,,,-0.07084882248310498,경기도 시흥시 정왕동 2692-3,,,,,,
S0971DF3D,8,2025-02,2025-11,21684.0,21816.0,16096.0,13263.0,0.607948294829483,1.0,2,1,1,0.0,11.9247863203729,7.075145213925969,2.842,수도권,경기도,시흥시,주거시설,31-오피스텔,126.782499591973,37.4421890562098,-17.600646123260432,시흥시 신천동 713번지외 5필지,유찰만,,,,24.0,24.0
S09F44B51,1,2025-08,2025-08,13840.0,13840.0,,,,,0,0,1,0.0,,0.3078997542385056,1.331,지방,세종특별자치시,세종,주거시설,15-타운하우스,,,,세종시 장군면 용현리 170-13일원,,,,,,
S0A6CC8C6,13,2025-05,2026-06,100387.0,100387.0,53706.0,53706.0,0.5349895902855948,,0,0,0,,,6.358508284288525,2.182,지방,강원도,양양군,숙박시설,42-콘도,128.71795296444,38.0266103270123,0.0,"강원도 현북면 하광정리 591외, 중광정리 508외",유찰만,,,,24.0,24.0
S0A6FAD7F,1,2026-06,2026-06,55075.9,55075.9,,,,,0,0,0,,,0.6625427579516978,2.33,수도권,경기도,남양주시,산업시설,66-물류센터,,,,경기도 남양주시 진전읍 팔야리 산48-1번지 일원,,,,,,
S0A7A5F4E,1,2026-04,2026-04,61100.0,61100.0,29136.0,29136.0,0.4768576104746317,,0,0,1,0.0,,7.26685339862266,1.101,수도권,경기도,양주시,기타시설,61-공장설립,,,0.0,경기도 양주시 광적면 우고리 120-1,유찰만,,,,21.0,20.0
S0ADB789F,8,2025-01,2025-08,23176.0,23100.0,20335.3,15034.0,0.6508225108225109,2.0,1,0,1,0.0,7.013296545619268,1.3217850307301138,3.2089999999999996,수도권,경기도,광명시,주거시설,13-연립주택,,,-26.069445742133134,경기도 광명시 광명동 752-3번지,유찰만,,,,15.0,14.0
S0B1656E8,4,2025-01,2025-04,12614.803,12615.0,5000.0,4500.0,0.356718192627824,2.0,1,0,1,0.0,-7.25302655083685,0.24774453124712176,3.364,수도권,경기도,과천시,주거시설,14-다세대주택,,,-9.999999999999998,경기도 과천시 문원동 328-1번지 외 3필지,낙찰,4621.0,2025-04-22 09:00:00,36.63,21.0,20.0
S0B32AC2A,9,2025-01,2026-06,107305.549,108240.0,68903.0,65277.0,0.6030764966740576,2.0,1,1,0,,12.282891887757025,2.072378223995224,2.617,수도권,경기도,시흥시,숙박시설,16-기타주거시설,126.68082275979164,37.32089980365317,-5.2624704294442886,"경기도 시흥시 정왕동 2724, 2724-1",유찰만,,,,17.0,16.0
S0C083C68,15,2025-01,2026-04,14531.44,14531.44,9900.0,9900.0,0.6812814146430085,10.0,0,0,1,0.0,,4.702133333333335,1.7160000000000002,지방,대전광역시,유성구,업무시설,31-오피스텔,127.333576506193,36.3307434285227,0.0,유성구 용계동 667-8,유찰만,,,,10.0,9.0
S0C556870,1,2025-04,2025-04,33132.0,33132.0,29537.0,29537.0,0.8914946275504044,,0,0,1,0.0,11.720666985719392,0.2715538414190593,1.248,지방,경상북도,영천시,레져시설,51-골프장,128.9835965856,35.9271879572499,0.0,경상북도 영천시 북안면 송포리 산92 외 46필지,유찰만,,,,18.0,18.0
S0CD975EF,10,2025-01,2026-04,30072.465,25785.0,20500.0,12892.0,0.4999806088811324,1.0,2,2,1,0.0,12.264652271909954,47.014203390795146,0.419,지방,전라남도,나주시,업무시설,41-호텔,126.785872593562,35.0231405475408,-37.11219512195122,전남 나주시 빛가람동 196-2번지,유찰만,,,,16.0,14.0
S0D902046,6,2025-01,2025-06,21766.0,21766.0,13528.0,13013.0,0.5978590462188734,2.0,1,0,1,,8.192289282385692,5.962832568843806,1.394,수도권,인천광역시,중구,상업시설,21-근린생활시설,,,-3.8069189828503824,"인천시 중구 중산동 1873-11, 12번지",유찰만,,,,45.0,44.0
S0DE05765,2,2026-05,2026-06,,,,,,,0,0,0,,,,1.247,지방,경상남도,김해시,주거시설,11-아파트,128.831789934184,35.2471834295264,,김해시 주촌면 원지리 726번지 외 15필지,,,,,,
S0DF491F1,7,2025-10,2026-04,44495.0,40817.0,41000.0,41000.0,1.0044834260234703,,0,1,1,0.0,,9.590607612393692,0.726,지방,경상북도,포항시,주거시설,12-주상복합,129.357183225674,36.0293640032207,0.0,포항시 북구 용흥동 145-21 일원,,,,,,
S0E0E530B,1,2025-07,2025-07,4388.0,4388.0,,,,,0,0,1,0.0,,0.8568788335870718,0.99,수도권,경기도,양주시,숙박시설,44-펜션,,,,"경기 양주시 백석읍 기산리 117-3, 498-10, 117-4, 117-5 ,277-2, 117, 117-2 ,277-3, 277, 278-4",,,,,,
S0EAF055D,3,2025-01,2025-03,46907.0,46907.0,,,,,0,0,1,0.0,,2.184101963436118,0.649,지방,울산광역시,북구,주거시설,11-아파트,,,,울산광역시 북구 천곡동 525-3번지 일원,,,,,,
S0EDE59BA,6,2025-02,2025-07,13840.0,13840.0,,,,,0,0,1,,,0.259728493779049,1.333,지방,세종특별자치시,세종,기타시설,15-타운하우스,,,,세종시 장군면 용현리 178-8일원,,,,,,
S0EE4E155,4,2025-01,2025-04,140258.0,140258.0,59850.0,59850.0,0.426713627743159,3.0,0,0,1,1.0,-8.710045170297576,4.65760001329836,2.139,수도권,경기도,남양주시,산업시설,62-아파트형공장,127.177368637956,37.5989855436268,0.0,남양주시 다산동 6242,유찰만,,,,10.0,10.0
S0EF9B6E7,17,2025-01,2026-06,40202.0,40202.0,352.2,352.2,0.0087607581712352,,0,0,0,,,46.82176233888871,0.5810000000000001,지방,전라남도,나주시,산업시설,62-아파트형공장,126.773913060053,35.0100403945863,0.0,나주시 빛가람동 949-1,,,,,,
S0F484014,11,2025-03,2026-06,23004.0,12766.3,9258.2,9258.2,0.7252062069667798,,0,1,0,,25.846053372082135,2.1069601151447306,4.259,수도권,서울특별시,동작구,주거시설,31-오피스텔,126.942131042032,37.5127257355238,0.0,"동작구 노량진동 58-20, 58-21, 58-42, 58-28, 58-29(5필지)",유찰만,,,,8.0,7.0
S0F6BBBAC,3,2025-01,2025-04,17514.0,18201.0,,,,,0,1,1,0.0,,7.950349446709377,1.028,지방,대구광역시,동구,주거시설,11-아파트,128.623809597539,35.8757398815015,,대구 동구 신천동 76-1번지 외 1필지,,,,,,
S0F822031,2,2025-03,2025-04,,,,,,,0,0,1,0.0,,,2.272,지방,충청남도,아산시,산업시설,61-공장설립,127.055669851651,36.8387660325573,,충남 아산시 동암리 419-1외24필지,,,,,,
S0FD4C0C8,16,2025-01,2026-05,6298.0,6298.0,4276.0,1441.0,0.2288027945379485,6.0,1,0,1,0.0,-7.813991219889405,0.6081198262664971,0.899,지방,충청남도,공주시,주거시설,15-타운하우스,127.168389413306,36.4260616727154,-66.30028063610851,충청남도 공주시 상왕동 산58-1외 3필지,유찰만,,,,21.0,19.0
S10337289,5,2025-04,2026-05,181602.0,183296.0,97000.0,94000.0,0.5128317039106145,,1,1,1,0.0,10.925592271763158,2.4128021229433134,2.277,수도권,경기도,남양주시,주거시설,11-아파트,127.206833770764,37.729194806835,-3.0927835051546393,경기 남양주시 진접읍 금곡리 477-2 일원,낙찰,97500.0,2024-09-09 09:00:00,53.43949207370902,48.0,26.0
S106219CB,1,2025-01,2025-01,10107.58225,10107.58225,4397.241,4397.241,0.4350438009050087,1.0,0,0,1,0.0,,1.6010534703388246,1.264,지방,강원도,원주시,주거시설,11-아파트,127.942772366414,37.3270205888308,0.0,강원도 원주시무실동 119번지 외,,,,,,
S106F6247,4,2025-05,2026-06,17244.0,17244.0,,,,,0,0,0,,,3.566342159204682,1.4220000000000002,지방,충청남도,천안시,상업시설,21-근린생활시설,127.157027588229,36.7947092531194,,충남 천안시 동남구 구성동 388-1 외,,,,,,
S10811092,10,2025-01,2025-11,72216.0,72216.0,33300.2,27000.0,0.3738783649052841,6.0,2,0,1,0.0,22.504476006306653,26.154048886351156,0.043,지방,전라남도,여수시,숙박시설,45-기타숙박시설,127.677026140805,34.7414657881635,-18.91940588945411,여수시 웅천동 1868-4,유찰만,,,,83.0,75.0
S10AC7248,4,2026-03,2026-06,30212.0,30212.0,,,,,0,0,0,,,0.3844778343595506,2.125,수도권,경기도,김포시,주거시설,15-타운하우스,,,,경기도 김포시 월곶면 고막리 142-1,,,,,,
S10EAC3DE,1,2025-02,2025-02,40357.0,40357.0,,,,,0,0,1,,,2.2073524283225687,0.8720000000000001,지방,충청남도,예산군,주거시설,15-타운하우스,,,,충남 예산군 삽교읍 목리 RB1~4,,,,,,
S11801321,2,2025-01,2025-02,13116.252,13116.0,9880.0,9880.0,0.7532784385483379,2.0,0,0,1,0.0,,5.240849603083166,1.838,수도권,서울특별시,노원구,업무시설,31-오피스텔,,,0.0,서울특별시 노원구 공릉동 661-16 外 1필지,유찰만,,,,7.0,6.0
S125500D4,14,2025-04,2026-06,70307.0,70307.0,32000.0,32000.0,0.4551467136984937,,0,0,0,,,7.443102451051855,1.294,지방,부산광역시,해운대구,주거시설,12-주상복합,129.164521674699,35.1665349281735,0.0,부산 해운대구 중동 1554-1 외 14필지,,,,,,
S126B4694,3,2025-03,2025-11,304149.0,304149.0,,,,,0,0,1,0.0,,8.195937845601431,2.867,수도권,경기도,화성시,주거시설,12-주상복합,127.072965192587,37.1918531083577,,경기도 화성시 반송동 99번지,,,,,,
S12865F46,14,2025-02,2026-04,61419.07496,61622.0,47660.0,47660.0,0.773425075460063,,0,0,1,0.0,,5.641373755716977,1.207,지방,울산광역시,남구,주거시설,12-주상복합,,,0.0,울산광역시 남구 신정동 698-1번지 일원,,,,,,
S130B9B09,7,2025-04,2026-06,3114.0,3179.0,,,,,0,1,0,,,0.7711511756810373,-0.774,지방,제주특별자치도,제주시,주거시설,15-타운하우스,,,,"제주시 애월읍 광령리 1005, 1005-1, 1005-2",,,,,,
S13731CB5,17,2025-01,2026-06,4694.2105,4514.0,1585.589,1585.0,0.3349535080304311,1.0,0,3,0,,,2.002593525473528,1.763,수도권,경기도,파주시,주거시설,15-타운하우스,,,-0.03714707909804327,경기도 파주시 조리읍 장곡리 427-18 외 13필지,유찰만,,,,8.0,8.0
S138A1FA2,3,2026-04,2026-06,6464.0,6464.0,2505.0,2505.0,0.3875309405940594,,0,0,0,,-33.97254335260115,0.362792,2.781,수도권,경기도,안양시,상업시설,76-기타시설,,,0.0,"경기도 안양시 만안구 관양동 905-1 ,701.702.703.704.705.707.708.709.1304.1305",낙찰,323.3,2026-04-01 10:00:00,38.76,45.0,36.0
S15259032,12,2025-02,2026-06,168211.0,157597.0,16804.0,89200.0,0.5660006218392483,,0,1,0,,5.916895911553846,1.050612644485119,0.921,수도권,인천광역시,중구,레져시설,26-기타상업시설,,,430.82599381099743,인천광역시 중구 중산동 1995-1외 15필지,낙찰,1445.73,2026-06-16 10:00:00,40.51,320.0,304.0
S1638CC83,1,2025-07,2025-07,23624.0,23624.0,,,,,0,0,1,0.0,,0.6167973232907561,1.01,지방,광주광역시,북구,주거시설,15-타운하우스,126.867208740196,35.178101126589,,북구 동림동 산 144번지 외,,,,,,
S1682CEAB,6,2025-02,2025-07,42145.0,42145.0,35287.0,32350.0,0.7675880887412504,1.0,1,0,1,0.0,-10.662512754861904,3.6140038285612084,0.968,지방,울산광역시,중구,주거시설,12-주상복합,129.32646074995,35.5578084114601,-8.323178507665707,중구 학산동 83-3 외 19필지,취소,,,,16.0,12.0
S16E31147,13,2025-01,2026-02,44596.625,44918.0,27300.0,24324.0,0.5415201032993455,2.0,2,1,1,0.0,,2.106715248657815,0.963,수도권,인천광역시,중구,업무시설,31-오피스텔,126.623726131272,37.4509471998619,-10.901098901098905,인천광역시 중구 항동7가 57-8번지 일원,유찰만,,,,7.0,6.0
S17278CE2,2,2026-05,2026-06,9354.0,9354.0,,,,,0,0,0,,,9.341959944779017,-0.957,지방,제주특별자치도,서귀포시,주거시설,12-주상복합,126.559169973266,33.2637610601355,,"제주 서귀포시 동홍동1580-5번지, 1580-9, 1579",,,,,,
S17D1F372,2,2025-04,2025-05,51283.0,51283.0,48100.0,48100.0,0.9379326482460074,,0,0,1,0.0,,18.026865959701688,1.735,지방,충청남도,천안시,주거시설,12-주상복합,127.152768715314,36.8018944103949,0.0,충남 천안시 동남구 영성동 75-1 외 26필지,,,,,,
S17F7C82F,1,2025-02,2025-02,23581.0,23581.0,15751.0,15751.0,0.6679530130189559,2.0,0,0,1,0.0,,2.8442318725408846,1.761,수도권,경기도,의정부시,주거시설,12-주상복합,,,0.0,경기 의정부시 태평로138번길 22 외 12필지(의정부동),,,,,,
S17FD9CBE,2,2026-05,2026-06,40197.0,40197.0,,,,,0,0,0,,,10.524238861830877,2.33,수도권,경기도,남양주시,상업시설,21-근린생활시설,127.116347059484,37.6683512878891,,남양주시 별내동811,,,,,,
S181CC42E,16,2025-02,2026-06,41557.0,41557.0,,,,,0,0,0,,,1.823583825915406,-0.957,지방,제주특별자치도,서귀포시,주거시설,15-타운하우스,126.81422888704424,33.34114706067784,,제주도 서귀포시 남원읍 신흥리 107외 26필지,,,,,,
S1A51ABDA,8,2025-01,2025-08,43698.3352,43698.3352,41967.0,41967.0,0.960379836163644,,0,0,1,0.0,,4.310791165729819,0.581,지방,울산광역시,동구,주거시설,12-주상복합,129.42786287954,35.4963286148037,0.0,울산광역시 동구 화정동 638-3,유찰만,,,,28.0,22.0
S1A6D33DC,4,2025-08,2025-12,168107.0,168107.0,74000.0,74000.0,0.4401958276573848,,0,0,1,0.0,-1.6124200065613714,12.01440077428103,1.296,지방,부산광역시,해운대구,주거시설,31-오피스텔,129.163892547464,35.1615825985907,0.0,"부산광역시 해운대구 중동 1394-335, 1394-336, 1398-36, 1394-338, 1394-339, 1398-16, 1398-86, 1394-364",취소,,,,10.0,8.0
S1A77DD7D,3,2025-03,2025-05,5852.0,5852.0,2874.0,2874.0,0.4911141490088858,,0,0,1,0.0,14.794745410879417,1.0960011650058714,1.835,지방,충청북도,진천군,산업시설,66-물류센터,127.47025514833,36.8642413518184,0.0,충청북도 진천군 진천읍 삼덕리 767-53 외,유찰만,,,,4.0,3.0
S1AC1A8B0,2,2025-02,2025-03,3773.0,3773.0,,,,,0,0,1,0.0,,17.855072463768117,0.562,지방,전라북도,고창군,주거시설,13-연립주택,126.693352280903,35.4321838540872,,고창읍 읍내리 567-1번지,,,,,,
S1B48D54E,7,2025-02,2026-01,1202.0,3341.0,,,,,0,1,1,0.0,,2.356778235315048,1.873,지방,강원도,강릉시,주거시설,16-기타주거시설,,,,"강원도 강릉시 연곡면 영진리 64-5, 66-1",,,,,,
S1BD92F4D,5,2025-01,2025-05,11024.716,11025.0,3782.0,3782.0,0.343047385529024,4.0,0,0,1,0.0,,0.6472583543285185,1.624,수도권,경기도,안성시,산업시설,66-물류센터,,,0.0,경기도 안성시 일죽면 월정리 802 외 31필지,,,,,,
S1BF442BD,7,2025-02,2025-08,163628.0,163628.0,110000.0,99000.0,0.6050309238027721,1.0,1,0,1,0.0,-24.138443526301142,7.588529933657096,1.52,수도권,서울특별시,금천구,주거시설,12-주상복합,126.898232953448,37.458962301963,-9.999999999999998,금천구 시흥동 113-16,유찰만,,,,12.0,11.0
S1CCC7A4F,9,2025-04,2026-01,57630.0,57971.0,44450.0,34500.0,0.5951251487812872,,2,1,1,1.0,-23.70737304656094,24.016557142857152,0.918,지방,충청남도,공주시,주거시설,11-아파트,127.133852904049,36.4680313013689,-22.38470191226096,공주시 신관동 608,유찰만,,,,20.0,14.0
S1D487202,11,2025-01,2025-12,9325.294155,9325.0,5430.0,4646.0,0.498230563002681,7.0,2,0,1,0.0,-2.1170640102357807,76.1099827214136,1.718,수도권,경기도,이천시,주거시설,16-기타주거시설,,,-14.438305709023947,경기도 이천시 송정동 315-4번지 외,유찰만,,,,30.0,29.0
S1DD157B8,2,2026-05,2026-06,38970.0,38970.0,6574.0,6574.0,0.1686938670772389,,0,0,0,,,4.886056812369326,0.854,지방,부산광역시,연제구,상업시설,21-근린생활시설,129.07157452462,35.1865001979024,0.0,부산광역시연제구거제동507-8,유찰만,,,,6.0,5.0
S1E19C21A,3,2025-01,2025-03,29443.5736,29443.0,21026.2,21026.0,0.7141255986142716,1.0,0,0,1,0.0,,3.5500932750932748,1.779,수도권,서울특별시,강북구,상업시설,21-근린생활시설,127.033735295212,37.6129342808436,-0.000951194224352303,강북구 미아동 52-1외 2필지,유찰만,,,,6.0,6.0
S1E46D22B,15,2025-02,2026-06,45109.82,47896.0,35700.0,34000.0,0.7098713880073493,6.0,1,1,0,,,7.390434938731541,1.4220000000000002,지방,충청남도,천안시,주거시설,11-아파트,127.146630198097,36.7821141419953,-4.761904761904767,충청남도천안시청당동293번지일원,유찰만,,,,4.0,2.0
S1ECB5CAB,4,2025-02,2025-05,43509.0,43509.0,32159.0,32159.0,0.7391344319566067,1.0,0,0,1,0.0,,0.4285245441558764,1.873,수도권,경기도,김포시,상업시설,76-기타시설,126.619716582236,37.6431366103422,0.0,경기도김포시구래동6871-43번지,유찰만,,,,7.0,7.0
S1EFDB8C5,9,2025-03,2025-12,23940.0,23940.0,,,,,0,0,1,0.0,,3.7147200894604877,1.718,수도권,경기도,이천시,산업시설,66-물류센터,127.385396485574,37.2661443466226,,경기도이천시마장면장암리595외,,,,,,
S1F4B1CC0,6,2025-02,2025-07,97474.0,97474.0,28114.0,46319.0,0.4751933849026407,3.0,1,0,1,0.0,-3.717775689588737,9.796669231987867,0.852,지방,경상북도,포항시,주거시설,16-기타주거시설,129.349478057887,36.013434067257,64.75421498185958,"경상북도 포항시 남구 중흥로 85(상도동, 포항터미널)",유찰만,,,,18.0,17.0
S1F76955E,3,2025-08,2025-11,126255.0,126255.0,94000.0,94000.0,0.7445249693081463,,0,0,1,0.0,,1.318736736234927,2.103,수도권,경기도,남양주시,주거시설,11-아파트,127.207059489515,37.7294724497881,0.0,경기 남양주시 진접읍 주곡로147번길 19-21외 86필지(금곡리),,,,,,
S1F847112,5,2025-08,2026-01,8520.372,8520.0,6541.0,5444.0,0.6389671361502347,,2,0,1,0.0,,7.358338850608004,1.711,수도권,경기도,이천시,상업시설,21-근린생활시설,127.435976590353,37.2755891398908,-16.77113591194007,"이천시 중리동 313-8, 313-9, 관고동 332-10, 332-11",,,,,,
S1F967BEA,8,2025-01,2026-01,10969.009,10969.0,,,,,0,0,1,0.0,,0.3361679715633204,1.75,수도권,경기도,파주시,주거시설,15-타운하우스,126.835948977996,37.7490122389571,,파주시 조리읍 장곡리 117-35 외10필지,,,,,,
S1FB16284,12,2025-01,2026-06,43442.93468,32200.0,24511.0,24511.0,0.7612111801242236,,0,2,0,,-85.7003795294894,6.204252653751824,1.4220000000000002,지방,충청남도,천안시,주거시설,11-아파트,127.165300586718,36.8198331729013,0.0,충청남도 천안시 동남구 신부동 53-1외 28필지,유찰만,,,,7.0,6.0
S2033A975,2,2025-02,2025-03,6710.0,6710.0,5600.0,5600.0,0.834575260804769,,0,0,1,1.0,,0.38350789418954784,2.409,수도권,경기도,수원시,기타시설,73-복지시설,127.052252563682,37.2479847066217,0.0,경기 수원시 영통구 신동 398-7외,,,,,,
S203FCBDB,3,2026-04,2026-06,31126.0,31126.0,12142.2,12142.2,0.3900983100944548,,0,0,0,,,1.9614838191112032,1.51,지방,대구광역시,수성구,상업시설,12-주상복합,,,0.0,대구광역시 수성구 두산동 81-1,,,,,,
S20C94211,7,2025-02,2025-08,22051.0,22051.0,,,,,0,0,1,0.0,,4.079262636789995,0.353,지방,경상남도,창원시,업무시설,31-오피스텔,128.82018981821,35.0909737579702,,경남 창원시 진해구 용원동1347-2번지,,,,,,
S20EEDA2E,8,2025-01,2026-04,30116.0,30100.0,,,,,0,0,1,0.0,,10.9554569925391,0.0329999999999999,지방,경상남도,창원시,업무시설,16-기타주거시설,128.58582464868,35.2213026215084,,"경남 창원시 마산합포구 산호동 8-1번지, 8-2번지",,,,,,
S215E26FA,6,2025-02,2025-07,83998.0,83998.0,,,,,0,0,1,0.0,,8.389417654163331,0.991,지방,울산광역시,울주군,주거시설,11-아파트,129.139271614066,35.5454042510859,,울산시삼남읍신화리1608-4,,,,,,
S216D1864,14,2025-01,2026-03,115400.0,115400.0,42300.0,47021.0,0.4074610051993068,11.0,0,0,1,,,16.949139736045545,2.084,수도권,경기도,김포시,산업시설,66-물류센터,,,11.160756501182023,"경기도 김포시 양촌읍 대포리 대포일반산업단지내 A7/3-1,2,3L",,,,,,
S21A286E2,4,2025-03,2025-06,5350.0,5350.0,3000.0,3000.0,0.5607476635514018,,0,0,1,0.0,,13.36401044508074,0.902,지방,경상북도,포항시,주거시설,12-주상복합,129.358757790227,36.0247575151453,0.0,경북포항시북구죽도동609-8,유찰만,,,,8.0,7.0
S21C3310D,5,2025-04,2025-08,12002.0,12002.0,10000.0,10000.0,0.8331944675887352,,0,0,1,0.0,2.281375016151155,3.190643515793604,2.899,수도권,경기도,성남시,주거시설,31-오피스텔,127.139595263889,37.4356594142217,0.0,경기 성남시 중원구 성남동 2203번지 외,유찰만,,,,4.0,3.0
S21F01B01,8,2025-01,2026-01,252788.6682,284183.0,,,,,0,1,1,0.0,,4.968741333227875,2.102,수도권,경기도,남양주시,주거시설,11-아파트,127.240304467238,37.6512879016886,,경기도 남양주시 평내동 산87-1 일원,,,,,,
S21F1D241,1,2026-05,2026-05,26117.0,26117.0,,,,,0,0,1,,,3.169111984498893,2.5080000000000005,수도권,경기도,화성시,상업시설,26-기타상업시설,,,,경기도 화성시 오산동 982-3,,,,,,
S220CB9E4,4,2025-01,2025-05,23702.4502,23702.0,15760.4506,15760.0,0.6649227913256265,1.0,0,0,1,0.0,,3.761368030252825,1.612,수도권,경기도,의정부시,업무시설,12-주상복합,127.052219864034,37.7450916544896,-0.0028590553115326323,경기 의정부시 의정부동 9-6 외,유찰만,,,,6.0,5.0
S23706B17,3,2025-05,2025-07,37836.0,37836.0,,,,,0,0,1,0.0,,2.0150824415091644,-0.663,지방,제주특별자치도,제주시,주거시설,11-아파트,126.553332805123,33.4906276695218,,화북이동 5558-2번지 외 11필지,,,,,,
S23763C58,4,2026-03,2026-06,16306.0,16306.0,9475.0,9475.0,0.5810744511222863,,0,0,0,,,15.015625592525506,-0.144,지방,전라남도,순천시,주거시설,11-아파트,127.491958193461,34.9393441859506,0.0,"순천시 남정동 568-1,5",,,,,,
S2455ED51,1,2025-04,2025-04,57646.0,57646.0,69293.0,69293.0,1.2020435069215556,,0,0,1,1.0,,2.118786656675113,3.078,수도권,서울특별시,마포구,주거시설,11-아파트,126.93599858704168,37.55500122359755,0.0,서울특별시 마포구 노고산동,,,,,,
S248A5119,2,2025-06,2025-07,14919.0,14919.0,,,,,0,0,1,0.0,,4.10465326514132,2.104,수도권,경기도,남양주시,주거시설,12-주상복합,,,,경기도 남양주시 화도읍 마석우리 266-1 외 7필지,,,,,,
S24E6B67F,3,2025-01,2025-03,14093.88,14090.0,12000.0,12000.0,0.8516678495386799,1.0,0,0,1,0.0,,0.9111880987594844,3.3,수도권,경기도,성남시,주거시설,14-다세대주택,,,0.0,경기도 성남시 분당구 운중동 337-7번지 일원,유찰만,,,,5.0,4.0
S250F01DC,5,2025-02,2025-06,16039.0,16039.0,,,,,0,0,1,0.0,,22.35084977594092,1.452,지방,부산광역시,기장군,상업시설,21-근린생활시설,129.231346535763,35.2675820712126,,부산기장군일광면삼성리888,,,,,,
S258F1648,2,2025-01,2025-02,14079.41246,14079.0,11169.74374,11170.0,0.7933802116627602,1.0,0,0,1,0.0,19.532370859863384,4.353448833377708,3.687,수도권,경기도,용인시,주거시설,15-타운하우스,127.16979459426,37.2438278215317,0.002294233475397256,용인시 처인구 삼가동 213-1,유찰만,,,,6.0,5.0
S25DF20E9,9,2025-01,2026-06,8379.071,9276.82668,5430.0,4401.0,0.4744079146685103,2.0,1,1,0,,13.746661074046102,7.453545808886034,0.615,수도권,경기도,동두천시,주거시설,12-주상복합,127.05663213613,37.9002516424443,-18.95027624309392,경기 동두천시 생연동 724-5외 4필지,유찰만,,,,25.0,25.0
S26D3DCDF,5,2025-02,2025-06,35900.0,35900.0,,,,,0,0,1,0.0,,2.908123334784226,2.84,수도권,서울특별시,송파구,업무시설,31-오피스텔,,,,서울특별시 송파구 삼전동28,,,,,,
S27450A1B,5,2025-01,2025-05,19036.563,19036.0,16400.0,9516.0,0.4998949359109056,2.0,1,0,1,,7.483102986959624,5.718819826945294,1.513,수도권,인천광역시,중구,업무시설,31-오피스텔,,,-41.97560975609756,인천광역시 중구 중산동 1960-7번지,유찰만,,,,32.0,24.0
S276E2275,2,2026-05,2026-06,12245.0,12245.0,,,,,0,0,0,,,22.357320998740086,-0.882,지방,경상남도,거제시,상업시설,25-상가,128.61680222393,34.8941527610938,,"경상남도 거제시 고현동 1143,1144,1145",,,,,,
S27BB570D,1,2025-04,2025-04,5121.0,5121.0,,,,,0,0,1,0.0,,0.9937248347247056,0.4059999999999999,지방,전라남도,곡성군,기타시설,45-기타숙박시설,127.24728589716,35.1818649167889,,곡성군 석곡면 연반리 산19번지 일원,,,,,,
S2851AAE8,16,2025-02,2026-06,17010.0,17010.0,,,,,0,0,0,,,0.5104588774631467,0.132,지방,경상남도,사천시,기타시설,16-기타주거시설,128.105096975502,34.9269656043996,,경남 사천시 사등동208번지,,,,,,
S2875361E,3,2025-02,2025-05,2357.0,2357.0,,,,,0,0,1,0.0,,18.70647517587901,2.538,수도권,서울특별시,양천구,기타시설,기타시설,126.837507926137,37.5167430241031,,서울 양천구 신월동 981-2번지 외,,,,,,
S28BF23AD,1,2025-04,2025-04,30516.0,30516.0,16769.0,16769.0,0.5495150085201206,,0,0,1,1.0,,5.187038385941389,3.1790000000000003,수도권,경기도,하남시,업무시설,32-오피스빌딩,,,0.0,경기도 하남시 학암동 656,,,,,,
S28C2AEF5,10,2025-02,2025-12,10939.0,10930.0,,,,,0,0,1,0.0,,2.2382195740343,1.1900000000000002,지방,충청북도,음성군,기타시설,66-물류센터,127.525986515357,36.9484353972713,,충북 음성군 대소면 부윤리 409,,,,,,
S28F688CE,1,2025-02,2025-02,96646.0,96646.0,,,,,0,0,1,0.0,,5.984801840056616,0.6890000000000001,지방,대구광역시,서구,주거시설,12-주상복합,128.551508368063,35.8560925336584,,"서구 내당동 463-34, 광장코아종합상가 77개호",,,,,,
S291C403B,1,2025-02,2025-02,3137.0,3137.0,,,,,0,0,1,1.0,0.0028686996184745,5.651690631889161,2.454,수도권,경기도,평택시,상업시설,근린생활시설,127.092405172511,37.0099313819849,,경기도평택시동삭동661-1,낙찰,2543.5,2025-03-12 09:00:00,81.07,4.0,2.0
S296C1212,2,2025-08,2025-12,76474.0,76474.0,41800.0,37016.0,0.4840337892617098,,1,0,1,,,2.7780924785605072,0.772,지방,경상북도,포항시,주거시설,11-아파트,,,-11.444976076555024,경북 포항시 북구 흥해읍 곡강리 A1BL 1LOT,유찰만,,,,19.0,18.0
S29B50BAE,9,2025-02,2025-11,17626.0,17626.0,,,,,0,0,1,,,1.1325988481239673,1.486,지방,경상남도,김해시,주거시설,15-타운하우스,128.88936269803,35.228565355864,,경남 김해시외동275외,,,,,,
S29FD7B4A,16,2025-01,2026-05,20057.61,17578.0,15556.8,12500.0,0.7111161679371942,1.0,2,1,1,0.0,,3.6710118729688843,0.3859999999999999,지방,대구광역시,달서구,기타시설,71-의료시설,,,-19.649285200041135,대구광역시 달서구 장기동 539-2,유찰만,,,,36.0,25.0
S2A233FB6,6,2025-04,2025-11,9842.0,9842.0,,,,,0,0,1,0.0,,3.4118437646230833,3.0780000000000003,수도권,서울특별시,종로구,업무시설,31-오피스텔,126.998409982776,37.5735274554447,,"종로구 연지동 75, 74-5, 76",,,,,,
S2A5AF0B4,1,2025-08,2025-08,89112.0,89112.0,34527.0,34527.0,0.3874562348505251,,0,0,1,0.0,,2.642634552772105,0.536,지방,충청남도,계룡시,상업시설,24-쇼핑센터,127.261734259067,36.2636849373496,0.0,충청남도 계룡시 두마면 농소리 1017번지,,,,,,
S2B1968A4,3,2025-12,2026-02,22733.0,22733.0,11100.0,11100.0,0.4882769542075397,,0,0,1,0.0,,0.7890850625547837,0.571,지방,경상남도,양산시,주거시설,11-아파트,129.024671666017,35.3813158497263,0.0,경남 양산시 어곡동 597-6번지 외 74필지,,,,,,
S2B56257A,3,2025-01,2025-03,7700.456,8551.0,,,,,0,1,1,0.0,,5.925266459347285,2.237,지방,충청남도,아산시,주거시설,21-근린생활시설,126.998107520869,36.7831011057566,,충청남도 아산시 온천동 232-7 외 9필지,,,,,,
S2B84A388,12,2025-04,2026-04,253.0,253.0,,,,,0,0,1,0.0,,0.0005213388911415,3.929,수도권,서울특별시,중구,업무시설,32-오피스빌딩,,,,서울특별시 중구 을지로6가 53-2번지 일원,,,,,,
S2BFC21AD,17,2025-01,2026-06,3568.2375,3568.0,2160.0,1011.0,0.2833520179372197,3.0,7,0,0,,-45.15766960034169,2.7496246757318037,0.921,수도권,인천광역시,중구,상업시설,76-기타시설,126.50193360306,37.5297120406813,-53.19444444444444,"중구 운북동1353-20,-26",유찰만,,,,49.0,48.0
S2C2C2F80,6,2025-01,2025-06,9939.1747,9939.0,9939.1747,8052.0,0.8101418653788107,1.0,1,0,1,0.0,,7.882025851713845,2.256,지방,충청남도,아산시,주거시설,12-주상복합,127.00657365834,36.7818084692676,-18.987237441354154,충남 아산시 온천동 82-6,유찰만,,,,1.0,0.0
S2C6542AE,7,2025-02,2025-08,24161.0,24161.0,9953.0,9953.0,0.4119448698315467,1.0,0,0,1,0.0,,2.8624791859449665,2.961,수도권,경기도,시흥시,상업시설,21-근린생활시설,126.676162228769,37.3245112610652,0.0,시흥시 정왕동 2718,유찰만,,,,11.0,11.0
S2CCA842E,16,2025-02,2026-06,30306.0,30306.0,12484.0,3500.0,0.1154886821091533,,1,0,0,,,3.6647583422046623,3.901,수도권,서울특별시,광진구,주거시설,16-기타주거시설,127.072660200155,37.5448042098709,-71.9641140660045,광진구 화양동 2-10외,유찰만,,,,66.0,66.0
S2CF30C9B,6,2025-01,2025-06,46498.10082,62896.0,54153.0,35204.0,0.5597176291020096,1.0,1,0,1,0.0,31.087331681642883,8.06711494395752,1.853,수도권,경기도,김포시,주거시설,11-아파트,126.721078354633,37.6152146828156,-34.99159788008052,경기 김포시 사우동 300 외,유찰만,,,,27.0,24.0
S2D3878B7,2,2025-04,2025-05,7099.0,7099.0,,,,,0,0,1,0.0,,0.7821198191456804,0.8599999999999999,수도권,경기도,포천시,숙박시설,45-기타숙박시설,,,,경기도 포천시 영북면 산정리 433외,,,,,,
S2D6D5742,2,2026-05,2026-06,55130.0,55130.0,31540.0,31540.0,0.5721023036459278,,0,0,0,,,52.352598654594956,0.615,수도권,경기도,동두천시,주거시설,12-주상복합,127.053371973232,37.9055165725891,0.0,경기도 동두천시 생연동 592-2번지,,,,,,
S2E34E058,1,2025-04,2025-04,11000.0,11000.0,,,,,0,0,1,1.0,,2.080833812365774,1.911,수도권,경기도,고양시,상업시설,21-근린생활시설,126.838678344175,37.6619932929338,,경기 고양시 덕양구 주교동 38-15번지 일원,,,,,,
S2EADBA71,1,2025-04,2025-04,1108.0,1108.0,,,,,0,0,1,0.0,,0.0104996051592524,-0.672,지방,제주특별자치도,제주시,기타시설,76-기타시설,126.810084023711,33.55608189604472,,제주도 제주시 구좌읍 행원리,,,,,,
S2F49078F,5,2025-03,2025-12,48108.0,48108.0,,,,,0,0,1,0.0,,16.03478937340231,2.32,수도권,서울특별시,은평구,업무시설,31-오피스텔,126.922740128199,37.6178235676098,,서울특별시은평구불광동304-2외,,,,,,
S2F6BE4CA,1,2025-01,2025-01,4376.9711,4376.9711,,,,,0,0,1,0.0,,0.7231436540685956,-0.6709999999999999,지방,제주특별자치도,서귀포시,주거시설,16-기타주거시설,126.301546406732,33.240135222473,,"제주 서귀포시 안덕면 사계리 3711-3, 3711-4, 3712-1,3713-1, 3712,3711,3712-4,3712-5,3713,3714,3711-1,3712-3,3712-5,3712-8,3711-2,3712-2,3712-7,3712-9,3715",,,,,,
S2F8DC284,1,2025-01,2025-01,24900.7036,24900.7036,29544.059814,29544.059814,1.186474900010456,1.0,0,0,1,0.0,,1.245433603144807,3.687,수도권,경기도,용인시,주거시설,15-타운하우스,,,0.0,경기도 용인시 수지구 동천동 581-53번지 외 2필지,,,,,,
S2FD6996C,4,2026-03,2026-06,1289.0,1286.0,607.0,427.0,0.3320373250388802,,1,0,0,,,0.6782268325170466,0.747,지방,충청남도,태안군,기타시설,76-기타시설,126.315855686708,36.6328160310209,-29.65403624382208,충청남도 태안군 남면 원청리 804 외,,,,,,
S3083518A,7,2025-02,2025-08,9242.0,9242.0,,,,,0,0,1,0.0,,3.3145680514543305,1.828,수도권,경기도,김포시,주거시설,31-오피스텔,126.646170815262,37.6420686354281,,김포시 마산동 621-10,,,,,,
S308EC589,2,2026-05,2026-06,33204.0,33204.0,15860.0,15860.0,0.477653294783761,,0,0,0,,,2.807121056602882,2.617,수도권,경기도,시흥시,주거시설,31-오피스텔,,,0.0,경기도 시흥시 월곶동 1005-1외,,,,,,
S30E9E255,14,2025-04,2026-06,20920.0,20920.0,21200.0,17000.0,0.8126195028680688,,2,0,0,,33.48200361007487,3.148585531703252,1.445,지방,대구광역시,서구,주거시설,12-주상복합,,,-19.811320754716977,대전광역시 달서구 본동 881번지,유찰만,,,,24.0,23.0
S313547C7,2,2025-01,2025-02,838.501,838.501,500.0,500.0,0.5963022107308161,3.0,0,0,1,0.0,,1.1746723152815222,1.522,수도권,경기도,파주시,주거시설,14-다세대주택,126.83430390776,37.8315364994204,0.0,"파주시 파주읍 연풍리 422-14,-10,-6",유찰만,,,,6.0,5.0
S31373BDD,6,2025-03,2025-08,34647.19435,34647.19435,34648.0,19800.0,0.5714748443981872,,1,0,1,0.0,,20.431907975330976,0.827,지방,경상북도,포항시,주거시설,12-주상복합,129.364919410588,36.0302831505659,-42.85384437774186,포항시 죽도동 53-1 일원,,,,,,
S3152EF82,15,2025-03,2026-06,18343.0,18343.0,,,,,0,0,0,,,1.6083200160258986,-0.774,지방,제주특별자치도,제주시,주거시설,11-아파트,,,,제주시 화북이동5121-7외,,,,,,
S31AD2393,16,2025-02,2026-06,10518.0,10518.0,7719.0,10518.0,1.0,1.0,0,0,0,,,5.516002469143102,0.6,지방,경상북도,영천시,레져시설,51-골프장,128.904381395471,35.946385001102,36.26117372716673,경북 영천시 금호읍 신월리 33외,유찰만,,,,6.0,5.0
S32119684,6,2025-01,2025-06,11515.0,11515.0,7141.0,7141.0,0.6201476335214937,2.0,0,0,1,0.0,3.470902902110995,7.857246395045173,1.202,지방,부산광역시,부산진구,업무시설,31-오피스텔,129.067918245339,35.1737693324776,0.0,부산광역시 부산진구 양정동 387-13번지 외,유찰만,,,,31.0,30.0
S328E3BF3,2,2026-05,2026-06,13049.0,13049.0,,,,,0,0,0,,,0.3177683860995636,1.714,지방,세종특별자치시,세종,주거시설,16-기타주거시설,127.220590743974,36.515193991918,,세종시장군면대교리90-2외27필지,,,,,,
S32D5C6A2,1,2026-06,2026-06,6130.0,6130.0,,,,,0,0,0,,,0.2758329493618098,2.33,수도권,경기도,남양주시,상업시설,66-물류센터,127.230184826415,37.748700361265,,경기도진접읍팔야리199-1번지외9필지,,,,,,
S3306A195,4,2025-07,2025-11,12614.0,20712.0,7813.0,7813.0,0.3772209347238316,,0,1,1,0.0,,20.38946980015698,1.352,지방,강원도,춘천시,상업시설,12-주상복합,,,0.0,강원특별자치도 춘천시 근화동 266-4일원,,,,,,
S3312CC66,2,2025-07,2025-08,19556.0,25952.0,,,,,0,1,1,0.0,,12.903516154285722,2.473,수도권,경기도,안산시,업무시설,31-오피스텔,126.734100801013,37.3020012659112,,"안산시 단원구 성곡동 844-1, 845-4",,,,,,
S3312EB57,5,2026-02,2026-06,14070.0,14070.0,11746.0,11746.0,0.8348258706467662,,0,0,0,,,1.389413076998786,0.488,지방,광주광역시,광산구,주거시설,15-타운하우스,126.826217953921,35.2042568294601,0.0,광주광역시 광산구 수완동 375 외,유찰만,,,,6.0,5.0
S33154434,17,2025-01,2026-06,11652.0,11652.0,4560.0,4423.0,0.3795914864400961,1.0,1,0,0,,-8.401747335847054,9.415121024814214,1.082,수도권,경기도,양주시,주거시설,12-주상복합,,,-3.0043859649122817,"경기도 양주시 백석읍 오산리산27-6,524-3",유찰만,,,,21.0,20.0
S3390A03E,12,2025-02,2026-02,40111.0,40111.0,26317.0,26317.0,0.6561043105382564,,0,0,1,0.0,,23.44004044630405,1.459,지방,충청남도,천안시,주거시설,11-아파트,127.151911600104,36.8024571710878,0.0,천안시 동남구 영성동 55-13외,,,,,,
S34915D85,2,2026-01,2026-02,43452.0,10790.286,,,,,0,1,1,0.0,,0.501286396222976,1.732,지방,부산광역시,동래구,주거시설,11-아파트,129.097935539108,35.2120226880158,,부산광역시 동래구 명장동 508-75외 17필지,,,,,,
S3492273E,17,2025-01,2026-06,7691.292,7691.0,5398.904,1293.0,0.1681185801586269,2.0,4,0,0,,,4.444243032555901,1.763,수도권,경기도,파주시,숙박시설,41-호텔,126.688742734478,37.7781449121388,-76.05069473359778,파주시 탄현면 성동리715,,,,,,
S34C4A9C1,17,2025-01,2026-06,16562.63225,10003.0,9005.0,9005.0,0.9002299310206938,1.0,0,1,0,,-1.779807971609659,0.0232049729785473,0.052,지방,경상남도,함양군,숙박시설,43-리조트,127.746048445616,35.6081157625417,0.0,경상남도 함양군 서하면 다곡리 23번지 외,유찰만,,,,8.0,8.0
S3519BD04,16,2025-01,2026-06,15001.77586,15002.0,9900.0,9000.0,0.5999200106652446,1.0,1,0,0,,28.42586326574935,1542.1070162607166,1.018,수도권,경기도,포천시,산업시설,66-물류센터,127.137987119255,37.8033100159933,-9.090909090909093,경기도포천시 소흘읍 무봉리 산 37-9번지 일원,유찰만,,,,24.0,23.0
S35B90595,1,2025-08,2025-08,43451.0,43451.0,,,,,0,0,1,0.0,,0.704664458656921,1.828,지방,부산광역시,동래구,주거시설,11-아파트,,,,부산광역시 동래구 명장동 542-1,,,,,,
S3625C96E,4,2025-01,2025-04,31884.0,20829.0,18380.5,18380.0,0.8824235440971722,1.0,0,1,1,,,26.03715744661789,1.588,수도권,인천광역시,중구,숙박시설,45-기타숙박시설,,,-0.0027202742036380734,인천광역시 중구 중산동 1944-4번지 일원,유찰만,,,,11.0,10.0
S36F66B58,10,2025-08,2026-06,13547.0,13547.0,,,,,0,0,0,,,0.4813137034463393,2.082,지방,충청남도,아산시,산업시설,61-공장설립,127.055773430868,36.8376727611503,,아산시 음봉면 동암리 336외25필지,,,,,,
S370549A1,2,2026-05,2026-06,9600.0,9600.0,,,,,0,0,0,,,0.43311461750491465,1.714,지방,세종특별자치시,세종,주거시설,16-기타주거시설,,,,세종시 장군면 대교리 90-6 외,,,,,,
S3765E522,3,2025-04,2025-06,15204.0,15204.0,9972.0,9972.0,0.6558800315706393,,0,0,1,0.0,-5.992896196651087,1.4078780962103907,5.822,수도권,서울특별시,강남구,상업시설,21-근린생활시설,,,0.0,서울특별시 강남구 신사동 523-37번지,유찰만,,,,5.0,5.0
S3780216A,14,2025-02,2026-06,175978.0,175978.0,127562.0,114805.0,0.6523826841991612,,1,0,0,,-14.044169245291105,5.359867892200002,2.045,수도권,인천광역시,서구,업무시설,33-기타업무시설,,,-10.000627146015272,인천광역시 서구 청라동 92-1번지(청라국제도시 B3-1BL),유찰만,,,,18.0,17.0
S37DA0FE1,10,2025-08,2026-06,46351.0,46351.0,34032.0,30628.0,0.6607840176047982,,1,0,0,,-9.369466279699926,1.787445471624058,1.4220000000000002,지방,충청남도,천안시,산업시설,62-아파트형공장,127.120653313272,36.8473223232275,-10.002350728725906,충남 천안시 서북구 성성동 348번지 일원,유찰만,,,,22.0,21.0
S388BB614,5,2025-01,2025-05,6928.92006,6929.0,3669.8,3486.0,0.5031029008514937,8.0,1,0,1,0.0,-5.563020846723937,1.1193001320714695,1.159,지방,부산광역시,남구,주거시설,16-기타주거시설,,,-5.008447326829801,부산광역시 남구 용호동 720-43번지,유찰만,,,,16.0,16.0
S38B045CD,15,2025-03,2026-06,15703.0,15703.0,,,,,0,0,0,,,0.6696363115069429,-0.957,지방,제주특별자치도,서귀포시,상업시설,21-근린생활시설,126.389016722667,33.2623685972585,,서귀포시 상예동 1689번지 외 26필지,,,,,,
S394FCFCA,2,2026-04,2026-05,55345.0,52238.0,39342.0,35408.0,0.6778207435200428,,1,1,1,0.0,,2.2463683628257938,1.205,지방,울산광역시,남구,주거시설,11-아파트,,,-9.99949163743582,울산광역시 남구 무거동 855-5 일원,,,,,,
S39F8D3BA,5,2025-04,2025-08,13756.0,13756.0,9400.0,9400.0,0.6833381797034022,,0,0,1,0.0,,1.0977772427331218,0.673,지방,충청남도,태안군,주거시설,11-아파트,126.334365094866,36.7297089160043,0.0,태안군 태안읍 반곡리 1148-31,,,,,,
S3A4006C1,2,2026-03,2026-04,48121.769,48121.769,48121.0,48121.0,0.9999840197063412,,0,0,1,0.0,,,2.015,지방,충청남도,아산시,주거시설,11-아파트,126.959032389001,36.7908320286333,0.0,충청남도 아산 신창면 남성리 130-6번지,,,,,,
S3A620A12,6,2025-01,2026-06,71124.8775,67994.0,44003.9,52004.0,0.7648321910756831,1.0,0,0,0,,8.662431948132433,7.922526468802737,5.412,수도권,서울특별시,성동구,주거시설,26-기타상업시설,127.03565763919,37.5628023050013,18.180434006985745,"서울특별시 성동구 도선동 20,25,32,33-1,33-2,34",유찰만,,,,19.0,18.0
S3A67D635,14,2025-03,2026-06,7708.0,8306.0,8306.0,4070.0,0.4900072236937154,,2,1,0,,,0.38244385790947266,-0.774,지방,제주특별자치도,제주시,주거시설,15-타운하우스,126.70624439436,33.4623702299268,-50.999277630628455,"조천읍 선흘리 1825,1823, 1823-6",,,,,,
S3A7CFA7A,8,2025-02,2025-12,6584.0,6583.0,4460.0,3700.0,0.5620537748746772,2.0,2,0,1,0.0,,1.2896121079674434,1.1,수도권,경기도,포천시,산업시설,66-물류센터,127.212827124,37.8703213861234,-17.040358744394624,경기 포천시 군내면 유교리 산4번지 일원,,,,,,
S3AAA7ECA,13,2025-05,2026-06,105235.76099,105633.48416,48279.809,48279.809,0.4570502372796107,,0,0,0,,,4.305650646552067,1.51,지방,대구광역시,수성구,주거시설,12-주상복합,128.622097704584,35.839716659676,0.0,대구광역시 수성구 청수로 128,,,,,,
S3AB8DBB6,16,2025-02,2026-06,15162.941,8473.0,,,,,0,1,0,,,2.6604361653370994,0.5599999999999999,수도권,경기도,평택시,산업시설,11-아파트,127.071349186433,37.0307792169012,,경기도평택시모곡동451-8,,,,,,
S3AE309C9,2,2025-04,2025-05,4764.0,4764.0,2800.0,2800.0,0.5877413937867338,,0,0,1,0.0,0.2161792979282206,1.4059501039519862,1.083,지방,경상북도,안동시,기타시설,76-기타시설,,,0.0,"경상북도 안동시 안막동 540-1번지(토지, 건물)
경상북도 안동시 안막동 540-2번지
경상북도 안동시 안막동 528-2번지
경상북도 안동시 안막동 산91-7번지
경상북도 안동시 안막동 산91-14번지",유찰만,,,,12.0,11.0
S3B8B627B,4,2026-03,2026-06,20345.0,20345.0,22758.0,22758.0,1.1186040796264438,,0,0,0,,,12.470170192273867,0.106,지방,전라북도,정읍시,주거시설,11-아파트,126.840143022335,35.5642156418685,0.0,전북 정읍시 상평동 23-3번지 일원 토지 및 건물,유찰만,,,,7.0,7.0
S3C560EA7,10,2025-08,2026-06,,,,,,,0,0,0,,,,1.669,수도권,경기도,이천시,기타시설,66-물류센터,127.506776939679,37.2246589716518,,이천시 대월면 부필리 419-17 외 11필지,,,,,,
S3D09E326,8,2025-02,2026-05,215241.0,215241.0,101003.0,101003.1,0.4692558573877654,,0,0,1,0.0,,6.720277688970754,0.3859999999999999,지방,대구광역시,달서구,주거시설,12-주상복합,128.536483491521,35.8400750626709,9.900696018583233e-05,달서구 본리동 398번지 일원,,,,,,
S3D0F95B5,8,2025-03,2025-11,8002.0,8002.0,,,,,0,0,1,0.0,,0.8189602493655794,1.391,지방,세종특별자치시,세종,주거시설,11-아파트,127.267820120824,36.6572715256357,,세종 전동면 노장리 605-3 외 9필지,,,,,,
S3DAA7EB3,14,2025-04,2026-06,13550.0,13550.0,9330.0,8397.0,0.6197047970479704,,1,2,0,,14.325337768896048,2.5975143965420555,2.201,지방,부산광역시,강서구,숙박시설,45-기타숙박시설,128.878035941311,35.147522966016,-9.999999999999998,"강서구 범방동 1898-7,9",유찰만,,,,30.0,28.0
S3DB8B19B,3,2025-02,2025-04,15118.679,15119.0,6875.0,6875.39,0.45475163701303,,0,0,1,0.0,,0.4807851447669524,4.503,수도권,서울특별시,서초구,주거시설,11-아파트,127.036201882027,37.4842453548343,0.005672727272743039,서울시서초구양재동11-11공동주택및근생신축사업,,,,,,
S3DDA8020,2,2025-10,2025-11,,,,,,,0,0,1,0.0,,,1.761,수도권,서울특별시,강북구,주거시설,11-아파트,,,,서울 강북구 삼양로 283~299,,,,,,
S3E2101BE,2,2025-07,2025-08,30331.0,30330.0,19346.0,19346.0,0.6378503132212331,,0,0,1,0.0,-8.594678458933448,5.403480155553801,0.493,지방,경상남도,사천시,숙박시설,16-기타주거시설,128.037910668779,34.9484123912129,0.0,"사천시 실안동 1268, 1268-6, 1268-7, 1268-8, 1268-9",유찰만,,,,7.0,6.0
S3EC3E860,1,2025-02,2025-02,26525.0,26525.0,11301.6,11301.6,0.4260735155513666,4.0,0,0,1,0.0,-52.47798613205177,5.909852273586295,1.094,지방,전라남도,광양시,주거시설,11-아파트,127.687904809491,34.9386364082445,0.0,"전라남도 광양시 중동 1913,1914",낙찰,11648.41,2025-03-11 10:00:00,43.91,8.0,5.0
S3EDAE54C,15,2025-03,2026-06,46420.0,56662.0,33658.0,33658.0,0.5940136246514419,,0,1,0,,,2.2143225893156364,0.5599999999999999,수도권,경기도,평택시,산업시설,62-아파트형공장,127.091645842857,37.0332238663932,0.0,경기도 평택시 칠괴동 577-6번지,,,,,,
S3F00856C,6,2025-08,2026-02,,,,,,,0,0,1,,,,-0.6709999999999999,지방,제주특별자치도,제주시,주거시설,14-다세대주택,,,,제주시 조천읍 신촌리 공동주택 PF,,,,,,
S3F538499,6,2025-08,2026-05,18501.0,18501.0,14033.0,14033.0,0.7584995405653748,,0,0,1,0.0,,66.92418085217206,-0.104,지방,전라남도,순천시,상업시설,21-근린생활시설,127.484146328009,34.951363838372,0.0,전남 순천시 장천동 57-1,유찰만,,,,7.0,6.0
S3FDB6B7D,1,2025-08,2025-08,34673.0,34673.0,,,,,0,0,1,0.0,,37.99079401330397,1.512,수도권,경기도,평택시,상업시설,21-근린생활시설,,,,경기도 평택시 비전동 833-1 메디타워 101호 외 18개호,,,,,,
S401AB6DB,16,2025-02,2026-06,49460.178,49460.178,40811.0,24500.0,0.4953479949061243,,1,0,0,,31.552086489284935,14.880203513363849,0.443,지방,전라남도,화순군,주거시설,11-아파트,126.979240982747,35.0607951290546,-39.967165715125816,전라남도화순군화순읍대리87번지일원,유찰만,,,,21.0,20.0
S4055BCED,4,2025-02,2025-05,12708.0,12708.0,5457.0,5457.0,0.4294145420207743,,0,0,1,0.0,,10.431933418661547,1.534,수도권,경기도,파주시,주거시설,13-연립주택,126.754521782345,37.7223804276894,0.0,경기도 파주시 와동동 1409,유찰만,,,,120.0,120.0
S40A69F39,1,2025-04,2025-04,13012.0,13012.0,,,,,0,0,1,0.0,,0.8377123645337815,-0.672,지방,제주특별자치도,제주시,주거시설,15-타운하우스,126.68886562154,33.5281570656189,,"제주 제주시 조천읍 북촌리 산65-2,1938, 1837-1",,,,,,
S40DA32FF,2,2025-02,2025-03,8368.0,8368.0,913.0,3654.0,0.4366634799235181,4.0,0,0,1,0.0,,7.056714562456266,0.67,지방,전라북도,전주시,상업시설,21-근린생활시설,127.078260481687,35.8419181853802,300.2190580503833,전북 전주시 만성동 1261-5,,,,,,
S41534991,1,2026-06,2026-06,30419.0,30419.0,21111.0,21111.0,0.6940070350767612,,0,0,0,,,28.16921842202741,0.519,지방,대구광역시,동구,업무시설,26-기타상업시설,128.626097731516,35.8771135253502,0.0,대구광역시동구신천동66-4,,,,,,
S41549F93,6,2025-05,2025-11,4580.0,45800.0,2955.0,29550.0,0.6451965065502183,,0,0,1,1.0,5.87354352221195,97.86044170159741,2.103,수도권,경기도,남양주시,주거시설,16-기타주거시설,127.210104621142,37.5832478136339,900.0,경기 남양주시 와부읍 덕소리 557,유찰만,,,,56.0,56.0
S41596FF1,9,2025-04,2026-06,80511.0,80511.3,61803.0,61803.452798,0.7676369999987579,,0,0,0,,16.724650731603624,2.5150396083814313,2.8049999999999997,수도권,경기도,용인시,산업시설,66-물류센터,,,0.0007326472824864538,경기도 용인시 처인구 남사면 통삼리 636-5번지 일원,유찰만,,,,6.0,5.0
S419B0AFB,2,2025-02,2025-03,26366.0,26365.0,17400.0,17400.0,0.6599658638346293,,0,0,1,0.0,,4.569144379253244,0.692,지방,대구광역시,서구,기타시설,71-의료시설,128.572637166065,35.86245211981,0.0,"대구 서구 내당동 866-9 외 5필지, 위지상 건물",취소,,,,5.0,3.0
S4207E216,5,2025-02,2025-10,8502.0,8502.0,,,,,0,0,1,0.0,,3.136706589986062,1.918,지방,강원도,속초시,숙박시설,45-기타숙박시설,128.593091251234,38.1907021086624,,속초시 조양동 1558-3,,,,,,
S42364E05,1,2026-06,2026-06,14455.0,14455.0,11000.0,11000.0,0.7609823590453131,,0,0,0,,,17.14063473140325,2.419,수도권,경기도,화성시,상업시설,21-근린생활시설,126.911913719909,37.1153293398424,0.0,경기화성시향남읍하길리1470외1필지,유찰만,,,,3.0,2.0
S425510B1,2,2025-05,2025-06,1108.0,1108.0,,,,,0,0,1,,,0.7683778501864762,1.174,지방,경상북도,김천시,주거시설,11-아파트,128.152260923447,36.111352429264,,경북 김천시 덕곡동,,,,,,
S4291E794,6,2025-02,2025-07,69421.0,69421.0,64350.0,64350.0,0.9269529393123118,,0,0,1,0.0,,5.360695554221756,1.469,지방,대전광역시,유성구,주거시설,11-아파트,127.346137944587,36.3543629803903,0.0,대전광역시유성구봉명동546-5번지일원,,,,,,
S4312C70C,3,2026-04,2026-06,14573.0,14573.0,,,,,0,0,0,,,10.371218205036802,0.6619999999999999,지방,울산광역시,북구,상업시설,21-근린생활시설,129.36536212043228,35.60114113657085,,울산광역시 북구 송정동 1234-3 송정테라스 101호외,,,,,,
S43F81975,5,2025-02,2025-06,84422.0,84422.0,,,,,0,0,1,0.0,,5.735022120615219,1.853,수도권,경기도,김포시,주거시설,12-주상복합,126.720892088009,37.6134129013326,,김포시 풍무동 3-11번지 일원,유찰만,,,,8.0,8.0
S447224EA,2,2026-05,2026-06,134805.0,134805.0,,,,,0,0,0,,,19.642384416802614,1.247,지방,경상남도,김해시,상업시설,21-근린생활시설,,,,김해시 무계동 무계지구 도시개발구역 7블록(김해시 무계로56),,,,,,
S449F6AB8,2,2025-10,2025-11,31305.0,31305.0,,,,,0,0,1,0.0,,15.779852424852805,0.8230000000000001,지방,대구광역시,동구,주거시설,12-주상복합,,,,대구광역시 신천동 290-5,,,,,,
S44AA84D4,1,2025-03,2025-03,,,,,,,0,0,1,0.0,,,1.51,지방,세종특별자치시,세종,상업시설,25-상가,127.27541973133062,36.47252416223188,,세종특별자치시 대평동 680,,,,,,
S44E3A048,6,2025-01,2025-06,5321.1964,5321.0,3718.83,1523.0,0.286224393910919,2.0,4,0,1,0.0,,1.0103035057027,0.654,지방,전라남도,광양시,주거시설,11-아파트,127.717748668806,34.9603835430194,-59.04625917291191,전남 광양시 광영동 398 외,,,,,,
S4562DAB6,5,2025-01,2025-10,2638.0,2638.0,,,,,0,0,1,0.0,,2.2616598079561054,0.673,지방,충청남도,태안군,숙박시설,45-기타숙박시설,126.292756000592,36.6736218670285,,충남 태안군 남면 신장리403-7,,,,,,
S456DC1C1,16,2025-02,2026-06,12468.0,12468.0,,,,,0,0,0,,,5.885386519356516,0.646,지방,경상북도,포항시,주거시설,12-주상복합,,,,경북 포항시북구용흥동120-2번지,,,,,,
S458CE799,3,2025-08,2025-11,23488.0,23488.0,,,,,0,0,1,0.0,,2.94419277867321,2.079,수도권,경기도,광주시,주거시설,12-주상복합,127.239318121973,37.3829000433502,,광주시 장지동 산67번지 일원,,,,,,
S45AD16FC,4,2025-04,2025-08,9618.0,9618.0,,,,,0,0,1,0.0,,1.3508840064503271,1.807,수도권,경기도,이천시,산업시설,66-물류센터,127.524470989548,37.2586821636943,,이천시 부발읍 송온리 315번지,,,,,,
S45CB5324,8,2025-02,2025-10,87100.0,87100.0,92959.0,92959.0,1.067267508610792,5.0,0,0,1,0.0,,12.601674430804408,1.7640000000000002,수도권,경기도,이천시,산업시설,66-물류센터,127.566464655378,37.1747572661222,0.0,이천시 설성면 자석리 121-1,유찰만,,,,5.0,5.0
S462CCA2F,8,2025-02,2025-10,107002.0,108312.0,49294.0,37017.0,0.3417626855750055,,2,1,1,1.0,-7.5844139737054865,3.2141374209024307,1.093,지방,대구광역시,중구,주거시설,12-주상복합,128.585504764883,35.8702321379491,-24.905668032620596,대구중구계산동1가2-9번지 외,유찰만,,,,31.0,31.0
S468E8CAB,14,2025-02,2026-04,11502.0,11502.0,,,,,0,0,1,0.0,,1.5146181066621283,-0.951,지방,제주특별자치도,서귀포시,주거시설,15-타운하우스,126.771871025529,33.3020463771046,,"제주 서귀포시 남원읍 신흥리 113, 114, 113-2, 114-6, 114-7",,,,,,
S46910EBF,3,2025-04,2025-06,7592.0,7592.0,,,,,0,0,1,1.0,,5.263060226201076,3.4570000000000003,수도권,경기도,용인시,주거시설,16-기타주거시설,127.232508604602,37.2795940575733,,용인시 처인구 삼계리 557-3외7필지,,,,,,
S46BBE2A2,13,2025-03,2026-04,24936.0,27136.0,16500.0,16000.0,0.589622641509434,,1,1,1,0.0,,19.799205999117778,-0.714,지방,제주특별자치도,제주시,숙박시설,12-주상복합,126.492587865661,33.4934867401254,-3.0303030303030276,제주특별자치도 제주시 연동 280-3 외 3필지,,,,,,
S46C8BB31,2,2026-05,2026-06,76807.0,76807.0,59002.0,59002.0,0.768185191453904,,0,0,0,,,27.818436144895344,2.33,수도권,경기도,남양주시,주거시설,16-기타주거시설,127.203915477732,37.7205437290675,0.0,경기도남양주시진접읍금곡리1055,,,,,,
S46E58956,3,2025-01,2025-03,9730.687,9730.0,6050.5,6050.0,0.6217882836587872,2.0,0,0,1,0.0,,64.43615384615384,1.006,지방,경상북도,예천군,업무시설,31-오피스텔,128.473287921708,36.5757640521066,-0.00826377985290172,경상북도 예천군 호명읍 산합리 1154,,,,,,
S4754906B,3,2025-02,2025-04,438.121,438.0,410.0,410.0,0.9360730593607306,,0,0,1,0.0,,0.2485529451821587,0.637,지방,충청남도,태안군,기타시설,76-기타시설,126.21502028637,36.8667760518876,0.0,충청남도 태안군 원북면 황촌리 393-3 일원,,,,,,
S47FCEEE0,17,2025-01,2026-06,34255.0,34255.0,22461.0,34234.0,0.9993869508101008,5.0,0,0,0,,,17.481855029794936,-0.144,지방,전라남도,순천시,주거시설,12-주상복합,127.520598137551,34.9707204875023,52.415297626997905,전남 순천시 동외동 35-8외 28필지,취소,,,,6.0,5.0
S48577CA9,9,2025-02,2025-11,,,,,,,0,0,1,0.0,,,3.0780000000000003,수도권,서울특별시,종로구,주거시설,31-오피스텔,127.016724898039,37.5707525680622,,종로구 창신동 401-31,,,,,,
S48F17253,15,2025-02,2026-06,16672.54,27136.0,11500.0,9200.0,0.3390330188679245,,2,1,0,,,21.813758146270818,-0.774,지방,제주특별자치도,제주시,주거시설,12-주상복합,,,-19.999999999999996,제주시연동274-40,,,,,,
S492D9709,1,2025-02,2025-02,26014.888,26014.888,21643.1,21643.1,0.8319505354011134,5.0,0,0,1,0.0,,1.235702009698704,1.898,지방,부산광역시,해운대구,주거시설,16-기타주거시설,,,0.0,부산광역시 해운대구 중동 145-5번지 외,유찰만,,,,5.0,4.0
S4947BBD6,5,2026-02,2026-06,29594.0,29594.0,16000.0,16000.0,0.5406501317834697,,0,0,0,,,1.1843681950008773,1.247,지방,경상남도,김해시,기타시설,66-물류센터,128.826614478583,35.2596023269221,0.0,경상남도 김해시 주촌면 덕암리 993번지 외 1필지,유찰만,,,,8.0,8.0
S49711340,1,2025-08,2025-08,1189.0,1189.0,,,,,0,0,1,0.0,,7.185737308622087,0.766,지방,경상북도,상주시,숙박시설,45-기타숙박시설,128.159663371326,36.4169769326713,,경상북도 상주시 상산로 294,,,,,,
S499A3205,16,2025-02,2026-06,51647.53548,51647.53548,27779.344623,27779.344623,0.5378638954371265,7.0,0,0,0,,,14.779695831584572,-0.416,지방,전라남도,여수시,주거시설,12-주상복합,127.751635931555,34.7200500901793,0.0,여수시 돌산읍 우두리 1068-7번지,,,,,,
S49D4C3F2,9,2025-04,2026-06,12230.0,12231.0,4195.233,4195.233,0.343,,0,0,0,,,7.498628112804382,1.349,지방,대전광역시,대덕구,주거시설,14-다세대주택,127.426177385443,36.357850313232,0.0,"대전 대덕구 중리동 238-7번지, 238-8번지",,,,,,
S4A4DE53A,5,2025-01,2025-05,2220.0,2280.0,1596.0,1596.0,0.7,,0,1,1,0.0,6.901697356721897,0.7739081903859526,-0.853,지방,제주특별자치도,서귀포시,주거시설,15-타운하우스,126.413457577693,33.2689801161779,0.0,제주 서귀포시 색달동1161번지 외 8필지,유찰만,,,,20.0,19.0
S4AD594B6,5,2026-02,2026-06,65135.0,65135.0,36500.0,36500.0,0.5603746065863208,,0,0,0,,,1.7477082931264267,0.232,지방,부산광역시,중구,업무시설,31-오피스텔,129.03390050119415,35.09906946524328,0.0,부산광역시 중구 광복동1가 7 외 10필지,유찰만,,,,7.0,6.0
S4AE144DB,10,2025-04,2026-02,29698.0,29698.0,,,,,0,0,1,0.0,,10.681921318472272,1.3829999999999998,지방,충청북도,청주시,상업시설,21-근린생활시설,127.430735728224,36.6289457467152,,청주시 흥덕구 가경동 1032외 8필지,,,,,,
S4B392F95,7,2025-08,2026-03,30116.0,30116.0,,,,,0,0,1,0.0,,8.853592938420713,0.065,지방,경상남도,창원시,업무시설,31-오피스텔,128.585878501194,35.221039296317,,경남 창원시 마산합포구 산호동 8-2번지,,,,,,
S4B47A1F9,7,2025-04,2026-06,84007.0,80640.0,65109.0,65109.0,0.8074032738095238,,0,2,0,,,1.895537595863613,6.1850000000000005,수도권,서울특별시,강남구,주거시설,21-근린생활시설,127.060882394095,37.4937734622462,0.0,서울특별시 강남구 대치동 603번지 일원,낙찰,65109.8,2026-04-29 09:00:00,76.64418226374484,6.0,5.0
S4BE3B6ED,2,2025-03,2025-04,33534.0,33534.0,5979.0,4876.0,0.1454046639231824,,1,0,1,0.0,,1.8599447956554098,1.916,수도권,경기도,김포시,주거시설,11-아파트,126.646762796246,37.6493253661048,-18.44790098678709,경기 김포시 양촌읍 석모리 933-8외 12필지,유찰만,,,,8.0,7.0
S4BEEBE72,16,2025-02,2026-06,46573.0,46573.0,34328.0,34328.0,0.7370794237004273,,1,0,0,,20.920345800553307,3.241728398685443,1.018,수도권,경기도,포천시,주거시설,11-아파트,127.1906957039,37.8870389912012,0.0,포천시 어룡동 405,유찰만,,,,8.0,7.0
S4CC9508F,1,2025-08,2025-08,9746.0,9746.0,,,,,0,0,1,0.0,,4.2910764015013925,1.866,수도권,서울특별시,노원구,주거시설,13-연립주택,127.070262608137,37.6282610118996,,노원구 공릉동 312-24외 5번지,,,,,,
S4D95E598,2,2025-02,2025-03,37957.0,37957.0,,,,,0,0,1,0.0,,1.4754681916403198,3.3,수도권,경기도,성남시,주거시설,11-아파트,127.127229360628,37.4350666274581,,성남시 수정구 수진동 4785-7번지 일원,,,,,,
S4DDE817B,6,2025-07,2026-01,11080.0,11080.0,1108.0,1108.0,0.1,,0,0,1,0.0,,7.365851200198641,0.608,지방,경상남도,양산시,주거시설,12-주상복합,129.010877447448,35.3153145606251,0.0,경남 양산시 물금읍 범어리 2783-1,,,,,,
S4E26D415,11,2025-01,2026-01,25582.2215,25582.0,15000.0,15000.0,0.5863497771870847,1.0,0,0,1,0.0,,0.5420322149395568,0.38,지방,광주광역시,북구,주거시설,15-타운하우스,126.867208740196,35.178101126589,0.0,광주광역시북구동림동산144일원,유찰만,,,,10.0,9.0
S4E510512,10,2025-07,2026-05,23020.0,23020.0,14600.0,23500.0,1.0208514335360557,,1,0,1,0.0,11.043049849489766,3.0176716563012844,0.7809999999999999,지방,강원도,평창군,기타시설,45-기타숙박시설,,,60.95890410958904,"강원도 평창군 대관령면 횡계리 산 455, 평창군 대관령면 횡계리 245-7",유찰만,,,,30.0,30.0
S4E9CE545,3,2025-04,2025-06,7551.0,7551.0,3700.0,3700.0,0.4900013243279036,,0,0,1,0.0,,0.2690596189936208,-0.668,지방,제주특별자치도,제주시,기타시설,76-기타시설,,,0.0,"제주특별자치도 제주시 한림읍 협재리 2267,2271,2281",,,,,,
S4E9EA74C,11,2025-02,2026-04,36327.0,36326.7,,,,,0,0,1,0.0,,2.33308272293111,-0.714,지방,제주특별자치도,제주시,주거시설,13-연립주택,,,,제주특별자치도 제주시 화북이동 5571번지 일원,,,,,,
S4EA7B1E3,5,2025-02,2025-08,45016.0,45000.0,,,,,0,0,1,0.0,,1024.8291394029168,-0.784,지방,경상남도,거제시,주거시설,15-타운하우스,128.69222498125,34.832860576809,,경남 거제시 일운면 소동리 산46-6,,,,,,
S4EBFED0A,7,2025-02,2025-08,17017.0,17017.0,8560.0,8560.0,0.5030263853793265,1.0,0,0,1,0.0,,19.13601461880414,1.404,지방,부산광역시,기장군,주거시설,31-오피스텔,129.219345817567,35.2389106184846,0.0,부산 기장군 기장읍 청강리 109번지,유찰만,,,,9.0,8.0
S4EDAB20A,2,2025-10,2025-11,14586.0,14586.0,,,,,0,0,1,0.0,,1.6644027900002847,0.881,지방,경상북도,경주시,주거시설,11-아파트,,,,경주시 동방동 16B1L,,,,,,
S4F112563,1,2025-04,2025-04,17282.0,17282.0,,,,,0,0,1,0.0,,77.42213184720943,0.48,지방,전라북도,고창군,주거시설,13-연립주택,126.694029963374,35.4323362729708,,전라북도 고창군 고창읍 읍내리 568외 2필지,,,,,,
S4F4F1B40,17,2025-01,2026-06,20023.0,20023.0,,,,,0,0,0,,-24.373742038259785,2.6347693721190986,-0.957,지방,제주특별자치도,서귀포시,상업시설,26-기타상업시설,126.519923307959,33.2509531837306,,제주 서귀포시 서호동 1615-11번지 외,취소,,,,75.0,57.0
S4FAB26F8,1,2025-04,2025-04,,,,,,,0,0,1,1.0,,,1.569,지방,대전광역시,유성구,업무시설,31-오피스텔,127.387083357596,36.3771630932471,,대전광역시 유성구 도룡동,,,,,,
S4FCC3641,1,2025-04,2025-04,30201.0,30201.0,,,,,0,0,1,,,4.591837508243464,1.203,지방,경상남도,양산시,주거시설,11-아파트,129.146974672453,35.381562218047,,경상남도 양산시 평산동,,,,,,
S5038F53F,3,2025-07,2025-12,3169.0,3169.0,2100.1,2100.1,0.6627011675607447,,0,0,1,0.0,,0.7945983005399578,1.251,지방,충청북도,진천군,산업시설,66-물류센터,127.489346476348,36.9115998340502,0.0,충북 진천군 덕산읍 신척리 산108,낙찰,2111.1,2025-11-10 09:00:00,65.96024950602455,5.0,4.0
S5123A176,1,2025-07,2025-07,22103.0,22103.0,11000.0,11000.0,0.4976699995475727,,0,0,1,0.0,-8.318916400770638,17.741578689595123,1.12,지방,경상북도,김천시,주거시설,11-아파트,128.152171685819,36.1178407412645,0.0,김천시 덕곡동 1059-8 외13필지,취소,,,,8.0,5.0
S51615967,2,2025-02,2025-03,,,,,,,0,0,1,0.0,,,1.642,수도권,인천광역시,중구,숙박시설,45-기타숙박시설,126.561438583062,37.4861477906891,,"인천 중구 중산동 1874-3,4번지",,,,,,
S51F4B529,1,2026-06,2026-06,19512.0,19512.0,14537.0,14537.0,0.7450287002870029,,0,0,0,,,3.2197729333279206,1.967,수도권,경기도,광주시,산업시설,66-물류센터,127.316259617249,37.3853402893526,0.0,초월읍 선동리 356-5 외,,,,,,
S521420DD,1,2026-06,2026-06,31491.0,31491.0,9981.0,9981.0,0.3169476993426693,,0,0,0,,,0.1140967259256792,0.804,지방,경상북도,경주시,산업시설,67-기타산업시설,129.420471858755,35.692014309552,0.0,경북 경주시 양남면 기구리 267-1 외,,,,,,
S526D08F0,5,2025-04,2025-08,30009.455,30009.0,,,,,0,0,1,0.0,,1.2168896749268636,3.08,수도권,서울특별시,영등포구,주거시설,16-기타주거시설,,,,서울특별시 영등포구 문래동3가 16-17 외,,,,,,
S53198E06,5,2025-02,2025-06,12637.0,12637.0,,,,,0,0,1,0.0,,13.92912097844442,1.697,지방,강원도,춘천시,주거시설,12-주상복합,127.714575861676,37.8735123953265,,강원 춘천시 근화동 266-2,,,,,,
S54705827,1,2026-03,2026-03,155607.0,155607.0,91000.0,91000.0,0.5848065961042883,,0,0,1,0.0,,5.06578313694526,2.0709999999999997,수도권,서울특별시,금천구,주거시설,12-주상복합,126.898387824675,37.4674648290909,0.0,서울특별시 금천구 독산동 1030-1,유찰만,,,,10.0,10.0
S5486BF91,12,2025-02,2026-02,12519.0,12519.0,8342.0,13864.0,1.107436696221743,8.0,0,0,1,0.0,43.43126983318331,14.196873985060087,1.459,지방,충청남도,천안시,상업시설,21-근린생활시설,127.151222019049,36.8000107205509,66.19515703668183,충남 천안시 동남구 영성동 102-1 외 6,유찰만,,,,6.0,5.0
S549C5C5D,2,2025-08,2025-10,10882.0,18759.0,8500.0,8500.0,0.4531158377312223,,0,1,1,0.0,,6.457341491909853,2.9709999999999996,수도권,경기도,화성시,주거시설,12-주상복합,126.948473514132,37.2190242116804,0.0,화성시 봉담읍 상리 26-6번지,유찰만,,,,9.0,8.0
S54A0D50E,14,2025-04,2026-06,13505.0,13736.0,,,,,0,1,0,,,11.651131837088275,1.714,지방,세종특별자치시,세종,주거시설,16-기타주거시설,,,,세종특별자치시 나성동 780,,,,,,
S54F26513,2,2025-04,2025-05,12094.0,12094.0,9191.44,9191.44,0.76,,0,0,1,0.0,,2.200576194086429,2.427,수도권,서울특별시,중랑구,주거시설,16-기타주거시설,127.077132706159,37.5921918410297,0.0,서울시 중랑구 면목동 1547번지,낙찰,346.13,2024-12-27 09:00:00,76.07,72.0,59.0
S550D0D46,16,2025-02,2026-06,62688.58,62689.0,63942.0,36317.0,0.5793201359090111,,1,0,0,,7.874016171069901,3.5910864563290197,6.247,수도권,서울특별시,용산구,업무시설,32-오피스빌딩,,,-43.20321541396891,"서울특별시 용산구 이태원동 124-3,124-4",유찰만,,,,32.0,32.0
S55294A89,10,2025-04,2026-02,14582.0,14582.0,,,,,0,0,1,0.0,,0.38169663099980355,2.904,수도권,경기도,용인시,산업시설,66-물류센터,,,,경기도 용인시 기흥구 언남동 산 75-2,,,,,,
S556147A0,13,2025-01,2026-02,42050.0,42050.0,29365.0,29365.0,0.6983353151010702,,0,0,1,0.0,,1.5585928825999305,0.7539999999999999,수도권,경기도,평택시,산업시설,66-물류센터,,,0.0,경기도 평택시 서탄면 수월암리 787,,,,,,
S55F5F23A,3,2025-01,2025-03,17226.0,17226.0,9058.400714,9692.0,0.5626378729827005,1.0,0,0,1,0.0,,15.655266445078976,2.9400000000000004,수도권,경기도,시흥시,업무시설,31-오피스텔,,,6.994604301626395,경기도 시흥시 신천동 707-30 외,유찰만,,,,8.0,7.0
S566FDED2,3,2025-04,2025-06,22606.0,22606.0,,,,,0,0,1,0.0,,0.8709854036165294,3.237,수도권,서울특별시,마포구,주거시설,11-아파트,126.95620692697,37.5468753348349,,서울특별시 마포구 신공덕동 5-27,,,,,,
S56A638A4,2,2026-05,2026-06,61367.0,61367.0,47000.0,47000.0,0.7658839441393583,,0,0,0,,,1.520890029496442,1.203,지방,울산광역시,남구,주거시설,12-주상복합,129.328967034765,35.5372843455211,0.0,울산광역시 남구 달동 1247-3번지 외 7필지,유찰만,,,,3.0,2.0
S56E7F14D,1,2025-02,2025-02,17716.0,17716.0,,,,,0,0,1,0.0,,1.4547682315726895,0.358,지방,대전광역시,중구,주거시설,11-아파트,127.391365518458,36.3151926221571,,중구 유천동 332-1외22필지,,,,,,
S5722BA55,10,2025-01,2026-06,20006.168641,20006.0,6156.0,5540.0,0.2769169249225232,3.0,2,0,0,,,2.3109725481268306,0.5599999999999999,수도권,경기도,평택시,주거시설,13-연립주택,127.064573557969,36.9560123813793,-10.00649772579597,경기 평택시 팽성읍 남산리 323-1 외 10필지,유찰만,,,,40.0,39.0
S57236455,3,2025-08,2026-01,32068.0,32032.0,26258.1,26258.0,0.8197427572427572,,0,0,1,0.0,,5.020504771067035,2.283,지방,부산광역시,수영구,업무시설,12-주상복합,129.115518152296,35.1657401657956,-0.0003808348661871186,부산 수영구 광안동 89-7번지 외 2필지,유찰만,,,,6.0,6.0
S574B8BF0,1,2026-06,2026-06,8581.0,8581.0,6850.0,6850.0,0.7982752592937886,,0,0,0,,,2.469140571554156,0.7989999999999999,지방,충청북도,충주시,상업시설,66-물류센터,127.834384613506,37.0026112021291,0.0,충청북도 충주시 대소원면 완오리 1196,,,,,,
S577A7CBC,4,2026-03,2026-06,10248.0,10248.0,,,,,0,0,0,,,0.48211070373796583,3.919,수도권,서울특별시,서대문구,주거시설,12-주상복합,126.91279960922,37.5848552600959,,서울특별시 서대문구 북가좌동 338-19,,,,,,
S581406EC,1,2026-06,2026-06,23000.0,23000.0,,,,,0,0,0,,,2.2759215776413986,0.379,지방,대구광역시,서구,상업시설,26-기타상업시설,,,,대구시 서구 비산동 2037-33,,,,,,
S5886D9EC,1,2026-06,2026-06,,,,,,,0,0,0,,,,2.8049999999999997,수도권,경기도,용인시,주거시설,12-주상복합,,,,경기도 용인시 처인구 역북동 363번지 일원,,,,,,
S5939DD89,4,2025-02,2025-05,100069.0,100069.0,45360.0,45360.0,0.453287231810051,1.0,0,0,1,,,1.8190786729911521,3.399,수도권,경기도,과천시,상업시설,21-근린생활시설,,,0.0,경기과천시갈현동과천지식정보타운공동주택지구5-1블록외,유찰만,,,,11.0,11.0
S59EA7FBD,1,2025-02,2025-02,17110.0,17110.0,7079.6,7079.6,0.4137697253068381,,0,0,1,0.0,,23.15836297856125,1.283,지방,전라남도,여수시,레져시설,기타레져시설,127.63692509553,34.7633526723758,0.0,여수 죽림리 1191,,,,,,
S59F5B15F,14,2025-04,2026-06,37562.0,37562.0,,,,,0,0,0,,,1.2795716250981277,0.5599999999999999,수도권,경기도,평택시,산업시설,66-물류센터,,,,경기도 평택시 진위면 가곡리550외 5필지,,,,,,
S5A2B1E84,5,2025-08,2026-06,9017.0,15059.0,,,,,0,1,0,,,0.5968387358974101,1.4220000000000002,지방,충청남도,천안시,산업시설,66-물류센터,127.235000325259,36.7482447946173,,충청남도 천안시 동남구 성남면 신사리 산70-1 외 39필지,,,,,,
S5B438CB8,7,2025-03,2026-01,5720.0,5400.0,4279.0,4279.0,0.7924074074074074,,0,1,1,0.0,,27.08493637170761,0.72,지방,충청남도,보령시,주거시설,13-연립주택,126.50732892274,36.3244986410605,0.0,충청남도 보령시 신흑동  911-75,유찰만,,,,4.0,4.0
S5B794734,7,2025-02,2025-08,10135.0,10135.0,,,,,0,0,1,0.0,,0.1393757120180567,1.21,지방,부산광역시,연제구,주거시설,11-아파트,,,,부산시 연제구 연산동 1849-38번지외 6필지,,,,,,
S5BAABD04,2,2025-01,2025-08,2108.0,545.0,,,,,0,1,1,0.0,,1.5599135692047112,2.275,수도권,경기도,수원시,주거시설,11-아파트,127.021160391689,37.2998458998647,,수원시 장안구 조원동 469-5번지 일원,,,,,,
S5CC17A71,5,2026-02,2026-06,3131.0,3131.0,2030.0,2030.0,0.6483551580964548,,0,0,0,,20.878689904327494,2.618833680150231,0.921,수도권,인천광역시,중구,숙박시설,41-호텔,126.373799899772,37.4491359688545,0.0,중구 을왕동 762-4외3필지,유찰만,,,,8.0,7.0
S5D01398D,2,2025-01,2025-02,20544.216,11672.8,8843.611343,8840.0,0.7573161537934343,1.0,0,1,1,,,2.9088795987911906,1.472,지방,충청북도,충주시,산업시설,67-기타산업시설,,,-0.0408356140939925,충청북도 충주시 동충주산업단지 내 E3-3 BL,유찰만,,,,9.0,8.0
S5D31E37E,1,2026-03,2026-03,25195.0,25195.0,14880.0,14880.0,0.5905933717007342,,0,0,1,,,0.5363151803856978,2.2060000000000004,수도권,경기도,수원시,업무시설,62-아파트형공장,,,0.0,"일괄매각 (수원시 원천동 366-7, 406-5, 405-1), 단독매각 (수원시 원천동 490)",,,,,,
S5D431712,12,2025-06,2026-06,51591.0,51591.0,50275.7,43032.6,0.8341106006861662,,2,0,0,,,4.259061052436369,1.705,지방,대전광역시,유성구,주거시설,12-주상복합,127.34680004302,36.3552152847171,-14.406761119188793,대전시 유성구 봉명동 545-1번지 외,유찰만,,,,55.0,54.0
S5D7FF988,3,2025-01,2025-03,10507.5,10507.0,,,,,0,0,1,,,2.366307218309859,-0.668,지방,제주특별자치도,제주시,주거시설,11-아파트,,,,"제주시 도련1동 1751-4,1751-5,1751-6,1752,1754,1800-1,1803-1,1803-2",,,,,,
S5D8F500B,2,2025-06,2025-07,,,,,,,0,0,1,,,,0.548,지방,대전광역시,동구,주거시설,12-주상복합,,,,동구 문창동 38-3번지,,,,,,
S5E440110,9,2025-01,2025-11,1835.0,1835.0,,,,,0,0,1,0.0,,0.1659332580221025,2.867,수도권,경기도,화성시,주거시설,15-타운하우스,126.732382894703,37.1706140439,,"화성시 마도면 고모리 산99, 산99-1, 267-14, 267-1",,,,,,
S5F201368,2,2025-05,2025-06,30201.0,30201.0,,,,,0,0,1,0.0,,5.64718452425995,1.144,지방,경상남도,양산시,주거시설,11-아파트,129.154453726637,35.3801241235176,,경상남도 양산시 평산동 146-15일원,,,,,,
S5F50F311,10,2025-02,2025-12,5950.0,5950.0,,,,,0,0,1,0.0,,1.557116368586584,-0.6639999999999999,지방,제주특별자치도,제주시,주거시설,타운하우스,,,,"제주특별자치도 제주시 오라이동 3128, 3125-1, 3130-1, 3125-3, 3125-2",,,,,,
S5FA83185,2,2026-04,2026-06,95703.0,95703.0,,,,,0,0,0,,,26.932853035744344,0.3859999999999999,지방,경상북도,칠곡군,주거시설,11-아파트,128.406951062152,36.0743096561601,,경상북도 칠곡군 석적읍 중리 647번지 일원,,,,,,
S5FE3DF8B,1,2025-02,2025-02,13012.0,13012.0,,,,,0,0,1,0.0,,0.8920085363091192,-0.6499999999999999,지방,제주특별자치도,제주시,주거시설,15-타운하우스,126.68758915491,33.5281415005846,,제주 제주시 조천읍 북촌리1938 외,,,,,,
S6055ED93,3,2025-04,2025-06,7072.0,7072.0,,,,,0,0,1,0.0,,0.1673648088983552,0.937,지방,경상북도,경주시,레져시설,54-관광단지,129.276326941956,35.8088627945186,,경상북도 경주시 천군동 1310-3외 13필지,,,,,,
S60625312,16,2025-01,2026-05,2882.242,2882.0,1412.0,1412.0,0.4899375433726579,,0,0,1,0.0,,1.768965212702663,0.605,지방,강원도,홍천군,주거시설,16-기타주거시설,,,0.0,강원도 홍천군 서면 모곡리 518-49외 24필지,,,,,,
S606A899F,3,2025-08,2025-11,33915.0,33915.0,22512.0,22512.0,0.6637770897832818,,0,0,1,0.0,,7.510302169987744,2.141,지방,부산광역시,수영구,주거시설,12-주상복합,129.114244985244,35.1591334453692,0.0,부산시 수영구 광안동 141-5외 1필지,유찰만,,,,9.0,8.0
S60ED02F0,1,2026-06,2026-06,44045.0,44045.0,,,,,0,0,0,,,7.379790532089881,1.51,지방,대구광역시,수성구,주거시설,11-아파트,,,,대구광역시 수성구 황금동 664번지 외,,,,,,
S60EF3D6D,2,2025-02,2025-03,38584.0,38584.0,25712.0,25712.0,0.6663902135600249,1.0,0,0,1,0.0,,0.8902555046834706,2.335,수도권,경기도,평택시,산업시설,66-물류센터,,,0.0,"총 39필지 평택시 청북읍 고잔리 1617, 산60
평택시 청북읍 고렴리 749-11, 749-12, 749-14, 749-15, 749-16, 749-17, 750, 750-2, 750-3, 750-7, 750-8, 750-9, 750-10, 750-11, 750-12, 751, 751-1, 751-2, 751-3, 751-4, 751-5, 751-7, 875-2, 984-1, 984-2, 985, 986, 987, 988, 1054, 1055, 1054-1, 산161-3, 산161-5, 산161-6, 산163-4, 산163-6",,,,,,
S612EADA0,2,2025-12,2026-01,32013.0,32013.0,,,,,0,0,1,0.0,,1.1134714787085171,0.983,지방,충청북도,충주시,산업시설,67-기타산업시설,127.825260335425,37.0785175735096,,충북 충주시 앙성면 능암리 212 외,,,,,,
S61384ED9,2,2025-02,2025-03,30408.0,30408.0,,,,,0,0,1,0.0,,12.191203937336297,2.9400000000000004,수도권,경기도,시흥시,업무시설,33-기타업무시설,,,,"경기 시흥시 능곡동 4007-2,3번지",유찰만,,,,10.0,10.0
S61E1DB49,1,2026-03,2026-03,10045.0,10045.0,,,,,0,0,1,,,6.464451937900021,0.963,수도권,인천광역시,중구,주거시설,16-기타주거시설,,,,인천광역시 중구 중산동 1886-12,,,,,,
S6281BCD8,2,2026-05,2026-06,7687.0,7687.0,,,,,0,0,0,,,4.609464776931584,1.763,수도권,경기도,파주시,주거시설,13-연립주택,126.772812237532,37.7113623577724,,파주시 야당동 114-188 외,,,,,,
S62BC2A86,1,2026-05,2026-05,12766.0,12766.0,,,,,0,0,1,0.0,,4.103431090665133,4.127,수도권,서울특별시,동작구,주거시설,31-오피스텔,,,,서울동작구노량진동59-26외,,,,,,
S62EAE3ED,6,2025-01,2025-06,44029.09836,44029.0,27088.4,27088.0,0.6152308705625837,2.0,0,0,1,0.0,9.350004519764116,8.431861506506536,1.087,지방,충청북도,제천시,주거시설,11-아파트,128.219985112602,37.1235477369517,-0.001476646830378403,충북 제천시 강제동 275번지 일원,유찰만,,,,8.0,8.0
S63470B37,5,2026-02,2026-06,21853.0,21853.0,1400.0,1400.0,0.064064430512973,,0,0,0,,,1.1812573346634518,0.804,지방,경상북도,경주시,주거시설,15-타운하우스,129.282952500805,35.8727501211182,0.0,경상북도 경주시 천북면 물천리 678-32 외,,,,,,
S637D16C3,17,2025-01,2026-06,9521.341,9521.0,6664.0,6664.0,0.6999264783111018,,0,0,0,,,1.28679311172127,-0.957,지방,제주특별자치도,서귀포시,주거시설,15-타운하우스,126.307764671526,33.2361534661252,0.0,제주 서귀포시 사계리 242 외 11필지,,,,,,
S63A3D622,2,2025-01,2025-03,16300.16262,16300.0,9500.0,9500.0,0.5828162713139853,1.0,0,0,1,,,2.265749890034024,1.903,지방,부산광역시,동래구,주거시설,11-아파트,,,0.0,동래구 우장충로4번길 19,,,,,,
S64429504,7,2025-01,2025-07,43000.0,43000.0,26010.0,26010.0,0.6048837209302326,6.0,0,0,1,0.0,,1.8497031326144189,1.333,지방,세종특별자치시,세종,주거시설,16-기타주거시설,,,0.0,세종특별자치시 장군면 대교리 126-2번지 일원,유찰만,,,,6.0,6.0
S646E9B5F,10,2025-08,2026-06,98619.0,98619.0,48510.0,48510.0,0.4918930429227633,,0,2,0,,,3.776952822331083,1.208,수도권,경기도,여주시,상업시설,66-물류센터,,,0.0,경기도 여주 삼교지구 복합물류센터 토지 브릿지,유찰만,,,,10.0,10.0
S648ACBB0,10,2025-02,2026-06,136302.3045,136302.3045,7737.635,25853.7,0.1896791114048992,,0,0,0,,,0.9447661377706308,1.128,수도권,인천광역시,부평구,산업시설,66-물류센터,,,234.12922682447547,인천광역시 부평구 십정동 558-7번지 일원,유찰만,,,,12.0,11.0
S64D0F5AD,1,2025-01,2025-01,7600.0,7600.0,4050.0,4050.0,0.5328947368421053,1.0,0,0,1,0.0,-5.527804171968404,7.484116202788988,1.609,지방,충청남도,세종,상업시설,26-기타상업시설,127.24055707952,36.5117335370219,0.0,충남 세종시 고운동 2097번지,유찰만,,,,8.0,8.0
S64EAAD1B,1,2025-01,2025-01,31036.815,31036.815,,,,,0,0,1,0.0,,4.343649727605407,1.709,지방,경상남도,김해시,주거시설,12-주상복합,128.821530780101,35.2010282796228,,경상남도 김해시 무계동 82 외,유찰만,,,,6.0,5.0
S64EE6C7C,3,2025-02,2025-04,48007.037,48007.037,,,,,0,0,1,0.0,,0.5860499493037127,0.459,지방,대전광역시,동구,주거시설,11-아파트,,,,대전광역시 동구 판암동 230-19,,,,,,
S64F21DFB,9,2025-02,2025-11,78328.0,78328.0,63543.0,45000.0,0.5745072004902462,1.0,2,0,1,0.0,2.9768237420424892,2.5915095226490914,0.629,지방,충청남도,계룡시,상업시설,23-대형마트,127.25984261561,36.262514178657,-29.181813889806907,계룡시 두마면 농소리 1017-1번지,유찰만,,,,32.0,22.0
S66288477,11,2025-01,2025-12,46971.28,46971.28,28000.0,28000.0,0.5961089414638051,4.0,0,0,1,0.0,-0.6864395893404289,9.868237826720106,1.296,지방,부산광역시,해운대구,주거시설,12-주상복합,,,0.0,부산광역시 해운대구 우동 645-1,유찰만,,,,18.0,18.0
S662DC017,2,2025-02,2025-03,13756.0,13756.0,9600.0,9600.0,0.6978772899098575,2.0,0,0,1,0.0,,1.5418781897967975,0.619,지방,충청남도,태안군,주거시설,11-아파트,,,0.0,태안군 태안읍 기업도시1길 32 1148-31 일원,,,,,,
S6633AC5C,6,2025-01,2025-06,22733.0,22733.0,11100.0,11100.0,0.4882769542075397,3.0,1,0,1,0.0,-1.4302963048604844,0.8725701837870381,1.144,지방,경상남도,양산시,주거시설,11-아파트,129.024481247886,35.382079513444,0.0,경남 양산시 어곡동 603번지 일원,유찰만,,,,10.0,10.0
S664FEE3B,3,2025-04,2025-06,41342.0,41342.0,,,,,0,0,1,0.0,,6.391330225942846,0.954,지방,전라남도,순천시,주거시설,16-기타주거시설,127.493846006045,34.9766208608005,,"전라남도 순천시 용당동 189, 190, 191, 192, 195, 196, 197, 198, 199, 203, 204, 205, 206, 207, 221, 222, 633, 634, 636, 637, 639, 187-1, 188-1, 193-3, 193-4, 193-5, 194-1, 199-5, 202-1, 205-1, 208-1, 208-2, 208-5, 219-3, 220-2, 220-3, 223-1, 224-2, 631-7, 639-2, 640-2, 640-3, 641-1, 산84-1, 산84-2, 산86-25, 산86-26",,,,,,
S666BA650,3,2025-01,2025-03,27230.0,27230.0,10500.0,10500.0,0.3856041131105398,1.0,0,0,1,0.0,,2.041194938295309,3.0,수도권,서울특별시,마포구,주거시설,16-기타주거시설,126.949224006796,37.5492388314403,0.0,서울 마포구 염리동   27-91,유찰만,,,,8.0,7.0
S66D6600F,5,2026-02,2026-06,7943.0,7943.0,5560.0,5560.0,0.699987410298376,,0,0,0,,,2.1959907122266062,1.714,지방,세종특별자치시,세종,주거시설,13-연립주택,,,0.0,세종시 고운동 893-33번지,,,,,,
S66E2E2BA,2,2025-01,2025-02,3514.0,3514.0,1600.0,1600.0,0.4553215708594195,13.0,0,0,1,0.0,10.446069360197058,2.7581796771373255,3.687,수도권,경기도,용인시,주거시설,14-다세대주택,127.096927130682,37.2632717754057,0.0,경기 용인시 기흥구 하갈동 309-5외,유찰만,,,,130.0,129.0
S66F9C562,7,2025-04,2025-12,50572.0,50572.0,,,,,0,0,1,0.0,,2.353938773629509,1.296,지방,부산광역시,해운대구,주거시설,11-아파트,129.201337566361,35.1822625353129,,해운대구 송정동 319-3 외 15필지,,,,,,
S6705EA92,5,2025-01,2025-05,43555.0,43555.0,34624.493331,25000.0,0.5739869130983813,1.0,1,0,1,0.0,202.3536801649601,11.4857350870738,1.508,수도권,경기도,여주시,산업시설,66-물류센터,127.543060924949,37.2170336908138,-27.79677738239421,"경기도여주시가남읍신해리406-10,406-11번지",유찰만,,,,16.0,15.0
S6711F1A4,2,2025-02,2025-03,32060.3085,32060.3085,21500.0,21500.0,0.6706111390038558,1.0,0,0,1,0.0,,11.092184259649828,1.026,지방,경상북도,포항시,주거시설,16-기타주거시설,129.353737558481,36.0115468044577,0.0,경상북도 포항시 남구 상도동 643-1번지 일원,유찰만,,,,8.0,8.0
S6724CA4D,6,2025-02,2025-08,41081.1304,41081.1304,11300.0,11300.0,0.2750654592503618,,0,0,1,0.0,,5.3142624025552925,0.956,지방,울산광역시,남구,주거시설,11-아파트,,,0.0,울산광역시 남구 삼산동 227-8 일원,유찰만,,,,17.0,16.0
S6727CB24,1,2025-04,2025-04,48521.0,48521.0,,,,,0,0,1,0.0,,1.5923049978606632,1.569,지방,대전광역시,유성구,주거시설,11-아파트,,,,대전광역시 유성구 학하동 735,,,,,,
S6757CA95,1,2025-02,2025-02,18244.0,18244.0,,,,,0,0,1,0.0,,5.106480460087978,1.153,수도권,경기도,가평군,주거시설,11-아파트,,,,경기도 가평군 가평읍 달전리 279-1 외 21필지,,,,,,
S678F87CD,2,2025-02,2025-03,16027.36796,16027.0,12700.0,12700.0,0.7924128033942721,4.0,0,0,1,0.0,,14.712797333549048,1.2679999999999998,지방,전라남도,순천시,주거시설,12-주상복합,127.506693078032,34.9436867746651,0.0,전라남도 순천시 덕암동 188-21 일원,,,,,,
S685A8C64,1,2025-05,2025-05,2913.45238,2913.45238,91100.0,91100.0,,,0,0,1,1.0,,0.0543851783751143,2.738,수도권,경기도,오산시,주거시설,11-아파트,127.05953110156278,37.1663085028355,0.0,경기도 오산시 외삼미동 67-9번지 일원,,,,,,
S688C62D4,2,2025-12,2026-01,2075.0,2075.0,,,,,0,0,1,,,1.6517503573518044,-0.937,지방,제주특별자치도,서귀포시,주거시설,16-기타주거시설,,,,제주도 서귀포시 안덕변 사계리 3713-6번지 외 14필지,,,,,,
S693C630B,11,2025-02,2026-06,57671.0,33583.0,11599.0,16455.0,0.489980049429771,,0,2,0,,,2.051761660834285,1.105,수도권,인천광역시,계양구,상업시설,21-근린생활시설,,,41.86567807569619,인천광역시 계양구 서운동 128-14 외,,,,,,
S697BC959,14,2025-04,2026-06,17168.0,17168.0,,,,,0,0,0,,,2.217309046041869,1.763,수도권,경기도,파주시,숙박시설,41-호텔,126.688700355041,37.7792641530227,,경기도 파주시 탄현면 성동리 711번지,,,,,,
S6984B94E,1,2025-01,2025-01,39579.7192,39579.7192,18966.9,18966.9,0.4792075432409839,1.0,0,0,1,0.0,,93.7550517739134,1.528,지방,강원도,춘천시,주거시설,12-주상복합,127.726601382358,37.8782257052918,0.0,강원도 춘천시 죽림동 7-1번지,유찰만,,,,7.0,6.0
S69DF49C9,2,2025-03,2025-12,7412.0,7412.0,,,,,0,0,1,0.0,,4.618956924340795,1.495,지방,충청남도,천안시,주거시설,11-아파트,127.237031228409,36.7829941904311,,충청남도 천안시 동남구목천읍 서리 40-3번지,,,,,,
S69F7C0D7,10,2025-08,2026-06,10766.0,10766.0,,,,,0,0,0,,,4.880324341729727,0.6,지방,경상북도,영천시,주거시설,11-아파트,128.972073019144,35.9812936033347,,영천시 고경면 단포리 175-8번지외,,,,,,
S6A687565,2,2025-12,2026-01,44890.0,44890.0,23400.0,23400.0,0.5212742258854979,,0,0,1,0.0,,23.818176847139682,-0.212,지방,전라남도,여수시,주거시설,12-주상복합,127.725152730072,34.7326026739585,0.0,전남 여수시 봉산동 260-28 외 23필지,,,,,,
S6A7E38EF,5,2026-02,2026-06,4735.0,4735.0,3390.0,3390.0,0.7159450897571278,,0,0,0,,,5.868102685157869,0.774,지방,경상북도,영덕군,상업시설,21-근린생활시설,129.384437407025,36.3505460487259,0.0,경상북도 영덕군 강구면 삼사리 9-12 외,유찰만,,,,5.0,5.0
S6ACAE164,4,2025-01,2025-04,12621.282,12621.0,6800.0,6300.0,0.4991680532445923,2.0,1,0,1,0.0,-30.09129346151908,0.3923086340320569,3.593,수도권,경기도,용인시,주거시설,15-타운하우스,,,-7.352941176470584,경기도 용인시 기흥구 상하동282-5번지  외 4필지,유찰만,,,,6.0,5.0
S6ACC8AAC,7,2025-12,2026-06,915.0,915.0,915.0,915.0,1.0,,0,0,0,,,5.147591197385104,-0.957,지방,제주특별자치도,서귀포시,주거시설,19-기타주거시설,126.56397690968,33.2420301560074,0.0,제주 서귀포시 서귀동 706-5 외,,,,,,
S6AEC9D1E,7,2025-01,2025-07,38098.9167,38099.0,32498.0,30000.0,0.7874222420535972,5.0,0,0,1,1.0,-1.3292482794917293,7.205827237686369,2.3049999999999997,수도권,서울특별시,서대문구,주거시설,12-주상복합,126.945609079807,37.5570489634555,-7.686626869345803,서대문구 대현동 40-7 외,유찰만,,,,11.0,9.0
S6B404727,1,2025-07,2025-07,16195.0,16195.0,,,,,0,0,1,0.0,,10.471759113627634,0.268,지방,전라북도,남원시,주거시설,11-아파트,127.362498711471,35.400892624808,,남원시 신정동185,,,,,,
S6C8EB396,3,2025-01,2025-03,112122.6141,112122.0,40107.61,40107.0,0.3577085674533098,2.0,0,0,1,1.0,,61.50211284204623,1.107,지방,대전광역시,서구,업무시설,31-오피스텔,127.388833434095,36.3470384080283,-0.0015209083762401931,서구 문정로 85번지,,,,,,
S6CCE5111,1,2025-08,2025-08,60856.0,60856.0,41471.0,41471.0,0.6814611542000789,,0,0,1,0.0,,7.789847919693527,1.787,수도권,경기도,고양시,숙박시설,41-호텔,,,0.0,경기도 고양시 일산 동구 장항동 1790,,,,,,
S6CE8647B,1,2025-03,2025-03,32193.0,32193.0,,,,,0,0,1,0.0,,2.2138377894638532,2.138,수도권,경기도,남양주시,주거시설,11-아파트,127.193296059997,37.7354287934783,,경기도남양주시진접읍장현리19-14번지일원,,,,,,
S6D789837,8,2025-02,2025-10,8326.0,8326.0,,,,,0,0,1,0.0,,0.8714721900873197,1.543,지방,충청남도,천안시,주거시설,11-아파트,127.113499369478,36.847657551077,,충청남도 천안시 서북구 차암동 214-2번지 일원,,,,,,
S6DC8DB7E,1,2025-08,2025-08,135007.558,135007.558,79974.278959,79974.278959,0.5923689024802598,,0,0,1,0.0,,3.0463000000000005,1.395,수도권,경기도,안성시,산업시설,66-물류센터,,,0.0,경기도 안성시 원곡면 산하리 산142 외,,,,,,
S6E0AA54E,5,2026-02,2026-06,25582.0,25582.0,15000.0,15000.0,0.5863497771870847,,0,0,0,,,0.5218054160117526,0.099,지방,광주광역시,북구,주거시설,15-타운하우스,126.864573851111,35.1788429998037,0.0,광주광역시 북구 동림동 219-1번지 외,유찰만,,,,10.0,9.0
S6E3D6F2B,1,2026-04,2026-04,25195.0,25195.0,14880.0,14880.0,0.5905933717007342,,0,0,1,0.0,,0.5452335350880021,2.222,수도권,경기도,수원시,업무시설,62-아파트형공장,127.064269806608,37.2596776733531,0.0,수원시 원천동 366-7 외 3필지,,,,,,
S6E985FD4,1,2025-01,2025-01,12069.18692,12069.18692,5611.01,5611.01,0.4649037285769372,2.0,0,0,1,0.0,9.002631443200997,7.628859294208827,0.936,지방,전라남도,목포시,숙박시설,45-기타숙박시설,126.433330943672,34.7982291416258,0.0,전남 목포시 상동 1139-9번지,유찰만,,,,21.0,20.0
S6EBAD9FF,8,2025-01,2025-08,36017.654,36017.654,26000.0,26000.0,0.721868226064918,,0,0,1,0.0,3.15487338178892,1.461222325049011,1.395,수도권,경기도,안성시,산업시설,66-물류센터,127.141722426249,37.0619620583918,0.0,경기도안성시원곡면지문리769번지일원,유찰만,,,,6.0,5.0
S6F1B17C6,3,2025-05,2025-07,16017.0,16017.0,,,,,0,0,1,0.0,,0.1283442770928663,-0.663,지방,제주특별자치도,제주시,주거시설,15-타운하우스,126.780983359106,33.5135565471134,,제주 제주시 구좌읍 행원리 3160-4번지 외33필지,,,,,,
S6FCB4DCD,5,2025-02,2025-06,2800.0,2800.0,,,,,0,0,1,0.0,,0.798632390093925,3.03,수도권,경기도,성남시,상업시설,25-상가,127.125909820918,37.3864616592006,,경기도성남시분당구서현동245-2,,,,,,
S6FD9662F,7,2025-01,2025-08,82709.28,82709.0,58970.0,58970.0,0.7129816585861273,2.0,0,0,1,0.0,22.61977877918193,2.8064196594008357,3.08,수도권,서울특별시,영등포구,주거시설,12-주상복합,126.903730743717,37.4863688741729,0.0,서울시 영등포구 대림동 993-15,유찰만,,,,10.0,10.0
S6FFB55E7,3,2026-04,2026-06,100072.0,100072.0,70486.7,70486.7,0.7043598609001519,,0,0,0,,0.9985976612218228,4.699836020679428,-0.774,지방,제주특별자치도,제주시,주거시설,13-연립주택,126.22896487962512,33.29028114607602,0.0,제주특별자치도 제주시 한경면 낙천리 927 일원,유찰만,,,,5.0,4.0
S701A11EA,3,2026-04,2026-06,128821.65,128821.65,90004.615804,90004.615804,0.698676160443528,,0,0,0,,,9.073992371698024,2.8049999999999997,수도권,경기도,용인시,주거시설,12-주상복합,127.104978081403,37.2728593769125,0.0,경기 용인시 기흥구 신갈동 58번지 외 31필지,,,,,,
S70983641,7,2025-12,2026-06,3084.0,3084.0,926.0,648.0,0.2101167315175097,,1,0,0,,,0.7165265149246851,-0.957,지방,제주특별자치도,서귀포시,주거시설,18-기타주거시설,,,-30.021598272138228,"제주도 서귀포시 안덕면 사계리 3140, 3139-1",,,,,,
S70FC96EC,5,2025-02,2025-06,2690.0,2967.0,2200.0,2200.0,0.741489720256151,,0,1,1,0.0,-7.628703108339636,8.345221130466598,1.624,지방,충청북도,청주시,주거시설,12-주상복합,127.430291440519,36.6296728529101,0.0,청주시 흥덕구 가경동 1010,유찰만,,,,6.0,5.0
S714258F7,2,2025-07,2025-08,29535.0,29535.0,,,,,0,0,1,0.0,,5.914154403580421,0.974,지방,경상남도,양산시,주거시설,11-아파트,,,,경남 양산시 146-15 일원,,,,,,
S71494D22,16,2025-02,2026-06,50052.26194,45006.21954,28000.0,23000.0,0.5110404791844021,,1,1,0,,-21.789698491081037,4.186827253585922,1.705,지방,대전광역시,유성구,업무시설,31-오피스텔,127.331168025477,36.3309323445879,-17.85714285714286,대전광역시유성구용계동163-1번지외,유찰만,,,,8.0,8.0
S71580A3F,12,2025-01,2026-02,4388.06152,4252.0,2150.15,1021.0,0.2401222953904045,3.0,0,1,1,0.0,,0.8817705975622023,1.213,수도권,경기도,양주시,숙박시설,44-펜션,126.944638783639,37.7766883626896,-52.51494081808246,"경기도양주시백석읍기산리277-2번지,117-3, 117-4, 117-5, 117, 117-2, 277-3, 277, 278-4",,,,,,
S71687E6F,3,2025-02,2025-04,31036.0,31036.0,200000.0,20000.0,0.6444129398118315,1.0,0,0,1,0.0,,5.8558338676395,1.779,지방,경상남도,김해시,주거시설,12-주상복합,,,-90.0,경남김해시무계동4B-1L번지외,,,,,,
S7189CA08,1,2025-08,2025-08,3580.0,3580.0,2065.0,2065.0,0.5768156424581006,,0,0,1,0.0,,5.685111176730553,0.611,지방,대전광역시,동구,기타시설,71-의료시설,127.457438854677,36.3172860571862,0.0,"동구 옥천로153 유진프라자, 501호, 602호",유찰만,,,,16.0,8.0
S72A62A92,4,2026-03,2026-06,22133.0,22133.0,,,,,0,0,0,,,1.2776004768405045,2.617,수도권,경기도,시흥시,산업시설,67-기타산업시설,126.70852299477,37.3585302496246,,시흥시 배곧동 297-3,,,,,,
S72B75B03,2,2026-03,2026-04,59092.0,59092.0,,,,,0,0,1,0.0,,118.61737532355477,2.015,지방,충청남도,아산시,상업시설,21-근린생활시설,127.085918796561,36.7878637528719,,충남 아산시 탕정면 매곡리 1209,,,,,,
S733B018F,2,2025-04,2025-05,90581.0,90581.0,59700.0,59700.0,0.6590786147205264,,0,0,1,1.0,,1.4770245427488629,2.632,수도권,서울특별시,동작구,주거시설,14-다세대주택,126.946137565826,37.5127484436566,0.0,서울특별시 동작구 노량진동 128-2,유찰만,,,,6.0,6.0
S73FA8FAC,7,2025-02,2025-08,54539.0,54539.0,,,,,0,0,1,1.0,,1.6068412895184747,6.054,수도권,서울특별시,강남구,상업시설,32-오피스빌딩,,,,서울특별시 강남구 역삼동 784-7,,,,,,
S73FDC11C,8,2025-02,2025-12,5917.0,5584.0,4530.0,4300.0,0.7700573065902578,,1,1,1,0.0,3.0215247434509873,99.12818046625165,0.486,지방,전라북도,고창군,상업시설,21-근린생활시설,126.696887426013,35.4358499536976,-5.077262693156737,고창읍 읍내리 654-3 외 3필지,취소,,,,6.0,1.0
S740B4AC7,1,2025-02,2025-02,26027.8,26027.8,88000.0,88000.0,,6.0,0,0,1,1.0,,0.3397908872199572,1.507,수도권,서울특별시,금천구,업무시설,32-오피스빌딩,126.887679427969,37.4773302042292,0.0,서울특별시 금천구 가산동 60-27번지 일원,,,,,,
S747CD69F,5,2026-02,2026-06,35578.0,35578.0,46635.0,46635.0,1.3107819438979145,,0,0,0,,,20.296311621613217,1.978,지방,전라남도,무안군,주거시설,11-아파트,126.463211277723,34.8029923821627,0.0,전남 무안군 삼향읍 남악리 2622-4번지 외 11필지,,,,,,
S75A6FAAE,1,2025-01,2025-01,26524.98,26524.98,12562.8,12562.8,0.4736214692716073,1.0,0,0,1,0.0,,5.909636207390433,1.14,지방,전라남도,광양시,주거시설,11-아파트,,,0.0,전남 광양시 중동 1913  1914,유찰만,,,,8.0,8.0
S75C893AF,4,2026-02,2026-05,8309.0,8309.0,,,,,0,0,1,0.0,,0.7086095899183993,1.263,지방,대전광역시,동구,주거시설,11-아파트,127.471205489611,36.2805108703906,,대전광역시 동구 낭월동 74-1 외,,,,,,
S75CA0326,3,2025-02,2025-04,49853.0,49853.0,,,,,0,0,1,0.0,,1.6901161038656642,1.867,지방,부산광역시,해운대구,주거시설,12-주상복합,,,,"부산시 해운대구 재송동 900-11, 900-12, 900-25, 900-118, 900-122, 948-3, 948-25, 900-165, 948-18, 948-22번지",,,,,,
S75F5FE52,4,2025-02,2025-05,17055.0,18208.0,14772.0,14772.0,0.8112917398945518,,0,1,1,0.0,18.09000109967092,5.8575956701694505,0.532,지방,충청남도,금산군,주거시설,11-아파트,127.495379526607,36.1146433644927,0.0,충청남도 금산군 금성면 양전리 48-3,유찰만,,,,6.0,6.0
S76064975,4,2025-04,2025-08,41579.0,41579.0,,,,,0,0,1,0.0,,37.35411557993315,0.51,지방,전라남도,여수시,주거시설,12-주상복합,,,,여수시 연등동 311번지,,,,,,
S768AFAAE,2,2025-06,2025-07,40358.0,40358.0,,,,,0,0,1,,,5.7030367376219155,0.831,지방,충청남도,예산군,주거시설,16-기타주거시설,,,,충청남도 예산군 삽교읍 목리RB1~4단독주택용지(예정지번 251-1외),,,,,,
S76D8C9CD,7,2025-04,2026-06,103507.0,103506.0,63389.0,3132.0,0.0302591154135992,,3,0,0,,-1.708183911200889,0.2373431189613344,4.256,수도권,서울특별시,종로구,주거시설,13-연립주택,,,-95.05907965104356,서울시 종로구 평창동 81-1외 14필지,유찰만,,,,15.0,15.0
S76E223E7,7,2025-02,2026-06,48193.0,51284.0,48100.0,44039.0,0.858727868341003,,1,1,0,,4.7992463307136966,14.79195547623933,1.4220000000000002,지방,충청남도,천안시,주거시설,11-아파트,,,-8.442827442827438,충남천안시동남구중앙로39외26필지,유찰만,,,,6.0,6.0
S76E552D2,2,2025-01,2025-02,59875.0,59875.0,32218.2,32218.0,0.5380876826722338,1.0,0,0,1,0.0,19.771752465158855,33.70213687905144,1.5739999999999998,지방,세종특별자치시,세종,주거시설,12-주상복합,127.27758896530231,36.47256599656384,-0.00062076714404391,세종특별자치시 대평동 698,유찰만,,,,621.0,621.0
S77A302C9,4,2026-03,2026-06,18832.0,18832.0,,,,,0,0,0,,,0.15049111939563595,-0.774,지방,제주특별자치도,제주시,주거시설,15-타운하우스,,,,제주특별자차시도 제주시 조천읍 와흘리2850-11외 11필지,,,,,,
S77F2193F,8,2025-01,2025-08,6412.9008,6413.0,3163.5,3164.0,0.4933728364260096,1.0,0,0,1,0.0,-1.3729395449302406,5.458571132907368,1.828,수도권,경기도,김포시,업무시설,31-오피스텔,126.625508629731,37.6554626825308,0.015805278963165748,경기 김포시 양촌읍 양곡리 475-25 외 3필지,유찰만,,,,17.0,16.0
S78637C33,12,2025-02,2026-02,11654.0,11654.0,5589.0,5589.0,0.4795778273554144,1.0,0,0,1,1.0,,2.6488376268453395,-0.937,지방,제주특별자치도,서귀포시,산업시설,62-아파트형공장,126.520517181593,33.2526183470218,0.0,"제주 서귀포시 서호동 1615-2, 1615-5",유찰만,,,,16.0,16.0
S78B642C2,10,2025-08,2026-06,,,,,,,0,0,0,,,,0.767,지방,울산광역시,울주군,주거시설,11-아파트,,,,울산광역시 울주군 청량읍 덕하리 512번지,,,,,,
S78C9AF69,7,2025-10,2026-06,100933.0,100933.0,52000.0,52000.0,0.5151932470054392,,0,0,0,,,58.969640317554486,2.362,수도권,경기도,안산시,주거시설,16-기타주거시설,126.72074263735,37.3090992028452,0.0,안산시 단원구 성곡동 821,유찰만,,,,14.0,14.0
S78FA7EE4,5,2025-02,2025-06,6569.0,6569.0,4055.0,4055.0,0.6172933475414827,1.0,0,0,1,0.0,,7.118581105772302,0.469,지방,대전광역시,동구,기타시설,71-의료시설,127.45733561251,36.3172834783351,0.0,"대전광역시동구판암동849,850",,,,,,
S78FE5AE7,1,2025-01,2025-01,8526.312,8526.312,,,,,0,0,1,1.0,,14.515658153647804,3.687,수도권,경기도,용인시,업무시설,31-오피스텔,127.192162277108,37.2358902151904,,경기 용인시 처인구 역북동 436-6번지,유찰만,,,,6.0,6.0
S79663507,12,2025-05,2026-05,800.0,800.0,612.0,495.0,0.61875,,1,0,1,0.0,5.2190918917568,1.240310053691958,1.316,지방,대전광역시,중구,주거시설,11-아파트,,,-19.11764705882353,대전광역시 중구 태평동 413-14번지 일대,취소,,,,18.0,12.0
S79FA3632,2,2026-05,2026-06,16895.0,16895.0,,,,,0,0,0,,,3.1825006552833703,1.2919999999999998,수도권,경기도,의정부시,상업시설,31-오피스텔,,,,경기도 의정부시 의정부동 32-4번지 일원,,,,,,
S7A850E02,17,2025-01,2026-06,22947.0,22947.0,,,,,0,0,0,,-5.138921463486801,8.553979901521291,0.6,지방,경상북도,영천시,주거시설,11-아파트,128.964375560944,35.9768830274105,,경북 영천시 조교동 352번지 외,유찰만,,,,7.0,6.0
S7ADD65B4,16,2025-02,2026-06,69746.0,7349.0,,,,,0,1,0,,,1.6222761159253363,2.33,수도권,경기도,남양주시,주거시설,15-타운하우스,127.293227347728,37.6639215834358,,경기도 남양주시 화도읍 묵현리 200-1,,,,,,
S7B2459C0,2,2026-05,2026-06,314465.0,314465.0,101704.0,101704.0,0.3234191404448825,,0,0,0,,-2.9369079001087375,20.80954993426559,-0.882,지방,경상남도,거제시,기타시설,76-기타시설,128.618956672605,34.8934592994881,0.0,거제시 고현동 1167번지 일원,유찰만,,,,225.0,225.0
S7B4AEEAD,15,2025-02,2026-06,5963.0,5964.0,4700.0,4700.0,0.7880617035546613,1.0,0,0,0,,,11.970929189553988,-0.957,지방,제주특별자치도,서귀포시,상업시설,76-기타시설,,,0.0,제주도 서귀포시 대정읍 보성리 2476-8,유찰만,,,,6.0,5.0
S7B5B873C,4,2025-05,2025-08,9793.0,12652.0,8993.0,45887.0,0.8476462779536403,,1,1,1,0.0,25.208172043010755,2.7392459582566473,2.961,수도권,경기도,시흥시,상업시설,21-근린생활시설,,,410.2524185477594,경기도 시흥시 도창동 508-18번지 매화프라자 103호 외 11개호,유찰만,,,,120.0,120.0
S7B93A15E,16,2025-01,2026-05,6982.69,6982.0,4730.2,3831.0,0.548696648524778,2.0,2,0,1,0.0,,8.94440445326732,1.0550000000000002,지방,부산광역시,기장군,기타시설,기타시설,129.230798211644,35.26545276178,-19.009767028878265,부산광역시 기장군 일광읍 삼성리 890-5대지,유찰만,,,,19.0,19.0
S7BA4D386,7,2025-05,2026-04,,,,,,,0,0,1,0.0,,,1.7160000000000002,지방,대전광역시,유성구,업무시설,31-오피스텔,,,,대전광역시 유성구 도룡동 4-17번지 일원,,,,,,
S7BCF3A8A,17,2025-01,2026-06,11003.584,11877.0,6570.1,1188.0,0.1000252589037635,2.0,2,1,0,,-7.407360375245574,0.288357667834065,2.8049999999999997,수도권,경기도,용인시,기타시설,72-교육시설,,,-81.91808343860825,경기도 용인시 처인구 역북동 89-2 외,유찰만,,,,10.0,10.0
S7C4F2067,3,2025-08,2025-11,,,,,,,0,0,1,0.0,,,3.0549999999999997,수도권,서울특별시,강동구,주거시설,21-근린생활시설,127.147644486244,37.5420978498933,,서울특별시 강동구 길동 82-4,,,,,,
S7CB12621,1,2025-08,2025-08,27067.0,27067.0,26903.0,26903.0,0.9939409613182104,,0,0,1,0.0,,10.17654862212719,1.688,지방,부산광역시,해운대구,업무시설,31-오피스텔,129.122007567773,35.1843019157603,0.0,해운대구 재송동 1098-2,,,,,,
S7CCB96E9,2,2025-07,2025-08,7551.0,7551.0,2590.0,2590.0,0.3430009270295325,,0,0,1,0.0,,0.1591432036616376,0.914,지방,대구광역시,동구,기타시설,76-기타시설,128.748038137704,35.8740688231748,0.0,동구 혁신대로 468 7층,,,,,,
S7CEB3948,16,2025-02,2026-06,30512.26569,30512.0,21877.0,21877.0,0.7169965915049816,,0,0,0,,,1.0722605698240006,4.241,수도권,서울특별시,중구,주거시설,12-주상복합,127.019295707579,37.5663783827038,0.0,서울 중구 황학동 372-3 일원,유찰만,,,,5.0,4.0
S7D66F4F9,1,2025-01,2025-01,22940.94,22940.94,9360.0,9360.0,0.4080042055818114,10.0,0,0,1,0.0,-8.306735366859542,1.4903462457384111,0.729,수도권,경기도,양주시,주거시설,15-타운하우스,127.068805837371,37.819363824429,0.0,"경기 양주시 고암동 486-1, 486-2, 486-4, 486-7, 486-8, 486-9",낙찰,9378.0,2025-01-27 10:00:00,40.88,10.0,9.0
S7D8EDDE6,16,2025-02,2026-06,13092.0,13092.0,,,,,0,0,0,,,18.81570338330023,0.409,지방,충청남도,서천군,주거시설,11-아파트,126.683534298322,36.0847731957802,,충남 서천군 서천읍 사곡리 341-2번지,,,,,,
S7DB81BFC,3,2025-02,2025-04,18992.0,18992.0,,,,,0,0,1,0.0,,4.278675087995931,1.336,수도권,인천광역시,부평구,상업시설,21-근린생활시설,126.723121825138,37.495590975785,,부평구 부평동 206-21,,,,,,
S7E041E01,2,2025-10,2025-11,125842.0,125842.0,80248.0,80248.0,0.6376885300615057,,0,0,1,0.0,14.427013556533336,6.809881039813817,0.902,지방,대전광역시,중구,주거시설,12-주상복합,127.393724571038,36.3152651707459,0.0,중구 유천동 299-5번지 일원,유찰만,,,,7.0,6.0
S7E85B6BA,2,2026-05,2026-06,25195.0,25195.0,14880.0,14880.0,0.5905933717007342,,0,0,0,,,0.521359166988302,2.27,수도권,경기도,수원시,업무시설,62-아파트형공장,,,0.0,수원시 원천동 336-7 외 3필지,,,,,,
S7ED0967E,7,2025-02,2025-08,7600.0,7501.0,4050.0,3550.0,0.4732702306359152,1.0,1,1,1,0.0,,6.549052741312416,1.331,지방,세종특별자치시,세종,상업시설,21-근린생활시설,127.240493967385,36.5113241798017,-12.345679012345679,세종시 고운동 2096,,,,,,
S7EE44732,1,2025-11,2025-11,63361.2503,63361.2503,,,,,0,0,1,0.0,,1.6297721637562532,1.0619999999999998,수도권,경기도,포천시,산업시설,66-물류센터,,,,경기도 포천시 내촌면 진목리 산232-12,,,,,,
S7F08CFAB,1,2025-03,2025-03,,,,,,,0,0,1,0.0,,,1.146,지방,대구광역시,중구,,,128.589704494683,35.873013063079,,대구중구북내동15번지일원,,,,,,
S7F8BC8A1,3,2025-04,2025-06,49933.0,49933.0,48240.0,48240.0,0.966094566719404,,0,0,1,0.0,,3.1968828669471767,0.992,지방,대구광역시,동구,주거시설,12-주상복합,128.62723193191,35.8718927399839,0.0,대구광역시 동구 신천동 320-1번지 일원,,,,,,
S7FB537F4,3,2025-02,2025-04,20541.0,20739.0,,,,,0,1,1,0.0,,14.90537442182792,1.75,지방,충청남도,천안시,주거시설,16-기타주거시설,127.285210351717,36.7673418846619,,천안시 동남구 병천면 가전리710,,,,,,
S7FD91CAD,17,2025-01,2026-06,30103.713,30103.0,18726.0,16552.0,0.5498455303458127,9.0,2,2,0,,,1.444141153033278,0.5599999999999999,수도권,경기도,평택시,주거시설,31-오피스텔,,,-11.609526861048813,경기도 평택시 두릉리102-1 일원,,,,,,
S802F23A4,15,2025-01,2026-04,7583.301,7583.0,4800.0,4600.0,0.6066200712119214,2.0,2,0,1,0.0,,7.560000000000001,-0.26,지방,전라남도,광양시,주거시설,12-주상복합,,,-4.1666666666666625,전라남도 광양시 황금동 21-12번지 일원,유찰만,,,,8.0,8.0
S8071D976,8,2025-01,2025-08,46627.21678,45635.0,40356.130496,28895.0,0.6331762901281911,3.0,2,1,1,0.0,15.016219471257788,7.3271838973525245,0.956,지방,울산광역시,남구,숙박시설,31-오피스텔,129.351425832171,35.5392650245339,-28.39997382091922,"남구 삼산동 1638-4, 1638-5, 1638-9, 1638-10, 1638-11",유찰만,,,,42.0,42.0
S807AC5DF,3,2025-01,2025-03,22955.0,21826.0,,,,,0,1,1,0.0,,7.121482064794151,2.023,수도권,인천광역시,연수구,상업시설,21-근린생활시설,126.644611719519,37.3932078718809,,인천연수구 송도동 22-20,,,,,,
S807B9B5A,7,2025-12,2026-06,212250.0,212250.0,130000.0,130000.0,0.6124852767962309,,0,0,0,,,7.250036597862684,1.4220000000000002,지방,충청남도,천안시,주거시설,12-주상복합,127.129132447885,36.7960800602552,0.0,천안시 서북구 쌍용동 200-3,유찰만,,,,6.0,6.0
S80F0D4BB,5,2025-04,2025-08,107661.0,107661.0,74492.0,77083.0,0.7159788595684603,,0,0,1,1.0,,4.410493209359373,2.9480000000000004,수도권,서울특별시,강동구,주거시설,12-주상복합,,,3.4782258497556784,서울특별시 강동구 성내동 48-1,,,,,,
S81B561BC,4,2025-08,2026-04,38000.0,38509.656,37899.0,30698.5,0.7971637035656719,,1,1,1,0.0,-1.5849427478656253,0.8944835773298317,2.221,수도권,경기도,남양주시,주거시설,13-연립주택,127.187182289787,37.7118928728353,-18.999182036465346,경기도 남양주시 진접읍 장현리 88 외,유찰만,,,,7.0,7.0
S81CF70A3,6,2025-01,2025-06,6504.696,6504.0,3895.0,3895.0,0.5988622386223862,1.0,0,0,1,0.0,17.544156041640584,60.59351729305703,0.98,지방,경상북도,예천군,업무시설,31-오피스텔,128.473284879702,36.5763153579941,0.0,경북 예천군 호명면 산합리 1153,유찰만,,,,19.0,18.0
S81F2FD5D,1,2025-08,2025-08,22520.0,22520.0,,,,,0,0,1,0.0,,5.551998276998928,1.033,지방,강원도,원주시,주거시설,11-아파트,127.869686511149,37.3680696976929,,강원 원주시 지정면 가곡리 1303번지,,,,,,
S8202447A,2,2026-05,2026-06,15433.0,15433.0,,,,,0,0,0,,,2.779273495003747,1.763,수도권,경기도,파주시,주거시설,16-기타주거시설,,,,경기 파주시 문산읍 선유리 664외,,,,,,
S823494DF,16,2025-02,2026-06,6092.0,6092.0,4206.0,2061.0,0.3383125410374261,,1,0,0,,,1.1760717715024782,-0.957,지방,제주특별자치도,서귀포시,주거시설,15-타운하우스,126.30351557579,33.2485089223205,-50.99857346647646,서귀포시 안덕면 사계리 763 외 2필지,,,,,,
S833FBE00,13,2025-03,2026-06,8110.0,16736.0,6310.0,5130.0,0.3065248565965583,,2,2,0,,,0.6000412437608448,0.694,지방,부산광역시,서구,주거시설,11-아파트,129.010095035898,35.1208837528393,-18.700475435816166,부산광역시서구서대신동3가30-7,,,,,,
S8347934C,6,2025-12,2026-06,36275.68,36275.68,32002.0,28882.0,0.796180802124178,,1,0,0,,22.86111245881539,2.1464432800606508,0.615,수도권,경기도,동두천시,주거시설,11-아파트,127.054750587343,37.8785335084529,-9.749390663083556,경기도 동두천시 송내동 517-1,유찰만,,,,16.0,15.0
S83864343,3,2025-02,2025-04,18414.0,18414.0,,,,,0,0,1,0.0,7.973005037004177,3.240314304778851,0.879,수도권,경기도,양주시,주거시설,11-아파트,127.077388174308,37.7870774804376,,경기도 양주시 광사동 718,유찰만,,,,8.0,8.0
S84017898,1,2025-05,2025-05,18201.0,18201.0,12500.0,12500.0,0.6867754518982474,,0,0,1,0.0,-5.546709334877692,2.549591097333171,1.021,지방,대구광역시,동구,주거시설,12-주상복합,128.624091044915,35.8755008786867,0.0,동구 신천동 77-1 외,유찰만,,,,5.0,4.0
S859CF593,11,2025-02,2026-06,72399.0,72398.0,51600.0,4126.0,0.056990524600127,,1,0,0,,,5.641311360154551,1.51,지방,대구광역시,수성구,상업시설,21-근린생활시설,,,-92.00387596899225,대구광역시 수성구 범어동 217-7 일원,유찰만,,,,5.0,4.0
S85DB4362,17,2025-01,2026-06,13474.956,13475.0,6459.0,13500.0,1.0018552875695732,8.0,0,0,0,,-9.201952723210526,1.4723507190240182,-0.416,지방,전라남도,여수시,주거시설,13-연립주택,127.720027709136,34.7590128838818,109.01068276823037,전남 여수시 오림동 373외 17필지,유찰만,,,,8.0,7.0
S863B2795,2,2026-05,2026-06,37360.0,37360.0,25000.0,25000.0,0.6691648822269807,,0,0,0,,,4.609268081890777,1.957,지방,강원도,속초시,주거시설,12-주상복합,,,0.0,강원도 속초시 청호동 444-7외,,,,,,
S865E5E63,8,2025-01,2025-08,7668.144,7668.0,4500.4,4500.0,0.5868544600938967,1.0,0,0,1,0.0,,3.94097853738775,0.606,수도권,인천광역시,강화군,상업시설,21-근린생활시설,126.53289555455,37.6290987717835,-0.008888098835646563,강화군 길상면 초지리 1251-326,유찰만,,,,10.0,10.0
S86AC06EA,2,2025-07,2025-08,33900.0,33583.0,11519.0,11519.0,0.3430009230860852,,0,1,1,0.0,,3.3295154934775755,0.954,수도권,인천광역시,계양구,근생시설,21-근린생활시설,126.750233450595,37.5282604732233,0.0,계양구서운동128-20외4,,,,,,
S8799E1AA,2,2025-01,2025-02,15200.0,15200.0,3800.0,4559.0,0.2999342105263158,14.0,0,0,1,0.0,-46.55227532259646,,3.24,수도권,경기도,화성시,상업시설,25-상가,127.100061332201,37.1933055524165,19.973684210526322,경기 화성시 청계동 564,낙찰,504.39,2025-03-14 10:00:00,45.44,196.0,182.0
S87BCABB1,8,2025-01,2025-08,1654.0,1654.0,599.4,289.0,0.1747279322853688,2.0,1,0,1,0.0,-18.27628858845612,0.2008861697503537,2.237,수도권,경기도,부천시,주거시설,11-아파트,126.813385349548,37.4805510319267,-51.78511845178512,"경기 부천시 괴안동 119-18, -23, -20",유찰만,,,,23.0,21.0
S87CD91BB,4,2025-03,2026-04,100200.0,100200.0,67069.0,67069.0,0.6693512974051896,,0,0,1,0.0,,4.865312714075004,1.165,지방,대구광역시,중구,주거시설,12-주상복합,128.592533261678,35.8759840519381,0.0,대구광역시 중구 태평로2가 37-3번지 일원,유찰만,,,,6.0,6.0
S88DF615C,1,2025-08,2025-08,31317.0,31317.0,,,,,0,0,1,0.0,,1.994241041016244,1.261,지방,부산광역시,부산진구,주거시설,11-아파트,129.05564626039,35.1437861927907,,부산광역시 부산진구 범천동 1298-9 외 2필지,,,,,,
S88E0ABC2,8,2025-01,2025-08,23031.393,17543.0,15000.0,15000.0,0.8550418970529556,,0,1,1,0.0,-1.6225601346658043,3.876111351422824,5.179,수도권,서울특별시,용산구,주거시설,12-주상복합,,,0.0,서울특별시 용산구 갈월동 98-13,유찰만,,,,3.0,2.0
S896EAC7F,5,2025-01,2025-05,3727.0,3727.0,2270.0,1966.0,0.5275020123423665,7.0,1,0,1,0.0,-5.051468179558433,3.3002583493119233,1.477,수도권,서울특별시,금천구,주거시설,16-기타주거시설,,,-13.392070484581497,서울특별시 금천구 시흥동 882-44번지,유찰만,,,,15.0,15.0
S89836F99,2,2025-02,2025-03,91736.0,91736.0,33030.0,33030.0,0.3600549402633644,1.0,0,0,1,0.0,,19.594879641271913,-0.521,지방,경상남도,거제시,주거시설,12-주상복합,128.618932270572,34.8954990269224,0.0,경상남도 거제시 고현동 1153번지 외 1필지,유찰만,,,,12.0,12.0
S899E96A9,7,2025-03,2026-01,33509.33977,46008.0,21176.380167,21176.0,0.4602677795166058,,0,1,1,0.0,10.398454231947609,11.309137175218963,0.742,지방,대구광역시,달성군,주거시설,12-주상복합,128.49762968798555,35.80309449142891,-0.0017952407210364285,대구광역시 달성군 화원읍 천내리 412-2번지,유찰만,,,,10.0,9.0
S89A47359,4,2026-03,2026-06,11100.0,11100.0,,,,,0,0,0,,,5.051827743751481,0.511,지방,경상남도,양산시,주거시설,31-오피스텔,129.010877447448,35.3153145606251,,경상남도 양산시 물금읍 2783-1,,,,,,
S89A5BE07,7,2025-04,2026-06,65952.0,65952.0,48768.0,56289.0,0.8534843522561864,,0,0,0,,,8.808242708754067,2.419,수도권,경기도,화성시,기타시설,71-의료시설,127.028566940816,37.2079423033412,15.421998031496065,경기 화성시 진안동 939-7번지 외 4필지,취소,,,,12.0,0.0
S8A249C59,9,2025-02,2025-11,16991.0,16991.0,5828.0,45994.0,2.706962509563887,,0,0,1,0.0,,3.735271557827537,1.776,수도권,경기도,고양시,주거시설,12-주상복합,126.820491989154,37.6209220016884,689.1901166781057,고양시 덕양구 토당동 383-5외,,,,,,
S8A488F65,4,2025-02,2025-08,3301.0,3301.0,1600.0,1590.0,0.4816722205392305,2.0,1,0,1,0.0,-6.480776191206978,0.6149982893713655,3.077,수도권,서울특별시,송파구,주거시설,11-아파트,,,-0.6249999999999978,서울시 송파구 송파동 174-13,유찰만,,,,8.0,8.0
S8A4E2EA9,1,2026-06,2026-06,82500.0,82500.0,40000.0,40000.0,0.4848484848484848,,0,0,0,,,11.337365549112109,1.51,지방,대구광역시,수성구,주거시설,12-주상복합,128.64597723618,35.8594178893418,0.0,대구광역시 수성구 만촌동 1037-9외 3개필지,,,,,,
S8AC371A9,7,2025-02,2025-08,27300.0,27303.0,21000.0,21000.0,0.7691462476650918,,0,0,1,0.0,,0.9231572147019186,0.493,지방,경상남도,사천시,주거시설,11-아파트,128.060572925965,35.0176933284609,0.0,경남 사천시 용현면 송지리16번지 외 43필지,유찰만,,,,11.0,10.0
S8ADCD718,14,2025-03,2026-06,32009.0,36351.0,18720.0,24202.0,0.6657863607603642,,0,1,0,,-5.644727319796344,2.5925587559546353,-0.774,지방,제주특별자치도,제주시,주거시설,15-타운하우스,,,29.28418803418804,제주시 구좌읍 월정리 1919,유찰만,,,,5.0,4.0
S8AE5D876,1,2025-08,2025-08,8973.0,8973.0,,,,,0,0,1,0.0,,2.711974798422883,1.033,지방,강원도,원주시,주거시설,11-아파트,,,,강원도 원주시 무실동 172-2번지 외 11필지,,,,,,
S8BF5F06F,9,2025-08,2026-06,11762.0,14297.0,6188.0,9053.0,0.6332097642862139,,0,1,0,,-5.0495780391597025,0.6973261408387413,2.8049999999999997,수도권,경기도,용인시,주거시설,15-타운하우스,,,46.29928894634776,경기도 용인시 수지구 신봉동 481 외,유찰만,,,,8.0,7.0
S8C7212F3,3,2025-12,2026-02,58594.0,58594.0,58000.0,58000.0,0.9898624432535754,,0,0,1,0.0,,2.8660274665137853,0.891,지방,울산광역시,울주군,주거시설,11-아파트,,,0.0,울산광역시 울주군 온양읍 발리 299-1번지 일원,유찰만,,,,6.0,5.0
S8C87574D,7,2025-01,2025-08,22237.0,18656.0,15283.25057,13500.0,0.7236277873070326,2.0,1,1,1,0.0,-5.369288579204778,2.181680643064124,2.237,수도권,경기도,부천시,주거시설,11-아파트,126.808093029144,37.4831495299069,-11.668005846219664,"부천시 괴안동 111-47, 111-48",유찰만,,,,11.0,11.0
S8CC2AE1F,4,2025-04,2025-07,11467.0,11467.0,,,,,0,0,1,0.0,,0.27664303501955156,1.333,지방,세종특별자치시,세종,주거시설,16-기타주거시설,,,,세종특별자치시 장군면 대교리 90-14외 26필지,,,,,,
S8CC3E24B,3,2025-04,2026-06,76474.0,76474.0,41800.0,34400.0,0.4498260846823757,,1,0,0,,-0.751212588913519,4.778242551421847,0.646,지방,경상북도,포항시,주거시설,16-기타주거시설,129.392337451912,36.1061091682816,-17.703349282296653,포항시 북구 흥해읍 곡강리 산 148-2,유찰만,,,,8.0,7.0
S8D9E41DC,7,2025-02,2025-08,28324.0,28324.0,20809.0,20809.0,0.7346773054653297,,0,0,1,0.0,-0.9453238887703719,39.082099453377914,1.579,수도권,경기도,파주시,업무시설,31-오피스텔,126.778514271107,37.8393880523248,0.0,파주시 문사업 내포리 1634,유찰만,,,,5.0,4.0
S8DC81E03,4,2025-02,2025-06,12230.0,12230.0,,,,,0,0,1,0.0,,7.781290489124945,0.5599999999999999,지방,대전광역시,대덕구,주거시설,16-기타주거시설,127.432503983406,37.2565749936403,,"중리동238-7,8번지",,,,,,
S8E09C96E,11,2025-01,2026-06,55626.256,55626.256,17456.0,17456.108554,0.3138105960969222,1.0,0,0,0,,-7.986157822445768,11.138936342060775,1.094,지방,강원도,원주시,산업시설,62-아파트형공장,127.976581894245,37.3275590482016,0.0006218721356532342,강원도 원주시 반곡동 1858-4,유찰만,,,,12.0,12.0
S8E9E7BCF,1,2025-12,2025-12,25944.0,25944.0,18000.0,18000.0,0.6938020351526365,,0,0,1,0.0,,5.674937528747867,0.355,지방,광주광역시,남구,기타시설,73-복지시설,126.893379585694,35.1334981460168,0.0,광주광역시 남구 주월동 88 외,,,,,,
S8F24B93D,7,2025-12,2026-06,42761.0,32157.0,20160.0,18310.0,0.5693939111235501,,1,1,0,,0.0421208362080594,3.0384155810194113,0.921,수도권,인천광역시,중구,업무시설,31-오피스텔,,,-9.176587301587302,인천광역시 중구 운북동 1274-2,유찰만,,,,18.0,16.0
S8F3849F4,3,2025-02,2025-04,16017.0,16017.0,,,,,0,0,1,0.0,,11.621680452764474,1.232,지방,경상북도,김천시,업무시설,21-근린생활시설,128.152237533641,36.1173760105061,,"김천시 덕곡동 1006-3,1007-6,1059-8,1007-1,1007-7,1059-2,1059-3,1059-7,1059-11,1059-12,1059-13,1059-14,1059-15,1059-10",,,,,,
S8F445778,2,2025-01,2025-02,6827.8563,9822.0,5640.0,5640.0,0.5742211362248014,1.0,0,1,1,0.0,,0.9625204197262552,3.687,수도권,경기도,용인시,주거시설,15-타운하우스,,,0.0,경기도 용인시 처인구 남동 480-22외 5필지,유찰만,,,,9.0,9.0
S8F4CD32A,6,2025-12,2026-05,31993.0,31993.0,,,,,0,0,1,0.0,,5.654898587836545,1.23,지방,부산광역시,금정구,주거시설,11-아파트,129.092628714377,35.264201492796,,부산 금정구 남산동 118-18,,,,,,
S8FC6A518,5,2025-01,2025-05,17808.8106,17809.0,9629.0,9629.0,0.5406816778033579,2.0,0,0,1,0.0,,0.737416955157445,3.498,수도권,경기도,용인시,주거시설,15-타운하우스,127.081410892727,37.348123708616,0.0,경기 용인시 수지구 동천동 1-1외,유찰만,,,,7.0,7.0
S8FDBDC74,7,2025-08,2026-06,24043.0,24043.0,15787.0,15787.0,0.6566152310443788,,0,0,0,,,26.739950243137898,1.247,지방,경상남도,김해시,기타시설,71-의료시설,128.90608730306,35.2426847347424,0.0,경상남도 김해시 어방동 998-17,유찰만,,,,5.0,5.0
S90468CA7,2,2026-05,2026-06,3526.0,3526.0,3557.0,3557.0,1.0087918321043676,,0,0,0,,,0.4278058549036694,1.203,지방,울산광역시,남구,주거시설,11-아파트,129.313209634787,35.5322059967643,0.0,울산 남구 신정동 758-2 일원,유찰만,,,,8.0,7.0
S908D2F0E,4,2026-03,2026-06,15315.0,15315.0,,,,,0,0,0,,,2.45880318130404,1.082,수도권,경기도,양주시,주거시설,11-아파트,127.045170697242,37.8038088613015,,경기도 양주시 산북동 304-7 일원,,,,,,
S91DA0A5E,1,2026-04,2026-04,14599.7,14599.7,8444.0,8444.0,0.5783680486585341,,0,0,1,0.0,,37.03092480928185,1.416,지방,충청남도,천안시,숙박시설,45-기타숙박시설,127.147661939374,36.8073825001917,0.0,충남 천안시 동남구 대흥동 112-1번지,,,,,,
S922A51DD,6,2025-08,2026-02,42757.0,42757.0,41412.0,41412.0,0.9685431625230956,,0,0,1,0.0,,31.772663734311372,0.744,지방,대구광역시,동구,주거시설,12-주상복합,128.62778914974126,35.88094432424884,0.0,대구광역시 동구 신암동 259-5,,,,,,
S924C3837,17,2025-01,2026-06,11752.0,9551.0,7185.8,5099.9,0.5339650298398073,4.0,1,1,0,,,,2.8049999999999997,수도권,경기도,용인시,주거시설,12-주상복합,127.170534694094,37.2402094249907,-29.028083164017925,경기도 용인시 처인구 삼가동 197-2,낙찰,107.38,2025-11-10 09:00:00,,440.0,386.0
S92754760,12,2025-02,2026-06,4407.0,4407.0,1415.0,2888.0,0.6553210800998411,,0,0,0,,,1.2402925746747737,-0.957,지방,제주특별자치도,서귀포시,주거시설,15-타운하우스,126.30113644187,33.2401615910377,104.09893992932862,서귀포시 안덕면 사계리 3711 외 19필지,,,,,,
S93210B34,16,2025-02,2026-06,277789.0,277789.0,234000.0,234000.0,0.842365968414876,,0,0,0,,22.90432474213091,2.3937057853630592,6.1850000000000005,수도권,서울특별시,강남구,주거시설,11-아파트,127.031476812739,37.5148468595403,0.0,서울특별시 강남구 논현동 114,유찰만,,,,10.0,9.0
S9357F055,5,2025-01,2025-05,768.2,768.0,625.7,357.0,0.46484375,2.0,1,0,1,0.0,-7.486045147708514,1.339653117966371,1.249,수도권,인천광역시,미추홀구,주거시설,16-기타주거시설,,,-42.94390282883172,"인천광역시 미추홀구 주안동 69-6,-29",유찰만,,,,9.0,8.0
S944DE5D0,6,2025-02,2025-07,29127.12,29127.12,16445.5,16445.5,0.5646112626308403,,0,0,1,0.0,,27.643827899682783,1.5559999999999998,수도권,경기도,파주시,업무시설,31-오피스텔,126.761674831618,37.7293808624676,0.0,경기도파주시와동동1456일원,유찰만,,,,9.0,9.0
S94A4CC20,7,2025-12,2026-06,13428.0,13428.0,,,,,0,0,0,,,2.522968481950404,2.125,수도권,경기도,김포시,기타시설,72-교육시설,126.730430027275,37.6014200507906,,김포시 풍무동 782번지 일원,,,,,,
S95AB5C20,17,2025-01,2026-06,7576.1722,7576.0,4994.0,4994.0,0.6591869060190074,1.0,1,0,0,,,1.20663712325419,0.951,지방,부산광역시,북구,업무시설,31-오피스텔,128.99761354367368,35.20409211283828,0.0,부산광역시 북구 구포동 1020-2,유찰만,,,,6.0,5.0
S95E6B733,2,2025-07,2025-08,16030.0,17132.0,9166.0,9166.0,0.5350221807144525,,0,1,1,0.0,,13.457614643099115,1.404,지방,부산광역시,기장군,업무시설,21-근린생활시설,129.231346535763,35.2675820712126,0.0,기장군 일광읍 삼성리 888,,,,,,
S9637D1A5,10,2025-02,2025-12,4488.0,4488.0,4255.0,3447.0,0.768048128342246,,2,0,1,0.0,5.186479853002613,3.468059203878177,1.773,지방,부산광역시,동래구,주거시설,16-기타주거시설,129.083833925953,35.200050132477,-18.989424206815507,부산 동래구 수안동 4-14,낙찰,3811.111,2025-09-17 09:00:00,57.887786177160784,39.0,32.0
S968BF31E,1,2025-01,2025-01,71441.28,71441.28,,,,,0,0,1,0.0,11.805290814330554,2.2698698087838793,5.372,수도권,서울특별시,강남구,상업시설,21-근린생활시설,127.05280795902,37.514729596714,,서울 강남구 삼성동70-1번지,유찰만,,,,28.0,14.0
S9696E01E,6,2025-08,2026-02,21181.0,21181.0,,,,,0,0,1,0.0,,0.23782838302019987,2.6910000000000003,수도권,경기도,화성시,상업시설,66-물류센터,126.860359259462,37.0540231019242,,화성시 장안면 장안리 산 36-1,유찰만,,,,5.0,5.0
S96AA97D3,7,2025-02,2025-08,25500.0,25500.0,18077.0,17000.0,0.6666666666666666,6.0,1,0,1,0.0,-33.357026661366675,1.6725659979286862,0.51,지방,전라남도,여수시,숙박시설,45-기타숙박시설,127.633611831204,34.6831676252307,-5.957846987885162,여수시 나진리 화양면 산368,유찰만,,,,1.0,0.0
S96C8F3ED,1,2026-06,2026-06,,,,,,,0,0,0,,,,1.121,지방,충청북도,진천군,산업시설,66-물류센터,127.476984687505,36.8632428862042,,충청북도진천군진천읍산척리111-19,,,,,,
S9705ED2B,16,2025-02,2026-06,,,,,,,0,0,0,,,,-0.416,지방,전라남도,여수시,주거시설,15-타운하우스,127.639619012745,34.7756479502735,,전남 여수시 화장동 864번지 외,,,,,,
S970C77BC,3,2025-03,2025-07,7501.0,7501.0,,,,,0,0,1,,,12.80039351228828,0.7330000000000001,지방,충청남도,당진시,상업시설,21-근린생활시설,,,,당진시 수청1지구 38BL 2/3LOT,,,,,,
S971D3942,6,2025-01,2025-06,36188.02139,36188.0,19039.59,18800.0,0.5195092295788659,2.0,1,0,1,0.0,11.939087938384525,4.750691836455244,0.902,지방,경상북도,포항시,주거시설,11-아파트,129.348933102009,36.0540361299259,-1.2583779377602133,경북포항시북구우현동379번지외25필지,유찰만,,,,18.0,18.0
S972F3277,2,2025-12,2026-01,43016.0,43016.0,32096.0,32096.0,0.7461409708015622,,0,0,1,0.0,,9.197662823606104,1.698,수도권,인천광역시,서구,상업시설,31-오피스텔,,,0.0,서구 원당동 3204-103번지,,,,,,
S974C3B84,4,2025-01,2025-04,100387.66,100387.0,53706.9,53706.0,0.5349895902855948,7.0,0,0,1,0.0,,5.42791378183763,2.623,지방,강원도,양양군,숙박시설,42-콘도,128.717585106659,38.0265704812672,-0.001675762332220554,강원 양양군 현북면 하광정리 591외,유찰만,,,,14.0,14.0
S97550927,7,2025-12,2026-06,80367.0,75572.0,,,,,0,1,0,,,1.2855196852643913,0.5599999999999999,수도권,경기도,평택시,주거시설,11-아파트,126.854658916158,36.9923066447336,,경기 평택시 포승읍 도곡리 산87번지 일원,,,,,,
S9776F0A6,1,2025-01,2025-01,85449.6,85449.6,55000.0,55000.0,0.6436542710556866,1.0,0,0,1,0.0,,2.2440988315724604,2.188,수도권,서울특별시,중랑구,주거시설,12-주상복합,127.079268578008,37.6002298801859,0.0,서울 중랑구 중화동 303-9,,,,,,
S978EF55A,10,2025-01,2025-11,312908.8,312909.0,225000.0,225500.0,0.7206568043744347,8.0,0,0,1,0.0,14.508425474762952,3.0629712960739988,5.928,수도권,서울특별시,강남구,상업시설,21-근린생활시설,127.025153890028,37.5082223893841,0.22222222222221255,서울시 강남구 논현동 16번지,유찰만,,,,8.0,7.0
S97DFA8E7,16,2025-02,2026-06,95869.0,95869.0,44000.0,38000.0,0.3963742189863251,1.0,5,0,0,,4.501834533229532,2.833087443530043,0.6619999999999999,지방,울산광역시,북구,주거시설,11-아파트,,,-13.636363636363635,울산광역시 북구 중산동 938번지 일원,유찰만,,,,28.0,25.0
S97F002D8,5,2026-02,2026-06,23292.0,23292.0,10069.0,10069.0,0.4322943499914133,,0,0,0,,-35.320733643850254,0.7188962849412032,1.018,수도권,경기도,포천시,기타시설,76-기타시설,,,0.0,경기도 포천시 동교동 645-4외 11필지,유찰만,,,,5.0,4.0
S9801538A,4,2025-01,2025-04,20738.86565,20739.0,8550.0,8550.0,0.4122667438159988,11.0,0,0,1,0.0,-2.54683448858104,3.190594632823945,1.562,수도권,경기도,여주시,산업시설,61-공장설립,127.608366633328,37.2736147708081,0.0,"여주시 연라동 151-3, 151-7, 151-6, 152-4, 146-1, 146-2",유찰만,,,,21.0,20.0
S980171A1,1,2025-03,2025-03,12131.0,12131.0,,,,,0,0,1,0.0,,1.1268460920679733,2.2369999999999997,지방,강원도,고성군,레져시설,43-리조트,,,,강원도 고성군 죽왕면 가진리 산1-1.1-6.1-10,,,,,,
S98C1BE88,2,2025-01,2025-02,15165.0,15165.0,8501.0,8501.0,0.5605670952851962,1.0,0,0,1,0.0,,18.690035846502028,1.0759999999999998,지방,부산광역시,영도구,업무시설,31-오피스텔,129.039589884153,35.0851331621655,0.0,부산 영도구 영선동4가1-1번지,유찰만,,,,8.0,8.0
S990B5580,14,2025-04,2026-06,5930.0,5930.0,,,,,0,0,0,,,1.5218399012606896,-0.957,지방,제주특별자치도,서귀포시,주거시설,15-타운하우스,126.546192997129,33.2642667121691,,제주 서귀포시 서홍동 1724번지,,,,,,
S9923FE3B,17,2025-01,2026-06,1870.036,1870.0,858.655142,692.0,0.3700534759358289,2.0,2,0,0,,-6.842768179278916,1.649974037146149,0.6619999999999999,지방,울산광역시,북구,업무시설,31-오피스텔,129.355175442832,35.5556299964112,-19.408856227404968,북구 명촌동689-7,유찰만,,,,38.0,27.0
S992E91EB,2,2026-05,2026-06,114024.0,114024.0,71863.0,71863.0,0.6302445099277345,,0,0,0,,,6.064211654152755,1.33,지방,대전광역시,동구,업무시설,31-오피스텔,,,0.0,"대전광역시동구판암지구도시개발사업지내9블럭1,2롯트(M2블록내)",,,,,,
S992EA770,4,2025-02,2025-05,2071.0,2071.0,1102.0,1102.0,0.5321100917431193,,0,0,1,0.0,,1.5849949512703336,1.893,수도권,경기도,고양시,주거시설,16-기타주거시설,,,0.0,"경기도 고양시 덕양구 동산동 47-59,-64",낙찰,1175.0,2025-05-14 09:00:00,,8.0,6.0
S9988C4DD,2,2026-05,2026-06,,,,,,,0,0,0,,,,3.5149999999999997,수도권,경기도,하남시,주거시설,16-기타주거시설,127.197422173594,37.5656807841403,,경기도하남시망월동1146,,,,,,
S99D973F5,7,2025-01,2025-07,34669.112,32324.0,26615.0,19440.0,0.6014107164954833,9.0,2,1,1,0.0,,1.323594717015944,2.1950000000000003,수도권,경기도,부천시,산업시설,33-기타업무시설,126.769550709288,37.5311025763355,-26.958482058989297,경기 부천시 오정동 799번지,,,,,,
S9A9A5073,2,2025-05,2025-06,45000.0,45000.0,,,,,0,0,1,0.0,,1.5340025067199825,-0.6849999999999999,지방,경상남도,거제시,주거시설,15-타운하우스,128.692394044076,34.8314972155688,,경남 거제시 일운면 소동리 산46-7번지 일원,,,,,,
S9AEC8353,2,2025-02,2025-03,32408.0,32408.0,23769.0,23769.0,0.733430017279684,1.0,0,0,1,0.0,,10.952817753365299,1.012,지방,대구광역시,동구,주거시설,12-주상복합,,,0.0,"대구광역시 동구 신천동 292-3, 292-11
대구광역시 동구 신천동 292-14, 292-15
대구광역시 동구 신천동 293-5",,,,,,
S9BA124BF,5,2025-01,2025-05,20060.357,20060.0,11750.0,11750.0,0.5857427716849452,1.0,0,0,1,0.0,-3.914571608093992,4.802176219784842,2.261,지방,충청남도,아산시,주거시설,31-오피스텔,127.049414595207,36.7949277157354,0.0,아산시 탕정면 용두리 730-1,유찰만,,,,7.0,6.0
S9BA5054C,2,2025-02,2025-03,20342.0,20342.0,,,,,0,0,1,0.0,,12.904012804781855,2.006,지방,강원도,강릉시,주거시설,11-아파트,128.880405051915,37.7525160639276,,강릉시 홍제동 223-17 외,,,,,,
S9BAE1486,1,2025-03,2025-03,,,,,,,0,0,1,,,,1.999,수도권,인천광역시,서구,,,,,,인천광역시서구가정동202-0,,,,,,
S9BDC536C,6,2025-08,2026-02,42297.0,42297.0,32500.0,32500.0,0.7683760077546871,,0,0,1,0.0,,5.635329404772428,1.291,지방,부산광역시,해운대구,숙박시설,45-기타숙박시설,,,0.0,"부산광역시 해운대구 송정동 297-83 외 297-77,-79,-81,-82,-127,-128",낙찰,32450.0,2026-02-24 09:00:00,,16.0,15.0
S9CDC4F7D,5,2025-02,2025-08,29064.0,25273.0,16077.7,16077.7,0.6361611205634472,,0,1,1,0.0,,47.1073788917683,0.97,지방,울산광역시,울주군,업무시설,31-오피스텔,129.141108601093,35.546860605258,0.0,울주군 삼남읍 신화리 1610-2,,,,,,
S9D6A332C,6,2025-03,2026-06,140736.0,140736.0,112993.0,90500.0,0.6430479763528877,,2,0,0,,-14.946679131141476,2.1587710109577545,6.1850000000000005,수도권,서울특별시,강남구,주거시설,16-기타주거시설,127.03265982601572,37.48856509939646,-19.90654288318745,서울시 강남구 도곡동 946-11번지 일원,유찰만,,,,21.0,16.0
S9EEC1C21,16,2025-01,2026-06,2705.6,2706.0,950.0,950.0,0.3510716925351071,,1,0,0,,,0.7335228945849025,-0.957,지방,제주특별자치도,서귀포시,주거시설,16-기타주거시설,126.3756896348,33.3050507321204,0.0,서귀포시 안덕면 상창리 46-1,,,,,,
S9F0024E1,7,2025-12,2026-06,4991.0,4991.0,,,,,0,0,0,,,0.6385179297997522,-0.774,지방,제주특별자치도,제주시,숙박시설,45-기타숙박시설,,,,제주도 제주시 애월읍 상귀리 1229-2번지 외 7필지,,,,,,
S9F83AD5A,13,2025-05,2026-06,370276.0,484386.0,240000.0,240000.0,0.4954726189443956,,0,1,0,,-7.65656276714442,1.4354030063862957,2.8049999999999997,수도권,경기도,용인시,산업시설,66-물류센터,127.237501795398,37.3006566763758,0.0,경기도용인시처인구포곡읍삼계리46번지일원,유찰만,,,,8.0,7.0
S9FC9B116,2,2025-02,2025-03,8010.0,8010.0,,,,,0,0,1,0.0,,3.5605133926129486,2.409,수도권,경기도,수원시,상업시설,21-근린생활시설,127.005388910623,37.2691378253648,,수원시 팔달구 매산로2가 13-5,,,,,,
SA000075A,1,2025-04,2025-04,88357.0,88357.0,,,,,0,0,1,,,0.7232687409359235,1.569,지방,대전광역시,유성구,주거시설,11-아파트,,,,대전 도안 2-4지구 도안에듀타운 공동주택 개발사업,,,,,,
SA05D35DE,10,2025-08,2026-06,80900.0,80900.0,,,,,0,0,0,,,3.9770079419678797,0.132,지방,경상남도,사천시,주거시설,11-아파트,128.064539572049,35.0175338539516,,경남 사천시 용현면 송지리22-5번지 외 68필지,,,,,,
SA06664CD,2,2026-05,2026-06,14599.7,14600.0,8444.0,8444.0,0.5783561643835616,,0,0,0,,,36.14986854138813,1.4220000000000002,지방,충청남도,천안시,숙박시설,45-기타숙박시설,127.147860802149,36.8073572923468,0.0,충남 천안시 동남구 대흥동 105-3번지 외,유찰만,,,,6.0,5.0
SA06BB3CC,4,2025-10,2026-06,50300.0,51361.0,,,,,0,1,0,,,6.020695920156622,1.528,지방,부산광역시,동래구,주거시설,11-아파트,129.081369714744,35.2213311319511,,부산동래구온천동142번지외23필지,,,,,,
SA0D1BEBC,1,2025-08,2025-08,52480.0,52480.0,36800.0,36800.0,0.7012195121951219,,0,0,1,0.0,,5.9673685612526315,2.4730000000000003,수도권,경기도,안양시,주거시설,12-주상복합,126.917577733863,37.4148931204967,0.0,안양시 만안구 안양동 42-4,유찰만,,,,23.0,23.0
SA0EC283D,16,2025-02,2026-06,11024.0,10707.0,7785.0,7785.0,0.7270944242084617,,0,3,0,,,11.04356612092168,1.5399999999999998,지방,충청북도,청주시,상업시설,21-근린생활시설,127.31561885052,36.6196360429755,0.0,청주시 흥덕구 오송읍 봉산리 992번지,,,,,,
SA14478A6,10,2025-02,2026-06,18437.0,18437.0,12738.0,8807.0,0.4776807506644248,1.0,5,0,0,,10.62593612730685,6.783005612432295,0.5599999999999999,수도권,경기도,평택시,주거시설,12-주상복합,,,-30.86041764798242,경기도 평택시 신장동 690-87 외,유찰만,,,,56.0,55.0
SA166815F,4,2025-02,2025-05,14774.0,16479.0,,,,,0,1,1,0.0,,20.276385317845712,0.933,지방,경상북도,포항시,주거시설,12-주상복합,129.35957834088,36.0242891560201,,포항시 북구 죽도동 608-2번지 외,,,,,,
SA1E138A5,9,2025-04,2026-01,16436.0,16436.0,9486.0,9486.0,0.5771477245071793,,0,0,1,0.0,15.56908982317427,11.96210197406692,1.002,지방,강원도,원주시,주거시설,12-주상복합,,,0.0,강원도 원주시 단구동 128-1 외 14,유찰만,,,,19.0,19.0
SA3EBCF2F,7,2025-01,2025-08,46780.6613,46781.0,14301.6,13584.0,0.2903742972574336,2.0,1,0,1,0.0,,11.16934684285924,1.307,지방,부산광역시,사하구,상업시설,21-근린생활시설,128.98466823005,35.0613251745626,-5.0176204061084135,"부산 사하구 다대동 96-2, 1601-2, 1601-4",유찰만,,,,55.0,50.0
SA478839E,14,2025-02,2026-04,10883.0,10883.0,,,,,0,0,1,0.0,,2.1309991638762593,1.459,지방,충청북도,청주시,산업시설,66-물류센터,127.409915155319,36.5140842892697,,청주시 서원구 현도면 중삼리 산7-1 일원,,,,,,
SA4AB2E02,1,2026-06,2026-06,,,,,,,0,0,0,,,,1.669,수도권,경기도,이천시,산업시설,66-물류센터,127.394951937939,37.2575054314835,,경기도이천시마장면표교리산55-1번지일원,,,,,,
SA4EA3A53,6,2025-02,2025-08,12986.0,12986.0,7771.0,6800.0,0.5236408439858309,1.0,1,0,1,0.0,,1.8583639591796342,2.473,수도권,경기도,안산시,상업시설,11-아파트,126.867832675859,37.3100970665193,-12.49517436623343,"안산시 상록구 일동 119-1, 119-2, 120-5",유찰만,,,,14.0,14.0
SA51A7364,1,2025-08,2025-08,,,,,,,0,0,1,0.0,,,1.652,지방,대구광역시,수성구,주거시설,11-아파트,128.624902310737,35.863481959359,,대구 수성구 범어동 22-5번지 일원,,,,,,
SA52CFD20,2,2026-02,2026-03,14573.0,14573.0,,,,,0,0,1,0.0,,6.590596652652146,0.698,지방,울산광역시,북구,상업시설,21-근린생활시설,129.36536212043228,35.60114113657085,,울산광역시 북구 송정동 1234-3 101호 외,,,,,,
SA5C9DD73,2,2025-07,2025-08,13506.0,13506.0,,,,,0,0,1,0.0,,2.6588617094700564,1.647,지방,충청남도,천안시,주거시설,11-아파트,,,,천안시 서북구 성거읍 신월리 405-1 / 405-39,,,,,,
SA66B8BCD,12,2025-01,2026-01,86134.6,88420.5,48700.0,46000.0,0.5202413467465125,2.0,1,1,1,0.0,-76.30980037461903,3.083490135891339,1.289,지방,부산광역시,해운대구,주거시설,45-기타숙박시설,129.202023711119,35.1828170482135,-5.544147843942504,부산광역시해운대구송정동349외9필지일원,유찰만,,,,15.0,14.0
SA67A2CE4,5,2025-02,2025-07,5121.0,6134.0,,,,,0,1,1,0.0,,1.1425147316625304,0.302,지방,전라남도,곡성군,기타시설,45-기타숙박시설,127.24728589716,35.1818649167889,,석곡면 연반리 산19번지 일원,,,,,,
SA6CCD1D8,11,2025-02,2026-06,80241.0,80242.0,45567.0,45567.0,0.5678696941751202,7.0,1,0,0,,-5.428657689392944,5.4197618201208675,1.203,지방,울산광역시,남구,주거시설,11-아파트,129.30511493283,35.539685637823,0.0,남구 신정동 1238-1 외 18필지,유찰만,,,,7.0,7.0
SA70D4501,5,2025-01,2025-05,22751.82463,19912.0,8294.22,7006.0,0.3518481317798312,2.0,2,1,1,0.0,1.9561128383973505,0.9984919178775788,0.882,지방,전라남도,여수시,주거시설,11-아파트,127.699358672694,34.7659483489044,-15.531538830655556,전남 여수시 둔덕동 471-10 외 23필지,유찰만,,,,25.0,25.0
SA83A9B61,1,2026-04,2026-04,185401.0,185401.0,,,,,0,0,1,0.0,,1.5025451307742907,1.066,지방,부산광역시,기장군,상업시설,21-근린생활시설,,,,부산광역시 기장군 기장읍 당사리 535번지,,,,,,
SA8490C3A,6,2025-01,2025-06,145523.434,145523.0,,,,,0,0,1,0.0,9.08798110336898,4.025986888700025,1.295,지방,부산광역시,사상구,주거시설,11-아파트,128.988663123598,35.1956004315516,,부산 사상구 모라동 270-3 외 25필지,유찰만,,,,7.0,7.0
SA866A183,1,2025-10,2025-10,28708.0,28708.0,,,,,0,0,1,0.0,,2.4703270478496075,2.8659999999999997,수도권,경기도,시흥시,주거시설,16-기타주거시설,126.674542202469,37.326543231637,,시흥시 정왕동 2706-1번지 일원,,,,,,
SA8FECD82,16,2025-02,2026-06,87851.0,75048.0,60983.0,48674.0,0.6485715808549195,1.0,1,1,0,,20.255477307726952,3.6970559640982232,2.617,수도권,경기도,시흥시,상업시설,21-근린생활시설,126.67880589844523,37.32081415462981,-20.184313661184262,경기도 시흥시 정왕동 2727,유찰만,,,,30.0,30.0
SA94A6526,2,2025-02,2025-03,12728.0,12728.0,9173.0,9173.0,0.7206945317410434,1.0,0,0,1,0.0,,1.7591380356357065,0.649,지방,울산광역시,북구,주거시설,11-아파트,,,0.0,울산광역시 북구 신천동 262 외 11필지,,,,,,
SA95A5A26,11,2025-02,2026-06,190362.0,190361.0,,,,,0,2,0,,,2.208080133218506,1.048,지방,부산광역시,기장군,숙박시설,54-관광단지,129.22414356277795,35.19514467900191,,부산광역시 기장군 기장읍 시랑리 711번지 일원,,,,,,
SA9E2F2E1,3,2025-01,2025-03,11552.0,11552.0,5613.6,5052.0,0.4373268698060942,3.0,1,0,1,0.0,-19.171415512465366,39.673837805226775,0.792,지방,경상북도,경산시,상업시설,21-근린생활시설,128.811891751026,35.9176124271522,-10.004275331338185,경산시 하양읍 서사리 329,유찰만,,,,58.0,57.0
SA9F1949A,3,2025-02,2025-04,27105.0,27105.0,13308.5,13309.0,0.4910164176351226,5.0,0,0,1,0.0,,8.537537902048879,1.4520000000000002,수도권,인천광역시,남동구,주거시설,16-기타주거시설,126.707890813811,37.4637369759455,0.0037569974076667734,인천 남동구 간석동 280-11 외,유찰만,,,,51.0,51.0
SAA237D55,2,2025-04,2025-08,13097.0,13097.0,9196.88175,9197.0,0.7022218828739406,,0,0,1,0.0,6.787001683206418,31.59540565457899,1.647,지방,충청남도,천안시,주거시설,11-아파트,127.147860802149,36.8073572923468,0.0012857618833628237,충남 천안시 동남구 대흥동 105-3지번,유찰만,,,,6.0,6.0
SAA5702D3,3,2025-02,2025-04,23942.0,23942.0,10018.0,10018.0,0.4184278673460864,2.0,0,0,1,0.0,,0.7736909700990777,0.879,수도권,경기도,양주시,산업시설,66-물류센터,126.999238859103,37.8818421744545,0.0,경기 양주시 남면 입암리 92-8,낙찰,10055.0,2024-09-11 09:00:00,,31.0,23.0
SAA8A5710,3,2026-04,2026-06,12918.3,12918.3,,,,,0,0,0,,,1.732642710913335,2.8049999999999997,수도권,경기도,용인시,주거시설,15-타운하우스,127.12460907375596,37.32690151790269,,경기도 용인시 처인구 모현읍 오산리 306,,,,,,
SAAE18A9D,4,2025-05,2025-08,61992.0,61992.0,33169.0,33169.0,0.53505291005291,,0,0,1,,,4.661012773200058,2.35,수도권,경기도,군포시,주거시설,12-주상복합,,,0.0,경기도 군포시 당공 772-8번지,,,,,,
SAAE7097E,2,2025-01,2025-02,8085.622,8086.0,,,,,0,0,1,0.0,,0.316347141278823,-0.6499999999999999,지방,제주특별자치도,제주시,주거시설,15-타운하우스,,,,"제주시 조천읍 선흘리 1823, 1825, 1823-6",,,,,,
SAB5291E7,16,2025-02,2026-06,5378.0,5394.0,3776.0,1295.0,0.2400815721171672,,2,0,0,,,3.055823260113833,-0.957,지방,제주특별자치도,서귀포시,주거시설,16-기타주거시설,,,-65.70444915254237,"제주특별자치도 서귀포시 안덕면 서광리 1432, 1433-2, 1432-1",,,,,,
SAB8E754B,4,2026-03,2026-06,31892.0,31892.0,19300.0,19300.0,0.6051674401103725,,0,0,0,,16.157153417302396,12.229826694110901,0.387,지방,전라북도,군산시,주거시설,11-아파트,126.740212375896,35.9858804499007,0.0,전라북도 군산시 구암동 355-10번지 일원,취소,,,,22.0,10.0
SABAF7D0B,14,2025-01,2026-06,20280.06,20280.0,9450.0,6908.0,0.3406311637080867,2.0,3,0,0,,-28.68968453990731,0.861855322319382,0.931,수도권,경기도,안성시,산업시설,66-물류센터,,,-26.899470899470902,경기 안성시 죽산면 장계리 산124-1 외 23필지,유찰만,,,,55.0,48.0
SABBA2F50,9,2025-10,2026-06,31664.0,34940.0,10860.752,18700.0,0.5352032054951346,,0,1,0,,,62.79210704166362,0.6649999999999999,지방,경상북도,김천시,상업시설,21-근린생활시설,128.181966188846,36.11511480601,72.17960597940179,경상북도 김천시 율곡동 808,,,,,,
SAC0A3BAA,5,2026-02,2026-06,6090.0,6090.0,,,,,0,0,0,,,2.1378301741688364,2.536,수도권,경기도,부천시,업무시설,31-오피스텔,126.781725747711,37.4865164136715,,"부천시 원미구 심곡동 176-14, 176-15, 376-31",,,,,,
SAC5701A3,8,2025-02,2026-05,10607.0,15163.0,,,,,0,2,1,0.0,,2.305902439947096,1.268,수도권,경기도,의정부시,주거시설,67-기타산업시설,127.036028906455,37.7504719905429,,"경기의정부시가능동604,604-5번지",,,,,,
SAD555B9C,16,2025-02,2026-06,76085.0,76085.0,44927.0,39356.0,0.5172635867779457,,1,0,0,,9.0574437101696,10.131272695196177,0.854,지방,부산광역시,연제구,업무시설,31-오피스텔,129.081374615245,35.1844287762694,-12.400115743316942,부산광역시 연제구 연산동 708-1 외,유찰만,,,,1062.0,1012.0
SADB9413D,5,2026-02,2026-06,33868.0,33868.0,30632.0,30632.0,0.9044525806070628,,0,0,0,,,3.599421184528268,-0.086,지방,경상남도,함안군,산업시설,66-물류센터,128.315279679596,35.2872556847759,0.0,경남 함안군 군북면 월촌리 2059번지,유찰만,,,,6.0,6.0
SAE805988,6,2025-01,2025-06,11999.302,11999.0,18862.0,8500.0,0.7083923660305026,1.0,1,0,1,0.0,,1.789800284799862,0.863,지방,전라북도,전주시,상업시설,26-기타상업시설,127.081016385907,35.8497278211961,-54.93584985685504,전주시덕진구 만성동 1345-1,유찰만,,,,9.0,8.0
SAEA34291,2,2026-05,2026-06,6703.0,6703.0,3248.0,3248.0,0.4845591526182306,,0,0,0,,,7.499078700676968,0.615,수도권,경기도,동두천시,주거시설,12-주상복합,127.061278573707,37.8885974761653,0.0,"경기도동두천시지행동383-2,383-9,383-12,383-13",유찰만,,,,8.0,7.0
SAF1A8E46,8,2025-05,2026-03,57646.0,57646.9279,34542.0,32542.0,0.564505363693457,,1,0,1,0.0,,1.979401731450843,4.748,수도권,서울특별시,마포구,주거시설,11-아파트,126.935066865566,37.5548372739155,-5.790052689479475,마포구 노고산동 57-22 일원,,,,,,
SAF267246,2,2026-05,2026-06,1458.0,1458.0,1075.0,1075.0,0.7373113854595336,,0,0,0,,3.174538581289049,4.013344190122838,2.536,수도권,경기도,부천시,주거시설,11-아파트,,,0.0,"경기도 부천시 심곡동 100-2번지 1201호, 1301호, 1302호",유찰만,,,,6.0,5.0
SAF765FF4,1,2026-06,2026-06,,,,,,,0,0,0,,,,-0.102,지방,경상남도,고성군,주거시설,11-아파트,128.402174069472,34.9876868911635,,경남 고성군 당동리 220-2번지,,,,,,
SAF84367F,2,2025-01,2025-02,63474.81,63475.0,,,,,0,0,1,0.0,,8.002889230728517,0.966,지방,대구광역시,북구,주거시설,12-주상복합,,,,대구시 북구 칠성동2가 302-131,,,,,,
SAFBF7EFE,10,2025-02,2026-02,7200.0,7214.0,,,,,0,0,1,0.0,,3.801397833220918,1.423,지방,경상남도,김해시,상업시설,21-근린생활시설,128.905598386678,35.2427465071943,,"김해시 어방동 457-2, 457-12, 457-13, 457-14, 457-15",,,,,,
SB01A9807,5,2025-04,2025-08,10790.286,10790.0,5850.0,5850.0,0.5421686746987951,,0,0,1,0.0,,0.1223695860264874,1.145,지방,부산광역시,남구,주거시설,11-아파트,129.116139683852,35.1113741486043,0.0,부산 남구 용호동 산95-4 외,유찰만,,,,7.0,7.0
SB080EDF8,7,2025-06,2026-02,28984.51,27104.0,18486.0,18486.0,0.6820395513577332,,0,1,1,0.0,-16.88836554421655,0.4622502521925081,2.199,수도권,경기도,수원시,주거시설,76-기타시설,127.064945540423,37.2599802351627,0.0,"경기 수원시 영통구 원천동417-2, -13번지",유찰만,,,,7.0,6.0
SB098D1FD,2,2025-02,2025-03,10575.6,10575.6,,,,,0,0,1,0.0,,1.5429270089717657,-0.668,지방,제주특별자치도,제주시,주거시설,13-연립주택,126.626943023618,33.5183089568786,,제주특별자치도 제주시 신촌리 4009,,,,,,
SB0A25699,2,2025-02,2025-03,8608.0,8608.0,,,,,0,0,1,,,7.311847567178615,-0.668,지방,제주특별자치도,제주시,주거시설,13-연립주택,,,,제주도 한경면 저지리2967-1,,,,,,
SB114B5F0,2,2025-04,2025-05,31730.0,31730.0,,,,,0,0,1,0.0,,2.0982684235599662,0.754,지방,전라남도,광양시,주거시설,11-아파트,127.576168218123,34.9571563571627,,전남 광양시 광양읍 덕례리 산242-2번지 외,,,,,,
SB34D1AAA,8,2025-02,2026-06,41478.0,47180.8,19801.0,19801.0,0.4196834305480195,1.0,0,1,0,,,0.26062185336414545,4.256,수도권,서울특별시,종로구,주거시설,16-기타주거시설,,,0.0,서울시 종로구 평창동 492-6 외,유찰만,,,,4.0,3.0
SB4717DE9,5,2025-01,2025-05,15081.0,15081.0,8014.0,8014.0,0.5313971222067502,1.0,0,0,1,0.0,-26.50702335874893,31.580702319587623,1.365,지방,부산광역시,사하구,업무시설,31-오피스텔,128.993057650504,35.0993148095316,0.0,사하구 괴정동 947-1번지,유찰만,,,,19.0,19.0
SB48061DB,13,2025-02,2026-06,16569.0,16569.0,,,,,0,0,0,,,0.2875950679224126,2.8049999999999997,수도권,경기도,용인시,기타시설,76-기타시설,,,,경기도 용인시 수지구 동천동 산15 외,,,,,,
SB496FDA8,1,2026-05,2026-05,7615.0,7615.0,3621.0,3621.0,0.4755088640840446,,0,0,1,0.0,2.339094050895829,18.341884047498617,2.186,지방,강원도,양양군,주거시설,11-아파트,128.630697686142,38.1181163579237,0.0,강원 양양군 강현면 주청리 2-5 일원,유찰만,,,,10.0,9.0
SB4CDED1E,16,2025-02,2026-06,61942.0,61942.0,,,,,0,0,0,,,3.5079631996666345,0.937,지방,부산광역시,사하구,상업시설,76-기타시설,,,,"부산시 사하구 장림동492-7, -3, -8, -14, 489-1",,,,,,
SB529D910,1,2026-02,2026-02,10023.0,10023.0,7104.0,7104.0,0.7087698293923975,,0,0,1,1.0,,8.33242781672308,0.952,지방,경상북도,문경시,주거시설,11-아파트,128.171889318887,36.6393613278769,0.0,경북 문경시 신기동 67-37번지,취소,,,,6.0,3.0
SB52E3E66,7,2025-01,2025-07,2338.908,2338.0,1637.236,393.1,0.1681351582549187,4.0,2,0,1,0.0,,0.8411733167785993,-0.919,지방,제주특별자치도,서귀포시,주거시설,15-타운하우스,126.292247418924,33.226451312398,-75.99002220816058,제주서귀포시안덕면사계리3486-1일원,,,,,,
SB57D1A2B,7,2025-12,2026-06,52700.0,52700.0,32010.0,32010.0,0.6074003795066414,,0,0,0,,,12.775350497068567,1.669,수도권,경기도,이천시,상업시설,66-물류센터,,,0.0,경기도 이천시 설성면 자석리 245-7,유찰만,,,,5.0,4.0
SB647D174,5,2025-01,2025-05,30194.48,30194.0,14040.0,12631.0,0.4183281446645028,3.0,1,0,1,0.0,-66.04120847901547,3.2082244502184776,2.906,지방,부산광역시,강서구,주거시설,11-아파트,,,-10.035612535612536,부산광역시 강서구 대저1동 2347-2 외 5필지,유찰만,,,,11.0,10.0
SB648E4B0,4,2025-01,2025-04,68332.29182,68332.0,44511.401669,44563.0,0.6521541883744073,2.0,0,0,1,0.0,,3.622432442256941,2.384,수도권,서울특별시,강서구,산업시설,62-아파트형공장,126.809131517365,37.5623272458833,0.11592160449966915,서울시 강서구 공항동 45-99 외,유찰만,,,,10.0,9.0
SB6940DF9,5,2025-02,2025-06,34822.7,34822.7,13839.0,14239.0,0.4088999417046927,5.0,0,0,1,0.0,-12.178912657127231,1.346991847010735,1.032,지방,대전광역시,서구,주거시설,11-아파트,,,2.890382253052959,대전광역시 서구 복수동 192-10외 10필지,유찰만,,,,20.0,20.0
SB69CE44B,5,2025-02,2025-06,28482.0,28482.0,,,,,0,0,1,0.0,,7.809155094567415,1.664,지방,경상남도,김해시,상업시설,12-주상복합,,,,김해시 어방동 468-5번지외,,,,,,
SB719F472,8,2025-04,2025-12,43502.0,43502.0,,,,,0,0,1,0.0,,5.723525889661396,3.0250000000000004,수도권,경기도,용인시,상업시설,21-근린생활시설,127.17297815917442,37.228919384451395,,경기도 용인시 처인구 역북동 556-119,,,,,,
SB7611EFB,3,2025-02,2025-04,55398.0,55398.0,42527.0,42527.0,0.7676630925304163,,0,0,1,1.0,,0.8544960941952772,5.634,수도권,서울특별시,강남구,주거시설,16-기타주거시설,,,0.0,서울특별시 강남구 도곡동 515-13번지 일원,유찰만,,,,6.0,6.0
SB7D11B4E,5,2025-01,2025-05,75944.896,81930.0,40964.842,40965.0,0.5,1.0,0,1,1,0.0,,26.264487015126637,1.0550000000000002,지방,전라남도,순천시,업무시설,31-오피스텔,127.546477779525,34.9356876506325,0.00038569659319698246,전남순천시해룡면신대리1973,유찰만,,,,5.0,5.0
SB7DBD18D,1,2025-03,2025-03,35116.0,35116.0,,,,,0,0,1,0.0,,0.5991788245232763,1.51,지방,충청남도,세종,기타시설,76-기타시설,127.212932669776,36.5168945976034,,충남세종시장군면대교리227-3외,,,,,,
SB7EEE8DB,3,2025-03,2026-02,43016.0,43016.0,32096.0,32096.0,0.7461409708015622,,0,0,1,0.0,,11.254719752369368,1.667,수도권,인천광역시,서구,주거시설,31-오피스텔,126.712040148566,37.5910364202038,0.0,"서구 당하동 1235-7,8",,,,,,
SB8E21170,11,2025-04,2026-03,16845.0,16845.0,13000.0,13000.0,0.771742356782428,,0,0,1,0.0,,3.794058242444273,1.229,지방,부산광역시,부산진구,업무시설,31-오피스텔,129.070571324297,35.1758916371176,0.0,부산 진구 양정동 311-3,,,,,,
SB9489886,2,2025-02,2025-03,47909.0,47909.0,,,,,0,0,1,0.0,,6.905765532623955,2.9400000000000004,수도권,경기도,시흥시,주거시설,31-오피스텔,126.785320346233,37.4418366911328,,시흥시 신천동 707-35번지 외,,,,,,
SB9D703C3,4,2025-02,2025-06,48521.0,48521.0,,,,,0,0,1,0.0,,1.5086527455052963,1.519,지방,대전광역시,유성구,주거시설,11-아파트,127.306376473705,36.3371850624439,,학하동 735,,,,,,
SB9E6D085,5,2025-10,2026-04,20843.0,23052.0,17837.0,17837.0,0.773772340794725,,0,1,1,0.0,3.2751986174938468,1.170395459976105,0.517,지방,경상북도,경산시,산업시설,66-물류센터,128.799237483659,35.8674059583393,0.0,경상북도 경산시 진량읍 선화리 888-15번지 일원,유찰만,,,,6.0,5.0
SBB5474E4,2,2025-02,2025-03,107173.72593,107174.0,,,,,0,0,1,0.0,,1.5376157933878234,1.082,지방,부산광역시,남구,업무시설,31-오피스텔,,,,부산광역시 남구 감만동 239-53 외 6필지,,,,,,
SBB7E6E40,11,2025-02,2026-06,26176.0,25062.0,18826.0,15768.7,0.6291876147155055,2.0,2,1,0,,16.69778640012441,15.351066952929454,0.807,지방,충청남도,서산시,주거시설,11-아파트,126.457179279348,36.7721432243288,-16.23977477956018,충남 서산시 석림동 738번지 일원,유찰만,,,,33.0,32.0
SBCC0158C,10,2025-01,2025-12,15095.22,15095.0,9316.0,9316.0,0.617157999337529,6.0,0,0,1,0.0,,9.733073242121977,1.931,지방,충청남도,아산시,상업시설,21-근린생활시설,127.006596071085,36.7805903398834,0.0,충청남도 아산시 온천동 84-1 외,취소,,,,9.0,6.0
SBCFA4308,7,2025-02,2025-08,4251.0,60699.0,30000.0,27000.0,0.4448178717936045,,1,1,1,0.0,7.363587052577114,1.1592972970642867,0.945,지방,울산광역시,중구,상업시설,26-기타상업시설,129.3404717785,35.5785266947482,-9.999999999999998,울산 중구 서동 607-2,유찰만,,,,33.0,33.0
SBDD6D558,2,2025-07,2025-08,3992.0,3992.0,,,,,0,0,1,0.0,,0.32951209989249514,-0.6729999999999999,지방,제주특별자치도,제주시,기타시설,76-기타시설,,,,제주시 한림읍 협재리 1343외15필지,,,,,,
SBEE5E896,7,2025-12,2026-06,45033.0,45033.0,25215.0,25215.0,0.5599227233362201,,0,0,0,,-8.084093402882143,1.6499293740563503,1.5399999999999998,지방,충청북도,청주시,상업시설,26-기타상업시설,127.41874890502,36.6428349830113,0.0,청주시 지동동 111 외,유찰만,,,,6.0,6.0
SBF45A5D5,13,2025-01,2026-02,77496.7,77496.7,30024.212,30024.212,0.3874256839323481,2.0,0,0,1,,,42.47918703844062,0.087,지방,경상남도,창원시,상업시설,21-근린생활시설,,,0.0,"경상남도 창원시 마포합포구 산호동 6-4,6-23",유찰만,,,,6.0,6.0
SBFB10452,4,2025-01,2025-04,18023.45,18023.0,9400.0,9400.0,0.5215557898241137,2.0,0,0,1,1.0,-8.981274779690802,2.144232735608301,0.581,지방,경상남도,창원시,업무시설,31-오피스텔,128.824400582465,35.0904586778416,0.0,창원시 진해구 용원동 1333-4,유찰만,,,,15.0,10.0
SBFE40430,7,2025-02,2025-08,8876.0,11834.0,1087.0,1087.0,0.0918539800574615,,0,1,1,0.0,,3.581321228140742,-0.941,지방,제주특별자치도,서귀포시,산업시설,62-아파트형공장,,,0.0,제주특별자치도 서귀포시 서호동 1615-14,,,,,,
SC012A39E,5,2025-02,2025-06,3992.0,3992.0,,,,,0,0,1,0.0,,0.3793074324324324,-0.668,지방,제주특별자치도,제주시,기타시설,76-기타시설,,,,제주시 한림읍 협재리 1348-1 외,,,,,,
SC03C15E3,3,2025-08,2026-01,6581.0,6581.0,,,,,0,0,1,0.0,,4.692335115864528,2.512,수도권,경기도,부천시,업무시설,31-오피스텔,126.787992450527,37.4846093114849,,원미구 심곡동 129-8,,,,,,
SC0D47A45,2,2025-05,2025-06,8261.0,8261.0,,,,,0,0,1,0.0,,2.6424924508438035,1.551,수도권,경기도,파주시,주거시설,31-오피스텔,,,,경기 파주시 문산읍 우계로 430-10 593-3번지,,,,,,
SC0E96404,2,2025-02,2025-03,49319.0,49319.0,,,,,0,0,1,0.0,,22.267654425266468,2.1710000000000003,지방,강원도,속초시,주거시설,12-주상복합,,,,강원도 속초시 동명동 86번지,,,,,,
SC1119DCA,2,2025-04,2025-05,23007.0,23007.0,,,,,0,0,1,0.0,,2.6877820313278953,2.796,수도권,서울특별시,강동구,상업시설,21-근린생활시설,127.175614544547,37.5723744869794,,서울특별시 강동구 강일동 75-1번지(고덕강일 근생 4-1BL),,,,,,
SC14F4ADD,1,2025-08,2025-08,19000.0,19000.0,,,,,0,0,1,0.0,,7.132132132132132,2.342,수도권,서울특별시,강서구,업무시설,31-오피스텔,126.846460775037,37.5462502427568,,서울시 강서구 화곡동 24-102,,,,,,
SC18B43FD,5,2025-02,2025-08,7531.0,7531.0,,,,,0,0,1,0.0,,3.028219054763691,1.579,수도권,경기도,파주시,주거시설,13-연립주택,126.797184943161,37.8572500713098,,파주시 문산읍 선유리 593-3,,,,,,
SC33AEBAA,7,2025-12,2026-06,313572.0,313572.0,,,,,0,0,0,,,18.88145029918872,1.4220000000000002,지방,충청남도,천안시,업무시설,33-기타업무시설,,,,천안시 성성동 361-38 일원,,,,,,
SC3B036E6,3,2025-02,2025-04,21050.0,21050.0,16000.0,16000.0,0.7600950118764845,,0,0,1,0.0,,2.2521917343688966,3.593,수도권,경기도,용인시,산업시설,66-물류센터,127.24378126790572,37.300863580811566,0.0,경기도 용인시 처인구 포곡읍 삼계리 46-11일원,,,,,,
SC4E344BD,14,2025-04,2026-06,31731.0,31731.0,19637.0,19637.0,0.6188585295137248,,0,0,0,,,2.8741594685270737,1.816,지방,강원도,강릉시,숙박시설,43-리조트,,,0.0,강원도 강릉시 견소동 268-5외 8필지,유찰만,,,,6.0,5.0
SC4F06853,17,2025-01,2026-06,40506.0,40506.0,20200.0,20200.0,0.4986915518688589,1.0,0,0,0,,,11.953854805273227,1.069,수도권,인천광역시,남동구,주거시설,12-주상복합,126.710326210565,37.4644522448925,0.0,인천광역시 남동구 간석동 176-10,유찰만,,,,39.0,36.0
SC52C2452,10,2025-01,2025-12,7617.13,9024.0,3732.394,3732.394,0.4900000393849126,3.0,0,1,1,0.0,,0.7433857338852937,-0.6639999999999999,지방,제주특별자치도,제주시,기타시설,16-기타주거시설,126.309898703578,33.4531554234242,0.0,제주 제주시 애월읍 곽지리 1480-1번지 외 13필지,,,,,,
SC5418EE9,1,2025-08,2025-08,4965.0,4965.0,4044.0,4044.0,0.8145015105740181,,0,0,1,0.0,,1.8861015065086777,1.52,수도권,서울특별시,금천구,주거시설,11-아파트,126.897549256687,37.4582107176694,0.0,"서울시 금천구 시흥동 113-12, -196번지",,,,,,
SC5780EED,17,2025-01,2026-06,49495.0715,49500.0,20000.0,20000.0,0.404040404040404,2.0,0,0,0,,,6.642630929163164,0.519,지방,대구광역시,동구,주거시설,12-주상복합,128.619405182825,35.8810748870583,0.0,대구광역시동구신암동211번지,유찰만,,,,4.0,4.0
SC57B0F1E,5,2025-01,2025-05,31828.0,31828.0,29343.0,29342.0,0.9218926731180092,1.0,0,0,1,0.0,,1.4851755664550723,2.2350000000000003,수도권,경기도,광주시,산업시설,66-물류센터,127.329996598968,37.3077150801314,-0.003407967828783498,경기도 광주시 도척면 노곡리 66번지 외 4필지,유찰만,,,,25.0,24.0
SC58C81F5,12,2025-02,2026-06,702808.70464,702808.70464,423286.0,382016.19,0.5435564293354623,2.0,2,0,0,,-39.77213896108184,8.313669725313577,2.125,수도권,경기도,김포시,주거시설,11-아파트,126.722925891513,37.6157079100553,-9.749864158039722,경기도김포시사우동332번지일원,유찰만,,,,25.0,24.0
SC5980FAA,2,2026-05,2026-06,,,,,,,0,0,0,,,,2.414,수도권,서울특별시,중랑구,주거지역,11-아파트,127.086982566935,37.5746434685793,,서울시중랑구면목동371-134번지일원,,,,,,
SC5F2F681,7,2025-10,2026-04,25509.0,25509.0,17000.0,17000.0,0.6664314555647026,,0,0,1,0.0,,1.9738000065770125,-0.384,지방,전라남도,여수시,숙박시설,43-리조트,127.635043828055,34.6831520600116,0.0,전남 여수시 화양면 나진리 6-1,,,,,,
SC62A910F,5,2025-02,2025-06,18883.0,19512.945,,,,,0,1,1,1.0,26.076947254689532,1.8529785036370112,2.211,수도권,경기도,광주시,산업시설,66-물류센터,127.316259617249,37.3853402893526,,경기 광주시 초월읍 선동리 356-5 외,낙찰,14550.0,2025-06-27 10:00:00,74.56588433985746,17.0,15.0
SC63E9090,5,2025-02,2025-06,55778.0,55778.0,26886.0,26886.0,0.4820179999282871,1.0,0,0,1,0.0,,1.9984461197165129,1.723,지방,충청남도,천안시,주거시설,11-아파트,127.18138258268,36.7630259255898,0.0,충남천안시동남구목천읍응원리164,유찰만,,,,8.0,7.0
SC647D2CD,8,2025-01,2025-08,135007.558,138008.0,128807.366832,71976.0,0.5215349834792186,6.0,4,1,1,,-11.898260591256417,2.3573937290979536,1.395,수도권,경기도,안성시,산업시설,66-물류센터,,,-44.12120846016799,경기도 안성시 원곡면 산하리 산162번지 일원,유찰만,,,,32.0,31.0
SC656EE22,2,2025-08,2026-05,160500.0,135328.0,75730.0,75730.0,0.5596033341215417,,0,1,1,,,6.659517208595032,2.277,수도권,경기도,남양주시,산업시설,66-물류센터,,,0.0,경기도 남양주시 화도읍 재재기로 122번안길 6-31(차산리 634-1),,,,,,
SC684F9E2,4,2026-03,2026-06,11517.0,11517.0,,,,,0,0,0,,,0.971878673854086,2.8049999999999997,수도권,경기도,용인시,상업시설,26-기타상업시설,,,,경기도 용인시 처인구 원삼면 좌항리 산12-1외,,,,,,
SC6FEB869,7,2025-12,2026-06,50546.23,50546.23,24362.0,24362.0,0.4819746200656309,,0,0,0,,,1.0525093921592938,0.931,수도권,경기도,안성시,산업시설,66-물류센터,127.144283372965,37.08854783943,0.0,경기도 안성시 원곡면 성주리 362-1 번지 일원,유찰만,,,,8.0,8.0
SC716BEC8,13,2025-05,2026-06,6823.0,6823.0,,,,,0,0,0,,,6.494429028159997,1.978,지방,전라남도,무안군,주거시설,16-기타주거시설,,,,무안군 삼향군 남악리 106,,,,,,
SC75AB55E,10,2025-02,2025-12,28482.0,28482.0,23071.0,23071.0,0.8100203637385015,,0,0,1,0.0,,5.858884685042562,1.473,지방,경상남도,김해시,주거시설,12-주상복합,128.905319080692,35.2435931483451,0.0,경남 김해시 어방동464-1번지 외 20필지,유찰만,,,,6.0,5.0
SC775B5C7,11,2025-07,2026-06,12901.0,12901.0,9119.0,9119.0,0.7068444306642896,,0,0,0,,,0.8449421048720851,0.413,지방,경상북도,경산시,주거시설,15-타운하우스,128.831691775721,35.9376287397446,0.0,경상북도 경산시 와촌면 덕촌리 산15 외 11필지,유찰만,,,,6.0,5.0
SC79A8107,8,2025-02,2025-10,4520.0,4520.0,2070.0,2070.0,0.4579646017699115,,0,0,1,0.0,,0.9063400051040874,1.084,지방,충청남도,서산시,주거시설,67-기타산업시설,126.561494825996,36.6992265729803,0.0,서산시 해미면휴암리1-8외 3필지,,,,,,
SC7F1C5D0,3,2026-04,2026-06,63685.54963,63685.54963,18000.0,16200.0,0.2543748164869218,,1,0,0,,,57.14009783853172,-0.144,지방,전라남도,순천시,상업시설,25-상가,127.485700759439,34.954680206796,-9.999999999999998,전라남도 순천시 남내동 18-1번지 일원,,,,,,
SC87E9D61,9,2025-10,2026-06,37592.0,37592.0,27528.0,27527.0,0.7322568631623749,,0,0,0,,-4.3215523010869505,23.944231472416515,-0.0209999999999999,지방,광주광역시,동구,업무시설,31-오피스텔,126.914801982144,35.1509707843913,-0.0036326649229923014,광주광역시 동구 금남로4가 21-12,유찰만,,,,143.0,143.0
SC88267B9,1,2025-08,2025-08,150000.0,150000.0,91971.852,91971.852,0.61314568,,0,0,1,0.0,,7.235636002134653,1.183,지방,광주광역시,광산구,산업시설,66-물류센터,126.749374809736,35.11189720757,0.0,"광주광역시 광산구 연산동 1178, 1179번지",유찰만,,,,3.0,3.0
SC891BD4C,2,2025-02,2025-03,52258.493,52258.493,,,,,0,0,1,0.0,,1.6639834969040117,1.3030000000000002,지방,강원도,원주시,주거시설,11-아파트,127.918151561676,37.3308638121298,,강원도원주시무실동1198-1번지외30필지일원,,,,,,
SC8D2A23E,5,2025-04,2025-08,7053.0,7053.0,,,,,0,0,1,0.0,,1.4824466735668038,2.018,지방,강원도,강릉시,상업시설,21-근린생활시설,128.851683935706,37.7306559948874,,강릉시 구정면 제비리 1276-1,,,,,,
SC92A9702,15,2025-03,2026-06,32805.0,34997.0,33691.0,33691.0,0.962682515644198,,0,1,0,,,36.17335758878737,0.324,지방,전라남도,목포시,숙박시설,41-호텔,126.390730987046,34.7883599182482,0.0,전라남도 목포시 동명동 7,유찰만,,,,7.0,6.0
SC9614210,5,2025-02,2025-06,67400.0,67400.0,42009.0,32883.0,0.4878783382789317,3.0,1,0,1,0.0,,2.169849151260912,0.755,지방,대구광역시,달서구,주거시설,31-오피스텔,128.547689955599,35.811982340269,-21.723916303649215,달서구 상인동 1558번지,유찰만,,,,17.0,17.0
SCA41FD69,2,2025-02,2025-03,24264.0,24264.0,21636.0,21636.0,0.8916913946587537,1.0,0,0,1,0.0,,8.132931944330126,1.306,지방,부산광역시,금정구,주거시설,12-주상복합,129.091713886232,35.2460554934503,0.0,금정구 구서동 84-10,,,,,,
SCA7BE326,4,2025-02,2025-05,10713.0,10713.0,9326.0,9326.0,0.8705311304023149,1.0,0,0,1,0.0,,1.5724808515435278,0.6659999999999999,지방,충청남도,태안군,주거시설,11-아파트,126.333519153798,36.7284858864992,0.0,"태안군 반곡리 1148-50,51,53, 1149-8,9,39",유찰만,,,,7.0,6.0
SCAA5390E,5,2025-01,2025-05,801.248,801.0,,,,,0,0,1,0.0,,1.036383090664057,1.304,수도권,인천광역시,부평구,주거시설,14-다세대주택,126.745116999393,37.4846994811122,,"부평구 일신동 109-31, -35",,,,,,
SCB2D07BF,5,2025-01,2025-05,11655.6916,11655.0,7200.0,7200.0,0.6177606177606177,1.0,0,0,1,0.0,,3.302497093346637,0.8839999999999999,지방,광주광역시,동구,업무시설,31-오피스텔,126.919421635266,35.1403515798693,0.0,광주광역시 동구 학동 92-2번지 외 9필지,유찰만,,,,6.0,6.0
SCD2B7CF6,16,2025-02,2026-06,10815.0,10815.0,7000.0,6500.0,0.6010171058714748,3.0,1,0,0,,,9.445160044561888,0.79,수도권,경기도,가평군,상업시설,21-근린생활시설,127.515807531433,37.8263647131242,-7.14285714285714,경기 가평군 가평읍 읍내리 362-7외4필지,유찰만,,,,11.0,11.0
SCD9A3434,5,2025-01,2025-05,40300.0,39386.0,31328.0,31328.0,0.7954095363834865,7.0,0,1,1,0.0,32.45095756072701,11.972441699761593,1.088,지방,부산광역시,동구,업무시설,31-오피스텔,,,0.0,부산시 동구 범일동330-1,유찰만,,,,46.0,45.0
SCDCA656F,11,2025-01,2026-06,15753.4,18662.0,11682.0,11682.0,0.6259779230521916,1.0,0,3,0,,,2.1506856119014928,2.398,수도권,서울특별시,금천구,업무시설,31-오피스텔,126.896059923624,37.467424421357,0.0,금천구 독산동 293-4,유찰만,,,,7.0,6.0
SCDF6292F,7,2025-04,2025-11,95817.0,123622.0,,,,,0,1,1,0.0,,1.3054970764538103,0.643,지방,울산광역시,북구,숙박시설,41-호텔,129.436762390422,35.6202454859272,,울산 북구 산하동 산242-8 외,,,,,,
SCE54D952,2,2025-01,2025-02,26077.514432,26122.0,17131.0,17131.0,0.6558073654390935,1.0,0,0,1,0.0,,5.650249754260914,-0.6499999999999999,지방,제주특별자치도,제주시,주거시설,13-연립주택,126.553567481847,33.4723391832246,0.0,제주도 제주시 아라이동 822 일원,유찰만,,,,232.0,232.0
SCEDBBE34,3,2025-02,2025-04,35865.0,35865.0,24000.0,24000.0,0.6691760769552488,1.0,0,0,1,0.0,,9.652989737512764,0.975,지방,경상북도,포항시,상업시설,76-기타시설,129.350081423034,36.0139294105862,0.0,"경북 포항시 남구 상도동 579-12, 경북 포항시 남구 상도동 579-21, 경북 포항시 남구 상도동 579-9",유찰만,,,,7.0,7.0
SCEE9BC0B,2,2025-03,2025-07,11762.0,11762.0,6433.0,13582.0,1.154735589185513,,0,0,1,0.0,,1.2793771088013846,3.388,수도권,경기도,용인시,주거시설,16-기타주거시설,,,111.13011036841289,"경기도 용인시 수지구 신봉동 710,711,산82,산82-1,산82-2",,,,,,
SCFC862F8,3,2025-04,2025-06,3048.0,3048.0,,,,,0,0,1,0.0,,3.4186074713795356,3.1630000000000003,수도권,경기도,하남시,주거시설,14-다세대주택,,,,경기도 하남시 덕풍동 326-66외 2필지,,,,,,
SCFFE3999,3,2026-04,2026-06,4230.0,3744.0,,,,,0,1,0,,,10.524808390480034,0.894,수도권,경기도,양평군,주거시설,16-기타주거시설,127.59001179948064,37.48461410902084,,경기도 양평군 용문면 다문리 699-1번지 외 5필지,,,,,,
SD017B509,1,2025-02,2025-02,10452.0,10452.0,,,,,0,0,1,0.0,,3.0820000000000003,-0.6499999999999999,지방,제주특별자치도,제주시,상업시설,21-근린생활시설,126.471195822129,33.4529001662938,,제주 제주시 해안동 256-1 일원,,,,,,
SD094F8CA,1,2025-01,2025-01,7214.36,7214.36,,,,,0,0,1,0.0,,3.4362617764994,1.709,지방,경상남도,김해시,상업시설,21-근린생활시설,,,,"경남 김해시 어방동 활천로 237번길 4, 외 5필지",,,,,,
SD0CB9ED3,12,2025-04,2026-05,13879.0,13879.0,,,,,0,0,1,0.0,,1.9273837523196922,1.433,지방,충청남도,천안시,주거시설,11-아파트,127.236415006103,36.7828971953626,,천안시 동남구 목천읍 서리43-1번지 일원,,,,,,
SD14EFDA5,14,2025-04,2026-06,22661.0,22661.0,,,,,0,0,0,,-0.8880728877520503,4.487948330096389,1.763,수도권,경기도,파주시,상업시설,숙박시설(관광호텔),,,,경기도 파주시 탄현면 성동리708-7외5필지,유찰만,,,,10.0,10.0
SD1588DD4,8,2025-01,2025-11,16223.0,18598.0,13010.0,13010.0,0.6995375846865254,,0,1,1,0.0,,2.042896055646751,0.286,지방,전라남도,고흥군,기타시설,76-기타시설,127.343022399439,34.7993509835194,0.0,전남 고흥군 동강면 매곡리 154-1외 154개지번,,,,,,
SD18E3A6A,1,2025-12,2025-12,60139.0,60139.0,,,,,0,0,1,0.0,,40.38621886700926,1.815,수도권,경기도,고양시,업무시설,21-근린생활시설,,,,경기도 고양시 덕양구 향동동 477 향동 DMC퍼스트시티 주건축물제1동 제1층 제101호 외 197개호,,,,,,
SD1B1B3C3,2,2025-03,2025-08,20074.0,20074.0,12654.0,11907.0,0.5931553252964034,,1,0,1,0.0,22.976836720174106,4.868639635868802,3.13,수도권,경기도,화성시,상업시설,21-근린생활시설,127.124295036748,37.1814912433198,-5.903271692745382,화성시 목동 496-8,유찰만,,,,19.0,14.0
SD1B52EEF,17,2025-01,2026-06,106187.109,103947.0,49984.0,43000.0,0.4136723522564384,12.0,2,2,0,,,1.760479799712318,1.247,지방,경상남도,김해시,산업시설,66-물류센터,128.757766151267,35.2735818160578,-13.972471190781055,김해시 진영읍 의전리 23번지 일원,,,,,,
SD1D19350,1,2026-06,2026-06,,,,,,,0,0,0,,,,1.669,수도권,경기도,이천시,산업시설,66-물류센터,127.424526906901,37.1977893079986,,경기도이천시호법면송갈리574-4번지일원,,,,,,
SD21E691B,4,2025-12,2026-04,24620.0,24620.0,,,,,0,0,1,0.0,,1.5990721399162897,1.983,수도권,서울특별시,노원구,업무시설,31-오피스텔,127.059397293103,37.654663751046,,서울 노원구 상계동 710-1,,,,,,
SD2F66929,1,2025-01,2025-01,16300.16262,16300.16262,,,,,0,0,1,0.0,,0.6061815417185206,1.7320000000000002,지방,부산광역시,동래구,주거시설,12-주상복합,129.07145372972633,35.20814971539085,,부산광역시 동래구 온천동 1404-1번지,,,,,,
SD3006731,1,2025-12,2025-12,100662.0,100662.0,86957.0,86957.0,0.863851304365103,,0,0,1,0.0,-20.689325413739407,7.151969379748173,1.296,지방,부산광역시,해운대구,업무시설,31-오피스텔,,,0.0,부산시 해운대구 우동 638-7 외,유찰만,,,,12.0,11.0
SD310EE72,2,2025-12,2026-06,44369.0,44369.0,22184.0,22184.0,0.4999887308706529,,0,0,0,,,5.469766209070406,3.5149999999999997,수도권,경기도,하남시,주거시설,31-오피스텔,,,0.0,경기도 하남시 학암동 632-1,,,,,,
SD39F17D3,8,2025-01,2025-12,35083.0,35083.0,,,,,0,0,1,0.0,,2.8629731115655437,0.355,지방,광주광역시,남구,주거시설,11-아파트,126.90706959181,35.1443786750627,,광주광역시 남구 서동 112번지 외 14필지,,,,,,
SD3A9B2BC,17,2025-01,2026-06,15069.0,15068.0,6000.0,4875.0,0.3235333156357844,2.0,2,4,0,,-7.8781474238704865,2.6451771577488525,1.208,수도권,경기도,여주시,산업시설,66-물류센터,,,-18.75,경기도 여주시 세종대왕면 광대리 461외 9필지,유찰만,,,,23.0,23.0
SD3FD8251,2,2025-10,2025-11,36019.0,36019.0,15600.0,15600.0,0.4331047502706904,,0,0,1,0.0,-8.165019693629649,1.6650408318919232,1.3590000000000002,수도권,경기도,의정부시,업무시설,31-오피스텔,,,0.0,"경기도 의정부시 민락동 852-1, 852-2",유찰만,,,,27.0,26.0
SD4E7B8FD,14,2025-01,2026-03,63685.54963,63685.54963,20000.00026,18000.458,0.2826458765697865,2.0,1,0,1,0.0,,86.29714206223645,-0.009,지방,전라남도,순천시,상업시설,25-상가,,,-9.997711170029767,전라남도 순천시 남내동 22-24번지 일원,,,,,,
SD4F5BD59,1,2025-03,2025-03,25300.0,25300.0,,,,,0,0,1,0.0,,0.0324745589995974,2.517,수도권,서울특별시,중구,업무시설,32-오피스빌딩,127.005144924746,37.566251725805,,서울특별시중구을지로6가55-3번지일원,,,,,,
SD4FDA194,1,2025-04,2025-04,5295.0,5295.0,,,,,0,0,1,0.0,,0.3863224842540372,1.478,지방,세종특별자치시,세종,주거시설,15-타운하우스,,,,세종특별자치시시 장군면 하봉리 300-12외 21필지,,,,,,
SD5178065,2,2025-02,2025-03,39580.0,39580.0,,,,,0,0,1,0.0,,107.2578514288092,1.641,지방,강원도,춘천시,주거시설,12-주상복합,127.726601382358,37.8782257052918,,강원도 춘천시 죽림동 7-1번지 외,,,,,,
SD55924A7,4,2025-02,2025-05,67509.0,67509.0,71493.0,71493.0,1.059014353641737,1.0,0,0,1,0.0,25.434556251917755,2.676966412944397,2.39,수도권,서울특별시,강서구,주거시설,12-주상복합,,,0.0,서울특별시강서구화곡동370-59,유찰만,,,,310.0,310.0
SD570D3E2,5,2026-02,2026-06,9689.0,9689.0,,,,,0,0,0,,,2.0078357445087622,-0.957,지방,제주특별자치도,서귀포시,주거시설,15-타운하우스,126.587085097916,33.2458577321119,,제주 서귀포시 토평동 413-2번지,,,,,,
SD66FD976,7,2025-02,2025-08,11853.0,13171.0,7500.0,7500.0,0.569432844886493,,0,1,1,0.0,-2.729146792916126,8.224234881928519,0.806,지방,충청남도,홍성군,상업시설,26-기타상업시설,126.662469808064,36.616036148433,0.0,홍성군 홍성읍 내법리 396-28외,유찰만,,,,7.0,6.0
SD6DE873C,7,2025-12,2026-06,73243.0,73243.0,42768.0,41000.0,0.5597804568354655,,1,0,0,,5.625619253388672,2.9738889303588008,2.419,수도권,경기도,화성시,업무시설,76-기타시설,127.094015215245,37.2118351263018,-4.133931911709688,화성시 영천동 838,유찰만,,,,25.0,25.0
SD7468D0D,1,2026-01,2026-01,,,,,,,0,0,1,,,,0.26,지방,전라북도,군산시,주거시설,12-주상복합,126.736840487468,35.9674665619211,,전라북도 군산시,,,,,,
SD775B01F,16,2025-02,2026-06,11745.0,11745.0,7875.0,9042.0,0.7698595146871009,2.0,1,0,0,,-2.9882396449853244,10.125455885294805,0.646,지방,경상북도,포항시,업무시설,12-주상복합,129.364331818013,36.0333461290198,14.81904761904762,포항시 북구 죽도동 45-6번지 일원,유찰만,,,,38.0,38.0
SD831E3E0,2,2025-02,2025-03,107035.385,107035.385,,,,,0,0,1,0.0,,1.5808890285245005,1.3030000000000002,지방,강원도,원주시,주거시설,11-아파트,127.930884930483,37.3219727924844,,강원도원주시무실동120번지일원,,,,,,
SD869FE4E,14,2025-04,2026-06,14549.0,14549.0,,,,,0,0,0,,,1.2835733858185754,2.33,수도권,경기도,남양주시,주거시설,11-아파트,,,,경기도 남양주시 화도읍 묵현리 132외,,,,,,
SD87211B3,5,2026-02,2026-06,7234.0,7234.0,3027.0,3027.0,0.4184406967099806,,0,0,0,,,0.8268791801082661,0.5599999999999999,수도권,경기도,평택시,주거시설,15-타운하우스,,,0.0,경기도 평택시 현덕면 대안리 101-5외 6필지,,,,,,
SD8A6C200,3,2025-01,2025-03,61351.539,62720.611,6135.154,27000.0,0.4304805002617082,2.0,0,1,1,0.0,-51.091404386988515,15.320792621678384,1.699,지방,충청남도,천안시,업무시설,31-오피스텔,127.110974523794,36.8221384213307,340.08675250857596,충남천안시서북구불당동1479-1번지일원,낙찰,27013.0,2025-03-31 10:00:00,43.07,3.0,2.0
SD8F02AD1,16,2025-02,2026-06,6400.0,6400.0,5000.0,5000.0,0.78125,,0,0,0,,27.030830351035316,11.497593685492127,-0.416,지방,전라남도,여수시,업무시설,31-오피스텔,127.722948996361,34.7327120429069,0.0,"여수시 봉산동 274-3, 5, 6, 7, 15, 16",유찰만,,,,7.0,6.0
SD922B345,1,2025-05,2025-05,1835.0,1835.0,,,,,0,0,1,0.0,,0.0371653795736817,3.498,수도권,경기도,용인시,주거시설,15-타운하우스,127.11980072025162,37.25961522542851,,경기도 용인시 기흥구,,,,,,
SD9380CA9,1,2025-08,2025-08,86326.0,86326.0,,,,,0,0,1,0.0,,11.619325325026049,0.97,지방,울산광역시,울주군,주거시설,12-주상복합,129.139271614066,35.5454042510859,,울주군 삼남읍 신화리 1608-4,,,,,,
SD94B49E3,3,2025-08,2025-11,69421.0,69421.0,57800.0,57800.0,0.8326010861266764,,0,0,1,0.0,30.052069219155264,5.6429667625522,1.431,지방,대전광역시,유성구,주거시설,11-아파트,127.345967225886,36.3546058008566,0.0,유성구 봉명동 546-3번지 일원,유찰만,,,,10.0,9.0
SDA27355B,3,2025-01,2025-05,60011.0,60011.0,27000.0,27000.0,0.4499175151222276,,0,0,1,0.0,-2.548623293105913,26.48487641369297,1.991,수도권,경기도,평택시,상업시설,21-근린생활시설,,,0.0,경기도 평택시 고덕동 1979-1 일원,유찰만,,,,12.0,11.0
SDA6BBB77,1,2025-01,2025-01,17969.0,17969.0,5459.0,5459.0,0.3038009905949134,7.0,0,0,1,0.0,,3.599404916058112,1.677,지방,광주광역시,서구,주거시설,13-연립주택,126.825731988953,35.1107061951064,0.0,"광주광역시 서구 서창동 522-5, 바흐하우스서창퍼스트빌 101동 105호 외 5개 호실",유찰만,,,,42.0,36.0
SDB1C605D,4,2026-03,2026-06,8632.75,8632.0,,,,,0,0,0,,,5.606061037034012,1.957,지방,강원도,속초시,상업시설,12-주상복합,128.596003910052,38.1895650785864,,강원 속초시 조양동 1404,,,,,,
SDB273A50,1,2025-07,2025-07,8758.0,8758.0,5500.0,5500.0,0.6279972596483215,,0,0,1,0.0,,2.397086538043504,2.172,수도권,경기도,광주시,주거시설,11-아파트,127.23970387487,37.4130896366264,0.0,광주시 탄벌동 479-6번지 일원,,,,,,
SDBA06B0D,12,2025-01,2026-01,80255.671,77270.0,52.834,48750.0,0.6309046201630646,12.0,1,1,1,0.0,-6.852649507252195,4.611248709989539,1.087,지방,대전광역시,중구,주거시설,12-주상복합,127.38864199656504,36.321039168559594,92170.12908354469,대전광역시중구유천동306번지일원,유찰만,,,,18.0,17.0
SDBE9380A,5,2025-03,2025-07,86934.0,86935.0,61507.1414,54790.926,0.6302516362799793,,1,0,1,0.0,8.85407596802683,6.717243291222376,1.582,지방,경상남도,김해시,주거시설,12-주상복합,128.821076493929,35.1878156759834,-10.919407482006637,경상남도 김해시 신문동 600,유찰만,,,,10.0,9.0
SDC4D96E4,5,2025-01,2025-05,17885.34,17885.0,12400.566,15309.0,0.8559686888454012,10.0,0,0,1,0.0,,293.79424410922553,1.416,지방,부산광역시,기장군,상업시설,21-근린생활시설,,,23.454042339680292,부산광역시 기장군 기장읍 기장해안로 591,유찰만,,,,5.0,5.0
SDCEF618E,6,2025-01,2025-06,10007.826,10008.0,4020.0,4020.0,0.4016786570743405,2.0,0,0,1,0.0,,18.077238799865576,0.863,지방,전라북도,전주시,상업시살,21-근린생활시설,127.079784392313,35.841864459761,0.0,전주시 덕진구 만성동 1377-8번지 일원,유찰만,,,,12.0,11.0
SDD8F5BEF,1,2025-01,2025-01,48921.68,48921.68,,,,,0,0,1,1.0,,3.687749133122267,1.722,수도권,서울특별시,관악구,주거시설,14-다세대주택,126.917090617005,37.4846517722161,,서울특별시 관악구 신림동 505-1,,,,,,
SDE358E36,1,2025-04,2025-04,60560.0,60560.0,,,,,0,0,1,0.0,,2.936802458904981,0.879,수도권,경기도,양주시,주거시설,11-아파트,,,,경기도 양주시 덕정동 91-1번지,,,,,,
SDE7092BB,4,2025-05,2025-08,10327.0,16114.0,12795.0,12795.0,0.7940300359935459,,0,1,1,,50.204023771508865,78.73240327039463,0.089,지방,전라남도,완도군,주거시설,11-아파트,126.761076382735,34.3039593536098,0.0,전라남도 완도군 완도읍 군내리,유찰만,,,,4.0,3.0
SDE753A1C,4,2026-03,2026-06,20872.0,20872.0,,,,,0,0,0,,,2.171238749553308,-0.774,지방,제주특별자치도,제주시,주거시설,13-연립주택,,,,제주시 오라이동 1754-6번지 외 6필지,,,,,,
SDE8BA0C4,5,2026-02,2026-06,12710.0,12710.0,,,,,0,0,0,,,2.10635562775296,2.414,수도권,서울특별시,중랑구,주거시설,12-주상복합,127.077991069836,37.6023659884668,,중랑구 중화동 306-19 외,,,,,,
SDECD6689,2,2025-12,2026-01,,,,,,,0,0,1,0.0,,,0.527,지방,대구광역시,달서구,,,,,,대구광역시 달서구 본리동 398-1번지,,,,,,
SDF0845A4,5,2025-02,2026-06,45525.0,42901.0,26000.0,23400.0,0.5454418311927461,1.0,0,1,0,,,19.858121998381066,-0.416,지방,전라남도,여수시,주거시설,12-주상복합,127.725042926921,34.7332196131467,-9.999999999999998,전라남도여수시봉산동260-1,유찰만,,,,10.0,10.0
SDF64D494,2,2025-04,2025-05,45009.0,45000.0,21528.0,21528.0,0.4784,,0,0,1,0.0,-7.8436569848006785,7.160706651534262,1.017,지방,울산광역시,남구,주거시설,12-주상복합,129.350531442763,35.5394990834051,0.0,"남구 삼산동 1639-2, 1639-3, 1639-4, 1639-6, 1639-8, 1639-9",유찰만,,,,8.0,7.0
SDF71A880,2,2026-05,2026-06,13780.0,13780.0,7136.0,7136.0,0.5178519593613933,,0,0,0,,,6.386782155349783,1.094,지방,강원도,원주시,주거시설,11-아파트,127.959858124862,37.3256901054963,0.0,강원도원주시단구동143-9,,,,,,
SDFCC9355,6,2025-01,2025-06,1620.6,2692.0,907.536,618.0,0.2295690936106983,2.0,2,1,1,0.0,,0.6307706522871362,0.763,지방,전라남도,여수시,주거시설,11-아파트,127.69100861507,34.788844726819,-31.903527793938746,전남 여수시 봉계동 산132 외,,,,,,
SE024C899,3,2025-02,2025-04,60856.0,60856.0,,,,,0,0,1,0.0,,6.3672976281560825,1.911,수도권,경기도,고양시,숙박시설,41-호텔,126.753915095083,37.6606823078636,,일산 동구 장항동 1790,,,,,,
SE02AA3D4,10,2025-08,2026-06,63222.0,63222.0,47683.0,47683.0,0.7542153047989624,,0,0,0,,,3.260673789897902,0.305,지방,전라북도,익산시,산업시설,66-물류센터,126.979130446928,35.9804584020773,0.0,익산시 임상동 990-2 외 108필지,,,,,,
SE0B0AD03,5,2025-04,2026-06,3450.0,3695.0,1267.0,1267.0,0.3428958051420839,,0,1,0,,,1.5507547728989206,1.967,수도권,경기도,광주시,주거시설,14-다세대주택,127.340742437284,37.4532070432976,0.0,"광주시 퇴촌면 관음리235,236",,,,,,
SE1382974,7,2025-12,2026-06,222284.0,222284.0,,,,,0,0,0,,,3.018083088812424,2.125,수도권,경기도,김포시,주거시설,11-아파트,126.722527325395,37.5957048768678,,김포시 풍무동 570-7번지 일원,,,,,,
SE170BF44,2,2025-10,2025-11,20550.0,20550.0,13348.0,13348.0,0.6495377128953771,,0,0,1,0.0,3.085469956530839,17.152922952480807,0.121,지방,전라북도,남원시,주거시설,11-아파트,127.375432214363,35.4133009299446,0.0,전북 남원시 왕정동 5-2 외,유찰만,,,,15.0,15.0
SE19465C5,4,2026-03,2026-06,15157.0,15157.0,10306.0,10306.0,0.6799498581513492,,0,0,0,,,0.12519499316468155,0.921,수도권,인천광역시,중구,기타시설,31-오피스텔,,,0.0,인천광역시 중구 항동7가 108,유찰만,,,,5.0,5.0
SE215B905,9,2025-02,2025-11,9500.0,9500.0,8563.0,6818.0,0.7176842105263158,1.0,1,0,1,0.0,,9.2449697668875,0.721,지방,경상남도,양산시,상업시설,26-기타상업시설,129.029006618977,35.3376293748272,-20.37837206586477,양산시 중부동 689-7,유찰만,,,,6.0,6.0
SE23CEA63,2,2025-07,2025-08,12507.0,12507.0,9000.0,9000.0,0.7195970256656272,,0,0,1,0.0,,2.011831800816859,0.7100000000000001,수도권,경기도,동두천시,상업시설,21-근린생활시설,127.064785903573,37.9080920471954,0.0,경기도 동두천시 생연동 222-3,,,,,,
SE277C0C6,6,2025-01,2026-04,2300.142,1745.0,1320.0,1745.0,1.0,4.0,1,1,1,0.0,-18.92088428016786,1.5837145479661574,1.2799999999999998,수도권,경기도,의정부시,주거시설,12-주상복합,127.041752469662,37.7462969982128,32.1969696969697,경기 의정부시 의정부동 407-38,유찰만,,,,33.0,32.0
SE2E01600,12,2025-02,2026-02,45804.0,45804.0,47870.0,47870.0,1.0451052309841935,8.0,0,0,1,,,6.078941668114538,0.963,수도권,인천광역시,중구,업무시설,31-오피스텔,,,0.0,"인천광역시 중구 중산동 1960-8, 9, 10",,,,,,
SE308E5B3,9,2025-01,2025-10,25032.52364,25032.0,11957.3,10491.0,0.4191035474592521,8.0,1,0,1,0.0,-7.576340789446095,3.04926006268497,0.2789999999999999,지방,전라남도,나주시,주거시설,72-교육시설,126.697869338041,35.0089073943418,-12.262801803082635,"나주시 삼영동 633번지, 산 30-4번지",유찰만,,,,16.0,16.0
SE332D9BE,1,2025-03,2025-03,63474.0,63474.0,,,,,0,0,1,0.0,,6.620837198327186,0.989,지방,대구광역시,북구,주거시설,12-주상복합,128.592907966108,35.8775885227518,,대구시북구칠성동2가302-136일원,,,,,,
SE3E889C8,4,2025-01,2025-05,17110.0,17110.0,8040.97,7080.0,0.4137931034482758,1.0,1,0,1,0.0,,25.14563106614593,0.882,지방,전라남도,여수시,레져시설,55-기타레져시설,127.63692509553,34.7633526723758,-11.9509213440667,전남 여수시 소라면 죽림리 1191,유찰만,,,,10.0,9.0
SE3EBBDCA,5,2025-04,2025-08,29168.0,29168.0,23772.0,23772.0,0.8150027427317609,,0,0,1,0.0,23.980957124120057,5.188463456090786,2.342,수도권,서울특별시,강서구,주거시설,31-오피스텔,126.8750601688,37.5492644686758,0.0,서울시 강서구 염창동 263-5,유찰만,,,,5.0,4.0
SE43BD093,9,2025-10,2026-06,7053.0,7053.0,,,,,0,0,0,,,1.7021819121961446,1.816,지방,강원도,강릉시,상업시설,21-근린생활시설,,,,"강원도 강릉시 구정면 회산로 171-58 1276-1, 1277-9",,,,,,
SE4AEE2B5,4,2025-02,2025-08,27551.0,29671.5,19706.0,19706.0,0.6641389885917462,3.0,0,1,1,0.0,,5.4073870390022964,2.961,수도권,경기도,시흥시,주거시설,16-기타주거시설,126.740290556057,37.3906530144885,0.0,경기 시흥시 월곶동 1002-9 외5필지,유찰만,,,,9.0,8.0
SE549C54A,5,2026-02,2026-06,2075.0,2075.0,,,,,0,0,0,,,2.747567281124852,-0.957,지방,제주특별자치도,서귀포시,주거시설,16-기타주거시설,,,,제주도 서귀포시 안덕면 사계리 3713-6번지 외 14필지,,,,,,
SE57DD5D0,16,2025-02,2026-06,78629.0,78629.0,50000.0,50000.0,0.6358976967785422,2.0,1,0,0,,-0.8372198999428981,1.5597452685317026,6.1850000000000005,수도권,서울특별시,강남구,업무시설,32-오피스빌딩,127.036874758515,37.5153354437526,0.0,서울시 강남구 논현동 238-14 일원,유찰만,,,,6.0,5.0
SE59F1093,2,2025-04,2025-05,65800.0,65800.0,,,,,0,0,1,,,0.8777798828505228,0.933,지방,경상북도,포항시,주거시설,11-아파트,,,,경상북도 포항시 남구 구룡포읍 삼정리 B1-2번지 일원,,,,,,
SE5D96402,4,2025-02,2025-05,11165.0,11165.0,5870.0,5870.0,0.5257501119570085,,0,0,1,0.0,17.87051985751057,13.852544553591292,0.8330000000000001,지방,경상북도,구미시,주거시설,11-아파트,128.351332192722,36.1210569340861,0.0,"구미시 송정동 441-3, 441-4, 442",유찰만,,,,6.0,6.0
SE5ED159C,17,2025-01,2026-06,39518.92,39518.0,18720.0,21100.0,0.5339339035376284,2.0,0,0,0,,-7.307436573845005,4.7356852778915135,1.206,지방,부산광역시,부산진구,주거시설,26-기타상업시설,129.061243929323,35.1532098704638,12.713675213675213,"부산광역시부산진구부전동225-1,225-3,225-9번지",취소,,,,24.0,21.0
SE610DC45,11,2025-07,2026-06,26000.61453,26000.61453,12865.0,11180.0,0.4299898368594444,,1,0,0,,-3.997987607384529,13.180888070294255,-0.296,지방,전라남도,광양시,주거시설,12-주상복합,127.590117511679,34.9704754839392,-13.097551496307814,전라남도 광양시 광양읍 인동리 412-1번지 일원,유찰만,,,,21.0,21.0
SE62B2376,9,2025-07,2026-06,51627.0,51625.0,51625.0,36137.0,0.6999903147699758,,1,0,0,,,3.0363170754405604,-0.006,지방,경상남도,창원시,주거시설,11-아파트,128.815598403944,35.091612003055,-30.000968523002424,경상남도 창원시 진해구 용원동 1111번지,,,,,,
SE6450578,16,2025-02,2026-06,17969.0,17969.0,5459.0,5459.0,0.3038009905949134,,0,0,0,,,3.602820104327642,0.403,지방,광주광역시,서구,주거시설,15-타운하우스,126.825610803322,35.110129056715,0.0,"광주광역시 서구 서창동 522-2, 522-6",,,,,,
SE670D357,14,2025-02,2026-04,6458.68816,6459.0,5278.0,5229.0,0.8095680445889457,,1,0,1,0.0,,3.7590565732197883,1.275,지방,대전광역시,중구,주거시설,12-주상복합,127.430296822403,36.3206342354149,-0.9283819628647216,대전광역시 중구 대흥동 56-4번지 일원,,,,,,
SE692F9B3,7,2025-02,2025-08,6756.0,6665.0,2317.0,2317.0,0.3476369092273068,,0,1,1,0.0,,3.161830224985198,-0.6729999999999999,지방,제주특별자치도,제주시,주거시설,13-연립주택,,,0.0,제주시 노형동 2374-1번지,,,,,,
SE6AE36AF,15,2025-02,2026-06,16300.0,16300.0,8633.0,8633.0,0.5296319018404908,,0,0,0,,,2.944783715012723,1.528,지방,부산광역시,동래구,주거시설,11-아파트,129.07145372972633,35.20814971539085,0.0,부산광역시 동래구 우장춘로4번길 19,,,,,,
SE6D23FFD,1,2025-01,2025-01,31087.23028,31087.23028,18437.0,18437.0,0.5930730989521914,2.0,0,0,1,1.0,,1.8293951990260244,1.618,지방,충청남도,천안시,산업시설,66-물류센터,127.115498559324,36.8708760658931,0.0,충남 천안시 서북구 직산읍 신갈리 48-3 외,유찰만,,,,13.0,12.0
SE6EC4C64,2,2026-03,2026-04,110722.0,110722.0,,,,,0,0,1,0.0,,3.0232570291548546,1.659,지방,충청남도,세종,주거시설,11-아파트,127.289117902742,36.5854897309336,,충청남도 세종시 연서면 월하리 841-1 외,,,,,,
SE6FD40DA,10,2025-08,2026-06,185185.0,185185.0,,,,,0,0,0,,,2.8481631956239823,2.8049999999999997,수도권,경기도,용인시,산업시설,62-아파트형공장,127.106874516597,37.2870534643842,,경기도 용인시 기흥구 신갈동 244번지,,,,,,
SE757D614,10,2025-08,2026-06,115704.0,115704.0,80864.0,70000.0,0.6049920486759317,,1,0,0,,2.3250245491974297,12.805604388249908,1.294,지방,부산광역시,해운대구,주거시설,16-기타주거시설,129.155926117306,35.1603882077167,-13.434903047091417,부산 해운대구 우동 646-7,유찰만,,,,6.0,5.0
SE7B4112D,4,2025-02,2025-10,61992.0,61992.0,33169.0,33169.0,0.53505291005291,,0,0,1,0.0,,6.456453435079986,2.344,수도권,경기도,군포시,주거시설,12-주상복합,,,0.0,경기도 군포시 당동 772-8번지,,,,,,
SE85D4DDC,10,2025-08,2026-06,6134.0,6134.0,6145.0,6145.0,1.0017932833387675,,0,0,0,,,1.0783135754472388,0.149,지방,전라남도,곡성군,기타시설,15-타운하우스,,,0.0,곡성시 석곡면 연반리 산19번지 외 42필지,,,,,,
SE901911F,1,2025-03,2025-03,40268.0,40268.0,,,,,0,0,1,1.0,,1.5528093455823977,3.312,수도권,서울특별시,성동구,상업시설,21-근린생활시설,127.040774949748,37.5698883329707,,"서울 성동구 마장동 480-5,9",,,,,,
SE952B830,17,2025-01,2026-06,2447.276,2447.0,878.5,878.0,0.3588067020841847,1.0,2,0,0,,0.4316951369612354,0.6495711862276954,-0.957,지방,제주특별자치도,서귀포시,주거시설,15-타운하우스,,,-0.05691519635743214,제주도 서귀포시 안덕면 서광리 2489-7 외,유찰만,,,,61.0,60.0
SE9C5BA09,13,2025-01,2026-02,1277.3334,1252.0,1227.0,429.0,0.3426517571884984,,1,1,1,0.0,,0.776378223051497,0.281,지방,경상북도,구미시,주거시설,16-기타주거시설,128.468879470575,36.1466479740753,-65.03667481662592,"구미시 산동면 임천리 475, 479",,,,,,
SEA34D383,5,2025-01,2025-05,12986.030415,12986.0,7600.564,6498.0,0.5003850300323425,2.0,2,0,1,0.0,-19.930333992993845,28.77613514148556,1.942,수도권,경기도,이천시,주거시설,12-주상복합,127.446405259669,37.2770779744424,-14.506344529169157,"이천시 중리동 217-2, 217-5",유찰만,,,,12.0,11.0
SEA3A5DBE,1,2026-04,2026-04,57646.0,57646.0,30000.0,30000.0,0.5204177219581584,,0,0,1,0.0,,1.7986825289022874,4.963,수도권,서울특별시,마포구,주거시설,11-아파트,,,0.0,서울특별시 마포구 노고산동 57-34일원,,,,,,
SEBC60A65,10,2025-02,2026-03,9686.0,9681.0,4981.0,4981.0,0.5145129635368247,2.0,1,0,1,0.0,,11.27002557397574,1.23,지방,부산광역시,사상구,주거시설,21-근린생활시설,,,0.0,부산광역시 사상구 괘법동 559-10,유찰만,,,,22.0,21.0
SEC3A9CCF,2,2025-12,2026-01,142036.0,142036.0,,,,,0,0,1,0.0,,1.6832729545115521,2.102,수도권,경기도,남양주시,주거시설,11-아파트,127.31116583117644,37.64450457442569,,경기도 남양주시 화도읍 창현리 391-20번지 일원,,,,,,
SEC57693A,4,2025-01,2025-04,24531.17011,21402.0,15477.551449,15477.0,0.7231567143257639,1.0,0,1,1,0.0,,1.664126553203988,1.954,수도권,경기도,이천시,산업시설,67-기타산업시설,127.375178545329,37.294877818568,-0.00356289560281553,경기 이천시 신둔면 용면리 73외 17필지,유찰만,,,,7.0,7.0
SEC69E488,2,2025-01,2025-04,20165.42,20165.0,12486.0,11992.0,0.5946937763451525,2.0,1,0,1,0.0,1.9039903572309242,8.477671855863605,2.1860000000000004,지방,강원도,속초시,숙박시설,45-기타숙박시설,128.587500231637,38.2014865867992,-3.956431202947297,"속초시 청학동 482-52,-530,-53,-68",유찰만,,,,29.0,29.0
SED276E9B,6,2025-01,2025-06,29429.244,29439.0,26782.0,21639.0,0.7350453480077448,3.0,2,0,1,0.0,6.079569844920201,25.921409788059428,-0.668,지방,제주특별자치도,제주시,주거시설,16-기타주거시설,126.492427911547,33.4902863362747,-19.203196176536473,"제주도 제주시 연동 281-20, 291-92, 291-136",유찰만,,,,10.0,9.0
SEDCA9B21,5,2025-01,2025-08,14752.0,12608.0,5000.0,4751.0,0.3768242385786802,,1,0,1,0.0,,17.24214310727828,1.022,수도권,경기도,양주시,업무시설,13-연립주택,,,-4.979999999999995,경기도 양주시 덕계동 691-4 외 5필지,유찰만,,,,7.0,7.0
SEDD83D1F,2,2025-01,2025-02,27107.52,48753.0,42335.9,42335.9,1.5617769534062873,1.0,0,1,1,0.0,,4.83216147401164,1.722,수도권,서울특별시,관악구,기타시설,71-의료시설,126.913891523747,37.4820825110581,0.0,"서울특별시 관악구 신림동 538-3, -4",유찰만,,,,6.0,5.0
SEE20F03C,5,2025-07,2025-12,28482.0,28482.0,39071.0,23071.0,0.8100203637385015,,1,0,1,0.0,,5.858884685042562,1.473,지방,경상남도,김해시,주거시설,12-주상복합,128.904914541885,35.2433881018223,-40.95108904302423,경상남도 김해시 어방동 468-8번지 외 14필지,,,,,,
SEE224804,16,2025-02,2026-06,19802.0,19802.0,,,,,0,0,0,,,1.0408428191373502,-0.774,지방,제주특별자치도,제주시,주거시설,11-아파트,,,,제주시 화북이동2702번지,,,,,,
SEE77D95C,8,2025-04,2026-06,114169.0,114169.0,50700.0,50700.0,0.4440785151836313,,1,0,0,,6.580235432596049,3.98791556278435,-0.882,지방,경상남도,거제시,주거시설,11-아파트,128.721242707962,34.855691285728,0.0,경남 거제시 장승포동 649-1번지 외 3필지,유찰만,,,,235.0,235.0
SEE92D807,2,2025-10,2025-11,,,,,,,0,0,1,0.0,,,2.456,수도권,경기도,안산시,산업시설,66-물류센터,126.76257838158,37.3096673556188,,안산 단원구 성곡동 604-3번지 일원,,,,,,
SEF0B950C,9,2025-02,2025-11,11600.0,11600.0,3979.0,3979.0,0.3430172413793103,,0,0,1,0.0,,1.862468671679198,-0.932,지방,제주특별자치도,서귀포시,주거시설,15-타운하우스,126.382503827315,33.264896116731,0.0,제주 서귀포시 상예동 3700-0 외 3필지,,,,,,
SF008D817,3,2026-04,2026-06,36484.0,36484.0,,,,,0,0,0,,,37.62083375523547,-0.416,지방,전라남도,여수시,주거시설,11-아파트,127.662405949641,34.7641600270064,,전라남도 여수시 학동 68-15 외 3필지,,,,,,
SF009F710,1,2025-08,2025-08,9529.0,9529.0,6989.0,6989.0,0.733445272326582,,0,0,1,0.0,,4.341741342894441,0.853,지방,부산광역시,중구,업무시설,31-오피스텔,129.023961416853,35.1037923836324,0.0,부산 중구 보수동2가 102번지,유찰만,,,,5.0,4.0
SF029F87B,2,2026-05,2026-06,19014.0,19014.0,,,,,0,0,0,,,18.366676496758842,0.099,지방,광주광역시,북구,주거시설,12-주상복합,126.86987683628,35.1823933943718,,광주광역시 북구 운암동 1063-4,,,,,,
SF04FC5BE,5,2026-02,2026-06,30753.0,30753.0,15816.0,15816.0,0.5142912886547654,,0,0,0,,,2.506431399722828,0.646,지방,경상북도,포항시,주거시설,11-아파트,129.343498913482,36.0854202312575,0.0,경상북도 포항시 북구 흥해읍 성곡리 945,유찰만,,,,10.0,9.0
SF0589982,1,2025-02,2025-02,96341.0,96341.0,39717.0,39717.0,0.4122543880590818,1.0,0,0,1,0.0,27.55198839094272,8.466871755813775,3.687,수도권,경기도,용인시,주거시설,12-주상복합,127.105045434718,37.2711855442597,0.0,"용인시 기흥구 신갈동 71-1, 71-5, 71-6, 71-7, 71-8, 71-10, 71-11, 71-13, 71-14, 71-17, 71-18, 71-20, 71-21, 71-22, 71-23, 71-24, 71-25, 71-27, 71-28, 71-29, 71-30",유찰만,,,,14.0,13.0
SF0F5CED5,2,2026-05,2026-06,32300.0,32300.0,24792.0,24792.0,0.7675541795665635,,0,0,0,,,1.5200361369383941,2.8049999999999997,수도권,경기도,용인시,산업시설,66-물류센터,127.393214441388,37.1382709571432,0.0,용인시처인구백암면백봉리595-1일원,,,,,,
SF11EDC0B,1,2025-07,2025-07,7592.0,7592.0,5900.0,5900.0,0.7771338250790305,,0,0,1,1.0,-0.0887941667979119,3.46059438575184,3.388,수도권,경기도,용인시,주거시설,16-기타주거시설,127.232508922921,37.2795875694759,0.0,경기도 용인시 처인구 포곡읍 삼계리 557-3번지 외 7필지,유찰만,,,,6.0,6.0
SF19B4472,1,2025-01,2025-01,,,,,,,0,0,1,0.0,,,0.586,지방,충청남도,태안군,레져시설,55-기타레져시설,126.315976031517,36.6334312855131,,"충남 태안군 남면 원청리 2-1,2-2,24-2,24-5,
27-1,28-3,803,804,산1-4,산1-7,산2-1",,,,,,
SF1CD90CB,16,2025-02,2026-06,12172.415,12126.66378,9518.3,8100.0,0.6679495817604006,,1,0,0,,-26.5235471218779,8.699320963758495,-0.882,지방,경상남도,거제시,주거시설,12-주상복합,128.7282075946,34.8700341038014,-14.900770095500238,경상남도거제시장승포동392-10,유찰만,,,,9.0,9.0
SF1F221DE,3,2026-04,2026-06,32959.0,32959.0,,,,,0,0,0,,,21.245312159571576,2.149,수도권,서울특별시,도봉구,주거시설,16-기타주거시설,127.049951164784,37.6534402701901,,서울특별시 도봉구 창동 13-1,,,,,,
SF20A960A,10,2025-01,2026-06,18051.0,17184.0,12029.0,8420.0,0.4899906890130354,,2,1,0,,,1.4115796157946514,-0.957,지방,제주특별자치도,서귀포시,주거시설,15-타운하우스,,,-30.002493972898826,제주특별자치도 서귀포시 대정읍 구억리 265번지외 15필지,,,,,,
SF20AF724,9,2025-03,2026-04,17716.0,17716.0,,,,,0,0,1,0.0,,2.2781470391841805,1.275,지방,대전광역시,중구,주거시설,11-아파트,127.39170852858156,36.31495611052219,,대전광역시 중구 유천동 332-28,,,,,,
SF237134D,1,2025-03,2025-03,50211.0,50211.0,,,,,0,0,1,0.0,,4.210381877955595,1.071,지방,울산광역시,남구,주거시설,12-주상복합,129.309975663286,35.5325606786182,,남구 신정동1232-1외13필지,,,,,,
SF2584669,7,2025-02,2025-08,105237.0,105237.0,65245.0,65245.0,0.6199815654190066,6.0,0,0,1,0.0,,18.58687013193451,2.3009999999999997,지방,강원도,양양군,숙박시설,45-기타숙박시설,,,0.0,강원도 양양군 양양읍 조산리 442-1번지 일원,유찰만,,,,6.0,6.0
SF2F1AC91,6,2025-01,2025-06,10541.0,10541.0,4610.096035,4610.0,0.4373399108243999,2.0,0,0,1,0.0,,4.923533211789417,1.337,수도권,인천광역시,남동구,업무시설,31-오피스텔,126.710049453114,37.4506463874296,-0.0020831453243164155,인천시남동구구월동1204-3,유찰만,,,,9.0,9.0
SF31DCC23,11,2025-01,2026-02,11377.653,11692.0,10288.0,10288.0,0.8799178925761204,,0,1,1,0.0,7.4577847560600645,1.0121081600710296,1.213,수도권,경기도,양주시,산업시설,66-물류센터,,,0.0,경기도 양주시 광적면 우고리 163-4 외 6필지,유찰만,,,,5.0,5.0
SF332D641,5,2025-02,2025-06,51600.0,51600.0,,,,,0,0,1,0.0,,1.8538544724239148,0.4529999999999999,지방,경상남도,창원시,주거시설,11-아파트,128.815598403944,35.091612003055,,경상남도진해구용원동1111번지,,,,,,
SF3AAA4E7,6,2025-05,2025-11,11000.0,10073.0,,,,,0,1,1,0.0,,2.033045600812433,1.776,수도권,경기도,고양시,상업시설,21-근린생활시설,,,,경기도 고양시 주교동 38-15번지 일원,,,,,,
SF50B1187,5,2025-01,2025-05,12885.176,12885.0,10780.0,10780.0,0.8366317423360496,,0,0,1,0.0,20.859828958514868,1.2632969023944505,1.611,지방,충청북도,청주시,산업시설,66-물류센터,127.438494234842,36.523122909196,0.0,청주시 현도면 죽암리 273번지 일원,유찰만,,,,9.0,9.0
SF50F2D8E,9,2025-06,2026-06,74579.0,74845.0,46485.0,46485.0,0.6210835727169484,,1,2,0,,,3.85178954886977,1.714,지방,세종특별자치시,세종,상업시설,21-근린생활시설,,,0.0,세종특별자치시 가람동 971,,,,,,
SF54C40A0,3,2025-01,2025-03,11109.0,11109.0,5444.0,11109.0,1.0,3.0,0,0,1,0.0,,0.4104512537563426,-0.772,지방,제주특별자치도,서귀포시,주거시설,16-기타주거시설,126.823231068715,33.3095927564135,104.0595150624541,"제주 서귀포시 표선면 표선리 1371-2,1371-5,1371-6,1332-5,1305-6,2334-2,2338-20",,,,,,
SF5FBD837,1,2025-03,2025-03,28421.0,28421.0,21371.0,21371.0,0.7519439850814539,,0,0,1,0.0,,1.8850082897569609,1.071,지방,울산광역시,남구,주거시설,12-주상복합,129.350855013555,35.5359121598195,0.0,울산광역시남구삼산동1655-1번지일원,,,,,,
SF6150AD1,15,2025-02,2026-05,25008.0,25008.0,15640.0,9986.0,0.3993122200895713,,2,2,1,0.0,,1.89332676145762,-0.282,지방,전라남도,광양시,주거시설,11-아파트,127.608411282998,34.9798430996325,-36.150895140664964,광양시 광양읍 용강리 653번지 일원,,,,,,
SF694D071,8,2025-01,2025-08,48094.0,49595.0,22477.0,22213.0,0.4478878919245891,,1,1,1,0.0,4.957134892514156,3.1234172339028,1.331,지방,세종특별자치시,세종,주거시설,13-연립주택,127.224315368331,36.4979717365228,-1.174533968056235,세종특별자치시 장군면 봉안리 176-13 일원,유찰만,,,,15.0,14.0
SF6A384E7,10,2025-08,2026-06,43000.0,40260.0,26010.0,23780.0,0.5906607054148038,,1,1,0,,,2.862021538179669,1.714,지방,세종특별자치시,세종,주거시설,15-타운하우스,,,-8.573625528642825,세종특별시 장군면 대교리 214 외(장군면 대교리 126-2번지 일원),,,,,,
SF6C51356,14,2025-04,2026-06,1223.0,1163.0,1002.0,659.0,0.5666380051590714,,4,1,0,,28.44022130582531,16.406618791733088,0.387,지방,전라북도,군산시,주거시설,12-주상복합,126.69134681895,35.9631283171541,-34.23153692614771,전라북도 군산시 나운동 848-2번지 외 7필지,유찰만,,,,28.0,28.0
SF701E98D,4,2025-04,2025-07,88608.0,88608.0,45000.0,45000.0,0.507854821235103,,0,0,1,1.0,-2.752545898979139,42.684378070833304,2.495,수도권,경기도,안산시,주거시설,31-오피스텔,126.841771318124,37.3170541391533,0.0,"경기 안산시 단원구 고잔동 542-1, 542-6 번지",낙찰,46789.01,2025-07-15 10:00:00,52.27,8.0,7.0
SF71859EB,3,2026-04,2026-06,180200.0,180200.0,,,,,0,0,0,,,5.444166878360273,2.536,수도권,경기도,부천시,산업시설,66-물류센터,,,,경기도 부천시 내동 207-1,,,,,,
SF7198301,3,2025-08,2026-04,44626.0,61155.0,,,,,0,1,1,0.0,,5.911639873701581,1.646,지방,부산광역시,동래구,주거시설,21-근린생활시설,129.079236429471,35.21558476223,,동래구 온천동 450-5 외 9필지,,,,,,
SF736823F,3,2025-08,2026-06,7000.0,7000.0,2874.0,2874.0,0.4105714285714286,,0,0,0,,,1.292743256342548,1.121,지방,충청북도,진천군,기타시설,66-물류센터,127.470018845693,36.8659418405317,0.0,충청북도진천군진천읍삼덕리772-10,,,,,,
SF767C506,17,2025-01,2026-06,30511.568,32972.0,13730.206,13500.0,0.4094383112944316,8.0,1,1,0,,4.546152711917922,1.2442185898201898,1.2919999999999998,수도권,경기도,의정부시,산업시설,62-아파트형공장,,,-1.676639083200937,"경기도 의정부시 민락동 882, 122-7",유찰만,,,,10.0,9.0
SF7AE5041,17,2025-01,2026-06,12091.858,12092.0,6418.8,6413.0,0.5303506450545815,1.0,0,0,0,,-5.358462119746344,0.8749663180489587,-0.957,지방,제주특별자치도,서귀포시,주거시설,13-연립주택,,,-0.09035956876675133,제주도 서귀포시 안덕면 동광리 1099번지 외 10필지,유찰만,,,,8.0,7.0
SF81FAE04,5,2025-01,2025-06,11762.335,11762.0,6433.188,6433.0,0.546930794082639,8.0,0,0,1,0.0,-0.3258276377928526,1.0533136161722496,3.4570000000000003,수도권,경기도,용인시,주거시설,15-타운하우스,127.053609118287,37.3369274261227,-0.002922345810507654,"경기 용인시 수지구 신봉동 경기도 용인시 수지구 신봉동 710,711,산82,산82-1,산82-2",유찰만,,,,8.0,8.0
SF8C1C94A,1,2025-02,2025-02,12206.0,12206.0,7896.0,7896.0,0.6468949696870392,1.0,0,0,1,0.0,,5.524607690443523,1.661,지방,충청남도,천안시,주거시설,11-아파트,127.146277236187,36.8286146152451,0.0,충청남도 천안시 서북구 성정동 24-31,유찰만,,,,26.0,25.0
SF8DCBC63,5,2025-07,2025-12,36188.0,36188.0,18500.0,18200.0,0.5029291477837957,,1,2,1,0.0,5.030364876462679,3.0951329493934567,0.772,지방,경상북도,포항시,주거시설,11-아파트,129.350640643246,36.0532951852236,-1.6216216216216162,포항시 북구 우현동 315-1외 25필지,유찰만,,,,10.0,10.0
SF90C7CEA,16,2025-02,2026-06,9370.0,14400.0,7700.0,7700.0,0.5347222222222222,,0,1,0,,,1.0457918552036198,0.232,지방,부산광역시,중구,주거시설,11-아파트,129.027359017445,35.1032897812616,0.0,부산 중구 보수동1가145-5번지 외6필지,유찰만,,,,8.0,8.0
SF9924889,1,2025-07,2025-07,12986.0,12986.0,6800.0,6800.0,0.5236408439858309,,0,0,1,0.0,,8.299714040212999,2.495,수도권,경기도,안산시,주거시설,12-주상복합,,,0.0,경기도 안산시 상록구 일동 119-1 대지 외 2건,유찰만,,,,5.0,5.0
SF9BB3C1D,1,2025-03,2025-03,,,,,,,0,0,1,0.0,,,0.7769999999999999,수도권,경기도,포천시,,,127.131854616584,37.8309025397113,,경기도포천시소흘읍송우리569외,,,,,,
SFA30BAF7,1,2025-01,2025-01,27105.0,27105.0,14787.6,14787.6,0.5455672385168788,1.0,0,0,1,,,8.185887942289318,1.572,수도권,인천광역시,남동구,주거시설,16-기타주거시설,,,0.0,"인천광역시 남구 간석동 280-11,15",,,,,,
SFA4F7F53,7,2025-03,2026-04,21681.0,21681.0,18792.0,18792.0,0.8667496886674969,,0,0,1,0.0,,6.417917766368995,1.983,수도권,서울특별시,노원구,상업시설,21-근린생활시설,,,0.0,서울시 노원구 상계동 323-2 외 4필지,,,,,,
SFAA1A999,2,2025-02,2025-03,28229.0,28229.0,,,,,0,0,1,0.0,,1.1239595333638155,1.51,지방,세종특별자치시,세종,주거시설,13-연립주택,127.204295205397,36.4929621172479,,세종시 장군면 도계리 185일원,,,,,,
SFACC5941,14,2025-04,2026-06,10899.0,10899.0,,,,,0,0,0,,,1.0350208369347385,1.208,수도권,경기도,여주시,산업시설,66-물류센터,,,,경기도 여주시 점동면 처리 618-2 외,,,,,,
SFACFF345,3,2026-04,2026-06,146609.0,146609.0,,,,,0,0,0,,14.996384930380056,9.239408026667371,1.206,지방,부산광역시,부산진구,주거시설,31-오피스텔,129.062080075935,35.1565805820748,,부산시 부산진구 부전동 168-291번지,유찰만,,,,150.0,150.0
SFAE0C1E0,3,2025-03,2025-05,13510.0,13510.0,,,,,0,0,1,0.0,,0.8115738886663997,-0.6779999999999999,지방,제주특별자치도,제주시,주거시설,11-아파트,126.664946563866,33.495104255631,,"제주 제주시 조천읍 대흘리 1025, 1026-1, 1034-1, 1033번지",,,,,,
SFB7C6F25,3,2026-02,2026-04,7360.0,7360.0,1520.0,1520.0,0.2065217391304347,,0,0,1,0.0,,0.2596240300301191,1.689,수도권,경기도,이천시,기타시설,66-물류센터,,,0.0,경기도 이천시 호법면 매곡리 587-1번지 일원,유찰만,,,,16.0,16.0
SFB911C45,3,2025-03,2025-05,21217.0,21217.0,16913.0,16913.0,0.7971437997831927,,0,0,1,0.0,11.850147788745746,8.413879709187045,-0.6779999999999999,지방,제주특별자치도,제주시,주거시설,13-연립주택,126.552898226283,33.4731968951045,0.0,제주도 제주시 아라이동 3031,유찰만,,,,280.0,280.0
SFC4B9F51,4,2026-03,2026-06,20655.36,20655.36,16262.378036,12500.0,0.6051697961207163,,1,0,0,,,3.0052174222840167,2.536,수도권,경기도,부천시,업무시설,31-오피스텔,,,-23.135472731424823,부천 상동 오피스텔 개발부지 브릿지,유찰만,,,,5.0,5.0
SFCCC66BD,3,2025-02,2025-04,14387.0,14387.0,8313.0,7456.0,0.5182456384235768,3.0,1,0,1,0.0,-36.27403100775194,4.389947700212983,1.5539999999999998,수도권,서울특별시,구로구,주거시설,31-오피스텔,126.883570252589,37.5069477275068,-10.309154336581262,서울특별시 구로구 신도림동436-10,낙찰,245.6254,2025-04-28 10:00:00,56.86,195.0,160.0
SFCD2E8C0,2,2025-02,2025-03,11217.0,11217.0,38474.0,11217.0,1.0,4.0,1,0,1,0.0,,1.5821997444900548,0.816,수도권,경기도,양주시,주거시설,11-아파트,127.055893237726,37.84914874802,-70.84524614025057,경기 양주시 회정동 506 외,,,,,,
SFD1DE2E1,16,2025-02,2026-06,12131.0,12131.0,,,,,0,0,0,,,0.7517318571183873,2.2110000000000003,지방,강원도,고성군,레져시설,43-리조트,,,,강원도 고성군 죽왕면 가진리 산 1-1,,,,,,
SFD676D24,13,2025-02,2026-06,20565.954,6328.0,18245.0,18245.0,2.883217446270544,,0,3,0,,13.856160958085953,8.119570802287326,0.519,지방,대구광역시,동구,주거시설,12-주상복합,128.624451188871,35.868119016897,0.0,대구광역시동구신천동145-2번지외2필지,유찰만,,,,7.0,6.0
SFD923F75,2,2025-01,2025-02,3442.37844,3442.0,2003.751577,2004.0,0.5822196397443347,4.0,0,0,1,0.0,8.811077717625475,3.868112956650435,1.221,지방,광주광역시,북구,주거시설,아파트,126.853209891858,35.2212852744886,0.012397894172688773,광주광역시 북구 오룡동 1114-2,낙찰,2300.0,2025-03-14 08:50:00,66.81,22.0,20.0
SFD9336E2,5,2026-02,2026-06,27035.0,27035.0,16506.0,16506.0,0.610541890142408,,0,0,0,,,1.6459532914363617,1.528,지방,부산광역시,동래구,주거시설,11-아파트,,,0.0,부산시 동래구 온천동 301-32 외 68필지 및 13개 공동주택(43개 호실),,,,,,
SFDF2CBC1,3,2025-05,2025-07,5295.0,5295.0,,,,,0,0,1,0.0,,0.4196253090724656,1.333,지방,세종특별자치시,세종,주거시설,15-타운하우스,,,,세종특별자치시 장군면 하봉리 300-12외 21필지,,,,,,
SFE5557D6,8,2025-02,2026-01,135447.0,135447.0,113160.0,113160.0,0.8354559347936832,,0,0,1,0.0,-83.33544116684742,11.422524991297362,1.289,지방,부산광역시,해운대구,숙박시설,45-기타숙박시설,129.159977733286,35.1610189882899,0.0,부산광역시 해운대구 우동 545-1 일원,유찰만,,,,8.0,7.0
SFEFB9116,4,2025-10,2026-06,55905.0,55905.0,,,,,0,0,0,,,35.56195735529475,-0.774,지방,제주특별자치도,제주시,주거시설,16-기타주거시설,,,,제주특별자치도 제주시 연동 268-10 외 5필지,,,,,,
SFF1351D1,1,2025-08,2025-08,19545.0,19545.0,7456.0,7456.0,0.3814786390381172,,0,0,1,0.0,,15.828673502511275,1.603,수도권,서울특별시,구로구,업무시설,31-오피스텔,,,0.0,서을특별시 구로구 신도림동 436-10,,,,,,
